{
  "ServoMinMax": {
    "servo1": [
      2,
      133
    ],
    "servo2": [
      180,
      15
    ],
    "servo3": [
      6,
      165
    ],
    "servo4": [
      174,
      12
    ],
    "servo5": [
      178,
      59
    ],
    "servo6": [
      0,
      155
    ],
    "servo7": [
      180,
      10
    ],
    "servo8": [
      0,
      173
    ]
  },
  "NeckAngles": [
    [
      0,
      0,
      0
    ],
    [
      30,
      0,
      0
    ],
    [
      -20,
      0,
      0
    ],
    [
      0,
      30,
      0
    ],
    [
      0,
      -30,
      0
    ],
    [
      0,
      0,
      25
    ],
    [
      0,
      0,
      -25
    ],
    [
      20,
      0,
      0
    ]
  ],
  "MatrixSize": [
    8,
    8
  ],
  "sigma": 30.670156,
  "Matrix": [
    [
      212.99316,
      -65.71167,
      -12.119141,
      829.74756,
      32.76367,
      -1751.6531,
      -330.55225,
      -1256.7417
    ],
    [
      727.761,
      347.21033,
      489.46143,
      1367.4163,
      538.3142,
      -1294.3688,
      71.88867,
      -899.68427
    ],
    [
      -152.6073,
      17.001465,
      -40.772827,
      -400.95557,
      -52.847168,
      757.6865,
      134.78552,
      562.0515
    ],
    [
      66.38052,
      113.48839,
      123.5969,
      57.8713,
      121.38159,
      96.00301,
      201.94443,
      22.585045
    ],
    [
      66.38052,
      82.98787,
      56.730408,
      132.9495,
      151.8821,
      97.17611,
      71.73071,
      111.74037
    ],
    [
      125.021576,
      22.971214,
      140.29271,
      174.33493,
      194.35294,
      136.64386,
      142.1815,
      110.53754
    ],
    [
      114.14048,
      173.94641,
      87.24735,
      125.36998,
      61.059525,
      125.76276,
      61.933434,
      62.932743
    ],
    [
      -881.3096,
      -406.0227,
      -553.2229,
      -1922.582,
      -700.40674,
      2111.8445,
      -47.014404,
      1508.118
    ]
  ]
}