# This file uses centimeters as units for non-parametric coordinates.

v -42.415053 0.959965 63.942647
v -42.415053 0.959965 62.770428
v -42.415053 0.759965 62.770428
v -42.415053 0.759965 63.942647
v -42.188418 0.959965 63.308072
v -42.194868 0.959965 63.314938
v -42.194868 0.759965 63.314938
v -42.188418 0.759965 63.308072
v -42.181162 0.959965 63.302067
v -42.181162 0.759965 63.302067
v -42.200403 0.959965 63.322552
v -42.200403 0.759965 63.322552
v -42.173212 0.959965 63.297017
v -42.173212 0.759965 63.297017
v -42.204943 0.959965 63.330807
v -42.204943 0.759965 63.330807
v -42.164690 0.959965 63.293011
v -42.164690 0.759965 63.293011
v -42.208407 0.959965 63.339566
v -42.208407 0.759965 63.339566
v -42.155730 0.959965 63.290097
v -42.155730 0.759965 63.290097
v -42.210749 0.959965 63.348691
v -42.210749 0.759965 63.348691
v -42.146479 0.959965 63.288335
v -42.146479 0.759965 63.288335
v -42.211931 0.959965 63.358029
v -42.211931 0.759965 63.358029
v -42.137079 0.959965 63.287739
v -42.137079 0.759965 63.287739
v -42.211931 0.959965 63.367451
v -42.211931 0.759965 63.367451
v -42.127680 0.959965 63.288335
v -42.127680 0.759965 63.288335
v -42.210749 0.959965 63.376797
v -42.210749 0.759965 63.376797
v -42.118426 0.959965 63.290097
v -42.118426 0.759965 63.290097
v -42.208407 0.959965 63.385922
v -42.208407 0.759965 63.385922
v -42.109469 0.959965 63.293011
v -42.109469 0.759965 63.293011
v -42.204943 0.959965 63.394673
v -42.204943 0.759965 63.394673
v -42.100947 0.959965 63.297017
v -42.100947 0.759965 63.297017
v -42.200403 0.959965 63.402928
v -42.200403 0.759965 63.402928
v -42.092997 0.959965 63.302067
v -42.092997 0.759965 63.302067
v -42.194868 0.959965 63.410550
v -42.194868 0.759965 63.410550
v -42.085737 0.959965 63.308072
v -42.085737 0.759965 63.308072
v -42.188418 0.959965 63.417416
v -42.188418 0.759965 63.417416
v -42.079291 0.959965 63.314938
v -42.079291 0.759965 63.314938
v -42.181162 0.959965 63.423421
v -42.181162 0.759965 63.423421
v -42.073756 0.959965 63.322552
v -42.073756 0.759965 63.322552
v -42.173212 0.959965 63.428464
v -42.173212 0.759965 63.428464
v -42.069216 0.959965 63.330807
v -42.069216 0.759965 63.330807
v -42.164690 0.959965 63.432477
v -42.164690 0.759965 63.432477
v -42.065748 0.959965 63.339566
v -42.065748 0.759965 63.339566
v -42.155730 0.959965 63.435383
v -42.155730 0.759965 63.435383
v -42.063406 0.959965 63.348691
v -42.063406 0.759965 63.348691
v -42.146479 0.959965 63.437153
v -42.146479 0.759965 63.437153
v -42.062227 0.959965 63.358029
v -42.062227 0.759965 63.358029
v -42.137079 0.959965 63.437741
v -42.137079 0.759965 63.437741
v -42.062227 0.959965 63.367451
v -42.062227 0.759965 63.367451
v -42.127680 0.959965 63.437153
v -42.127680 0.759965 63.437153
v -42.063406 0.959965 63.376797
v -42.063406 0.759965 63.376797
v -42.118426 0.959965 63.435383
v -42.118426 0.759965 63.435383
v -42.065748 0.959965 63.385922
v -42.065748 0.759965 63.385922
v -42.109469 0.959965 63.432477
v -42.109469 0.759965 63.432477
v -42.069216 0.959965 63.394673
v -42.069216 0.759965 63.394673
v -42.100947 0.959965 63.428464
v -42.100947 0.759965 63.428464
v -42.073756 0.959965 63.402928
v -42.073756 0.759965 63.402928
v -42.092997 0.959965 63.423421
v -42.092997 0.759965 63.423421
v -42.079291 0.959965 63.410550
v -42.079291 0.759965 63.410550
v -42.085737 0.959965 63.417416
v -42.085737 0.759965 63.417416
v -40.277487 0.959965 63.308072
v -40.283938 0.959965 63.314938
v -40.283938 0.759965 63.314938
v -40.277487 0.759965 63.308072
v -40.270231 0.959965 63.302067
v -40.270231 0.759965 63.302067
v -40.289473 0.959965 63.322552
v -40.289473 0.759965 63.322552
v -40.262278 0.959965 63.297017
v -40.262278 0.759965 63.297017
v -40.294008 0.959965 63.330807
v -40.294008 0.759965 63.330807
v -40.253756 0.959965 63.293011
v -40.253756 0.759965 63.293011
v -40.297476 0.959965 63.339566
v -40.297476 0.759965 63.339566
v -40.244799 0.959965 63.290097
v -40.244799 0.759965 63.290097
v -40.299818 0.959965 63.348691
v -40.299818 0.759965 63.348691
v -40.235548 0.959965 63.288335
v -40.235548 0.759965 63.288335
v -40.300997 0.959965 63.358029
v -40.300997 0.759965 63.358029
v -40.226145 0.959965 63.287739
v -40.226145 0.759965 63.287739
v -40.300997 0.959965 63.367451
v -40.300997 0.759965 63.367451
v -40.216746 0.959965 63.288335
v -40.216746 0.759965 63.288335
v -40.299818 0.959965 63.376797
v -40.299818 0.759965 63.376797
v -40.207495 0.959965 63.290097
v -40.207495 0.759965 63.290097
v -40.297476 0.959965 63.385922
v -40.297476 0.759965 63.385922
v -40.198538 0.959965 63.293011
v -40.198538 0.759965 63.293011
v -40.294008 0.959965 63.394673
v -40.294008 0.759965 63.394673
v -40.190016 0.959965 63.297017
v -40.190016 0.759965 63.297017
v -40.289473 0.959965 63.402928
v -40.289473 0.759965 63.402928
v -40.182062 0.959965 63.302067
v -40.182062 0.759965 63.302067
v -40.283938 0.959965 63.410550
v -40.283938 0.759965 63.410550
v -40.174807 0.959965 63.308072
v -40.174807 0.759965 63.308072
v -40.277487 0.959965 63.417416
v -40.277487 0.759965 63.417416
v -40.168360 0.959965 63.314938
v -40.168360 0.759965 63.314938
v -40.270231 0.959965 63.423421
v -40.270231 0.759965 63.423421
v -40.162821 0.959965 63.322552
v -40.162821 0.759965 63.322552
v -40.262278 0.959965 63.428464
v -40.262278 0.759965 63.428464
v -40.158285 0.959965 63.330807
v -40.158285 0.759965 63.330807
v -40.253756 0.959965 63.432477
v -40.253756 0.759965 63.432477
v -40.154818 0.959965 63.339566
v -40.154818 0.759965 63.339566
v -40.244799 0.959965 63.435383
v -40.244799 0.759965 63.435383
v -40.152476 0.959965 63.348691
v -40.152476 0.759965 63.348691
v -40.235548 0.959965 63.437153
v -40.235548 0.759965 63.437153
v -40.151293 0.959965 63.358029
v -40.151293 0.759965 63.358029
v -40.226145 0.959965 63.437741
v -40.226145 0.759965 63.437741
v -40.151293 0.959965 63.367451
v -40.151293 0.759965 63.367451
v -40.216746 0.959965 63.437153
v -40.216746 0.759965 63.437153
v -40.152476 0.959965 63.376797
v -40.152476 0.759965 63.376797
v -40.207495 0.959965 63.435383
v -40.207495 0.759965 63.435383
v -40.154818 0.959965 63.385922
v -40.154818 0.759965 63.385922
v -40.198538 0.959965 63.432477
v -40.198538 0.759965 63.432477
v -40.158285 0.959965 63.394673
v -40.158285 0.759965 63.394673
v -40.190016 0.959965 63.428464
v -40.190016 0.759965 63.428464
v -40.162821 0.959965 63.402928
v -40.162821 0.759965 63.402928
v -40.182062 0.959965 63.423421
v -40.182062 0.759965 63.423421
v -40.168360 0.959965 63.410550
v -40.168360 0.759965 63.410550
v -40.174807 0.959965 63.417416
v -40.174807 0.759965 63.417416
v -33.692797 0.759965 62.770428
v -33.692797 0.959965 62.770428
v -38.167498 0.959965 63.308072
v -38.173949 0.959965 63.314938
v -38.173949 0.759965 63.314938
v -38.167498 0.759965 63.308072
v -38.160242 0.959965 63.302067
v -38.160242 0.759965 63.302067
v -38.179484 0.959965 63.322552
v -38.179484 0.759965 63.322552
v -38.152292 0.959965 63.297017
v -38.152292 0.759965 63.297017
v -38.184023 0.959965 63.330807
v -38.184023 0.759965 63.330807
v -38.143770 0.959965 63.293011
v -38.143770 0.759965 63.293011
v -38.187487 0.959965 63.339566
v -38.187487 0.759965 63.339566
v -38.134814 0.959965 63.290097
v -38.134814 0.759965 63.290097
v -38.189829 0.959965 63.348691
v -38.189829 0.759965 63.348691
v -38.125559 0.959965 63.288335
v -38.125559 0.759965 63.288335
v -38.191012 0.959965 63.358029
v -38.191012 0.759965 63.358029
v -38.116160 0.959965 63.287739
v -38.116160 0.759965 63.287739
v -38.191012 0.959965 63.367451
v -38.191012 0.759965 63.367451
v -38.106760 0.959965 63.288335
v -38.106760 0.759965 63.288335
v -38.189829 0.959965 63.376797
v -38.189829 0.759965 63.376797
v -38.097506 0.959965 63.290097
v -38.097506 0.759965 63.290097
v -38.187487 0.959965 63.385922
v -38.187487 0.759965 63.385922
v -38.088549 0.959965 63.293011
v -38.088549 0.759965 63.293011
v -38.184023 0.959965 63.394673
v -38.184023 0.759965 63.394673
v -38.080027 0.959965 63.297017
v -38.080027 0.759965 63.297017
v -38.179484 0.959965 63.402928
v -38.179484 0.759965 63.402928
v -38.072077 0.959965 63.302067
v -38.072077 0.759965 63.302067
v -38.173949 0.959965 63.410550
v -38.173949 0.759965 63.410550
v -38.064818 0.959965 63.308072
v -38.064818 0.759965 63.308072
v -38.167498 0.959965 63.417416
v -38.167498 0.759965 63.417416
v -38.058371 0.959965 63.314938
v -38.058371 0.759965 63.314938
v -38.160242 0.959965 63.423421
v -38.160242 0.759965 63.423421
v -38.052836 0.959965 63.322552
v -38.052836 0.759965 63.322552
v -38.152292 0.959965 63.428464
v -38.152292 0.759965 63.428464
v -38.048296 0.959965 63.330807
v -38.048296 0.759965 63.330807
v -38.143770 0.959965 63.432477
v -38.143770 0.759965 63.432477
v -38.044832 0.959965 63.339566
v -38.044832 0.759965 63.339566
v -38.134814 0.959965 63.435383
v -38.134814 0.759965 63.435383
v -38.042490 0.959965 63.348691
v -38.042490 0.759965 63.348691
v -38.125559 0.959965 63.437153
v -38.125559 0.759965 63.437153
v -38.041308 0.959965 63.358029
v -38.041308 0.759965 63.358029
v -38.116160 0.959965 63.437741
v -38.116160 0.759965 63.437741
v -38.041308 0.959965 63.367451
v -38.041308 0.759965 63.367451
v -38.106760 0.959965 63.437153
v -38.106760 0.759965 63.437153
v -38.042490 0.959965 63.376797
v -38.042490 0.759965 63.376797
v -38.097506 0.959965 63.435383
v -38.097506 0.759965 63.435383
v -38.044832 0.959965 63.385922
v -38.044832 0.759965 63.385922
v -38.088549 0.959965 63.432477
v -38.088549 0.759965 63.432477
v -38.048296 0.959965 63.394673
v -38.048296 0.759965 63.394673
v -38.080027 0.959965 63.428464
v -38.080027 0.759965 63.428464
v -38.052836 0.959965 63.402928
v -38.052836 0.759965 63.402928
v -38.072077 0.959965 63.423421
v -38.072077 0.759965 63.423421
v -38.058371 0.959965 63.410550
v -38.058371 0.759965 63.410550
v -38.064818 0.959965 63.417416
v -38.064818 0.759965 63.417416
v -33.692797 0.759965 63.942647
v -33.692797 0.959965 63.942647
v -35.883417 0.959965 63.308072
v -35.889864 0.959965 63.314938
v -35.889864 0.759965 63.314938
v -35.883417 0.759965 63.308072
v -35.876158 0.959965 63.302067
v -35.876158 0.759965 63.302067
v -35.895399 0.959965 63.322552
v -35.895399 0.759965 63.322552
v -35.868204 0.959965 63.297017
v -35.868204 0.759965 63.297017
v -35.899935 0.959965 63.330807
v -35.899935 0.759965 63.330807
v -35.859682 0.959965 63.293011
v -35.859682 0.759965 63.293011
v -35.903403 0.959965 63.339566
v -35.903403 0.759965 63.339566
v -35.850725 0.959965 63.290097
v -35.850725 0.759965 63.290097
v -35.905745 0.959965 63.348691
v -35.905745 0.759965 63.348691
v -35.841475 0.959965 63.288335
v -35.841475 0.759965 63.288335
v -35.906924 0.959965 63.358029
v -35.906924 0.759965 63.358029
v -35.832072 0.959965 63.287739
v -35.832072 0.759965 63.287739
v -35.906924 0.959965 63.367451
v -35.906924 0.759965 63.367451
v -35.822672 0.959965 63.288335
v -35.822672 0.759965 63.288335
v -35.905745 0.959965 63.376797
v -35.905745 0.759965 63.376797
v -35.813421 0.959965 63.290097
v -35.813421 0.759965 63.290097
v -35.903403 0.959965 63.385922
v -35.903403 0.759965 63.385922
v -35.804465 0.959965 63.293011
v -35.804465 0.759965 63.293011
v -35.899935 0.959965 63.394673
v -35.899935 0.759965 63.394673
v -35.795943 0.959965 63.297017
v -35.795943 0.759965 63.297017
v -35.895399 0.959965 63.402928
v -35.895399 0.759965 63.402928
v -35.787989 0.959965 63.302067
v -35.787989 0.759965 63.302067
v -35.889864 0.959965 63.410550
v -35.889864 0.759965 63.410550
v -35.780733 0.959965 63.308072
v -35.780733 0.759965 63.308072
v -35.883417 0.959965 63.417416
v -35.883417 0.759965 63.417416
v -35.774287 0.959965 63.314938
v -35.774287 0.759965 63.314938
v -35.876158 0.959965 63.423421
v -35.876158 0.759965 63.423421
v -35.768748 0.959965 63.322552
v -35.768748 0.759965 63.322552
v -35.868204 0.959965 63.428464
v -35.868204 0.759965 63.428464
v -35.764212 0.959965 63.330807
v -35.764212 0.759965 63.330807
v -35.859682 0.959965 63.432477
v -35.859682 0.759965 63.432477
v -35.760744 0.959965 63.339566
v -35.760744 0.759965 63.339566
v -35.850725 0.959965 63.435383
v -35.850725 0.759965 63.435383
v -35.758402 0.959965 63.348691
v -35.758402 0.759965 63.348691
v -35.841475 0.959965 63.437153
v -35.841475 0.759965 63.437153
v -35.757220 0.959965 63.358029
v -35.757220 0.759965 63.358029
v -35.832072 0.959965 63.437741
v -35.832072 0.759965 63.437741
v -35.757220 0.959965 63.367451
v -35.757220 0.759965 63.367451
v -35.822672 0.959965 63.437153
v -35.822672 0.759965 63.437153
v -35.758402 0.959965 63.376797
v -35.758402 0.759965 63.376797
v -35.813421 0.959965 63.435383
v -35.813421 0.759965 63.435383
v -35.760744 0.959965 63.385922
v -35.760744 0.759965 63.385922
v -35.804465 0.959965 63.432477
v -35.804465 0.759965 63.432477
v -35.764212 0.959965 63.394673
v -35.764212 0.759965 63.394673
v -35.795943 0.959965 63.428464
v -35.795943 0.759965 63.428464
v -35.768748 0.959965 63.402928
v -35.768748 0.759965 63.402928
v -35.787989 0.959965 63.423421
v -35.787989 0.759965 63.423421
v -35.774287 0.959965 63.410550
v -35.774287 0.759965 63.410550
v -35.780733 0.959965 63.417416
v -35.780733 0.759965 63.417416
v -34.052866 0.959965 63.308072
v -34.059313 0.959965 63.314938
v -34.059313 0.759965 63.314938
v -34.052866 0.759965 63.308072
v -34.045611 0.959965 63.302067
v -34.045611 0.759965 63.302067
v -34.064852 0.959965 63.322552
v -34.064852 0.759965 63.322552
v -34.037661 0.959965 63.297017
v -34.037661 0.759965 63.297017
v -34.069391 0.959965 63.330807
v -34.069391 0.759965 63.330807
v -34.029139 0.959965 63.293011
v -34.029139 0.759965 63.293011
v -34.072855 0.959965 63.339566
v -34.072855 0.759965 63.339566
v -34.020178 0.959965 63.290097
v -34.020178 0.759965 63.290097
v -34.075197 0.959965 63.348691
v -34.075197 0.759965 63.348691
v -34.010927 0.959965 63.288335
v -34.010927 0.759965 63.288335
v -34.076380 0.959965 63.358029
v -34.076380 0.759965 63.358029
v -34.001528 0.959965 63.287739
v -34.001528 0.759965 63.287739
v -34.076380 0.959965 63.367451
v -34.076380 0.759965 63.367451
v -33.992129 0.959965 63.288335
v -33.992129 0.759965 63.288335
v -34.075197 0.959965 63.376797
v -34.075197 0.759965 63.376797
v -33.982874 0.959965 63.290097
v -33.982874 0.759965 63.290097
v -34.072855 0.959965 63.385922
v -34.072855 0.759965 63.385922
v -33.973917 0.959965 63.293011
v -33.973917 0.759965 63.293011
v -34.069391 0.959965 63.394673
v -34.069391 0.759965 63.394673
v -33.965395 0.959965 63.297017
v -33.965395 0.759965 63.297017
v -34.064852 0.959965 63.402928
v -34.064852 0.759965 63.402928
v -33.957445 0.959965 63.302067
v -33.957445 0.759965 63.302067
v -34.059313 0.959965 63.410550
v -34.059313 0.759965 63.410550
v -33.950182 0.959965 63.308072
v -33.950182 0.759965 63.308072
v -34.052866 0.959965 63.417416
v -34.052866 0.759965 63.417416
v -33.943735 0.959965 63.314938
v -33.943735 0.759965 63.314938
v -34.045611 0.959965 63.423421
v -34.045611 0.759965 63.423421
v -33.938204 0.959965 63.322552
v -33.938204 0.759965 63.322552
v -34.037661 0.959965 63.428464
v -34.037661 0.759965 63.428464
v -33.933665 0.959965 63.330807
v -33.933665 0.759965 63.330807
v -34.029139 0.959965 63.432477
v -34.029139 0.759965 63.432477
v -33.930197 0.959965 63.339566
v -33.930197 0.759965 63.339566
v -34.020178 0.959965 63.435383
v -34.020178 0.759965 63.435383
v -33.927855 0.959965 63.348691
v -33.927855 0.759965 63.348691
v -34.010927 0.959965 63.437153
v -34.010927 0.759965 63.437153
v -33.926676 0.959965 63.358029
v -33.926676 0.759965 63.358029
v -34.001528 0.959965 63.437741
v -34.001528 0.759965 63.437741
v -33.926676 0.959965 63.367451
v -33.926676 0.759965 63.367451
v -33.992129 0.959965 63.437153
v -33.992129 0.759965 63.437153
v -33.927855 0.959965 63.376797
v -33.927855 0.759965 63.376797
v -33.982874 0.959965 63.435383
v -33.982874 0.759965 63.435383
v -33.930197 0.959965 63.385922
v -33.930197 0.759965 63.385922
v -33.973917 0.959965 63.432477
v -33.973917 0.759965 63.432477
v -33.933665 0.959965 63.394673
v -33.933665 0.759965 63.394673
v -33.965395 0.959965 63.428464
v -33.965395 0.759965 63.428464
v -33.938204 0.959965 63.402928
v -33.938204 0.759965 63.402928
v -33.957445 0.959965 63.423421
v -33.957445 0.759965 63.423421
v -33.943735 0.959965 63.410550
v -33.943735 0.759965 63.410550
v -33.950182 0.959965 63.417416
v -33.950182 0.759965 63.417416
vt 0.375000 0.500000
vt 0.625000 0.500000
vt 0.625000 0.750000
vt 0.375000 0.750000
vt 0.100000 0.641678
vt 0.120000 0.641678
vt 0.120000 0.546440
vt 0.100000 0.546440
vt 0.080000 0.641678
vt 0.080000 0.546440
vt 0.140000 0.641678
vt 0.140000 0.546440
vt 0.060000 0.641678
vt 0.060000 0.546440
vt 0.160000 0.641678
vt 0.160000 0.546440
vt 0.040000 0.641678
vt 0.040000 0.546440
vt 0.180000 0.641678
vt 0.180000 0.546440
vt 0.020000 0.641678
vt 0.020000 0.546440
vt 0.200000 0.641678
vt 0.200000 0.546440
vt -0.000000 0.641678
vt -0.000000 0.546440
vt 0.220000 0.641678
vt 0.220000 0.546440
vt 0.980000 0.641678
vt 1.000000 0.641678
vt 1.000000 0.546440
vt 0.980000 0.546440
vt 0.240000 0.641678
vt 0.240000 0.546440
vt 0.960000 0.641678
vt 0.960000 0.546440
vt 0.260000 0.641678
vt 0.260000 0.546440
vt 0.940000 0.641678
vt 0.940000 0.546440
vt 0.280000 0.641678
vt 0.280000 0.546440
vt 0.920000 0.641678
vt 0.920000 0.546440
vt 0.300000 0.641678
vt 0.300000 0.546440
vt 0.900000 0.641678
vt 0.900000 0.546440
vt 0.320000 0.641678
vt 0.320000 0.546440
vt 0.880000 0.641678
vt 0.880000 0.546440
vt 0.340000 0.641678
vt 0.340000 0.546440
vt 0.860000 0.641678
vt 0.860000 0.546440
vt 0.360000 0.641678
vt 0.360000 0.546440
vt 0.840000 0.641678
vt 0.840000 0.546440
vt 0.380000 0.641678
vt 0.380000 0.546440
vt 0.820000 0.641678
vt 0.820000 0.546440
vt 0.400000 0.641678
vt 0.400000 0.546440
vt 0.800000 0.641678
vt 0.800000 0.546440
vt 0.420000 0.641678
vt 0.420000 0.546440
vt 0.780000 0.641678
vt 0.780000 0.546440
vt 0.440000 0.641678
vt 0.440000 0.546440
vt 0.760000 0.641678
vt 0.760000 0.546440
vt 0.460000 0.641678
vt 0.460000 0.546440
vt 0.740000 0.641678
vt 0.740000 0.546440
vt 0.480000 0.641678
vt 0.480000 0.546440
vt 0.720000 0.641678
vt 0.720000 0.546440
vt 0.500000 0.641678
vt 0.500000 0.546440
vt 0.700000 0.641678
vt 0.700000 0.546440
vt 0.520000 0.641678
vt 0.520000 0.546440
vt 0.680000 0.641678
vt 0.680000 0.546440
vt 0.540000 0.641678
vt 0.540000 0.546440
vt 0.660000 0.641678
vt 0.660000 0.546440
vt 0.560000 0.641678
vt 0.560000 0.546440
vt 0.640000 0.641678
vt 0.640000 0.546440
vt 0.580000 0.641678
vt 0.580000 0.546440
vt 0.620000 0.641678
vt 0.620000 0.546440
vt 0.600000 0.641678
vt 0.600000 0.546440
vt 0.100000 0.641678
vt 0.120000 0.641678
vt 0.120000 0.546440
vt 0.100000 0.546440
vt 0.080000 0.641678
vt 0.080000 0.546440
vt 0.140000 0.641678
vt 0.140000 0.546440
vt 0.060000 0.641678
vt 0.060000 0.546440
vt 0.160000 0.641678
vt 0.160000 0.546440
vt 0.040000 0.641678
vt 0.040000 0.546440
vt 0.180000 0.641678
vt 0.180000 0.546440
vt 0.020000 0.641678
vt 0.020000 0.546440
vt 0.200000 0.641678
vt 0.200000 0.546440
vt -0.000000 0.641678
vt -0.000000 0.546440
vt 0.220000 0.641678
vt 0.220000 0.546440
vt 0.980000 0.641678
vt 1.000000 0.641678
vt 1.000000 0.546440
vt 0.980000 0.546440
vt 0.240000 0.641678
vt 0.240000 0.546440
vt 0.960000 0.641678
vt 0.960000 0.546440
vt 0.260000 0.641678
vt 0.260000 0.546440
vt 0.940000 0.641678
vt 0.940000 0.546440
vt 0.280000 0.641678
vt 0.280000 0.546440
vt 0.920000 0.641678
vt 0.920000 0.546440
vt 0.300000 0.641678
vt 0.300000 0.546440
vt 0.900000 0.641678
vt 0.900000 0.546440
vt 0.320000 0.641678
vt 0.320000 0.546440
vt 0.880000 0.641678
vt 0.880000 0.546440
vt 0.340000 0.641678
vt 0.340000 0.546440
vt 0.860000 0.641678
vt 0.860000 0.546440
vt 0.360000 0.641678
vt 0.360000 0.546440
vt 0.840000 0.641678
vt 0.840000 0.546440
vt 0.380000 0.641678
vt 0.380000 0.546440
vt 0.820000 0.641678
vt 0.820000 0.546440
vt 0.400000 0.641678
vt 0.400000 0.546440
vt 0.800000 0.641678
vt 0.800000 0.546440
vt 0.420000 0.641678
vt 0.420000 0.546440
vt 0.780000 0.641678
vt 0.780000 0.546440
vt 0.440000 0.641678
vt 0.440000 0.546440
vt 0.760000 0.641678
vt 0.760000 0.546440
vt 0.460000 0.641678
vt 0.460000 0.546440
vt 0.740000 0.641678
vt 0.740000 0.546440
vt 0.480000 0.641678
vt 0.480000 0.546440
vt 0.720000 0.641678
vt 0.720000 0.546440
vt 0.500000 0.641678
vt 0.500000 0.546440
vt 0.700000 0.641678
vt 0.700000 0.546440
vt 0.520000 0.641678
vt 0.520000 0.546440
vt 0.680000 0.641678
vt 0.680000 0.546440
vt 0.540000 0.641678
vt 0.540000 0.546440
vt 0.660000 0.641678
vt 0.660000 0.546440
vt 0.560000 0.641678
vt 0.560000 0.546440
vt 0.640000 0.641678
vt 0.640000 0.546440
vt 0.580000 0.641678
vt 0.580000 0.546440
vt 0.620000 0.641678
vt 0.620000 0.546440
vt 0.600000 0.641678
vt 0.600000 0.546440
vt 0.625000 0.000000
vt 0.875000 0.000000
vt 0.875000 0.250000
vt 0.625000 0.250000
vt 0.100000 0.641678
vt 0.120000 0.641678
vt 0.120000 0.546440
vt 0.100000 0.546440
vt 0.080000 0.641678
vt 0.080000 0.546440
vt 0.140000 0.641678
vt 0.140000 0.546440
vt 0.060000 0.641678
vt 0.060000 0.546440
vt 0.160000 0.641678
vt 0.160000 0.546440
vt 0.040000 0.641678
vt 0.040000 0.546440
vt 0.180000 0.641678
vt 0.180000 0.546440
vt 0.020000 0.641678
vt 0.020000 0.546440
vt 0.200000 0.641678
vt 0.200000 0.546440
vt -0.000000 0.641678
vt -0.000000 0.546440
vt 0.220000 0.641678
vt 0.220000 0.546440
vt 0.980000 0.641678
vt 1.000000 0.641678
vt 1.000000 0.546440
vt 0.980000 0.546440
vt 0.240000 0.641678
vt 0.240000 0.546440
vt 0.960000 0.641678
vt 0.960000 0.546440
vt 0.260000 0.641678
vt 0.260000 0.546440
vt 0.940000 0.641678
vt 0.940000 0.546440
vt 0.280000 0.641678
vt 0.280000 0.546440
vt 0.920000 0.641678
vt 0.920000 0.546440
vt 0.300000 0.641678
vt 0.300000 0.546440
vt 0.900000 0.641678
vt 0.900000 0.546440
vt 0.320000 0.641678
vt 0.320000 0.546440
vt 0.880000 0.641678
vt 0.880000 0.546440
vt 0.340000 0.641678
vt 0.340000 0.546440
vt 0.860000 0.641678
vt 0.860000 0.546440
vt 0.360000 0.641678
vt 0.360000 0.546440
vt 0.840000 0.641678
vt 0.840000 0.546440
vt 0.380000 0.641678
vt 0.380000 0.546440
vt 0.820000 0.641678
vt 0.820000 0.546440
vt 0.400000 0.641678
vt 0.400000 0.546440
vt 0.800000 0.641678
vt 0.800000 0.546440
vt 0.420000 0.641678
vt 0.420000 0.546440
vt 0.780000 0.641678
vt 0.780000 0.546440
vt 0.440000 0.641678
vt 0.440000 0.546440
vt 0.760000 0.641678
vt 0.760000 0.546440
vt 0.460000 0.641678
vt 0.460000 0.546440
vt 0.740000 0.641678
vt 0.740000 0.546440
vt 0.480000 0.641678
vt 0.480000 0.546440
vt 0.720000 0.641678
vt 0.720000 0.546440
vt 0.500000 0.641678
vt 0.500000 0.546440
vt 0.700000 0.641678
vt 0.700000 0.546440
vt 0.520000 0.641678
vt 0.520000 0.546440
vt 0.680000 0.641678
vt 0.680000 0.546440
vt 0.540000 0.641678
vt 0.540000 0.546440
vt 0.660000 0.641678
vt 0.660000 0.546440
vt 0.560000 0.641678
vt 0.560000 0.546440
vt 0.640000 0.641678
vt 0.640000 0.546440
vt 0.580000 0.641678
vt 0.580000 0.546440
vt 0.620000 0.641678
vt 0.620000 0.546440
vt 0.600000 0.641678
vt 0.600000 0.546440
vt 0.125000 0.000000
vt 0.375000 0.000000
vt 0.375000 0.250000
vt 0.125000 0.250000
vt 0.100000 0.641678
vt 0.120000 0.641678
vt 0.120000 0.546440
vt 0.100000 0.546440
vt 0.080000 0.641678
vt 0.080000 0.546440
vt 0.140000 0.641678
vt 0.140000 0.546440
vt 0.060000 0.641678
vt 0.060000 0.546440
vt 0.160000 0.641678
vt 0.160000 0.546440
vt 0.040000 0.641678
vt 0.040000 0.546440
vt 0.180000 0.641678
vt 0.180000 0.546440
vt 0.020000 0.641678
vt 0.020000 0.546440
vt 0.200000 0.641678
vt 0.200000 0.546440
vt -0.000000 0.641678
vt -0.000000 0.546440
vt 0.220000 0.641678
vt 0.220000 0.546440
vt 0.980000 0.641678
vt 1.000000 0.641678
vt 1.000000 0.546440
vt 0.980000 0.546440
vt 0.240000 0.641678
vt 0.240000 0.546440
vt 0.960000 0.641678
vt 0.960000 0.546440
vt 0.260000 0.641678
vt 0.260000 0.546440
vt 0.940000 0.641678
vt 0.940000 0.546440
vt 0.280000 0.641678
vt 0.280000 0.546440
vt 0.920000 0.641678
vt 0.920000 0.546440
vt 0.300000 0.641678
vt 0.300000 0.546440
vt 0.900000 0.641678
vt 0.900000 0.546440
vt 0.320000 0.641678
vt 0.320000 0.546440
vt 0.880000 0.641678
vt 0.880000 0.546440
vt 0.340000 0.641678
vt 0.340000 0.546440
vt 0.860000 0.641678
vt 0.860000 0.546440
vt 0.360000 0.641678
vt 0.360000 0.546440
vt 0.840000 0.641678
vt 0.840000 0.546440
vt 0.380000 0.641678
vt 0.380000 0.546440
vt 0.820000 0.641678
vt 0.820000 0.546440
vt 0.400000 0.641678
vt 0.400000 0.546440
vt 0.800000 0.641678
vt 0.800000 0.546440
vt 0.420000 0.641678
vt 0.420000 0.546440
vt 0.780000 0.641678
vt 0.780000 0.546440
vt 0.440000 0.641678
vt 0.440000 0.546440
vt 0.760000 0.641678
vt 0.760000 0.546440
vt 0.460000 0.641678
vt 0.460000 0.546440
vt 0.740000 0.641678
vt 0.740000 0.546440
vt 0.480000 0.641678
vt 0.480000 0.546440
vt 0.720000 0.641678
vt 0.720000 0.546440
vt 0.500000 0.641678
vt 0.500000 0.546440
vt 0.700000 0.641678
vt 0.700000 0.546440
vt 0.520000 0.641678
vt 0.520000 0.546440
vt 0.680000 0.641678
vt 0.680000 0.546440
vt 0.540000 0.641678
vt 0.540000 0.546440
vt 0.660000 0.641678
vt 0.660000 0.546440
vt 0.560000 0.641678
vt 0.560000 0.546440
vt 0.640000 0.641678
vt 0.640000 0.546440
vt 0.580000 0.641678
vt 0.580000 0.546440
vt 0.620000 0.641678
vt 0.620000 0.546440
vt 0.600000 0.641678
vt 0.600000 0.546440
vt 0.100000 0.641678
vt 0.120000 0.641678
vt 0.120000 0.546440
vt 0.100000 0.546440
vt 0.080000 0.641678
vt 0.080000 0.546440
vt 0.140000 0.641678
vt 0.140000 0.546440
vt 0.060000 0.641678
vt 0.060000 0.546440
vt 0.160000 0.641678
vt 0.160000 0.546440
vt 0.040000 0.641678
vt 0.040000 0.546440
vt 0.180000 0.641678
vt 0.180000 0.546440
vt 0.020000 0.641678
vt 0.020000 0.546440
vt 0.200000 0.641678
vt 0.200000 0.546440
vt -0.000000 0.641678
vt -0.000000 0.546440
vt 0.220000 0.641678
vt 0.220000 0.546440
vt 0.980000 0.641678
vt 1.000000 0.641678
vt 1.000000 0.546440
vt 0.980000 0.546440
vt 0.240000 0.641678
vt 0.240000 0.546440
vt 0.960000 0.641678
vt 0.960000 0.546440
vt 0.260000 0.641678
vt 0.260000 0.546440
vt 0.940000 0.641678
vt 0.940000 0.546440
vt 0.280000 0.641678
vt 0.280000 0.546440
vt 0.920000 0.641678
vt 0.920000 0.546440
vt 0.300000 0.641678
vt 0.300000 0.546440
vt 0.900000 0.641678
vt 0.900000 0.546440
vt 0.320000 0.641678
vt 0.320000 0.546440
vt 0.880000 0.641678
vt 0.880000 0.546440
vt 0.340000 0.641678
vt 0.340000 0.546440
vt 0.860000 0.641678
vt 0.860000 0.546440
vt 0.360000 0.641678
vt 0.360000 0.546440
vt 0.840000 0.641678
vt 0.840000 0.546440
vt 0.380000 0.641678
vt 0.380000 0.546440
vt 0.820000 0.641678
vt 0.820000 0.546440
vt 0.400000 0.641678
vt 0.400000 0.546440
vt 0.800000 0.641678
vt 0.800000 0.546440
vt 0.420000 0.641678
vt 0.420000 0.546440
vt 0.780000 0.641678
vt 0.780000 0.546440
vt 0.440000 0.641678
vt 0.440000 0.546440
vt 0.760000 0.641678
vt 0.760000 0.546440
vt 0.460000 0.641678
vt 0.460000 0.546440
vt 0.740000 0.641678
vt 0.740000 0.546440
vt 0.480000 0.641678
vt 0.480000 0.546440
vt 0.720000 0.641678
vt 0.720000 0.546440
vt 0.500000 0.641678
vt 0.500000 0.546440
vt 0.700000 0.641678
vt 0.700000 0.546440
vt 0.520000 0.641678
vt 0.520000 0.546440
vt 0.680000 0.641678
vt 0.680000 0.546440
vt 0.540000 0.641678
vt 0.540000 0.546440
vt 0.660000 0.641678
vt 0.660000 0.546440
vt 0.560000 0.641678
vt 0.560000 0.546440
vt 0.640000 0.641678
vt 0.640000 0.546440
vt 0.580000 0.641678
vt 0.580000 0.546440
vt 0.620000 0.641678
vt 0.620000 0.546440
vt 0.600000 0.641678
vt 0.600000 0.546440
vt 0.507248 0.992966
vt 0.508872 0.992808
vt 0.510336 0.992623
vt 0.511617 0.992415
vt 0.512694 0.992187
vt 0.513548 0.991942
vt 0.514170 0.991686
vt 0.514546 0.991420
vt 0.514673 0.991151
vt 0.514546 0.990882
vt 0.514170 0.990617
vt 0.513548 0.990360
vt 0.512694 0.990115
vt 0.511617 0.989888
vt 0.510336 0.989680
vt 0.508872 0.989495
vt 0.507248 0.989336
vt 0.505488 0.989206
vt 0.503620 0.989107
vt 0.501673 0.989040
vt 0.499682 0.989006
vt 0.499682 0.940829
vt 0.501673 0.940795
vt 0.503620 0.940728
vt 0.505488 0.940628
vt 0.507248 0.940498
vt 0.508872 0.940340
vt 0.510336 0.940155
vt 0.511617 0.939947
vt 0.512694 0.939719
vt 0.513548 0.939475
vt 0.514170 0.939218
vt 0.514546 0.938953
vt 0.514673 0.938683
vt 0.514546 0.938414
vt 0.514170 0.938149
vt 0.513548 0.937892
vt 0.512694 0.937648
vt 0.511617 0.937420
vt 0.510336 0.937212
vt 0.508872 0.937027
vt 0.507248 0.936868
vt 0.505488 0.936738
vt 0.503620 0.936639
vt 0.501674 0.936572
vt 0.499682 0.936538
vt 0.499682 0.875362
vt 0.501674 0.875328
vt 0.503620 0.875261
vt 0.505488 0.875161
vt 0.507248 0.875031
vt 0.508872 0.874873
vt 0.510336 0.874688
vt 0.511617 0.874480
vt 0.512694 0.874252
vt 0.513548 0.874008
vt 0.514170 0.873751
vt 0.514546 0.873486
vt 0.514673 0.873216
vt 0.514546 0.872947
vt 0.514170 0.872682
vt 0.513548 0.872425
vt 0.512694 0.872181
vt 0.511617 0.871953
vt 0.510336 0.871745
vt 0.508872 0.871560
vt 0.507248 0.871401
vt 0.505487 0.871271
vt 0.503620 0.871172
vt 0.501673 0.871105
vt 0.499682 0.871071
vt 0.499682 0.814885
vt 0.501674 0.814851
vt 0.503620 0.814784
vt 0.505488 0.814684
vt 0.507248 0.814554
vt 0.508872 0.814395
vt 0.510336 0.814211
vt 0.511617 0.814003
vt 0.512694 0.813775
vt 0.513548 0.813530
vt 0.514170 0.813274
vt 0.514546 0.813009
vt 0.514673 0.812739
vt 0.514546 0.812470
vt 0.514170 0.812204
vt 0.513548 0.811948
vt 0.512694 0.811704
vt 0.511617 0.811476
vt 0.510336 0.811268
vt 0.508872 0.811083
vt 0.507248 0.810924
vt 0.505488 0.810794
vt 0.503620 0.810695
vt 0.501673 0.810628
vt 0.499682 0.810594
vt 0.499682 0.760113
vt 0.501674 0.760079
vt 0.503619 0.760012
vt 0.505488 0.759912
vt 0.507248 0.759782
vt 0.508872 0.759624
vt 0.510336 0.759439
vt 0.511617 0.759231
vt 0.512694 0.759003
vt 0.513548 0.758759
vt 0.514170 0.758502
vt 0.514546 0.758237
vt 0.514673 0.757967
vt 0.514546 0.757698
vt 0.514170 0.757433
vt 0.513548 0.757176
vt 0.512694 0.756932
vt 0.511617 0.756704
vt 0.510336 0.756496
vt 0.508872 0.756311
vt 0.507248 0.756152
vt 0.505488 0.756022
vt 0.503620 0.755923
vt 0.501674 0.755856
vt 0.499682 0.755822
vt 0.625000 1.000000
vt 0.499682 0.494178
vt 0.501674 0.494144
vt 0.503620 0.494077
vt 0.505487 0.493978
vt 0.507248 0.493848
vt 0.508872 0.493689
vt 0.510336 0.493504
vt 0.511617 0.493296
vt 0.512694 0.493068
vt 0.513548 0.492824
vt 0.514170 0.492567
vt 0.514546 0.492302
vt 0.514673 0.492033
vt 0.514546 0.491763
vt 0.514170 0.491498
vt 0.513548 0.491241
vt 0.512694 0.490997
vt 0.511617 0.490769
vt 0.510336 0.490561
vt 0.508872 0.490376
vt 0.507248 0.490218
vt 0.505487 0.490088
vt 0.503620 0.489988
vt 0.501673 0.489921
vt 0.499682 0.489887
vt 0.499682 0.439406
vt 0.501673 0.439373
vt 0.503620 0.439305
vt 0.505488 0.439206
vt 0.507248 0.439076
vt 0.508872 0.438917
vt 0.510336 0.438732
vt 0.511617 0.438524
vt 0.512694 0.438296
vt 0.513548 0.438052
vt 0.514170 0.437796
vt 0.514546 0.437530
vt 0.514673 0.437261
vt 0.514546 0.436991
vt 0.514170 0.436726
vt 0.513548 0.436470
vt 0.512694 0.436225
vt 0.511617 0.435997
vt 0.510336 0.435789
vt 0.508872 0.435605
vt 0.507248 0.435446
vt 0.505488 0.435316
vt 0.503620 0.435216
vt 0.501673 0.435149
vt 0.499682 0.435115
vt 0.499682 0.378929
vt 0.501673 0.378895
vt 0.503619 0.378828
vt 0.505488 0.378729
vt 0.507248 0.378599
vt 0.508872 0.378440
vt 0.510336 0.378255
vt 0.511617 0.378047
vt 0.512694 0.377819
vt 0.513548 0.377575
vt 0.514170 0.377318
vt 0.514546 0.377053
vt 0.514673 0.376784
vt 0.514546 0.376514
vt 0.514170 0.376249
vt 0.513548 0.375992
vt 0.512694 0.375748
vt 0.511617 0.375520
vt 0.510336 0.375312
vt 0.508872 0.375127
vt 0.507248 0.374969
vt 0.505488 0.374839
vt 0.503620 0.374739
vt 0.501674 0.374672
vt 0.499682 0.374638
vt 0.499682 0.313462
vt 0.501674 0.313428
vt 0.503620 0.313361
vt 0.505488 0.313262
vt 0.507248 0.313132
vt 0.508872 0.312973
vt 0.510336 0.312788
vt 0.511617 0.312580
vt 0.512694 0.312352
vt 0.513548 0.312108
vt 0.514170 0.311851
vt 0.514546 0.311586
vt 0.514673 0.311317
vt 0.514546 0.311047
vt 0.514170 0.310782
vt 0.513548 0.310525
vt 0.512694 0.310281
vt 0.511617 0.310053
vt 0.510336 0.309845
vt 0.508872 0.309660
vt 0.507248 0.309502
vt 0.505488 0.309372
vt 0.503620 0.309272
vt 0.501674 0.309205
vt 0.499682 0.309171
vt 0.499682 0.260994
vt 0.501673 0.260960
vt 0.503620 0.260893
vt 0.505488 0.260794
vt 0.507248 0.260664
vt 0.508872 0.260505
vt 0.510336 0.260320
vt 0.511617 0.260112
vt 0.512694 0.259885
vt 0.513548 0.259640
vt 0.514170 0.259383
vt 0.514546 0.259118
vt 0.514673 0.258849
vt 0.514546 0.258580
vt 0.514170 0.258314
vt 0.513548 0.258058
vt 0.512694 0.257813
vt 0.511617 0.257585
vt 0.510336 0.257377
vt 0.508872 0.257192
vt 0.507248 0.257034
vt 0.505488 0.256904
vt 0.503620 0.256804
vt 0.501674 0.256737
vt 0.499682 0.256704
vt 0.497672 0.256703
vt 0.495679 0.256737
vt 0.493733 0.256804
vt 0.491867 0.256904
vt 0.490106 0.257034
vt 0.488481 0.257192
vt 0.487016 0.257377
vt 0.485736 0.257585
vt 0.484660 0.257813
vt 0.483804 0.258058
vt 0.483184 0.258314
vt 0.482807 0.258580
vt 0.482682 0.258849
vt 0.482807 0.259118
vt 0.483184 0.259383
vt 0.483804 0.259640
vt 0.484660 0.259885
vt 0.485736 0.260112
vt 0.487016 0.260320
vt 0.488481 0.260505
vt 0.490106 0.260664
vt 0.491867 0.260794
vt 0.493733 0.260893
vt 0.495679 0.260960
vt 0.497672 0.260994
vt 0.497672 0.309171
vt 0.495679 0.309205
vt 0.493733 0.309272
vt 0.491867 0.309372
vt 0.490106 0.309502
vt 0.488481 0.309660
vt 0.487016 0.309845
vt 0.485736 0.310053
vt 0.484660 0.310281
vt 0.483804 0.310525
vt 0.483184 0.310782
vt 0.482807 0.311047
vt 0.482682 0.311317
vt 0.482807 0.311586
vt 0.483184 0.311851
vt 0.483804 0.312108
vt 0.484660 0.312352
vt 0.485736 0.312580
vt 0.487016 0.312788
vt 0.488481 0.312973
vt 0.490106 0.313132
vt 0.491867 0.313262
vt 0.493733 0.313361
vt 0.495679 0.313428
vt 0.497672 0.313462
vt 0.497672 0.374638
vt 0.495679 0.374672
vt 0.493733 0.374739
vt 0.491867 0.374839
vt 0.490106 0.374969
vt 0.488481 0.375127
vt 0.487016 0.375312
vt 0.485736 0.375520
vt 0.484660 0.375748
vt 0.483804 0.375992
vt 0.483184 0.376249
vt 0.482807 0.376514
vt 0.482682 0.376784
vt 0.482807 0.377053
vt 0.483184 0.377318
vt 0.483804 0.377575
vt 0.484660 0.377819
vt 0.485736 0.378047
vt 0.487016 0.378255
vt 0.488481 0.378440
vt 0.490106 0.378599
vt 0.491867 0.378729
vt 0.493733 0.378828
vt 0.495679 0.378895
vt 0.497672 0.378929
vt 0.497672 0.435115
vt 0.495679 0.435149
vt 0.493733 0.435216
vt 0.491867 0.435316
vt 0.490106 0.435446
vt 0.488481 0.435605
vt 0.487016 0.435789
vt 0.485736 0.435997
vt 0.484660 0.436225
vt 0.483804 0.436470
vt 0.483184 0.436726
vt 0.482807 0.436991
vt 0.482682 0.437261
vt 0.482807 0.437530
vt 0.483184 0.437796
vt 0.483804 0.438052
vt 0.484660 0.438296
vt 0.485736 0.438524
vt 0.487016 0.438732
vt 0.488481 0.438917
vt 0.490106 0.439076
vt 0.491867 0.439206
vt 0.493733 0.439305
vt 0.495679 0.439373
vt 0.497672 0.439406
vt 0.497672 0.489887
vt 0.495679 0.489921
vt 0.493733 0.489988
vt 0.491867 0.490088
vt 0.490106 0.490218
vt 0.488481 0.490376
vt 0.487016 0.490561
vt 0.485736 0.490769
vt 0.484660 0.490997
vt 0.483804 0.491241
vt 0.483184 0.491498
vt 0.482807 0.491763
vt 0.482682 0.492033
vt 0.482807 0.492302
vt 0.483184 0.492567
vt 0.483804 0.492824
vt 0.484660 0.493068
vt 0.485736 0.493296
vt 0.487016 0.493504
vt 0.488481 0.493689
vt 0.490106 0.493848
vt 0.491867 0.493978
vt 0.493733 0.494077
vt 0.495679 0.494144
vt 0.497672 0.494178
vt 0.497672 0.755822
vt 0.495679 0.755856
vt 0.493733 0.755923
vt 0.491867 0.756022
vt 0.490106 0.756152
vt 0.488481 0.756311
vt 0.487016 0.756496
vt 0.485736 0.756704
vt 0.484660 0.756932
vt 0.483804 0.757176
vt 0.483184 0.757433
vt 0.482807 0.757698
vt 0.482682 0.757967
vt 0.482807 0.758237
vt 0.483184 0.758502
vt 0.483804 0.758759
vt 0.484660 0.759003
vt 0.485736 0.759231
vt 0.487016 0.759439
vt 0.488481 0.759624
vt 0.490106 0.759782
vt 0.491867 0.759912
vt 0.493733 0.760012
vt 0.495679 0.760079
vt 0.497672 0.760113
vt 0.497672 0.810594
vt 0.495679 0.810628
vt 0.493733 0.810695
vt 0.491867 0.810794
vt 0.490106 0.810924
vt 0.488481 0.811083
vt 0.487016 0.811268
vt 0.485736 0.811476
vt 0.484660 0.811704
vt 0.483804 0.811948
vt 0.483184 0.812205
vt 0.482807 0.812470
vt 0.482682 0.812739
vt 0.482807 0.813009
vt 0.483184 0.813274
vt 0.483804 0.813530
vt 0.484660 0.813775
vt 0.485736 0.814003
vt 0.487016 0.814211
vt 0.488481 0.814395
vt 0.490106 0.814554
vt 0.491867 0.814684
vt 0.493733 0.814784
vt 0.495679 0.814851
vt 0.497672 0.814885
vt 0.497672 0.871071
vt 0.495679 0.871105
vt 0.493733 0.871172
vt 0.491867 0.871271
vt 0.490106 0.871401
vt 0.488481 0.871560
vt 0.487016 0.871745
vt 0.485736 0.871953
vt 0.484660 0.872181
vt 0.483804 0.872425
vt 0.483184 0.872682
vt 0.482807 0.872947
vt 0.482682 0.873216
vt 0.482807 0.873486
vt 0.483184 0.873751
vt 0.483804 0.874008
vt 0.484660 0.874252
vt 0.485736 0.874480
vt 0.487016 0.874688
vt 0.488481 0.874873
vt 0.490106 0.875031
vt 0.491867 0.875161
vt 0.493733 0.875261
vt 0.495679 0.875328
vt 0.497672 0.875362
vt 0.497672 0.936538
vt 0.495679 0.936572
vt 0.493733 0.936639
vt 0.491867 0.936738
vt 0.490106 0.936868
vt 0.488481 0.937027
vt 0.487016 0.937212
vt 0.485736 0.937420
vt 0.484660 0.937648
vt 0.483804 0.937892
vt 0.483184 0.938149
vt 0.482807 0.938414
vt 0.482682 0.938683
vt 0.482807 0.938953
vt 0.483184 0.939218
vt 0.483804 0.939475
vt 0.484660 0.939719
vt 0.485736 0.939947
vt 0.487016 0.940155
vt 0.488481 0.940340
vt 0.490106 0.940498
vt 0.491867 0.940628
vt 0.493733 0.940728
vt 0.495679 0.940795
vt 0.497672 0.940829
vt 0.497672 0.989006
vt 0.495679 0.989040
vt 0.493733 0.989107
vt 0.491867 0.989206
vt 0.490106 0.989336
vt 0.488481 0.989495
vt 0.487016 0.989680
vt 0.485736 0.989888
vt 0.484660 0.990115
vt 0.483804 0.990360
vt 0.483184 0.990617
vt 0.482807 0.990882
vt 0.482682 0.991151
vt 0.482807 0.991420
vt 0.483184 0.991686
vt 0.483804 0.991942
vt 0.484660 0.992187
vt 0.485736 0.992415
vt 0.487016 0.992623
vt 0.488481 0.992808
vt 0.490106 0.992966
vt 0.491867 0.993096
vt 0.493733 0.993196
vt 0.495679 0.993263
vt 0.497672 0.993297
vt 0.499682 0.993297
vt 0.501673 0.993263
vt 0.503620 0.993196
vt 0.505487 0.993096
vt 0.375000 1.000000
f 1/1 2/2 4/4
f 4/4 2/2 3/3
f 5/5 6/6 8/8
f 8/8 6/6 7/7
f 9/9 5/5 10/10
f 10/10 5/5 8/8
f 6/6 11/11 7/7
f 7/7 11/11 12/12
f 13/13 9/9 14/14
f 14/14 9/9 10/10
f 11/11 15/15 12/12
f 12/12 15/15 16/16
f 17/17 13/13 18/18
f 18/18 13/13 14/14
f 15/15 19/19 16/16
f 16/16 19/19 20/20
f 21/21 17/17 22/22
f 22/22 17/17 18/18
f 19/19 23/23 20/20
f 20/20 23/23 24/24
f 25/25 21/21 26/26
f 26/26 21/21 22/22
f 23/23 27/27 24/24
f 24/24 27/27 28/28
f 29/29 25/30 30/32
f 30/32 25/30 26/31
f 27/27 31/33 28/28
f 28/28 31/33 32/34
f 33/35 29/29 34/36
f 34/36 29/29 30/32
f 31/33 35/37 32/34
f 32/34 35/37 36/38
f 37/39 33/35 38/40
f 38/40 33/35 34/36
f 35/37 39/41 36/38
f 36/38 39/41 40/42
f 41/43 37/39 42/44
f 42/44 37/39 38/40
f 39/41 43/45 40/42
f 40/42 43/45 44/46
f 45/47 41/43 46/48
f 46/48 41/43 42/44
f 43/45 47/49 44/46
f 44/46 47/49 48/50
f 49/51 45/47 50/52
f 50/52 45/47 46/48
f 47/49 51/53 48/50
f 48/50 51/53 52/54
f 53/55 49/51 54/56
f 54/56 49/51 50/52
f 51/53 55/57 52/54
f 52/54 55/57 56/58
f 57/59 53/55 58/60
f 58/60 53/55 54/56
f 55/57 59/61 56/58
f 56/58 59/61 60/62
f 61/63 57/59 62/64
f 62/64 57/59 58/60
f 59/61 63/65 60/62
f 60/62 63/65 64/66
f 65/67 61/63 66/68
f 66/68 61/63 62/64
f 63/65 67/69 64/66
f 64/66 67/69 68/70
f 69/71 65/67 70/72
f 70/72 65/67 66/68
f 67/69 71/73 68/70
f 68/70 71/73 72/74
f 73/75 69/71 74/76
f 74/76 69/71 70/72
f 71/73 75/77 72/74
f 72/74 75/77 76/78
f 77/79 73/75 78/80
f 78/80 73/75 74/76
f 75/77 79/81 76/78
f 76/78 79/81 80/82
f 81/83 77/79 82/84
f 82/84 77/79 78/80
f 79/81 83/85 80/82
f 80/82 83/85 84/86
f 85/87 81/83 86/88
f 86/88 81/83 82/84
f 83/85 87/89 84/86
f 84/86 87/89 88/90
f 89/91 85/87 90/92
f 90/92 85/87 86/88
f 87/89 91/93 88/90
f 88/90 91/93 92/94
f 93/95 89/91 94/96
f 94/96 89/91 90/92
f 91/93 95/97 92/94
f 92/94 95/97 96/98
f 97/99 93/95 98/100
f 98/100 93/95 94/96
f 95/97 99/101 96/98
f 96/98 99/101 100/102
f 101/103 97/99 102/104
f 102/104 97/99 98/100
f 99/101 103/105 100/102
f 100/102 103/105 104/106
f 103/105 101/103 104/106
f 104/106 101/103 102/104
f 105/107 106/108 108/110
f 108/110 106/108 107/109
f 109/111 105/107 110/112
f 110/112 105/107 108/110
f 106/108 111/113 107/109
f 107/109 111/113 112/114
f 113/115 109/111 114/116
f 114/116 109/111 110/112
f 111/113 115/117 112/114
f 112/114 115/117 116/118
f 117/119 113/115 118/120
f 118/120 113/115 114/116
f 115/117 119/121 116/118
f 116/118 119/121 120/122
f 121/123 117/119 122/124
f 122/124 117/119 118/120
f 119/121 123/125 120/122
f 120/122 123/125 124/126
f 125/127 121/123 126/128
f 126/128 121/123 122/124
f 123/125 127/129 124/126
f 124/126 127/129 128/130
f 129/131 125/132 130/134
f 130/134 125/132 126/133
f 127/129 131/135 128/130
f 128/130 131/135 132/136
f 133/137 129/131 134/138
f 134/138 129/131 130/134
f 131/135 135/139 132/136
f 132/136 135/139 136/140
f 137/141 133/137 138/142
f 138/142 133/137 134/138
f 135/139 139/143 136/140
f 136/140 139/143 140/144
f 141/145 137/141 142/146
f 142/146 137/141 138/142
f 139/143 143/147 140/144
f 140/144 143/147 144/148
f 145/149 141/145 146/150
f 146/150 141/145 142/146
f 143/147 147/151 144/148
f 144/148 147/151 148/152
f 149/153 145/149 150/154
f 150/154 145/149 146/150
f 147/151 151/155 148/152
f 148/152 151/155 152/156
f 153/157 149/153 154/158
f 154/158 149/153 150/154
f 151/155 155/159 152/156
f 152/156 155/159 156/160
f 157/161 153/157 158/162
f 158/162 153/157 154/158
f 155/159 159/163 156/160
f 156/160 159/163 160/164
f 161/165 157/161 162/166
f 162/166 157/161 158/162
f 159/163 163/167 160/164
f 160/164 163/167 164/168
f 165/169 161/165 166/170
f 166/170 161/165 162/166
f 163/167 167/171 164/168
f 164/168 167/171 168/172
f 169/173 165/169 170/174
f 170/174 165/169 166/170
f 167/171 171/175 168/172
f 168/172 171/175 172/176
f 173/177 169/173 174/178
f 174/178 169/173 170/174
f 171/175 175/179 172/176
f 172/176 175/179 176/180
f 177/181 173/177 178/182
f 178/182 173/177 174/178
f 175/179 179/183 176/180
f 176/180 179/183 180/184
f 181/185 177/181 182/186
f 182/186 177/181 178/182
f 179/183 183/187 180/184
f 180/184 183/187 184/188
f 185/189 181/185 186/190
f 186/190 181/185 182/186
f 183/187 187/191 184/188
f 184/188 187/191 188/192
f 189/193 185/189 190/194
f 190/194 185/189 186/190
f 187/191 191/195 188/192
f 188/192 191/195 192/196
f 193/197 189/193 194/198
f 194/198 189/193 190/194
f 191/195 195/199 192/196
f 192/196 195/199 196/200
f 197/201 193/197 198/202
f 198/202 193/197 194/198
f 195/199 199/203 196/200
f 196/200 199/203 200/204
f 201/205 197/201 202/206
f 202/206 197/201 198/202
f 199/203 203/207 200/204
f 200/204 203/207 204/208
f 203/207 201/205 204/208
f 204/208 201/205 202/206
f 205/209 3/210 206/212
f 206/212 3/210 2/211
f 207/213 208/214 210/216
f 210/216 208/214 209/215
f 211/217 207/213 212/218
f 212/218 207/213 210/216
f 208/214 213/219 209/215
f 209/215 213/219 214/220
f 215/221 211/217 216/222
f 216/222 211/217 212/218
f 213/219 217/223 214/220
f 214/220 217/223 218/224
f 219/225 215/221 220/226
f 220/226 215/221 216/222
f 217/223 221/227 218/224
f 218/224 221/227 222/228
f 223/229 219/225 224/230
f 224/230 219/225 220/226
f 221/227 225/231 222/228
f 222/228 225/231 226/232
f 227/233 223/229 228/234
f 228/234 223/229 224/230
f 225/231 229/235 226/232
f 226/232 229/235 230/236
f 231/237 227/238 232/240
f 232/240 227/238 228/239
f 229/235 233/241 230/236
f 230/236 233/241 234/242
f 235/243 231/237 236/244
f 236/244 231/237 232/240
f 233/241 237/245 234/242
f 234/242 237/245 238/246
f 239/247 235/243 240/248
f 240/248 235/243 236/244
f 237/245 241/249 238/246
f 238/246 241/249 242/250
f 243/251 239/247 244/252
f 244/252 239/247 240/248
f 241/249 245/253 242/250
f 242/250 245/253 246/254
f 247/255 243/251 248/256
f 248/256 243/251 244/252
f 245/253 249/257 246/254
f 246/254 249/257 250/258
f 251/259 247/255 252/260
f 252/260 247/255 248/256
f 249/257 253/261 250/258
f 250/258 253/261 254/262
f 255/263 251/259 256/264
f 256/264 251/259 252/260
f 253/261 257/265 254/262
f 254/262 257/265 258/266
f 259/267 255/263 260/268
f 260/268 255/263 256/264
f 257/265 261/269 258/266
f 258/266 261/269 262/270
f 263/271 259/267 264/272
f 264/272 259/267 260/268
f 261/269 265/273 262/270
f 262/270 265/273 266/274
f 267/275 263/271 268/276
f 268/276 263/271 264/272
f 265/273 269/277 266/274
f 266/274 269/277 270/278
f 271/279 267/275 272/280
f 272/280 267/275 268/276
f 269/277 273/281 270/278
f 270/278 273/281 274/282
f 275/283 271/279 276/284
f 276/284 271/279 272/280
f 273/281 277/285 274/282
f 274/282 277/285 278/286
f 279/287 275/283 280/288
f 280/288 275/283 276/284
f 277/285 281/289 278/286
f 278/286 281/289 282/290
f 283/291 279/287 284/292
f 284/292 279/287 280/288
f 281/289 285/293 282/290
f 282/290 285/293 286/294
f 287/295 283/291 288/296
f 288/296 283/291 284/292
f 285/293 289/297 286/294
f 286/294 289/297 290/298
f 291/299 287/295 292/300
f 292/300 287/295 288/296
f 289/297 293/301 290/298
f 290/298 293/301 294/302
f 295/303 291/299 296/304
f 296/304 291/299 292/300
f 293/301 297/305 294/302
f 294/302 297/305 298/306
f 299/307 295/303 300/308
f 300/308 295/303 296/304
f 297/305 301/309 298/306
f 298/306 301/309 302/310
f 303/311 299/307 304/312
f 304/312 299/307 300/308
f 301/309 305/313 302/310
f 302/310 305/313 306/314
f 305/313 303/311 306/314
f 306/314 303/311 304/312
f 4/315 307/316 1/318
f 1/318 307/316 308/317
f 309/319 310/320 312/322
f 312/322 310/320 311/321
f 313/323 309/319 314/324
f 314/324 309/319 312/322
f 310/320 315/325 311/321
f 311/321 315/325 316/326
f 317/327 313/323 318/328
f 318/328 313/323 314/324
f 315/325 319/329 316/326
f 316/326 319/329 320/330
f 321/331 317/327 322/332
f 322/332 317/327 318/328
f 319/329 323/333 320/330
f 320/330 323/333 324/334
f 325/335 321/331 326/336
f 326/336 321/331 322/332
f 323/333 327/337 324/334
f 324/334 327/337 328/338
f 329/339 325/335 330/340
f 330/340 325/335 326/336
f 327/337 331/341 328/338
f 328/338 331/341 332/342
f 333/343 329/344 334/346
f 334/346 329/344 330/345
f 331/341 335/347 332/342
f 332/342 335/347 336/348
f 337/349 333/343 338/350
f 338/350 333/343 334/346
f 335/347 339/351 336/348
f 336/348 339/351 340/352
f 341/353 337/349 342/354
f 342/354 337/349 338/350
f 339/351 343/355 340/352
f 340/352 343/355 344/356
f 345/357 341/353 346/358
f 346/358 341/353 342/354
f 343/355 347/359 344/356
f 344/356 347/359 348/360
f 349/361 345/357 350/362
f 350/362 345/357 346/358
f 347/359 351/363 348/360
f 348/360 351/363 352/364
f 353/365 349/361 354/366
f 354/366 349/361 350/362
f 351/363 355/367 352/364
f 352/364 355/367 356/368
f 357/369 353/365 358/370
f 358/370 353/365 354/366
f 355/367 359/371 356/368
f 356/368 359/371 360/372
f 361/373 357/369 362/374
f 362/374 357/369 358/370
f 359/371 363/375 360/372
f 360/372 363/375 364/376
f 365/377 361/373 366/378
f 366/378 361/373 362/374
f 363/375 367/379 364/376
f 364/376 367/379 368/380
f 369/381 365/377 370/382
f 370/382 365/377 366/378
f 367/379 371/383 368/380
f 368/380 371/383 372/384
f 373/385 369/381 374/386
f 374/386 369/381 370/382
f 371/383 375/387 372/384
f 372/384 375/387 376/388
f 377/389 373/385 378/390
f 378/390 373/385 374/386
f 375/387 379/391 376/388
f 376/388 379/391 380/392
f 381/393 377/389 382/394
f 382/394 377/389 378/390
f 379/391 383/395 380/392
f 380/392 383/395 384/396
f 385/397 381/393 386/398
f 386/398 381/393 382/394
f 383/395 387/399 384/396
f 384/396 387/399 388/400
f 389/401 385/397 390/402
f 390/402 385/397 386/398
f 387/399 391/403 388/400
f 388/400 391/403 392/404
f 393/405 389/401 394/406
f 394/406 389/401 390/402
f 391/403 395/407 392/404
f 392/404 395/407 396/408
f 397/409 393/405 398/410
f 398/410 393/405 394/406
f 395/407 399/411 396/408
f 396/408 399/411 400/412
f 401/413 397/409 402/414
f 402/414 397/409 398/410
f 399/411 403/415 400/412
f 400/412 403/415 404/416
f 405/417 401/413 406/418
f 406/418 401/413 402/414
f 403/415 407/419 404/416
f 404/416 407/419 408/420
f 407/419 405/417 408/420
f 408/420 405/417 406/418
f 409/421 410/422 412/424
f 412/424 410/422 411/423
f 413/425 409/421 414/426
f 414/426 409/421 412/424
f 410/422 415/427 411/423
f 411/423 415/427 416/428
f 417/429 413/425 418/430
f 418/430 413/425 414/426
f 415/427 419/431 416/428
f 416/428 419/431 420/432
f 421/433 417/429 422/434
f 422/434 417/429 418/430
f 419/431 423/435 420/432
f 420/432 423/435 424/436
f 425/437 421/433 426/438
f 426/438 421/433 422/434
f 423/435 427/439 424/436
f 424/436 427/439 428/440
f 429/441 425/437 430/442
f 430/442 425/437 426/438
f 427/439 431/443 428/440
f 428/440 431/443 432/444
f 433/445 429/446 434/448
f 434/448 429/446 430/447
f 431/443 435/449 432/444
f 432/444 435/449 436/450
f 437/451 433/445 438/452
f 438/452 433/445 434/448
f 435/449 439/453 436/450
f 436/450 439/453 440/454
f 441/455 437/451 442/456
f 442/456 437/451 438/452
f 439/453 443/457 440/454
f 440/454 443/457 444/458
f 445/459 441/455 446/460
f 446/460 441/455 442/456
f 443/457 447/461 444/458
f 444/458 447/461 448/462
f 449/463 445/459 450/464
f 450/464 445/459 446/460
f 447/461 451/465 448/462
f 448/462 451/465 452/466
f 453/467 449/463 454/468
f 454/468 449/463 450/464
f 451/465 455/469 452/466
f 452/466 455/469 456/470
f 457/471 453/467 458/472
f 458/472 453/467 454/468
f 455/469 459/473 456/470
f 456/470 459/473 460/474
f 461/475 457/471 462/476
f 462/476 457/471 458/472
f 459/473 463/477 460/474
f 460/474 463/477 464/478
f 465/479 461/475 466/480
f 466/480 461/475 462/476
f 463/477 467/481 464/478
f 464/478 467/481 468/482
f 469/483 465/479 470/484
f 470/484 465/479 466/480
f 467/481 471/485 468/482
f 468/482 471/485 472/486
f 473/487 469/483 474/488
f 474/488 469/483 470/484
f 471/485 475/489 472/486
f 472/486 475/489 476/490
f 477/491 473/487 478/492
f 478/492 473/487 474/488
f 475/489 479/493 476/490
f 476/490 479/493 480/494
f 481/495 477/491 482/496
f 482/496 477/491 478/492
f 479/493 483/497 480/494
f 480/494 483/497 484/498
f 485/499 481/495 486/500
f 486/500 481/495 482/496
f 483/497 487/501 484/498
f 484/498 487/501 488/502
f 489/503 485/499 490/504
f 490/504 485/499 486/500
f 487/501 491/505 488/502
f 488/502 491/505 492/506
f 493/507 489/503 494/508
f 494/508 489/503 490/504
f 491/505 495/509 492/506
f 492/506 495/509 496/510
f 497/511 493/507 498/512
f 498/512 493/507 494/508
f 495/509 499/513 496/510
f 496/510 499/513 500/514
f 501/515 497/511 502/516
f 502/516 497/511 498/512
f 499/513 503/517 500/514
f 500/514 503/517 504/518
f 505/519 501/515 506/520
f 506/520 501/515 502/516
f 503/517 507/521 504/518
f 504/518 507/521 508/522
f 507/521 505/519 508/522
f 508/522 505/519 506/520
f 307/316 205/209 308/317
f 308/317 205/209 206/212
f 4/4 3/3 28/643
f 28/643 3/3 24/642
f 24/642 3/3 20/641
f 20/641 3/3 16/640
f 16/640 3/3 12/639
f 12/639 3/3 7/638
f 466/523 462/524 205/644
f 7/638 3/3 8/637
f 462/524 458/525 205/644
f 8/637 3/3 10/636
f 458/525 454/526 205/644
f 10/636 3/3 14/635
f 454/526 450/527 205/644
f 14/635 3/3 18/634
f 450/527 446/528 205/644
f 432/543 382/544 428/542
f 382/544 378/545 428/542
f 332/568 280/569 328/567
f 280/569 276/570 328/567
f 230/593 178/594 226/592
f 178/594 174/595 226/592
f 128/618 78/619 124/617
f 78/619 74/620 124/617
f 18/634 3/3 22/633
f 446/528 442/529 205/644
f 428/542 378/545 424/541
f 378/545 374/546 424/541
f 328/567 276/570 324/566
f 276/570 272/571 324/566
f 226/592 174/595 222/591
f 174/595 170/596 222/591
f 124/617 74/620 120/616
f 74/620 70/621 120/616
f 22/633 3/3 26/632
f 442/529 438/530 205/644
f 424/541 374/546 420/540
f 374/546 370/547 420/540
f 324/566 272/571 320/565
f 272/571 268/572 320/565
f 222/591 170/596 218/590
f 170/596 166/597 218/590
f 120/616 70/621 116/615
f 70/621 66/622 116/615
f 26/632 3/3 30/631
f 3/3 205/644 30/631
f 30/631 205/644 34/630
f 34/630 205/644 38/629
f 38/629 205/644 42/628
f 42/628 205/644 46/627
f 46/627 205/644 50/626
f 50/626 205/644 54/625
f 54/625 205/644 58/624
f 58/624 205/644 62/623
f 62/623 205/644 66/622
f 438/530 434/531 205/644
f 420/540 370/547 416/539
f 370/547 366/548 416/539
f 320/565 268/572 316/564
f 268/572 264/573 316/564
f 218/590 166/597 214/589
f 166/597 162/598 214/589
f 116/615 66/622 112/614
f 434/531 430/532 205/644
f 416/539 366/548 411/538
f 366/548 362/549 411/538
f 316/564 264/573 311/563
f 264/573 260/574 311/563
f 214/589 162/598 209/588
f 162/598 158/599 209/588
f 112/614 66/622 107/613
f 430/532 426/533 205/644
f 411/538 362/549 412/537
f 362/549 358/550 412/537
f 311/563 260/574 312/562
f 260/574 256/575 312/562
f 209/588 158/599 210/587
f 158/599 154/600 210/587
f 107/613 66/622 108/612
f 426/533 422/534 205/644
f 412/537 358/550 414/536
f 358/550 354/551 414/536
f 312/562 256/575 314/561
f 256/575 252/576 314/561
f 210/587 154/600 212/586
f 154/600 150/601 212/586
f 108/612 66/622 110/611
f 422/534 418/535 205/644
f 414/536 354/551 418/535
f 418/535 354/551 205/644
f 354/551 350/552 205/644
f 350/552 346/553 205/644
f 346/553 342/554 205/644
f 314/561 252/576 318/560
f 252/576 248/577 318/560
f 212/586 150/601 216/585
f 150/601 146/602 216/585
f 110/611 66/622 114/610
f 318/560 248/577 322/559
f 248/577 244/578 322/559
f 216/585 146/602 220/584
f 146/602 142/603 220/584
f 342/554 338/555 205/644
f 114/610 66/622 118/609
f 338/555 334/556 205/644
f 322/559 244/578 326/558
f 244/578 240/579 326/558
f 220/584 142/603 224/583
f 142/603 138/604 224/583
f 118/609 66/622 122/608
f 334/556 330/557 205/644
f 330/557 326/558 205/644
f 326/558 240/579 205/644
f 240/579 236/580 205/644
f 236/580 232/581 205/644
f 232/581 228/582 205/644
f 224/583 138/604 228/582
f 228/582 138/604 205/644
f 138/604 134/605 205/644
f 134/605 130/606 205/644
f 130/606 126/607 205/644
f 122/608 66/622 126/607
f 126/607 66/622 205/644
f 1/1 27/645 2/2
f 308/317 206/212 489/771
f 489/771 206/212 485/770
f 485/770 206/212 481/769
f 27/645 23/646 2/2
f 481/769 206/212 477/768
f 23/646 19/647 2/2
f 477/768 206/212 473/767
f 19/647 15/648 2/2
f 473/767 206/212 469/766
f 15/648 11/649 2/2
f 469/766 206/212 465/765
f 11/649 6/650 2/2
f 465/765 206/212 461/764
f 6/650 5/651 2/2
f 461/764 206/212 457/763
f 5/651 9/652 2/2
f 457/763 206/212 453/762
f 9/652 13/653 2/2
f 453/762 206/212 449/761
f 13/653 17/654 2/2
f 449/761 206/212 445/760
f 17/654 21/655 2/2
f 77/669 127/670 73/668
f 127/670 123/671 73/668
f 177/694 229/695 173/693
f 229/695 225/696 173/693
f 279/719 331/720 275/718
f 331/720 327/721 275/718
f 381/744 431/745 377/743
f 431/745 427/746 377/743
f 445/760 206/212 441/759
f 73/668 123/671 69/667
f 123/671 119/672 69/667
f 173/693 225/696 169/692
f 225/696 221/697 169/692
f 275/718 327/721 271/717
f 327/721 323/722 271/717
f 377/743 427/746 373/742
f 427/746 423/747 373/742
f 21/655 25/656 2/2
f 441/759 206/212 437/758
f 69/667 119/672 65/666
f 119/672 115/673 65/666
f 169/692 221/697 165/691
f 221/697 217/698 165/691
f 271/717 323/722 267/716
f 323/722 319/723 267/716
f 373/742 423/747 369/741
f 423/747 419/748 369/741
f 25/656 29/657 2/2
f 2/2 29/657 206/212
f 29/657 33/658 206/212
f 33/658 37/659 206/212
f 37/659 41/660 206/212
f 41/660 45/661 206/212
f 45/661 49/662 206/212
f 49/662 53/663 206/212
f 53/663 57/664 206/212
f 57/664 61/665 206/212
f 61/665 65/666 206/212
f 437/758 206/212 433/757
f 115/673 111/674 65/666
f 165/691 217/698 161/690
f 217/698 213/699 161/690
f 267/716 319/723 263/715
f 319/723 315/724 263/715
f 369/741 419/748 365/740
f 419/748 415/749 365/740
f 111/674 106/675 65/666
f 161/690 213/699 157/689
f 213/699 208/700 157/689
f 263/715 315/724 259/714
f 315/724 310/725 259/714
f 365/740 415/749 361/739
f 415/749 410/750 361/739
f 433/757 206/212 429/756
f 157/689 208/700 153/688
f 208/700 207/701 153/688
f 259/714 310/725 255/713
f 310/725 309/726 255/713
f 361/739 410/750 357/738
f 410/750 409/751 357/738
f 429/756 206/212 425/755
f 106/675 105/676 65/666
f 105/676 109/677 65/666
f 153/688 207/701 149/687
f 207/701 211/702 149/687
f 255/713 309/726 251/712
f 309/726 313/727 251/712
f 357/738 409/751 353/737
f 409/751 413/752 353/737
f 425/755 206/212 421/754
f 109/677 113/678 65/666
f 149/687 211/702 145/686
f 211/702 215/703 145/686
f 251/712 313/727 247/711
f 313/727 317/728 247/711
f 353/737 413/752 349/736
f 413/752 417/753 349/736
f 421/754 206/212 417/753
f 417/753 206/212 349/736
f 349/736 206/212 345/735
f 345/735 206/212 341/734
f 145/686 215/703 141/685
f 215/703 219/704 141/685
f 247/711 317/728 243/710
f 317/728 321/729 243/710
f 113/678 117/679 65/666
f 341/734 206/212 337/733
f 117/679 121/680 65/666
f 141/685 219/704 137/684
f 219/704 223/705 137/684
f 243/710 321/729 239/709
f 321/729 325/730 239/709
f 337/733 206/212 333/732
f 121/680 125/681 65/666
f 65/666 125/681 206/212
f 125/681 129/682 206/212
f 129/682 133/683 206/212
f 133/683 137/684 206/212
f 223/705 227/706 137/684
f 137/684 227/706 206/212
f 227/706 231/707 206/212
f 231/707 235/708 206/212
f 235/708 239/709 206/212
f 325/730 329/731 239/709
f 329/731 333/732 239/709
f 206/212 239/709 333/732
f 27/645 1/1 31/894
f 31/894 1/1 35/893
f 35/893 1/1 39/892
f 489/771 493/772 308/317
f 39/892 1/1 43/891
f 493/772 497/773 308/317
f 43/891 1/1 47/890
f 497/773 501/774 308/317
f 47/890 1/1 51/889
f 501/774 505/775 308/317
f 51/889 1/1 55/888
f 505/775 507/776 308/317
f 55/888 1/1 59/887
f 507/776 503/777 308/317
f 59/887 1/1 63/886
f 503/777 499/778 308/317
f 431/745 381/744 435/794
f 381/744 385/795 435/794
f 331/720 279/719 335/819
f 279/719 283/820 335/819
f 229/695 177/694 233/844
f 177/694 181/845 233/844
f 127/670 77/669 131/869
f 77/669 81/870 131/869
f 63/886 1/1 67/885
f 499/778 495/779 308/317
f 435/794 385/795 439/793
f 385/795 389/796 439/793
f 335/819 283/820 339/818
f 283/820 287/821 339/818
f 233/844 181/845 237/843
f 181/845 185/846 237/843
f 131/869 81/870 135/868
f 81/870 85/871 135/868
f 67/885 1/1 71/884
f 495/779 491/780 308/317
f 439/793 389/796 443/792
f 389/796 393/797 443/792
f 339/818 287/821 343/817
f 287/821 291/822 343/817
f 237/843 185/846 241/842
f 185/846 189/847 241/842
f 135/868 85/871 139/867
f 85/871 89/872 139/867
f 71/884 1/1 75/883
f 491/780 487/781 308/317
f 443/792 393/797 447/791
f 393/797 397/798 447/791
f 343/817 291/822 347/816
f 291/822 295/823 347/816
f 241/842 189/847 245/841
f 189/847 193/848 245/841
f 139/867 89/872 143/866
f 89/872 93/873 143/866
f 75/883 1/1 79/882
f 1/1 308/317 79/882
f 79/882 308/317 83/881
f 83/881 308/317 87/880
f 87/880 308/317 91/879
f 91/879 308/317 95/878
f 95/878 308/317 99/877
f 99/877 308/317 103/876
f 103/876 308/317 101/875
f 101/875 308/317 97/874
f 97/874 308/317 93/873
f 487/781 483/782 308/317
f 447/791 397/798 451/790
f 397/798 401/799 451/790
f 347/816 295/823 351/815
f 295/823 299/824 351/815
f 245/841 193/848 249/840
f 193/848 197/849 249/840
f 143/866 93/873 147/865
f 483/782 479/783 308/317
f 451/790 401/799 455/789
f 401/799 405/800 455/789
f 351/815 299/824 355/814
f 299/824 303/825 355/814
f 249/840 197/849 253/839
f 197/849 201/850 253/839
f 147/865 93/873 151/864
f 479/783 475/784 308/317
f 455/789 405/800 459/788
f 405/800 407/801 459/788
f 355/814 303/825 359/813
f 303/825 305/826 359/813
f 253/839 201/850 257/838
f 201/850 203/851 257/838
f 151/864 93/873 155/863
f 475/784 471/785 308/317
f 459/788 407/801 463/787
f 407/801 403/802 463/787
f 359/813 305/826 363/812
f 305/826 301/827 363/812
f 257/838 203/851 261/837
f 203/851 199/852 261/837
f 155/863 93/873 159/862
f 471/785 467/786 308/317
f 463/787 403/802 467/786
f 467/786 403/802 308/317
f 403/802 399/803 308/317
f 399/803 395/804 308/317
f 395/804 391/805 308/317
f 363/812 301/827 367/811
f 301/827 297/828 367/811
f 261/837 199/852 265/836
f 199/852 195/853 265/836
f 159/862 93/873 163/861
f 367/811 297/828 371/810
f 297/828 293/829 371/810
f 265/836 195/853 269/835
f 195/853 191/854 269/835
f 391/805 387/806 308/317
f 163/861 93/873 167/860
f 387/806 383/807 308/317
f 371/810 293/829 375/809
f 293/829 289/830 375/809
f 269/835 191/854 273/834
f 191/854 187/855 273/834
f 167/860 93/873 171/859
f 383/807 379/808 308/317
f 379/808 375/809 308/317
f 375/809 289/830 308/317
f 289/830 285/831 308/317
f 285/831 281/832 308/317
f 281/832 277/833 308/317
f 273/834 187/855 277/833
f 277/833 187/855 308/317
f 187/855 183/856 308/317
f 183/856 179/857 308/317
f 179/857 175/858 308/317
f 171/859 93/873 175/858
f 308/317 175/858 93/873
f 28/643 32/895 4/4
f 32/895 36/896 4/4
f 36/896 40/897 4/4
f 40/897 44/898 4/4
f 44/898 48/899 4/4
f 48/899 52/900 4/4
f 52/900 56/901 4/4
f 56/901 60/902 4/4
f 60/902 64/903 4/4
f 64/903 68/904 4/4
f 78/619 128/618 82/919
f 128/618 132/920 82/919
f 178/594 230/593 182/944
f 230/593 234/945 182/944
f 280/569 332/568 284/969
f 332/568 336/970 284/969
f 382/544 432/543 386/994
f 432/543 436/995 386/994
f 68/904 72/905 4/4
f 82/919 132/920 86/918
f 132/920 136/921 86/918
f 182/944 234/945 186/943
f 234/945 238/946 186/943
f 284/969 336/970 288/968
f 336/970 340/971 288/968
f 386/994 436/995 390/993
f 436/995 440/996 390/993
f 86/918 136/921 90/917
f 136/921 140/922 90/917
f 186/943 238/946 190/942
f 238/946 242/947 190/942
f 288/968 340/971 292/967
f 340/971 344/972 292/967
f 390/993 440/996 394/992
f 440/996 444/997 394/992
f 72/905 76/906 4/4
f 90/917 140/922 94/916
f 140/922 144/923 94/916
f 190/942 242/947 194/941
f 242/947 246/948 194/941
f 292/967 344/972 296/966
f 344/972 348/973 296/966
f 394/992 444/997 398/991
f 444/997 448/998 398/991
f 76/906 80/907 4/4
f 4/4 80/907 307/1024
f 80/907 84/908 307/1024
f 84/908 88/909 307/1024
f 88/909 92/910 307/1024
f 92/910 96/911 307/1024
f 96/911 100/912 307/1024
f 100/912 104/913 307/1024
f 104/913 102/914 307/1024
f 102/914 98/915 307/1024
f 98/915 94/916 307/1024
f 144/923 148/924 94/916
f 194/941 246/948 198/940
f 246/948 250/949 198/940
f 296/966 348/973 300/965
f 348/973 352/974 300/965
f 398/991 448/998 402/990
f 448/998 452/999 402/990
f 148/924 152/925 94/916
f 198/940 250/949 202/939
f 250/949 254/950 202/939
f 300/965 352/974 304/964
f 352/974 356/975 304/964
f 402/990 452/999 406/989
f 452/999 456/1000 406/989
f 466/523 205/644 470/1023
f 202/939 254/950 204/938
f 254/950 258/951 204/938
f 304/964 356/975 306/963
f 356/975 360/976 306/963
f 406/989 456/1000 408/988
f 456/1000 460/1001 408/988
f 152/925 156/926 94/916
f 470/1023 205/644 474/1022
f 205/644 307/1024 474/1022
f 474/1022 307/1024 478/1021
f 478/1021 307/1024 482/1020
f 482/1020 307/1024 486/1019
f 486/1019 307/1024 490/1018
f 490/1018 307/1024 494/1017
f 494/1017 307/1024 498/1016
f 498/1016 307/1024 502/1015
f 502/1015 307/1024 506/1014
f 506/1014 307/1024 508/1013
f 508/1013 307/1024 504/1012
f 504/1012 307/1024 500/1011
f 500/1011 307/1024 496/1010
f 496/1010 307/1024 492/1009
f 492/1009 307/1024 488/1008
f 488/1008 307/1024 484/1007
f 484/1007 307/1024 480/1006
f 480/1006 307/1024 476/1005
f 156/926 160/927 94/916
f 204/938 258/951 200/937
f 258/951 262/952 200/937
f 306/963 360/976 302/962
f 360/976 364/977 302/962
f 408/988 460/1001 404/987
f 460/1001 464/1002 404/987
f 476/1005 307/1024 472/1004
f 160/927 164/928 94/916
f 200/937 262/952 196/936
f 262/952 266/953 196/936
f 302/962 364/977 298/961
f 364/977 368/978 298/961
f 404/987 464/1002 400/986
f 464/1002 468/1003 400/986
f 472/1004 307/1024 468/1003
f 468/1003 307/1024 400/986
f 400/986 307/1024 396/985
f 396/985 307/1024 392/984
f 196/936 266/953 192/935
f 266/953 270/954 192/935
f 298/961 368/978 294/960
f 368/978 372/979 294/960
f 164/928 168/929 94/916
f 392/984 307/1024 388/983
f 168/929 172/930 94/916
f 192/935 270/954 188/934
f 270/954 274/955 188/934
f 294/960 372/979 290/959
f 372/979 376/980 290/959
f 388/983 307/1024 384/982
f 172/930 176/931 94/916
f 94/916 176/931 307/1024
f 176/931 180/932 307/1024
f 180/932 184/933 307/1024
f 184/933 188/934 307/1024
f 274/955 278/956 188/934
f 188/934 278/956 307/1024
f 278/956 282/957 307/1024
f 282/957 286/958 307/1024
f 286/958 290/959 307/1024
f 376/980 380/981 290/959
f 380/981 384/982 290/959
f 290/959 384/982 307/1024
v -41.868285 1.119965 55.679871
v -41.868285 1.160990 55.679871
v -41.608454 1.160990 55.679871
v -41.608454 1.119965 55.679871
v -41.868285 1.119965 55.980965
v -41.868285 1.160990 55.980965
v -41.868285 1.270792 55.679871
v -41.608454 1.270792 55.679871
v -41.868285 1.270792 55.980965
v -41.628409 1.270792 55.926292
v -41.634856 1.270792 55.933159
v -41.634856 0.759965 55.933159
v -41.628409 0.759965 55.926292
v -41.621150 1.270792 55.920288
v -41.621150 0.759965 55.920288
v -41.640391 1.270792 55.940773
v -41.640391 0.759965 55.940773
v -41.613200 1.270792 55.915237
v -41.613200 0.759965 55.915237
v -41.644930 1.270792 55.949028
v -41.644930 0.759965 55.949028
v -41.604678 1.270792 55.911232
v -41.604678 0.759965 55.911232
v -41.648398 1.270792 55.957787
v -41.648398 0.759965 55.957787
v -41.595721 1.270792 55.908318
v -41.595721 0.759965 55.908318
v -41.650740 1.270792 55.966911
v -41.650740 0.759965 55.966911
v -41.586466 1.270792 55.906555
v -41.586466 0.759965 55.906555
v -41.651919 1.270792 55.976250
v -41.651919 0.759965 55.976250
v -41.577067 1.270792 55.905960
v -41.577067 0.759965 55.905960
v -41.567668 1.270792 55.906555
v -41.567668 0.759965 55.906555
v -41.651919 1.270792 55.985672
v -41.650740 1.270792 55.995018
v -41.650740 0.759965 55.995018
v -41.651919 0.759965 55.985672
v -41.558417 1.270792 55.908318
v -41.558417 0.759965 55.908318
v -41.648398 1.270792 56.004143
v -41.648398 0.759965 56.004143
v -41.549460 1.270792 55.911232
v -41.549460 0.759965 55.911232
v -41.644930 1.270792 56.012894
v -41.644930 0.759965 56.012894
v -41.540934 1.270792 55.915237
v -41.540934 0.759965 55.915237
v -41.640391 1.270792 56.021149
v -41.640391 0.759965 56.021149
v -41.868285 1.119965 56.266579
v -41.868285 1.160990 56.266579
v -41.532984 1.270792 55.920288
v -41.532984 0.759965 55.920288
v -41.634856 1.270792 56.028770
v -41.634856 0.759965 56.028770
v -41.525725 1.270792 55.926292
v -41.525725 0.759965 55.926292
v -41.628409 1.270792 56.035637
v -41.628409 0.759965 56.035637
v -41.519278 1.270792 55.933159
v -41.519278 0.759965 55.933159
v -41.621150 1.270792 56.041641
v -41.621150 0.759965 56.041641
v -41.513743 1.270792 55.940773
v -41.513743 0.759965 55.940773
v -41.613200 1.270792 56.046684
v -41.613200 0.759965 56.046684
v -41.509204 1.270792 55.949028
v -41.509204 0.759965 55.949028
v -41.604678 1.270792 56.050697
v -41.604678 0.759965 56.050697
v -41.505740 1.270792 55.957787
v -41.505740 0.759965 55.957787
v -41.595721 1.270792 56.053604
v -41.595721 0.759965 56.053604
v -41.868285 1.270792 56.266579
v -41.503398 1.270792 55.966911
v -41.503398 0.759965 55.966911
v -41.586466 1.270792 56.055374
v -41.586466 0.759965 56.055374
v -41.502215 1.270792 55.976250
v -41.502215 0.759965 55.976250
v -41.577067 1.270792 56.055962
v -41.577067 0.759965 56.055962
v -41.567668 1.270792 56.055374
v -41.567668 0.759965 56.055374
v -41.503398 1.270792 55.995018
v -41.502215 1.270792 55.985672
v -41.502215 0.759965 55.985672
v -41.503398 0.759965 55.995018
v -41.558417 1.270792 56.053604
v -41.558417 0.759965 56.053604
v -41.505740 1.270792 56.004143
v -41.505740 0.759965 56.004143
v -41.549456 1.270792 56.050697
v -41.549456 0.759965 56.050697
v -41.509204 1.270792 56.012894
v -41.509204 0.759965 56.012894
v -41.540934 1.270792 56.046684
v -41.540934 0.759965 56.046684
v -41.513743 1.270792 56.021149
v -41.513743 0.759965 56.021149
v -41.532984 1.270792 56.041641
v -41.532984 0.759965 56.041641
v -41.519278 1.270792 56.028770
v -41.519278 0.759965 56.028770
v -41.525725 1.270792 56.035637
v -41.525725 0.759965 56.035637
v -41.608454 1.119965 56.266579
v -41.608454 1.160990 56.266579
v -41.608454 1.270792 56.266579
v -40.410021 1.160990 55.679871
v -40.410021 1.119965 55.679871
v -40.410021 1.270792 55.679871
v -40.410021 1.119965 56.266579
v -40.410021 1.160990 56.266579
v -40.410021 1.270792 56.266579
v -40.410021 1.160990 55.980965
v -40.410021 1.119965 55.980965
v -40.410021 1.270792 55.980965
v -39.668723 1.119965 55.679871
v -39.668723 1.160990 55.679871
v -39.408892 1.160990 55.679871
v -39.408892 1.119965 55.679871
v -39.668723 1.119965 55.980965
v -39.668723 1.160990 55.980965
v -39.668723 1.270792 55.679871
v -39.408892 1.270792 55.679871
v -39.668723 1.270792 55.980965
v -39.460234 1.270792 55.926292
v -39.466681 1.270792 55.933159
v -39.466681 0.759965 55.933159
v -39.460234 0.759965 55.926292
v -39.452975 1.270792 55.920288
v -39.452975 0.759965 55.920288
v -39.472216 1.270792 55.940773
v -39.472216 0.759965 55.940773
v -39.445025 1.270792 55.915237
v -39.445025 0.759965 55.915237
v -39.476756 1.270792 55.949028
v -39.476756 0.759965 55.949028
v -39.436503 1.270792 55.911232
v -39.436503 0.759965 55.911232
v -39.480219 1.270792 55.957787
v -39.480219 0.759965 55.957787
v -39.427542 1.270792 55.908318
v -39.427542 0.759965 55.908318
v -39.482562 1.270792 55.966911
v -39.482562 0.759965 55.966911
v -39.418292 1.270792 55.906555
v -39.418292 0.759965 55.906555
v -39.483744 1.270792 55.976250
v -39.483744 0.759965 55.976250
v -39.408892 1.270792 55.905960
v -39.408892 0.759965 55.905960
v -39.399493 1.270792 55.906555
v -39.399493 0.759965 55.906555
v -39.483744 1.270792 55.985672
v -39.482562 1.270792 55.995018
v -39.482562 0.759965 55.995018
v -39.483744 0.759965 55.985672
v -39.390238 1.270792 55.908318
v -39.390238 0.759965 55.908318
v -39.480219 1.270792 56.004143
v -39.480219 0.759965 56.004143
v -39.381282 1.270792 55.911232
v -39.381282 0.759965 55.911232
v -39.476756 1.270792 56.012894
v -39.476756 0.759965 56.012894
v -39.372759 1.270792 55.915237
v -39.372759 0.759965 55.915237
v -39.472216 1.270792 56.021149
v -39.472216 0.759965 56.021149
v -39.364810 1.270792 55.920288
v -39.364810 0.759965 55.920288
v -39.466681 1.270792 56.028770
v -39.466681 0.759965 56.028770
v -39.357550 1.270792 55.926292
v -39.357550 0.759965 55.926292
v -39.460234 1.270792 56.035637
v -39.460234 0.759965 56.035637
v -39.351103 1.270792 55.933159
v -39.351103 0.759965 55.933159
v -39.668723 1.119965 56.266579
v -39.668723 1.160990 56.266579
v -39.452975 1.270792 56.041641
v -39.452975 0.759965 56.041641
v -39.345568 1.270792 55.940773
v -39.345568 0.759965 55.940773
v -39.445025 1.270792 56.046684
v -39.445025 0.759965 56.046684
v -39.341029 1.270792 55.949028
v -39.341029 0.759965 55.949028
v -39.436503 1.270792 56.050697
v -39.436503 0.759965 56.050697
v -39.337561 1.270792 55.957787
v -39.337561 0.759965 55.957787
v -39.427542 1.270792 56.053604
v -39.427542 0.759965 56.053604
v -39.335219 1.270792 55.966911
v -39.335219 0.759965 55.966911
v -39.418292 1.270792 56.055374
v -39.418292 0.759965 56.055374
v -39.334040 1.270792 55.976250
v -39.334040 0.759965 55.976250
v -39.408892 1.270792 56.055962
v -39.408892 0.759965 56.055962
v -39.399493 1.270792 56.055374
v -39.399493 0.759965 56.055374
v -39.668723 1.270792 56.266579
v -39.335219 1.270792 55.995018
v -39.334040 1.270792 55.985672
v -39.334040 0.759965 55.985672
v -39.335219 0.759965 55.995018
v -39.390238 1.270792 56.053604
v -39.390238 0.759965 56.053604
v -39.337561 1.270792 56.004143
v -39.337561 0.759965 56.004143
v -39.381282 1.270792 56.050697
v -39.381282 0.759965 56.050697
v -39.341029 1.270792 56.012894
v -39.341029 0.759965 56.012894
v -39.372759 1.270792 56.046684
v -39.372759 0.759965 56.046684
v -39.345568 1.270792 56.021149
v -39.345568 0.759965 56.021149
v -39.364810 1.270792 56.041641
v -39.364810 0.759965 56.041641
v -39.351103 1.270792 56.028770
v -39.351103 0.759965 56.028770
v -39.357550 1.270792 56.035637
v -39.357550 0.759965 56.035637
v -39.408892 1.119965 56.266579
v -39.408892 1.160990 56.266579
v -39.408892 1.270792 56.266579
v -38.210456 1.160990 55.679871
v -38.210456 1.119965 55.679871
v -38.210456 1.270792 55.679871
v -38.210456 1.119965 56.266579
v -38.210456 1.160990 56.266579
v -38.210456 1.270792 56.266579
v -38.210456 1.160990 55.980965
v -38.210456 1.119965 55.980965
v -38.210456 1.270792 55.980965
v -32.559872 0.759965 55.535576
v -42.415055 0.759965 55.535576
v -42.415055 1.119965 55.535576
v -32.559872 1.119965 55.535576
v -37.469920 1.119965 55.679871
v -37.469920 1.160990 55.679871
v -37.210089 1.160990 55.679871
v -37.210089 1.119965 55.679871
v -37.469920 1.119965 55.980965
v -37.469920 1.160990 55.980965
v -37.469920 1.270792 55.679871
v -37.210089 1.270792 55.679871
v -37.469920 1.270792 55.980965
v -41.159381 1.119965 59.840416
v -41.159381 1.160990 59.840416
v -41.159381 1.160990 59.554794
v -41.159381 1.119965 59.554794
v -37.261431 1.270792 55.926292
v -37.267878 1.270792 55.933159
v -37.267878 0.759965 55.933159
v -37.261431 0.759965 55.926292
v -37.254176 1.270792 55.920288
v -37.254176 0.759965 55.920288
v -37.273413 1.270792 55.940773
v -37.273413 0.759965 55.940773
v -37.246222 1.270792 55.915237
v -37.246222 0.759965 55.915237
v -37.277953 1.270792 55.949028
v -37.277953 0.759965 55.949028
v -37.237700 1.270792 55.911232
v -37.237700 0.759965 55.911232
v -37.281420 1.270792 55.957787
v -37.281420 0.759965 55.957787
v -37.228743 1.270792 55.908318
v -37.228743 0.759965 55.908318
v -37.283763 1.270792 55.966911
v -37.283763 0.759965 55.966911
v -37.219489 1.270792 55.906555
v -37.219489 0.759965 55.906555
v -37.284941 1.270792 55.976250
v -37.284941 0.759965 55.976250
v -37.210089 1.270792 55.905960
v -37.210089 0.759965 55.905960
v -37.200690 1.270792 55.906555
v -37.200690 0.759965 55.906555
v -37.284941 1.270792 55.985672
v -37.283763 1.270792 55.995018
v -37.283763 0.759965 55.995018
v -37.284941 0.759965 55.985672
v -37.191439 1.270792 55.908318
v -37.191439 0.759965 55.908318
v -37.281420 1.270792 56.004143
v -37.281420 0.759965 56.004143
v -37.182482 1.270792 55.911232
v -37.182482 0.759965 55.911232
v -37.277953 1.270792 56.012894
v -37.277953 0.759965 56.012894
v -37.173960 1.270792 55.915237
v -37.173960 0.759965 55.915237
v -41.159381 1.270792 59.840416
v -41.159381 1.270792 59.554794
v -37.273413 1.270792 56.021149
v -37.273413 0.759965 56.021149
v -37.166007 1.270792 55.920288
v -37.166007 0.759965 55.920288
v -37.267878 1.270792 56.028770
v -37.267878 0.759965 56.028770
v -37.158751 1.270792 55.926292
v -37.158751 0.759965 55.926292
v -37.261431 1.270792 56.035637
v -37.261431 0.759965 56.035637
v -37.152300 1.270792 55.933159
v -37.152300 0.759965 55.933159
v -37.469920 1.119965 56.266579
v -37.469920 1.160990 56.266579
v -37.254176 1.270792 56.041641
v -37.254176 0.759965 56.041641
v -37.146765 1.270792 55.940773
v -37.146765 0.759965 55.940773
v -37.246222 1.270792 56.046684
v -37.246222 0.759965 56.046684
v -37.142230 1.270792 55.949028
v -37.142230 0.759965 55.949028
v -37.237700 1.270792 56.050697
v -37.237700 0.759965 56.050697
v -37.138762 1.270792 55.957787
v -37.138762 0.759965 55.957787
v -37.228743 1.270792 56.053604
v -37.228743 0.759965 56.053604
v -37.136420 1.270792 55.966911
v -37.136420 0.759965 55.966911
v -37.219489 1.270792 56.055374
v -37.219489 0.759965 56.055374
v -37.135237 1.270792 55.976250
v -37.135237 0.759965 55.976250
v -37.210089 1.270792 56.055962
v -37.210089 0.759965 56.055962
v -37.200690 1.270792 56.055374
v -37.200690 0.759965 56.055374
v -37.469920 1.270792 56.266579
v -37.136420 1.270792 55.995018
v -37.135237 1.270792 55.985672
v -37.135237 0.759965 55.985672
v -37.136420 0.759965 55.995018
v -37.191439 1.270792 56.053604
v -37.191439 0.759965 56.053604
v -37.138762 1.270792 56.004143
v -37.138762 0.759965 56.004143
v -37.182482 1.270792 56.050697
v -37.182482 0.759965 56.050697
v -37.142230 1.270792 56.012894
v -37.142230 0.759965 56.012894
v -37.173960 1.270792 56.046684
v -37.173960 0.759965 56.046684
v -37.146765 1.270792 56.021149
v -37.146765 0.759965 56.021149
v -37.166007 1.270792 56.041641
v -37.166007 0.759965 56.041641
v -37.152300 1.270792 56.028770
v -37.152300 0.759965 56.028770
v -37.158747 1.270792 56.035637
v -37.158747 0.759965 56.035637
v -41.159381 1.119965 60.141502
v -41.159381 1.160990 60.141502
v -41.159381 1.270792 60.141502
v -37.210089 1.119965 56.266579
v -37.210089 1.160990 56.266579
v -39.960948 1.160990 59.554794
v -39.960948 1.119965 59.554794
v -37.210089 1.270792 56.266579
v -36.011656 1.160990 55.679871
v -36.011656 1.119965 55.679871
v -39.960948 1.270792 59.554794
v -36.011656 1.270792 55.679871
v -39.960948 1.119965 60.141502
v -39.960948 1.160990 60.141502
v -36.011656 1.119965 56.266579
v -36.011656 1.160990 56.266579
v -39.960948 1.270792 60.141502
v -39.973336 1.270792 59.785744
v -39.979783 1.270792 59.792610
v -39.979783 0.759965 59.792610
v -39.973336 0.759965 59.785744
v -39.966077 1.270792 59.779739
v -39.966077 0.759965 59.779739
v -39.985318 1.270792 59.800224
v -39.985318 0.759965 59.800224
v -39.958127 1.270792 59.774689
v -39.958127 0.759965 59.774689
v -39.989857 1.270792 59.808479
v -39.989857 0.759965 59.808479
v -39.949605 1.270792 59.770683
v -39.949605 0.759965 59.770683
v -39.993321 1.270792 59.817238
v -39.993321 0.759965 59.817238
v -39.940644 1.270792 59.767769
v -39.940644 0.759965 59.767769
v -39.995663 1.270792 59.826363
v -39.995663 0.759965 59.826363
v -39.931393 1.270792 59.766006
v -39.931393 0.759965 59.766006
v -39.996846 1.270792 59.835701
v -39.996846 0.759965 59.835701
v -39.921994 1.270792 59.765411
v -39.921994 0.759965 59.765411
v -39.912594 1.270792 59.766006
v -39.912594 0.759965 59.766006
v -39.701117 1.160990 59.554794
v -39.701117 1.119965 59.554794
v -39.996846 1.270792 59.845123
v -39.995663 1.270792 59.854469
v -39.995663 0.759965 59.854469
v -39.996846 0.759965 59.845123
v -36.011656 1.270792 56.266579
v -39.903344 1.270792 59.767769
v -39.903344 0.759965 59.767769
v -39.993321 1.270792 59.863594
v -39.993321 0.759965 59.863594
v -39.894383 1.270792 59.770683
v -39.894383 0.759965 59.770683
v -39.989857 1.270792 59.872345
v -39.989857 0.759965 59.872345
v -39.885861 1.270792 59.774689
v -39.885861 0.759965 59.774689
v -39.985318 1.270792 59.880600
v -39.985318 0.759965 59.880600
v -39.877911 1.270792 59.779739
v -39.877911 0.759965 59.779739
v -39.979783 1.270792 59.888222
v -39.979783 0.759965 59.888222
v -39.870652 1.270792 59.785744
v -39.870652 0.759965 59.785744
v -39.973336 1.270792 59.895088
v -39.973336 0.759965 59.895088
v -39.864205 1.270792 59.792610
v -39.864205 0.759965 59.792610
v -39.701117 1.270792 59.554794
v -39.966077 1.270792 59.901093
v -39.966077 0.759965 59.901093
v -39.858670 1.270792 59.800224
v -39.858670 0.759965 59.800224
v -39.958127 1.270792 59.906136
v -39.958127 0.759965 59.906136
v -36.011656 1.160990 55.980965
v -36.011656 1.119965 55.980965
v -39.854134 1.270792 59.808479
v -39.854134 0.759965 59.808479
v -39.949605 1.270792 59.910149
v -39.949605 0.759965 59.910149
v -39.850667 1.270792 59.817238
v -39.850667 0.759965 59.817238
v -39.940644 1.270792 59.913055
v -39.940644 0.759965 59.913055
v -39.848324 1.270792 59.826363
v -39.848324 0.759965 59.826363
v -39.931393 1.270792 59.914825
v -39.931393 0.759965 59.914825
v -39.847142 1.270792 59.835701
v -39.847142 0.759965 59.835701
v -39.921994 1.270792 59.915413
v -39.921994 0.759965 59.915413
v -39.912594 1.270792 59.914825
v -39.912594 0.759965 59.914825
v -39.848324 1.270792 59.854469
v -39.847142 1.270792 59.845123
v -39.847142 0.759965 59.845123
v -39.848324 0.759965 59.854469
v -39.903344 1.270792 59.913055
v -39.903344 0.759965 59.913055
v -39.850667 1.270792 59.863594
v -39.850667 0.759965 59.863594
v -39.894383 1.270792 59.910149
v -39.894383 0.759965 59.910149
v -39.854130 1.270792 59.872345
v -39.854130 0.759965 59.872345
v -41.590125 1.119965 61.681992
v -41.596575 1.119965 61.688858
v -41.596575 0.759965 61.688858
v -41.590125 0.759965 61.681992
v -41.582869 1.119965 61.675987
v -41.582869 0.759965 61.675987
v -41.602111 1.119965 61.696472
v -41.602111 0.759965 61.696472
v -39.885861 1.270792 59.906136
v -39.885861 0.759965 59.906136
v -41.574919 1.119965 61.670937
v -41.574919 0.759965 61.670937
v -36.011656 1.270792 55.980965
v -39.858670 1.270792 59.880600
v -39.858670 0.759965 59.880600
v -41.606650 1.119965 61.704727
v -41.606650 0.759965 61.704727
v -39.877911 1.270792 59.901093
v -39.877911 0.759965 59.901093
v -41.566397 1.119965 61.666931
v -41.566397 0.759965 61.666931
v -39.864205 1.270792 59.888222
v -39.864205 0.759965 59.888222
v -39.870652 1.270792 59.895088
v -39.870652 0.759965 59.895088
v -41.610114 1.119965 61.713486
v -41.610114 0.759965 61.713486
v -41.557437 1.119965 61.664017
v -41.557437 0.759965 61.664017
v -41.612456 1.119965 61.722610
v -41.612456 0.759965 61.722610
v -41.548186 1.119965 61.662254
v -41.548186 0.759965 61.662254
v -41.613639 1.119965 61.731949
v -41.613639 0.759965 61.731949
v -41.538787 1.119965 61.661659
v -41.538787 0.759965 61.661659
v -41.613639 1.119965 61.741371
v -41.613639 0.759965 61.741371
v -41.529387 1.119965 61.662254
v -41.529387 0.759965 61.662254
v -41.612456 1.119965 61.750717
v -41.612456 0.759965 61.750717
v -41.520133 1.119965 61.664017
v -41.520133 0.759965 61.664017
v -41.610114 1.119965 61.759842
v -41.610114 0.759965 61.759842
v -41.511176 1.119965 61.666931
v -41.511176 0.759965 61.666931
v -41.606650 1.119965 61.768593
v -41.606650 0.759965 61.768593
v -41.502654 1.119965 61.670937
v -41.502654 0.759965 61.670937
v -41.602111 1.119965 61.776848
v -41.602111 0.759965 61.776848
v -41.494704 1.119965 61.675987
v -41.494704 0.759965 61.675987
v -41.596575 1.119965 61.784470
v -41.596575 0.759965 61.784470
v -41.487445 1.119965 61.681992
v -41.487445 0.759965 61.681992
v -41.590125 1.119965 61.791336
v -41.590125 0.759965 61.791336
v -39.701117 1.160990 59.840416
v -39.701117 1.119965 59.840416
v -41.480998 1.119965 61.688858
v -41.480998 0.759965 61.688858
v -41.582869 1.119965 61.797340
v -41.582869 0.759965 61.797340
v -41.475463 1.119965 61.696472
v -41.475463 0.759965 61.696472
v -41.574919 1.119965 61.802383
v -41.574919 0.759965 61.802383
v -41.470923 1.119965 61.704727
v -41.470923 0.759965 61.704727
v -41.566397 1.119965 61.806396
v -41.566397 0.759965 61.806396
v -41.467456 1.119965 61.713486
v -41.467456 0.759965 61.713486
v -41.557437 1.119965 61.809303
v -41.557437 0.759965 61.809303
v -41.465113 1.119965 61.722610
v -41.465113 0.759965 61.722610
v -41.548186 1.119965 61.811073
v -41.548186 0.759965 61.811073
v -41.463935 1.119965 61.731949
v -41.463935 0.759965 61.731949
v -41.538787 1.119965 61.811661
v -41.538787 0.759965 61.811661
v -39.701117 1.270792 59.840416
v -41.463935 1.119965 61.741371
v -41.463935 0.759965 61.741371
v -41.529387 1.119965 61.811073
v -41.529387 0.759965 61.811073
v -41.465113 1.119965 61.750717
v -41.465113 0.759965 61.750717
v -41.520133 1.119965 61.809303
v -41.520133 0.759965 61.809303
v -41.467456 1.119965 61.759842
v -41.467456 0.759965 61.759842
v -41.511176 1.119965 61.806396
v -41.511176 0.759965 61.806396
v -41.470923 1.119965 61.768593
v -41.470923 0.759965 61.768593
v -41.502654 1.119965 61.802383
v -41.502654 0.759965 61.802383
v -41.475463 1.119965 61.776848
v -41.475463 0.759965 61.776848
v -41.494704 1.119965 61.797340
v -41.494704 0.759965 61.797340
v -41.480998 1.119965 61.784470
v -41.480998 0.759965 61.784470
v -41.487445 1.119965 61.791336
v -41.487445 0.759965 61.791336
v -39.701117 1.160990 60.141502
v -39.701117 1.119965 60.141502
v -39.701117 1.270792 60.141502
v -35.243621 1.119965 55.679871
v -35.243621 1.160990 55.679871
v -34.983786 1.160990 55.679871
v -34.983786 1.119965 55.679871
v -35.243617 1.119965 55.980965
v -35.243617 1.160990 55.980965
v -35.243621 1.270792 55.679871
v -34.983786 1.270792 55.679871
v -35.243617 1.270792 55.980965
v -38.955416 1.119965 59.840416
v -38.955416 1.160990 59.840416
v -38.955420 1.160990 59.554794
v -38.955420 1.119965 59.554794
v -35.035128 1.270792 55.926292
v -35.041575 1.270792 55.933159
v -35.041575 0.759965 55.933159
v -35.035128 0.759965 55.926292
v -35.027873 1.270792 55.920288
v -35.027873 0.759965 55.920288
v -35.047110 1.270792 55.940773
v -35.047110 0.759965 55.940773
v -35.019919 1.270792 55.915237
v -35.019919 0.759965 55.915237
v -35.051650 1.270792 55.949028
v -35.051650 0.759965 55.949028
v -35.011397 1.270792 55.911232
v -35.011397 0.759965 55.911232
v -35.055117 1.270792 55.957787
v -35.055117 0.759965 55.957787
v -35.002440 1.270792 55.908318
v -35.002440 0.759965 55.908318
v -35.057459 1.270792 55.966911
v -35.057459 0.759965 55.966911
v -34.993189 1.270792 55.906555
v -34.993189 0.759965 55.906555
v -35.058638 1.270792 55.976250
v -35.058638 0.759965 55.976250
v -34.983790 1.270792 55.905960
v -34.983786 0.759965 55.905960
v -34.974391 1.270792 55.906555
v -34.974391 0.759965 55.906555
v -35.058638 1.270792 55.985672
v -35.057459 1.270792 55.995018
v -35.057459 0.759965 55.995018
v -35.058638 0.759965 55.985672
v -34.965136 1.270792 55.908318
v -34.965136 0.759965 55.908318
v -38.955416 1.270792 59.840416
v -38.955420 1.270792 59.554794
v -35.055117 1.270792 56.004143
v -35.055117 0.759965 56.004143
v -34.956179 1.270792 55.911232
v -34.956179 0.759965 55.911232
v -35.051650 1.270792 56.012894
v -35.051650 0.759965 56.012894
v -34.947657 1.270792 55.915237
v -34.947657 0.759965 55.915237
v -35.047110 1.270792 56.021149
v -35.047110 0.759965 56.021149
v -34.939704 1.270792 55.920288
v -34.939704 0.759965 55.920288
v -35.041575 1.270792 56.028770
v -35.041575 0.759965 56.028770
v -34.932448 1.270792 55.926292
v -34.932448 0.759965 55.926292
v -35.035128 1.270792 56.035637
v -35.035128 0.759965 56.035637
v -34.925997 1.270792 55.933159
v -34.925997 0.759965 55.933159
v -35.243617 1.119965 56.266579
v -35.243617 1.160990 56.266579
v -35.027873 1.270792 56.041641
v -35.027873 0.759965 56.041641
v -34.920462 1.270792 55.940773
v -34.920462 0.759965 55.940773
v -35.019919 1.270792 56.046684
v -35.019919 0.759965 56.046684
v -34.915927 1.270792 55.949028
v -34.915927 0.759965 55.949028
v -35.011397 1.270792 56.050697
v -35.011397 0.759965 56.050697
v -34.912459 1.270792 55.957787
v -34.912459 0.759965 55.957787
v -35.002440 1.270792 56.053604
v -35.002440 0.759965 56.053604
v -34.910117 1.270792 55.966911
v -34.910117 0.759965 55.966911
v -34.993189 1.270792 56.055374
v -34.993189 0.759965 56.055374
v -34.908934 1.270792 55.976250
v -34.908934 0.759965 55.976250
v -34.983790 1.270792 56.055962
v -34.983786 0.759965 56.055962
v -34.974391 1.270792 56.055374
v -34.974391 0.759965 56.055374
v -35.243617 1.270792 56.266579
v -34.910117 1.270792 55.995018
v -34.908934 1.270792 55.985672
v -34.908934 0.759965 55.985672
v -34.910117 0.759965 55.995018
v -34.965136 1.270792 56.053604
v -34.965136 0.759965 56.053604
v -34.912459 1.270792 56.004143
v -34.912459 0.759965 56.004143
v -34.956179 1.270792 56.050697
v -34.956179 0.759965 56.050697
v -34.915927 1.270792 56.012894
v -34.915927 0.759965 56.012894
v -34.947657 1.270792 56.046684
v -34.947657 0.759965 56.046684
v -34.920462 1.270792 56.021149
v -34.920462 0.759965 56.021149
v -34.939704 1.270792 56.041641
v -34.939704 0.759965 56.041641
v -34.925997 1.270792 56.028770
v -34.925997 0.759965 56.028770
v -34.932444 1.270792 56.035637
v -34.932444 0.759965 56.035637
v -38.955416 1.119965 60.141502
v -38.955416 1.160990 60.141502
v -38.955416 1.270792 60.141502
v -34.983790 1.119965 56.266579
v -34.983790 1.160990 56.266579
v -37.756983 1.160990 59.554794
v -37.756983 1.119965 59.554794
v -34.983790 1.270792 56.266579
v -37.756983 1.270792 59.554794
v -33.785353 1.160990 55.679871
v -33.785353 1.119965 55.679871
v -33.785353 1.270792 55.679871
v -37.756983 1.119965 60.141502
v -37.756983 1.160990 60.141502
v -39.679194 1.119965 61.681992
v -39.685645 1.119965 61.688858
v -39.685645 0.759965 61.688858
v -39.679194 0.759965 61.681992
v -39.671939 1.119965 61.675987
v -39.671939 0.759965 61.675987
v -39.691180 1.119965 61.696472
v -39.691180 0.759965 61.696472
v -39.663985 1.119965 61.670937
v -39.663985 0.759965 61.670937
v -39.695716 1.119965 61.704727
v -39.695716 0.759965 61.704727
v -39.655463 1.119965 61.666931
v -39.655463 0.759965 61.666931
v -39.699183 1.119965 61.713486
v -39.699183 0.759965 61.713486
v -39.646506 1.119965 61.664017
v -39.646506 0.759965 61.664017
v -39.701525 1.119965 61.722610
v -39.701525 0.759965 61.722610
v -39.637255 1.119965 61.662254
v -39.637255 0.759965 61.662254
v -39.702704 1.119965 61.731949
v -39.702704 0.759965 61.731949
v -39.627852 1.119965 61.661659
v -39.627852 0.759965 61.661659
v -39.702704 1.119965 61.741371
v -39.702704 0.759965 61.741371
v -39.618453 1.119965 61.662254
v -39.618453 0.759965 61.662254
v -39.701525 1.119965 61.750717
v -39.701525 0.759965 61.750717
v -39.609202 1.119965 61.664017
v -39.609202 0.759965 61.664017
v -37.808325 1.270792 59.785744
v -37.814772 1.270792 59.792610
v -37.814772 0.759965 59.792610
v -37.808325 0.759965 59.785744
v -37.801066 1.270792 59.779739
v -37.801066 0.759965 59.779739
v -37.820311 1.270792 59.800224
v -37.820311 0.759965 59.800224
v -39.699183 1.119965 61.759842
v -39.699183 0.759965 61.759842
v -37.793116 1.270792 59.774689
v -37.793116 0.759965 59.774689
v -37.824847 1.270792 59.808479
v -37.824847 0.759965 59.808479
v -37.784594 1.270792 59.770683
v -37.784594 0.759965 59.770683
v -39.600245 1.119965 61.666931
v -39.600245 0.759965 61.666931
v -37.756983 1.270792 60.141502
v -37.828314 1.270792 59.817238
v -37.828314 0.759965 59.817238
v -37.775637 1.270792 59.767769
v -37.775637 0.759965 59.767769
v -39.695716 1.119965 61.768593
v -39.695716 0.759965 61.768593
v -37.830657 1.270792 59.826363
v -37.830657 0.759965 59.826363
v -37.766383 1.270792 59.766006
v -37.766383 0.759965 59.766006
v -39.591723 1.119965 61.670937
v -39.591723 0.759965 61.670937
v -37.831835 1.270792 59.835701
v -37.831835 0.759965 59.835701
v -39.691180 1.119965 61.776848
v -39.691180 0.759965 61.776848
v -37.756983 1.270792 59.765411
v -37.756983 0.759965 59.765411
v -33.785353 1.119965 56.266579
v -33.785353 1.160990 56.266579
v -39.583769 1.119965 61.675987
v -39.583769 0.759965 61.675987
v -37.747584 1.270792 59.766006
v -37.747584 0.759965 59.766006
v -39.685645 1.119965 61.784470
v -39.685645 0.759965 61.784470
v -37.831835 1.270792 59.845123
v -37.830657 1.270792 59.854469
v -37.830657 0.759965 59.854469
v -37.831835 0.759965 59.845123
v -39.576514 1.119965 61.681992
v -39.576514 0.759965 61.681992
v -37.738333 1.270792 59.767769
v -37.738333 0.759965 59.767769
v -37.828314 1.270792 59.863594
v -37.828314 0.759965 59.863594
v -39.679194 1.119965 61.791336
v -39.679194 0.759965 61.791336
v -37.729376 1.270792 59.770683
v -37.729376 0.759965 59.770683
v -39.570067 1.119965 61.688858
v -39.570067 0.759965 61.688858
v -37.824847 1.270792 59.872345
v -37.824847 0.759965 59.872345
v -39.671939 1.119965 61.797340
v -39.671939 0.759965 61.797340
v -37.720854 1.270792 59.774689
v -37.720854 0.759965 59.774689
v -39.564528 1.119965 61.696472
v -39.564528 0.759965 61.696472
v -37.497153 1.160990 59.554794
v -37.497153 1.119965 59.554794
v -37.820311 1.270792 59.880600
v -37.820311 0.759965 59.880600
v -39.663985 1.119965 61.802383
v -39.663985 0.759965 61.802383
v -37.712901 1.270792 59.779739
v -37.712901 0.759965 59.779739
v -39.559992 1.119965 61.704727
v -39.559992 0.759965 61.704727
v -37.814772 1.270792 59.888222
v -37.814772 0.759965 59.888222
v -39.655463 1.119965 61.806396
v -39.655463 0.759965 61.806396
v -37.705645 1.270792 59.785744
v -37.705645 0.759965 59.785744
v -39.556525 1.119965 61.713486
v -39.556525 0.759965 61.713486
v -37.808325 1.270792 59.895088
v -37.808325 0.759965 59.895088
v -39.646506 1.119965 61.809303
v -39.646506 0.759965 61.809303
v -33.785353 1.270792 56.266579
v -37.699195 1.270792 59.792610
v -37.699195 0.759965 59.792610
v -39.554183 1.119965 61.722610
v -39.554183 0.759965 61.722610
v -39.637255 1.119965 61.811073
v -39.637255 0.759965 61.811073
v -37.801066 1.270792 59.901093
v -37.801066 0.759965 59.901093
v -39.553000 1.119965 61.731949
v -39.553000 0.759965 61.731949
v -37.693659 1.270792 59.800224
v -37.693659 0.759965 59.800224
v -39.627852 1.119965 61.811661
v -39.627852 0.759965 61.811661
v -37.793116 1.270792 59.906136
v -37.793116 0.759965 59.906136
v -39.553000 1.119965 61.741371
v -39.553000 0.759965 61.741371
v -39.618453 1.119965 61.811073
v -39.618453 0.759965 61.811073
v -37.689124 1.270792 59.808479
v -37.689124 0.759965 59.808479
v -39.554183 1.119965 61.750717
v -39.554183 0.759965 61.750717
v -37.784594 1.270792 59.910149
v -37.784594 0.759965 59.910149
v -39.609202 1.119965 61.809303
v -39.609202 0.759965 61.809303
v -39.556525 1.119965 61.759842
v -39.556525 0.759965 61.759842
v -37.685656 1.270792 59.817238
v -37.685656 0.759965 59.817238
v -39.600245 1.119965 61.806396
v -39.600245 0.759965 61.806396
v -37.497153 1.270792 59.554794
v -39.559992 1.119965 61.768593
v -39.559992 0.759965 61.768593
v -37.775637 1.270792 59.913055
v -37.775637 0.759965 59.913055
v -39.591723 1.119965 61.802383
v -39.591723 0.759965 61.802383
v -39.564528 1.119965 61.776848
v -39.564528 0.759965 61.776848
v -39.583769 1.119965 61.797340
v -39.583769 0.759965 61.797340
v -37.683314 1.270792 59.826363
v -37.683314 0.759965 59.826363
v -39.570067 1.119965 61.784470
v -39.570067 0.759965 61.784470
v -39.576514 1.119965 61.791336
v -39.576514 0.759965 61.791336
v -37.766383 1.270792 59.914825
v -37.766383 0.759965 59.914825
v -37.682131 1.270792 59.835701
v -37.682131 0.759965 59.835701
v -37.756983 1.270792 59.915413
v -37.756983 0.759965 59.915413
v -37.747584 1.270792 59.914825
v -37.747584 0.759965 59.914825
v -37.683314 1.270792 59.854469
v -37.682131 1.270792 59.845123
v -37.682131 0.759965 59.845123
v -37.683314 0.759965 59.854469
v -33.785353 1.160990 55.980965
v -33.785353 1.119965 55.980965
v -37.738333 1.270792 59.913055
v -37.738333 0.759965 59.913055
v -37.685656 1.270792 59.863594
v -37.685656 0.759965 59.863594
v -37.729373 1.270792 59.910149
v -37.729373 0.759965 59.910149
v -37.689124 1.270792 59.872345
v -37.689124 0.759965 59.872345
v -37.720854 1.270792 59.906136
v -37.720854 0.759965 59.906136
v -37.693659 1.270792 59.880600
v -37.693659 0.759965 59.880600
v -37.712901 1.270792 59.901093
v -37.712901 0.759965 59.901093
v -37.699195 1.270792 59.888222
v -37.699195 0.759965 59.888222
v -37.705645 1.270792 59.895088
v -37.705645 0.759965 59.895088
v -33.785353 1.270792 55.980965
v -37.497157 1.160990 59.840416
v -37.497157 1.119965 59.840416
v -37.497157 1.270792 59.840416
v -37.497157 1.160990 60.141502
v -37.497157 1.119965 60.141502
v -37.497157 1.270792 60.141502
v -36.754313 1.119965 59.840416
v -36.754313 1.160990 59.840416
v -36.754317 1.160990 59.554794
v -36.754317 1.119965 59.554794
v -36.754313 1.270792 59.840416
v -36.754317 1.270792 59.554794
v -36.754313 1.119965 60.141502
v -36.754313 1.160990 60.141502
v -36.754313 1.270792 60.141502
v -35.555880 1.160990 59.554794
v -35.555880 1.119965 59.554794
v -35.555880 1.270792 59.554794
v -37.569205 1.119965 61.681992
v -37.575656 1.119965 61.688858
v -37.575656 0.759965 61.688858
v -37.569205 0.759965 61.681992
v -37.561949 1.119965 61.675987
v -37.561949 0.759965 61.675987
v -37.581191 1.119965 61.696472
v -37.581191 0.759965 61.696472
v -37.554000 1.119965 61.670937
v -37.554000 0.759965 61.670937
v -37.585730 1.119965 61.704727
v -37.585730 0.759965 61.704727
v -37.545478 1.119965 61.666931
v -37.545478 0.759965 61.666931
v -37.589194 1.119965 61.713486
v -37.589194 0.759965 61.713486
v -37.536521 1.119965 61.664017
v -37.536521 0.759965 61.664017
v -37.591536 1.119965 61.722610
v -37.591536 0.759965 61.722610
v -37.527266 1.119965 61.662254
v -37.527266 0.759965 61.662254
v -37.592719 1.119965 61.731949
v -37.592719 0.759965 61.731949
v -37.517867 1.119965 61.661659
v -37.517867 0.759965 61.661659
v -37.592719 1.119965 61.741371
v -37.592719 0.759965 61.741371
v -37.508467 1.119965 61.662254
v -37.508467 0.759965 61.662254
v -37.591536 1.119965 61.750717
v -37.591536 0.759965 61.750717
v -37.499213 1.119965 61.664017
v -37.499213 0.759965 61.664017
v -37.589194 1.119965 61.759842
v -37.589194 0.759965 61.759842
v -37.490256 1.119965 61.666931
v -37.490256 0.759965 61.666931
v -37.585730 1.119965 61.768593
v -37.585730 0.759965 61.768593
v -37.481734 1.119965 61.670937
v -37.481734 0.759965 61.670937
v -35.555880 1.119965 60.141502
v -35.555880 1.160990 60.141502
v -37.581191 1.119965 61.776848
v -37.581191 0.759965 61.776848
v -37.473784 1.119965 61.675987
v -37.473784 0.759965 61.675987
v -37.575656 1.119965 61.784470
v -37.575656 0.759965 61.784470
v -37.466525 1.119965 61.681992
v -37.466525 0.759965 61.681992
v -37.569205 1.119965 61.791336
v -37.569205 0.759965 61.791336
v -37.460078 1.119965 61.688858
v -37.460078 0.759965 61.688858
v -37.561949 1.119965 61.797340
v -37.561949 0.759965 61.797340
v -37.454543 1.119965 61.696472
v -37.454543 0.759965 61.696472
v -37.554000 1.119965 61.802383
v -37.554000 0.759965 61.802383
v -37.450003 1.119965 61.704727
v -37.450003 0.759965 61.704727
v -35.607222 1.270792 59.785744
v -35.613669 1.270792 59.792610
v -35.613669 0.759965 59.792610
v -35.607222 0.759965 59.785744
v -35.599963 1.270792 59.779739
v -35.599963 0.759965 59.779739
v -37.545478 1.119965 61.806396
v -37.545478 0.759965 61.806396
v -35.619204 1.270792 59.800224
v -35.619204 0.759965 59.800224
v -35.592009 1.270792 59.774689
v -35.592009 0.759965 59.774689
v -35.623740 1.270792 59.808479
v -35.623740 0.759965 59.808479
v -35.583491 1.270792 59.770683
v -35.583491 0.759965 59.770683
v -37.446540 1.119965 61.713486
v -37.446540 0.759965 61.713486
v -35.555880 1.270792 60.141502
v -35.627207 1.270792 59.817238
v -35.627207 0.759965 59.817238
v -35.574530 1.270792 59.767769
v -35.574530 0.759965 59.767769
v -37.536521 1.119965 61.809303
v -37.536521 0.759965 61.809303
v -35.629550 1.270792 59.826363
v -35.629550 0.759965 59.826363
v -35.565280 1.270792 59.766006
v -35.565280 0.759965 59.766006
v -37.444197 1.119965 61.722610
v -37.444197 0.759965 61.722610
v -35.630732 1.270792 59.835701
v -35.630732 0.759965 59.835701
v -37.527266 1.119965 61.811073
v -37.527266 0.759965 61.811073
v -35.555880 1.270792 59.765411
v -35.555880 0.759965 59.765411
v -37.443015 1.119965 61.731949
v -37.443015 0.759965 61.731949
v -37.517867 1.119965 61.811661
v -37.517867 0.759965 61.811661
v -35.546481 1.270792 59.766006
v -35.546481 0.759965 59.766006
v -37.443015 1.119965 61.741371
v -37.443015 0.759965 61.741371
v -35.630732 1.270792 59.845123
v -35.629550 1.270792 59.854469
v -35.629550 0.759965 59.854469
v -35.630732 0.759965 59.845123
v -37.508467 1.119965 61.811073
v -37.508467 0.759965 61.811073
v -35.537230 1.270792 59.767769
v -35.537230 0.759965 59.767769
v -37.444197 1.119965 61.750717
v -37.444197 0.759965 61.750717
v -35.627207 1.270792 59.863594
v -35.627207 0.759965 59.863594
v -37.499213 1.119965 61.809303
v -37.499213 0.759965 61.809303
v -37.446540 1.119965 61.759842
v -37.446540 0.759965 61.759842
v -35.528269 1.270792 59.770683
v -35.528269 0.759965 59.770683
v -37.490256 1.119965 61.806396
v -37.490256 0.759965 61.806396
v -37.450003 1.119965 61.768593
v -37.450003 0.759965 61.768593
v -35.623740 1.270792 59.872345
v -35.623740 0.759965 59.872345
v -37.481734 1.119965 61.802383
v -37.481734 0.759965 61.802383
v -37.454543 1.119965 61.776848
v -37.454543 0.759965 61.776848
v -37.473784 1.119965 61.797340
v -37.473784 0.759965 61.797340
v -37.460078 1.119965 61.784470
v -37.460078 0.759965 61.784470
v -35.519751 1.270792 59.774689
v -35.519751 0.759965 59.774689
v -37.466525 1.119965 61.791336
v -37.466525 0.759965 61.791336
v -35.296050 1.160990 59.554794
v -35.296050 1.119965 59.554794
v -35.619204 1.270792 59.880600
v -35.619204 0.759965 59.880600
v -35.511798 1.270792 59.779739
v -35.511798 0.759965 59.779739
v -35.613669 1.270792 59.888222
v -35.613669 0.759965 59.888222
v -35.504542 1.270792 59.785744
v -35.504542 0.759965 59.785744
v -35.607222 1.270792 59.895088
v -35.607222 0.759965 59.895088
v -35.498091 1.270792 59.792610
v -35.498091 0.759965 59.792610
v -35.599963 1.270792 59.901093
v -35.599963 0.759965 59.901093
v -35.492556 1.270792 59.800224
v -35.492556 0.759965 59.800224
v -35.592009 1.270792 59.906136
v -35.592009 0.759965 59.906136
v -35.488021 1.270792 59.808479
v -35.488021 0.759965 59.808479
v -35.583491 1.270792 59.910149
v -35.583491 0.759965 59.910149
v -35.484553 1.270792 59.817238
v -35.484553 0.759965 59.817238
v -35.296050 1.270792 59.554794
v -35.574530 1.270792 59.913055
v -35.574530 0.759965 59.913055
v -35.482211 1.270792 59.826363
v -35.482211 0.759965 59.826363
v -35.565280 1.270792 59.914825
v -35.565280 0.759965 59.914825
v -35.481028 1.270792 59.835701
v -35.481028 0.759965 59.835701
v -35.555880 1.270792 59.915413
v -35.555880 0.759965 59.915413
v -35.546481 1.270792 59.914825
v -35.546481 0.759965 59.914825
v -35.482211 1.270792 59.854469
v -35.481028 1.270792 59.845123
v -35.481028 0.759965 59.845123
v -35.482211 0.759965 59.854469
v -35.537230 1.270792 59.913055
v -35.537230 0.759965 59.913055
v -35.484553 1.270792 59.863594
v -35.484553 0.759965 59.863594
v -35.528269 1.270792 59.910149
v -35.528269 0.759965 59.910149
v -35.488021 1.270792 59.872345
v -35.488021 0.759965 59.872345
v -35.519751 1.270792 59.906136
v -35.519751 0.759965 59.906136
v -35.492556 1.270792 59.880600
v -35.492556 0.759965 59.880600
v -35.511798 1.270792 59.901093
v -35.511798 0.759965 59.901093
v -35.498091 1.270792 59.888222
v -35.498091 0.759965 59.888222
v -35.504538 1.270792 59.895088
v -35.504538 0.759965 59.895088
v -35.296050 1.160990 59.840416
v -35.296050 1.119965 59.840416
v -35.296050 1.270792 59.840416
v -35.296050 1.160990 60.141502
v -35.296050 1.119965 60.141502
v -35.296050 1.270792 60.141502
v -42.415055 0.759965 62.463966
v -32.559872 0.759965 62.463966
v -32.559872 1.119965 62.463966
v -42.415055 1.119965 62.463966
v -34.530829 1.119965 59.840416
v -34.530829 1.160990 59.840416
v -34.530829 1.160990 59.554794
v -34.530829 1.119965 59.554794
v -34.530829 1.270792 59.840416
v -34.530829 1.270792 59.554794
v -34.530829 1.119965 60.141502
v -34.530829 1.160990 60.141502
v -34.530829 1.270792 60.141502
v -33.332396 1.160990 59.554794
v -33.332396 1.119965 59.554794
v -33.332396 1.270792 59.554794
v -35.285124 1.119965 61.681992
v -35.291571 1.119965 61.688858
v -35.291571 0.759965 61.688858
v -35.285124 0.759965 61.681992
v -35.277865 1.119965 61.675987
v -35.277865 0.759965 61.675987
v -35.297106 1.119965 61.696472
v -35.297106 0.759965 61.696472
v -35.269911 1.119965 61.670937
v -35.269911 0.759965 61.670937
v -35.301642 1.119965 61.704727
v -35.301642 0.759965 61.704727
v -35.261389 1.119965 61.666931
v -35.261389 0.759965 61.666931
v -35.305110 1.119965 61.713486
v -35.305110 0.759965 61.713486
v -35.252432 1.119965 61.664017
v -35.252432 0.759965 61.664017
v -33.332392 1.119965 60.141502
v -33.332392 1.160990 60.141502
v -35.307452 1.119965 61.722610
v -35.307452 0.759965 61.722610
v -35.243182 1.119965 61.662254
v -35.243182 0.759965 61.662254
v -35.308631 1.119965 61.731949
v -35.308631 0.759965 61.731949
v -35.233779 1.119965 61.661659
v -35.233779 0.759965 61.661659
v -35.308631 1.119965 61.741371
v -35.308631 0.759965 61.741371
v -35.224379 1.119965 61.662254
v -35.224379 0.759965 61.662254
v -35.307452 1.119965 61.750717
v -35.307452 0.759965 61.750717
v -35.215129 1.119965 61.664017
v -35.215129 0.759965 61.664017
v -35.305110 1.119965 61.759842
v -35.305110 0.759965 61.759842
v -35.206172 1.119965 61.666931
v -35.206172 0.759965 61.666931
v -35.301642 1.119965 61.768593
v -35.301642 0.759965 61.768593
v -35.197650 1.119965 61.670937
v -35.197650 0.759965 61.670937
v -35.297106 1.119965 61.776848
v -35.297106 0.759965 61.776848
v -33.383738 1.270792 59.785744
v -33.390185 1.270792 59.792610
v -33.390185 0.759965 59.792610
v -33.383738 0.759965 59.785744
v -33.376479 1.270792 59.779739
v -33.376479 0.759965 59.779739
v -33.395720 1.270792 59.800224
v -33.395720 0.759965 59.800224
v -35.189696 1.119965 61.675987
v -35.189696 0.759965 61.675987
v -33.368525 1.270792 59.774689
v -33.368525 0.759965 59.774689
v -33.400256 1.270792 59.808479
v -33.400256 0.759965 59.808479
v -33.360003 1.270792 59.770683
v -33.360003 0.759965 59.770683
v -33.332392 1.270792 60.141502
v -33.403723 1.270792 59.817238
v -33.403723 0.759965 59.817238
v -35.291571 1.119965 61.784470
v -35.291571 0.759965 61.784470
v -33.351046 1.270792 59.767769
v -33.351046 0.759965 59.767769
v -33.406066 1.270792 59.826363
v -33.406066 0.759965 59.826363
v -35.182440 1.119965 61.681992
v -35.182440 0.759965 61.681992
v -33.341792 1.270792 59.766006
v -33.341792 0.759965 59.766006
v -35.285124 1.119965 61.791336
v -35.285124 0.759965 61.791336
v -33.407248 1.270792 59.835701
v -33.407248 0.759965 59.835701
v -33.332393 1.270792 59.765411
v -33.332396 0.759965 59.765411
v -35.175994 1.119965 61.688858
v -35.175994 0.759965 61.688858
v -35.277865 1.119965 61.797340
v -35.277865 0.759965 61.797340
v -33.322993 1.270792 59.766006
v -33.322993 0.759965 59.766006
v -33.407248 1.270792 59.845123
v -33.406066 1.270792 59.854469
v -33.406066 0.759965 59.854469
v -33.407248 0.759965 59.845123
v -35.170455 1.119965 61.696472
v -35.170455 0.759965 61.696472
v -33.313742 1.270792 59.767769
v -33.313742 0.759965 59.767769
v -35.269911 1.119965 61.802383
v -35.269911 0.759965 61.802383
v -33.403723 1.270792 59.863594
v -33.403723 0.759965 59.863594
v -35.165919 1.119965 61.704727
v -35.165919 0.759965 61.704727
v -33.304785 1.270792 59.770683
v -33.304785 0.759965 59.770683
v -35.261389 1.119965 61.806396
v -35.261389 0.759965 61.806396
v -33.400256 1.270792 59.872345
v -33.400256 0.759965 59.872345
v -35.162451 1.119965 61.713486
v -35.162451 0.759965 61.713486
v -33.296263 1.270792 59.774689
v -33.296263 0.759965 59.774689
v -35.252432 1.119965 61.809303
v -35.252432 0.759965 61.809303
v -33.072562 1.160990 59.554794
v -33.072562 1.119965 59.554794
v -33.395720 1.270792 59.880600
v -33.395720 0.759965 59.880600
v -35.160109 1.119965 61.722610
v -35.160109 0.759965 61.722610
v -33.288310 1.270792 59.779739
v -33.288310 0.759965 59.779739
v -35.243182 1.119965 61.811073
v -35.243182 0.759965 61.811073
v -33.390185 1.270792 59.888222
v -33.390185 0.759965 59.888222
v -35.158927 1.119965 61.731949
v -35.158927 0.759965 61.731949
v -35.233779 1.119965 61.811661
v -35.233779 0.759965 61.811661
v -33.281054 1.270792 59.785744
v -33.281054 0.759965 59.785744
v -35.158927 1.119965 61.741371
v -35.158927 0.759965 61.741371
v -33.383738 1.270792 59.895088
v -33.383738 0.759965 59.895088
v -35.224379 1.119965 61.811073
v -35.224379 0.759965 61.811073
v -35.160109 1.119965 61.750717
v -35.160109 0.759965 61.750717
v -33.274607 1.270792 59.792610
v -33.274607 0.759965 59.792610
v -35.215129 1.119965 61.809303
v -35.215129 0.759965 61.809303
v -33.376479 1.270792 59.901093
v -33.376479 0.759965 59.901093
v -35.162451 1.119965 61.759842
v -35.162451 0.759965 61.759842
v -35.206172 1.119965 61.806396
v -35.206172 0.759965 61.806396
v -33.269072 1.270792 59.800224
v -33.269072 0.759965 59.800224
v -35.165919 1.119965 61.768593
v -35.165919 0.759965 61.768593
v -35.197650 1.119965 61.802383
v -35.197650 0.759965 61.802383
v -35.170455 1.119965 61.776848
v -35.170455 0.759965 61.776848
v -35.189696 1.119965 61.797340
v -35.189696 0.759965 61.797340
v -33.368525 1.270792 59.906136
v -33.368525 0.759965 59.906136
v -35.175994 1.119965 61.784470
v -35.175994 0.759965 61.784470
v -35.182440 1.119965 61.791336
v -35.182440 0.759965 61.791336
v -33.264533 1.270792 59.808479
v -33.264533 0.759965 59.808479
v -33.360003 1.270792 59.910149
v -33.360003 0.759965 59.910149
v -33.261065 1.270792 59.817238
v -33.261065 0.759965 59.817238
v -33.072562 1.270792 59.554794
v -33.351046 1.270792 59.913055
v -33.351046 0.759965 59.913055
v -33.258723 1.270792 59.826363
v -33.258723 0.759965 59.826363
v -33.341792 1.270792 59.914825
v -33.341792 0.759965 59.914825
v -33.257544 1.270792 59.835701
v -33.257544 0.759965 59.835701
v -33.332392 1.270792 59.915413
v -33.332396 0.759965 59.915413
v -33.322993 1.270792 59.914825
v -33.322993 0.759965 59.914825
v -33.258723 1.270792 59.854469
v -33.257544 1.270792 59.845123
v -33.257544 0.759965 59.845123
v -33.258723 0.759965 59.854469
v -33.313742 1.270792 59.913055
v -33.313742 0.759965 59.913055
v -33.261065 1.270792 59.863594
v -33.261065 0.759965 59.863594
v -33.304785 1.270792 59.910149
v -33.304785 0.759965 59.910149
v -33.264533 1.270792 59.872345
v -33.264533 0.759965 59.872345
v -33.296263 1.270792 59.906136
v -33.296263 0.759965 59.906136
v -33.269072 1.270792 59.880600
v -33.269072 0.759965 59.880600
v -33.288310 1.270792 59.901093
v -33.288310 0.759965 59.901093
v -33.274607 1.270792 59.888222
v -33.274607 0.759965 59.888222
v -33.281054 1.270792 59.895088
v -33.281054 0.759965 59.895088
v -33.072566 1.160990 59.840416
v -33.072566 1.119965 59.840416
v -33.072566 1.270792 59.840416
v -33.072566 1.160990 60.141502
v -33.072566 1.119965 60.141502
v -33.072566 1.270792 60.141502
v -33.454573 1.119965 61.681992
v -33.461020 1.119965 61.688858
v -33.461020 0.759965 61.688858
v -33.454573 0.759965 61.681992
v -33.447318 1.119965 61.675987
v -33.447318 0.759965 61.675987
v -33.466559 1.119965 61.696472
v -33.466559 0.759965 61.696472
v -33.439368 1.119965 61.670937
v -33.439368 0.759965 61.670937
v -33.471099 1.119965 61.704727
v -33.471099 0.759965 61.704727
v -33.430846 1.119965 61.666931
v -33.430846 0.759965 61.666931
v -33.474562 1.119965 61.713486
v -33.474562 0.759965 61.713486
v -33.421885 1.119965 61.664017
v -33.421885 0.759965 61.664017
v -33.476905 1.119965 61.722610
v -33.476905 0.759965 61.722610
v -33.412634 1.119965 61.662254
v -33.412634 0.759965 61.662254
v -33.478087 1.119965 61.731949
v -33.478087 0.759965 61.731949
v -33.403235 1.119965 61.661659
v -33.403235 0.759965 61.661659
v -33.478087 1.119965 61.741371
v -33.478087 0.759965 61.741371
v -33.393836 1.119965 61.662254
v -33.393836 0.759965 61.662254
v -33.476905 1.119965 61.750717
v -33.476905 0.759965 61.750717
v -33.384581 1.119965 61.664017
v -33.384581 0.759965 61.664017
v -33.474562 1.119965 61.759842
v -33.474562 0.759965 61.759842
v -33.375624 1.119965 61.666931
v -33.375624 0.759965 61.666931
v -33.471099 1.119965 61.768593
v -33.471099 0.759965 61.768593
v -33.367102 1.119965 61.670937
v -33.367102 0.759965 61.670937
v -33.466559 1.119965 61.776848
v -33.466559 0.759965 61.776848
v -33.359152 1.119965 61.675987
v -33.359152 0.759965 61.675987
v -33.461020 1.119965 61.784470
v -33.461020 0.759965 61.784470
v -33.351889 1.119965 61.681992
v -33.351889 0.759965 61.681992
v -33.454573 1.119965 61.791336
v -33.454573 0.759965 61.791336
v -33.345442 1.119965 61.688858
v -33.345442 0.759965 61.688858
v -33.447318 1.119965 61.797340
v -33.447318 0.759965 61.797340
v -33.339911 1.119965 61.696472
v -33.339911 0.759965 61.696472
v -33.439368 1.119965 61.802383
v -33.439368 0.759965 61.802383
v -33.335372 1.119965 61.704727
v -33.335372 0.759965 61.704727
v -33.430846 1.119965 61.806396
v -33.430846 0.759965 61.806396
v -33.331904 1.119965 61.713486
v -33.331904 0.759965 61.713486
v -33.421885 1.119965 61.809303
v -33.421885 0.759965 61.809303
v -33.329562 1.119965 61.722610
v -33.329562 0.759965 61.722610
v -33.412634 1.119965 61.811073
v -33.412634 0.759965 61.811073
v -33.328383 1.119965 61.731949
v -33.328383 0.759965 61.731949
v -33.403235 1.119965 61.811661
v -33.403235 0.759965 61.811661
v -33.328383 1.119965 61.741371
v -33.328383 0.759965 61.741371
v -33.393836 1.119965 61.811073
v -33.393836 0.759965 61.811073
v -33.329562 1.119965 61.750717
v -33.329562 0.759965 61.750717
v -33.384581 1.119965 61.809303
v -33.384581 0.759965 61.809303
v -33.331904 1.119965 61.759842
v -33.331904 0.759965 61.759842
v -33.375624 1.119965 61.806396
v -33.375624 0.759965 61.806396
v -33.335372 1.119965 61.768593
v -33.335372 0.759965 61.768593
v -33.367102 1.119965 61.802383
v -33.367102 0.759965 61.802383
v -33.339911 1.119965 61.776848
v -33.339911 0.759965 61.776848
v -33.359152 1.119965 61.797340
v -33.359152 0.759965 61.797340
v -33.345442 1.119965 61.784470
v -33.345442 0.759965 61.784470
v -33.351889 1.119965 61.791336
v -33.351889 0.759965 61.791336
v -41.651919 1.270792 55.980965
v -41.502215 1.270792 55.980965
v -39.483744 1.270792 55.980965
v -39.334040 1.270792 55.980965
v -37.284941 1.270792 55.980965
v -37.135237 1.270792 55.980965
v -39.996846 1.270792 59.840416
v -39.847142 1.270792 59.840416
v -35.058638 1.270792 55.980965
v -34.908934 1.270792 55.980965
v -37.831835 1.270792 59.840416
v -37.682131 1.270792 59.840416
v -35.630732 1.270792 59.840416
v -35.481028 1.270792 59.840416
v -33.407248 1.270792 59.840416
v -33.257544 1.270792 59.840416
v -45.183772 0.759965 55.940849
v -45.305588 1.119965 55.715027
v -42.707265 0.759965 55.535576
v -45.570044 0.759965 55.535576
v -42.707265 1.119965 55.535576
v -45.570044 1.119965 55.535576
v -45.570044 0.759965 62.463966
v -45.570044 1.119965 62.463966
v -45.093451 1.119965 55.923203
v -45.093451 1.640927 55.923203
v -45.071683 1.640927 55.902756
v -45.071683 1.119965 55.902756
v -45.112488 1.119965 55.946213
v -45.112488 1.640927 55.946213
v -45.047520 1.640927 55.885201
v -45.047520 1.119965 55.885201
v -45.128491 1.119965 55.971428
v -45.128491 1.640927 55.971428
v -45.021350 1.640927 55.870819
v -45.021350 1.119965 55.870819
v -45.141205 1.119965 55.998451
v -45.141205 1.640927 55.998451
v -44.993582 1.640927 55.859825
v -44.993582 1.119965 55.859825
v -44.967902 1.640927 56.028206
v -44.974768 1.640927 56.034653
v -44.974768 0.759965 56.034653
v -44.967902 0.759965 56.028206
v -44.980773 1.640927 56.041908
v -44.980773 0.759965 56.041908
v -44.960282 1.640927 56.022667
v -44.960282 0.759965 56.022667
v -44.985819 1.640927 56.049858
v -44.985819 0.759965 56.049858
v -44.952029 1.640927 56.018127
v -44.952029 0.759965 56.018127
v -44.989829 1.640927 56.058380
v -44.989829 0.759965 56.058380
v -45.150435 1.119965 56.026855
v -45.150435 1.640927 56.026855
v -44.943272 1.640927 56.014664
v -44.943272 0.759965 56.014664
v -44.992739 1.640927 56.067345
v -44.992739 0.759965 56.067345
v -44.934149 1.640927 56.012321
v -44.934149 0.759965 56.012321
v -44.964657 1.640927 55.852394
v -44.964657 1.119965 55.852394
v -44.994504 1.640927 56.076591
v -44.994504 0.759965 56.076591
v -44.924805 1.640927 56.011139
v -44.924805 0.759965 56.011139
v -44.995095 1.640927 56.085991
v -44.995095 0.759965 56.085991
v -45.156031 1.119965 56.056190
v -45.156031 1.640927 56.056190
v -44.915387 1.640927 56.011139
v -44.915387 0.759965 56.011139
v -44.994504 1.640927 56.095390
v -44.994504 0.759965 56.095390
v -44.935029 1.640927 55.848648
v -44.935029 1.119965 55.848648
v -44.906043 1.640927 56.012321
v -44.906043 0.759965 56.012321
v -44.992739 1.640927 56.104645
v -44.992739 0.759965 56.104645
v -44.896918 1.640927 56.014664
v -44.896920 0.759965 56.014664
v -45.157906 1.119965 56.085991
v -45.157906 1.640927 56.085991
v -44.989829 1.640927 56.113602
v -44.989829 0.759965 56.113602
v -44.888161 1.640927 56.018127
v -44.888161 0.759965 56.018127
v -44.905163 1.640927 55.848648
v -44.905163 1.119965 55.848648
v -44.985819 1.640927 56.122124
v -44.985819 0.759965 56.122124
v -44.879908 1.640927 56.022667
v -44.879908 0.759965 56.022667
v -44.980773 1.640927 56.130074
v -44.980773 0.759965 56.130074
v -45.156031 1.119965 56.115799
v -45.156031 1.640927 56.115799
v -44.872288 1.640927 56.028206
v -44.872288 0.759965 56.028206
v -44.974768 1.640927 56.137337
v -44.974768 0.759965 56.137337
v -44.875535 1.640927 55.852394
v -44.875535 1.119965 55.852394
v -44.865424 1.640927 56.034653
v -44.865424 0.759965 56.034653
v -44.967902 1.640927 56.143784
v -44.967902 0.759965 56.143784
v -44.859419 1.640927 56.041908
v -44.859419 0.759965 56.041908
v -45.150435 1.119965 56.145134
v -45.150435 1.640927 56.145134
v -44.960282 1.640927 56.149315
v -44.960282 0.759965 56.149315
v -44.854373 1.640927 56.049858
v -44.854373 0.759965 56.049858
v -44.846608 1.640927 55.859825
v -44.846608 1.119965 55.859825
v -44.952029 1.640927 56.153854
v -44.952029 0.759965 56.153854
v -44.850361 1.640927 56.058380
v -44.850361 0.759965 56.058380
v -44.943272 1.640927 56.157326
v -44.943272 0.759965 56.157326
v -45.141205 1.119965 56.173538
v -45.141205 1.640927 56.173538
v -44.847451 1.640927 56.067345
v -44.847451 0.759965 56.067345
v -44.934149 1.640927 56.159668
v -44.934149 0.759965 56.159668
v -44.845687 1.640927 56.076591
v -44.845687 0.759965 56.076591
v -44.924805 1.640927 56.160843
v -44.924805 0.759965 56.160843
v -44.818841 1.640927 55.870819
v -44.818841 1.119965 55.870819
v -44.845095 1.640927 56.085991
v -44.845095 0.759965 56.085991
v -44.915387 1.640927 56.160843
v -44.915387 0.759965 56.160843
v -44.845687 1.640927 56.095390
v -44.845687 0.759965 56.095390
v -44.906043 1.640927 56.159668
v -44.906043 0.759965 56.159668
v -45.128491 1.119965 56.200562
v -45.128491 1.640927 56.200562
v -44.847453 1.640927 56.104645
v -44.847453 0.759965 56.104645
v -44.896918 1.640927 56.157326
v -44.896920 0.759965 56.157326
v -44.850361 1.640927 56.113602
v -44.850361 0.759965 56.113602
v -44.888161 1.640927 56.153854
v -44.888161 0.759965 56.153854
v -44.854373 1.640927 56.122124
v -44.854373 0.759965 56.122124
v -44.879908 1.640927 56.149315
v -44.879908 0.759965 56.149315
v -44.859419 1.640927 56.130074
v -44.859419 0.759965 56.130074
v -44.872288 1.640927 56.143784
v -44.872288 0.759965 56.143784
v -44.865424 1.640927 56.137337
v -44.865424 0.759965 56.137337
v -44.792670 1.640927 55.885201
v -44.792670 1.119965 55.885201
v -45.112488 1.119965 56.225777
v -45.112488 1.640927 56.225777
v -44.768510 1.640927 55.902756
v -44.768510 1.119965 55.902756
v -45.093451 1.119965 56.248787
v -45.093451 1.640927 56.248787
v -44.746739 1.640927 55.923203
v -44.746739 1.119965 55.923203
v -45.071681 1.119965 56.269226
v -45.071681 1.640927 56.269226
v -44.727702 1.640927 55.946213
v -44.727702 1.119965 55.946213
v -45.047520 1.119965 56.286781
v -45.047520 1.640927 56.286781
v -44.711701 1.640927 55.971428
v -44.711701 1.119965 55.971428
v -45.021350 1.119965 56.301170
v -45.021350 1.640927 56.301170
v -44.698985 1.640927 55.998451
v -44.698985 1.119965 55.998451
v -44.993582 1.119965 56.312164
v -44.993582 1.640927 56.312164
v -44.689757 1.640927 56.026855
v -44.689757 1.119965 56.026855
v -44.964657 1.119965 56.319588
v -44.964657 1.640927 56.319588
v -44.684161 1.640927 56.056190
v -44.684161 1.119965 56.056190
v -44.935029 1.119965 56.323334
v -44.935029 1.640927 56.323334
v -44.682286 1.640927 56.085991
v -44.682286 1.119965 56.085991
v -44.905163 1.119965 56.323334
v -44.905163 1.640927 56.323334
v -44.684161 1.640927 56.115799
v -44.684161 1.119965 56.115799
v -44.875535 1.119965 56.319588
v -44.875535 1.640927 56.319588
v -44.689757 1.640927 56.145134
v -44.689757 1.119965 56.145134
v -44.846608 1.119965 56.312164
v -44.846608 1.640927 56.312164
v -44.698985 1.640927 56.173538
v -44.698985 1.119965 56.173538
v -44.818841 1.119965 56.301170
v -44.818841 1.640927 56.301170
v -44.711701 1.640927 56.200562
v -44.711701 1.119965 56.200562
v -44.792670 1.119965 56.286781
v -44.792670 1.640927 56.286781
v -44.727702 1.640927 56.225777
v -44.727702 1.119965 56.225777
v -44.768510 1.119965 56.269226
v -44.768510 1.640927 56.269226
v -44.746739 1.640927 56.248787
v -44.746739 1.119965 56.248787
v -43.183224 1.119965 55.923203
v -43.183224 1.640927 55.923203
v -43.161454 1.640927 55.902756
v -43.161454 1.119965 55.902756
v -43.202260 1.119965 55.946213
v -43.202260 1.640927 55.946213
v -43.137293 1.640927 55.885201
v -43.137293 1.119965 55.885201
v -43.218262 1.119965 55.971428
v -43.218262 1.640927 55.971428
v -43.111123 1.640927 55.870819
v -43.111123 1.119965 55.870819
v -43.230979 1.119965 55.998451
v -43.230979 1.640927 55.998451
v -43.083356 1.640927 55.859825
v -43.083356 1.119965 55.859825
v -43.057675 1.640927 56.028206
v -43.064540 1.640927 56.034653
v -43.064540 0.759965 56.034653
v -43.057675 0.759965 56.028206
v -43.070544 1.640927 56.041908
v -43.070544 0.759965 56.041908
v -43.050055 1.640927 56.022667
v -43.050055 0.759965 56.022667
v -43.075591 1.640927 56.049858
v -43.075591 0.759965 56.049858
v -43.041802 1.640927 56.018127
v -43.041800 0.759965 56.018127
v -43.079602 1.640927 56.058380
v -43.079600 0.759965 56.058380
v -43.240206 1.119965 56.026855
v -43.240206 1.640927 56.026855
v -43.033045 1.640927 56.014664
v -43.033044 0.759965 56.014664
v -43.082511 1.640927 56.067345
v -43.082511 0.759965 56.067345
v -43.023921 1.640927 56.012321
v -43.023921 0.759965 56.012321
v -43.054429 1.640927 55.852394
v -43.054429 1.119965 55.852394
v -43.084277 1.640927 56.076591
v -43.084277 0.759965 56.076591
v -43.014577 1.640927 56.011139
v -43.014577 0.759965 56.011139
v -43.084868 1.640927 56.085991
v -43.084868 0.759965 56.085991
v -43.245803 1.119965 56.056190
v -43.245803 1.640927 56.056190
v -43.005158 1.640927 56.011139
v -43.005158 0.759965 56.011139
v -43.084277 1.640927 56.095390
v -43.084277 0.759965 56.095390
v -43.024800 1.640927 55.848648
v -43.024800 1.119965 55.848648
v -42.995814 1.640927 56.012321
v -42.995814 0.759965 56.012321
v -43.082511 1.640927 56.104645
v -43.082511 0.759965 56.104645
v -42.986691 1.640927 56.014664
v -42.986691 0.759965 56.014664
v -43.247677 1.119965 56.085991
v -43.247677 1.640927 56.085991
v -43.079602 1.640927 56.113602
v -43.079600 0.759965 56.113602
v -42.977934 1.640927 56.018127
v -42.977934 0.759965 56.018127
v -42.994935 1.640927 55.848648
v -42.994935 1.119965 55.848648
v -43.075591 1.640927 56.122124
v -43.075591 0.759965 56.122124
v -42.969681 1.640927 56.022667
v -42.969681 0.759965 56.022667
v -43.070544 1.640927 56.130074
v -43.070544 0.759965 56.130074
v -43.245803 1.119965 56.115799
v -43.245803 1.640927 56.115799
v -42.962062 1.640927 56.028206
v -42.962062 0.759965 56.028206
v -43.064540 1.640927 56.137337
v -43.064540 0.759965 56.137337
v -42.965306 1.640927 55.852394
v -42.965306 1.119965 55.852394
v -42.955195 1.640927 56.034653
v -42.955195 0.759965 56.034653
v -43.057675 1.640927 56.143784
v -43.057675 0.759965 56.143784
v -42.949193 1.640927 56.041908
v -42.949191 0.759965 56.041908
v -43.240206 1.119965 56.145134
v -43.240206 1.640927 56.145134
v -43.050055 1.640927 56.149315
v -43.050055 0.759965 56.149315
v -42.944144 1.640927 56.049858
v -42.944144 0.759965 56.049858
v -42.936381 1.640927 55.859825
v -42.936381 1.119965 55.859825
v -43.041802 1.640927 56.153854
v -43.041800 0.759965 56.153854
v -42.940135 1.640927 56.058380
v -42.940135 0.759965 56.058380
v -43.033045 1.640927 56.157326
v -43.033044 0.759965 56.157326
v -43.230979 1.119965 56.173538
v -43.230979 1.640927 56.173538
v -42.937224 1.640927 56.067345
v -42.937224 0.759965 56.067345
v -43.023921 1.640927 56.159668
v -43.023921 0.759965 56.159668
v -42.935460 1.640927 56.076591
v -42.935460 0.759965 56.076591
v -43.014577 1.640927 56.160843
v -43.014577 0.759965 56.160843
v -42.908614 1.640927 55.870819
v -42.908614 1.119965 55.870819
v -42.934868 1.640927 56.085991
v -42.934868 0.759965 56.085991
v -43.005158 1.640927 56.160843
v -43.005158 0.759965 56.160843
v -42.935460 1.640927 56.095390
v -42.935460 0.759965 56.095390
v -42.995814 1.640927 56.159668
v -42.995814 0.759965 56.159668
v -43.218262 1.119965 56.200562
v -43.218262 1.640927 56.200562
v -42.937224 1.640927 56.104645
v -42.937224 0.759965 56.104645
v -42.986691 1.640927 56.157326
v -42.986691 0.759965 56.157326
v -42.940135 1.640927 56.113602
v -42.940135 0.759965 56.113602
v -42.977934 1.640927 56.153854
v -42.977934 0.759965 56.153854
v -42.944144 1.640927 56.122124
v -42.944144 0.759965 56.122124
v -42.969681 1.640927 56.149315
v -42.969681 0.759965 56.149315
v -42.949193 1.640927 56.130074
v -42.949191 0.759965 56.130074
v -42.962062 1.640927 56.143784
v -42.962062 0.759965 56.143784
v -42.955195 1.640927 56.137337
v -42.955195 0.759965 56.137337
v -42.882443 1.640927 55.885201
v -42.882443 1.119965 55.885201
v -43.202260 1.119965 56.225777
v -43.202260 1.640927 56.225777
v -42.858283 1.640927 55.902756
v -42.858283 1.119965 55.902756
v -43.183224 1.119965 56.248787
v -43.183224 1.640927 56.248787
v -42.836512 1.640927 55.923203
v -42.836512 1.119965 55.923203
v -43.161454 1.119965 56.269226
v -43.161454 1.640927 56.269226
v -42.817475 1.640927 55.946213
v -42.817475 1.119965 55.946213
v -43.137293 1.119965 56.286781
v -43.137293 1.640927 56.286781
v -42.801472 1.640927 55.971428
v -42.801472 1.119965 55.971428
v -43.111123 1.119965 56.301170
v -43.111123 1.640927 56.301170
v -42.788756 1.640927 55.998451
v -42.788756 1.119965 55.998451
v -43.083356 1.119965 56.312164
v -43.083356 1.640927 56.312164
v -42.779528 1.640927 56.026855
v -42.779528 1.119965 56.026855
v -43.054429 1.119965 56.319588
v -43.054429 1.640927 56.319588
v -42.773932 1.640927 56.056190
v -42.773932 1.119965 56.056190
v -43.024800 1.119965 56.323334
v -43.024800 1.640927 56.323334
v -42.772057 1.640927 56.085991
v -42.772057 1.119965 56.085991
v -42.994935 1.119965 56.323334
v -42.994935 1.640927 56.323334
v -42.773932 1.640927 56.115799
v -42.773932 1.119965 56.115799
v -42.965306 1.119965 56.319588
v -42.965306 1.640927 56.319588
v -42.779528 1.640927 56.145134
v -42.779528 1.119965 56.145134
v -42.936381 1.119965 56.312164
v -42.936381 1.640927 56.312164
v -42.788758 1.640927 56.173538
v -42.788758 1.119965 56.173538
v -42.908614 1.119965 56.301170
v -42.908614 1.640927 56.301170
v -42.801472 1.640927 56.200562
v -42.801472 1.119965 56.200562
v -42.882443 1.119965 56.286781
v -42.882443 1.640927 56.286781
v -42.817475 1.640927 56.225777
v -42.817475 1.119965 56.225777
v -42.858283 1.119965 56.269226
v -42.858283 1.640927 56.269226
v -42.836512 1.640927 56.248787
v -42.836512 1.119965 56.248787
v -42.707265 0.759965 62.463966
v -45.093451 1.119965 61.472923
v -45.093451 1.640927 61.472923
v -45.071683 1.640927 61.452484
v -45.071683 1.119965 61.452484
v -45.112488 1.119965 61.495934
v -45.112488 1.640927 61.495934
v -45.047520 1.640927 61.434929
v -45.047520 1.119965 61.434929
v -45.128491 1.119965 61.521149
v -45.128491 1.640927 61.521149
v -45.021350 1.640927 61.420540
v -45.021350 1.119965 61.420540
v -45.141205 1.119965 61.548172
v -45.141205 1.640927 61.548172
v -44.993582 1.640927 61.409546
v -44.993582 1.119965 61.409546
v -44.967902 1.640927 61.577927
v -44.974768 1.640927 61.584373
v -44.974768 0.759965 61.584373
v -44.967902 0.759965 61.577927
v -44.980773 1.640927 61.591637
v -44.980773 0.759965 61.591637
v -44.960282 1.640927 61.572395
v -44.960282 0.759965 61.572395
v -44.985819 1.640927 61.599586
v -44.985819 0.759965 61.599586
v -44.952029 1.640927 61.567856
v -44.952029 0.759965 61.567856
v -44.989829 1.640927 61.608109
v -44.989829 0.759965 61.608109
v -45.150435 1.119965 61.576576
v -45.150435 1.640927 61.576576
v -44.943272 1.640927 61.564384
v -44.943272 0.759965 61.564384
v -44.992739 1.640927 61.617065
v -44.992739 0.759965 61.617065
v -44.934149 1.640927 61.562042
v -44.934149 0.759965 61.562042
v -44.964657 1.640927 61.402122
v -44.964657 1.119965 61.402122
v -44.994504 1.640927 61.626320
v -44.994504 0.759965 61.626320
v -44.924805 1.640927 61.560867
v -44.924805 0.759965 61.560867
v -42.707265 1.119965 62.463966
v -44.995095 1.640927 61.635719
v -44.995095 0.759965 61.635719
v -45.156031 1.119965 61.605911
v -45.156031 1.640927 61.605911
v -44.915387 1.640927 61.560867
v -44.915387 0.759965 61.560867
v -44.994504 1.640927 61.645119
v -44.994504 0.759965 61.645119
v -44.935029 1.640927 61.398376
v -44.935029 1.119965 61.398376
v -44.906043 1.640927 61.562042
v -44.906043 0.759965 61.562042
v -44.992739 1.640927 61.654366
v -44.992739 0.759965 61.654366
v -44.896918 1.640927 61.564384
v -44.896920 0.759965 61.564384
v -45.157906 1.119965 61.635719
v -45.157906 1.640927 61.635719
v -44.989829 1.640927 61.663330
v -44.989829 0.759965 61.663330
v -44.888161 1.640927 61.567856
v -44.888161 0.759965 61.567856
v -44.905163 1.640927 61.398376
v -44.905163 1.119965 61.398376
v -44.985819 1.640927 61.671852
v -44.985819 0.759965 61.671852
v -44.879908 1.640927 61.572395
v -44.879908 0.759965 61.572395
v -44.980773 1.640927 61.679802
v -44.980773 0.759965 61.679802
v -45.156031 1.119965 61.665520
v -45.156031 1.640927 61.665520
v -44.872288 1.640927 61.577927
v -44.872288 0.759965 61.577927
v -44.974768 1.640927 61.687057
v -44.974768 0.759965 61.687057
v -44.875535 1.640927 61.402122
v -44.875535 1.119965 61.402122
v -44.865424 1.640927 61.584373
v -44.865424 0.759965 61.584373
v -44.967902 1.640927 61.693504
v -44.967902 0.759965 61.693504
v -44.859419 1.640927 61.591637
v -44.859419 0.759965 61.591637
v -45.150435 1.119965 61.694855
v -45.150435 1.640927 61.694855
v -44.960282 1.640927 61.699043
v -44.960282 0.759965 61.699043
v -44.854373 1.640927 61.599586
v -44.854373 0.759965 61.599586
v -44.846608 1.640927 61.409546
v -44.846608 1.119965 61.409546
v -44.952029 1.640927 61.703583
v -44.952029 0.759965 61.703583
v -44.850361 1.640927 61.608109
v -44.850361 0.759965 61.608109
v -44.943272 1.640927 61.707047
v -44.943272 0.759965 61.707047
v -45.141205 1.119965 61.723259
v -45.141205 1.640927 61.723259
v -44.847451 1.640927 61.617065
v -44.847451 0.759965 61.617065
v -44.934149 1.640927 61.709389
v -44.934149 0.759965 61.709389
v -44.845687 1.640927 61.626320
v -44.845687 0.759965 61.626320
v -44.924805 1.640927 61.710571
v -44.924805 0.759965 61.710571
v -44.818841 1.640927 61.420540
v -44.818841 1.119965 61.420540
v -44.845095 1.640927 61.635719
v -44.845095 0.759965 61.635719
v -44.915387 1.640927 61.710571
v -44.915387 0.759965 61.710571
v -44.845687 1.640927 61.645119
v -44.845687 0.759965 61.645119
v -44.906043 1.640927 61.709389
v -44.906043 0.759965 61.709389
v -45.128491 1.119965 61.750282
v -45.128491 1.640927 61.750282
v -44.847453 1.640927 61.654366
v -44.847453 0.759965 61.654366
v -44.896918 1.640927 61.707047
v -44.896920 0.759965 61.707047
v -44.850361 1.640927 61.663330
v -44.850361 0.759965 61.663330
v -44.888161 1.640927 61.703583
v -44.888161 0.759965 61.703583
v -44.854373 1.640927 61.671852
v -44.854373 0.759965 61.671852
v -44.879908 1.640927 61.699043
v -44.879908 0.759965 61.699043
v -44.859419 1.640927 61.679802
v -44.859419 0.759965 61.679802
v -44.872288 1.640927 61.693504
v -44.872288 0.759965 61.693504
v -44.865424 1.640927 61.687057
v -44.865424 0.759965 61.687057
v -44.792670 1.640927 61.434929
v -44.792670 1.119965 61.434929
v -45.112488 1.119965 61.775497
v -45.112488 1.640927 61.775497
v -44.768510 1.640927 61.452484
v -44.768510 1.119965 61.452484
v -45.093451 1.119965 61.798508
v -45.093451 1.640927 61.798508
v -44.746739 1.640927 61.472923
v -44.746739 1.119965 61.472923
v -45.071681 1.119965 61.818954
v -45.071681 1.640927 61.818954
v -44.727702 1.640927 61.495934
v -44.727702 1.119965 61.495934
v -45.047520 1.119965 61.836510
v -45.047520 1.640927 61.836510
v -44.711701 1.640927 61.521149
v -44.711701 1.119965 61.521149
v -45.021350 1.119965 61.850891
v -45.021350 1.640927 61.850891
v -44.698985 1.640927 61.548172
v -44.698985 1.119965 61.548172
v -44.993582 1.119965 61.861885
v -44.993582 1.640927 61.861885
v -44.689757 1.640927 61.576576
v -44.689757 1.119965 61.576576
v -44.964657 1.119965 61.869316
v -44.964657 1.640927 61.869316
v -44.684161 1.640927 61.605911
v -44.684161 1.119965 61.605911
v -44.935029 1.119965 61.873062
v -44.935029 1.640927 61.873062
v -44.682286 1.640927 61.635719
v -44.682286 1.119965 61.635719
v -44.905163 1.119965 61.873062
v -44.905163 1.640927 61.873062
v -44.684161 1.640927 61.665520
v -44.684161 1.119965 61.665520
v -44.875535 1.119965 61.869316
v -44.875535 1.640927 61.869316
v -44.689757 1.640927 61.694855
v -44.689757 1.119965 61.694855
v -44.846608 1.119965 61.861885
v -44.846608 1.640927 61.861885
v -44.698985 1.640927 61.723259
v -44.698985 1.119965 61.723259
v -44.818841 1.119965 61.850891
v -44.818841 1.640927 61.850891
v -44.711701 1.640927 61.750282
v -44.711701 1.119965 61.750282
v -44.792670 1.119965 61.836510
v -44.792670 1.640927 61.836510
v -44.727702 1.640927 61.775497
v -44.727702 1.119965 61.775497
v -44.768510 1.119965 61.818954
v -44.768510 1.640927 61.818954
v -44.746739 1.640927 61.798508
v -44.746739 1.119965 61.798508
v -43.183224 1.119965 61.472923
v -43.183224 1.640927 61.472923
v -43.161454 1.640927 61.452484
v -43.161454 1.119965 61.452484
v -43.202260 1.119965 61.495934
v -43.202260 1.640927 61.495934
v -43.137293 1.640927 61.434929
v -43.137293 1.119965 61.434929
v -43.218262 1.119965 61.521149
v -43.218262 1.640927 61.521149
v -43.111123 1.640927 61.420540
v -43.111123 1.119965 61.420540
v -43.230979 1.119965 61.548172
v -43.230979 1.640927 61.548172
v -43.083356 1.640927 61.409546
v -43.083356 1.119965 61.409546
v -43.057675 1.640927 61.577927
v -43.064540 1.640927 61.584373
v -43.064540 0.759965 61.584373
v -43.057675 0.759965 61.577927
v -43.070544 1.640927 61.591637
v -43.070544 0.759965 61.591637
v -43.050055 1.640927 61.572395
v -43.050055 0.759965 61.572395
v -43.075591 1.640927 61.599586
v -43.075591 0.759965 61.599586
v -43.041802 1.640927 61.567856
v -43.041800 0.759965 61.567856
v -43.079602 1.640927 61.608109
v -43.079600 0.759965 61.608109
v -43.240206 1.119965 61.576576
v -43.240206 1.640927 61.576576
v -43.033045 1.640927 61.564384
v -43.033044 0.759965 61.564384
v -43.082511 1.640927 61.617065
v -43.082511 0.759965 61.617065
v -43.023921 1.640927 61.562042
v -43.023921 0.759965 61.562042
v -43.054429 1.640927 61.402122
v -43.054429 1.119965 61.402122
v -43.084277 1.640927 61.626320
v -43.084277 0.759965 61.626320
v -43.014577 1.640927 61.560867
v -43.014577 0.759965 61.560867
v -43.084868 1.640927 61.635719
v -43.084868 0.759965 61.635719
v -43.245803 1.119965 61.605911
v -43.245803 1.640927 61.605911
v -43.005158 1.640927 61.560867
v -43.005158 0.759965 61.560867
v -43.084277 1.640927 61.645119
v -43.084277 0.759965 61.645119
v -43.024800 1.640927 61.398376
v -43.024800 1.119965 61.398376
v -42.995814 1.640927 61.562042
v -42.995814 0.759965 61.562042
v -43.082511 1.640927 61.654366
v -43.082511 0.759965 61.654366
v -42.986691 1.640927 61.564384
v -42.986691 0.759965 61.564384
v -43.247677 1.119965 61.635719
v -43.247677 1.640927 61.635719
v -43.079602 1.640927 61.663330
v -43.079600 0.759965 61.663330
v -42.977934 1.640927 61.567856
v -42.977934 0.759965 61.567856
v -42.994935 1.640927 61.398376
v -42.994935 1.119965 61.398376
v -43.075591 1.640927 61.671852
v -43.075591 0.759965 61.671852
v -42.969681 1.640927 61.572395
v -42.969681 0.759965 61.572395
v -43.070544 1.640927 61.679802
v -43.070544 0.759965 61.679802
v -43.245803 1.119965 61.665520
v -43.245803 1.640927 61.665520
v -42.962062 1.640927 61.577927
v -42.962062 0.759965 61.577927
v -43.064540 1.640927 61.687057
v -43.064540 0.759965 61.687057
v -42.965306 1.640927 61.402122
v -42.965306 1.119965 61.402122
v -42.955195 1.640927 61.584373
v -42.955195 0.759965 61.584373
v -43.057675 1.640927 61.693504
v -43.057675 0.759965 61.693504
v -42.949193 1.640927 61.591637
v -42.949191 0.759965 61.591637
v -43.240206 1.119965 61.694855
v -43.240206 1.640927 61.694855
v -43.050055 1.640927 61.699043
v -43.050055 0.759965 61.699043
v -42.944144 1.640927 61.599586
v -42.944144 0.759965 61.599586
v -42.936381 1.640927 61.409546
v -42.936381 1.119965 61.409546
v -43.041802 1.640927 61.703583
v -43.041800 0.759965 61.703583
v -42.940135 1.640927 61.608109
v -42.940135 0.759965 61.608109
v -43.033045 1.640927 61.707047
v -43.033044 0.759965 61.707047
v -43.230979 1.119965 61.723259
v -43.230979 1.640927 61.723259
v -42.937224 1.640927 61.617065
v -42.937224 0.759965 61.617065
v -43.023921 1.640927 61.709389
v -43.023921 0.759965 61.709389
v -42.935460 1.640927 61.626320
v -42.935460 0.759965 61.626320
v -43.014577 1.640927 61.710571
v -43.014577 0.759965 61.710571
v -42.908614 1.640927 61.420540
v -42.908614 1.119965 61.420540
v -42.934868 1.640927 61.635719
v -42.934868 0.759965 61.635719
v -43.005158 1.640927 61.710571
v -43.005158 0.759965 61.710571
v -42.935460 1.640927 61.645119
v -42.935460 0.759965 61.645119
v -42.995814 1.640927 61.709389
v -42.995814 0.759965 61.709389
v -43.218262 1.119965 61.750282
v -43.218262 1.640927 61.750282
v -42.937224 1.640927 61.654366
v -42.937224 0.759965 61.654366
v -42.986691 1.640927 61.707047
v -42.986691 0.759965 61.707047
v -42.940135 1.640927 61.663330
v -42.940135 0.759965 61.663330
v -42.977934 1.640927 61.703583
v -42.977934 0.759965 61.703583
v -42.944144 1.640927 61.671852
v -42.944144 0.759965 61.671852
v -42.969681 1.640927 61.699043
v -42.969681 0.759965 61.699043
v -42.949193 1.640927 61.679802
v -42.949191 0.759965 61.679802
v -42.962062 1.640927 61.693504
v -42.962062 0.759965 61.693504
v -42.955195 1.640927 61.687057
v -42.955195 0.759965 61.687057
v -42.882443 1.640927 61.434929
v -42.882443 1.119965 61.434929
v -43.202260 1.119965 61.775497
v -43.202260 1.640927 61.775497
v -42.858283 1.640927 61.452484
v -42.858283 1.119965 61.452484
v -43.183224 1.119965 61.798508
v -43.183224 1.640927 61.798508
v -42.836512 1.640927 61.472923
v -42.836512 1.119965 61.472923
v -43.161454 1.119965 61.818954
v -43.161454 1.640927 61.818954
v -42.817475 1.640927 61.495934
v -42.817475 1.119965 61.495934
v -43.137293 1.119965 61.836510
v -43.137293 1.640927 61.836510
v -42.801472 1.640927 61.521149
v -42.801472 1.119965 61.521149
v -43.111123 1.119965 61.850891
v -43.111123 1.640927 61.850891
v -42.788756 1.640927 61.548172
v -42.788756 1.119965 61.548172
v -43.083356 1.119965 61.861885
v -43.083356 1.640927 61.861885
v -42.779528 1.640927 61.576576
v -42.779528 1.119965 61.576576
v -43.054429 1.119965 61.869316
v -43.054429 1.640927 61.869316
v -42.773932 1.640927 61.605911
v -42.773932 1.119965 61.605911
v -43.024800 1.119965 61.873062
v -43.024800 1.640927 61.873062
v -42.772057 1.640927 61.635719
v -42.772057 1.119965 61.635719
v -42.994935 1.119965 61.873062
v -42.994935 1.640927 61.873062
v -42.773932 1.640927 61.665520
v -42.773932 1.119965 61.665520
v -42.965306 1.119965 61.869316
v -42.965306 1.640927 61.869316
v -42.779528 1.640927 61.694855
v -42.779528 1.119965 61.694855
v -42.936381 1.119965 61.861885
v -42.936381 1.640927 61.861885
v -42.788758 1.640927 61.723259
v -42.788758 1.119965 61.723259
v -42.908614 1.119965 61.850891
v -42.908614 1.640927 61.850891
v -42.801472 1.640927 61.750282
v -42.801472 1.119965 61.750282
v -42.882443 1.119965 61.836510
v -42.882443 1.640927 61.836510
v -42.817475 1.640927 61.775497
v -42.817475 1.119965 61.775497
v -42.858283 1.119965 61.818954
v -42.858283 1.640927 61.818954
v -42.836512 1.640927 61.798508
v -42.836512 1.119965 61.798508
vt 0.375000 0.078296
vt 0.375000 0.125000
vt 0.250000 0.125000
vt 0.250000 0.078296
vt 0.500000 0.078296
vt 0.500000 0.125000
vt 0.375000 0.250000
vt 0.250000 0.250000
vt 0.500000 0.250000
vt 0.100000 0.629277
vt 0.120000 0.629277
vt 0.120000 0.386026
vt 0.100000 0.386026
vt 0.080000 0.629277
vt 0.080000 0.386026
vt 0.140000 0.629277
vt 0.140000 0.386026
vt 0.060000 0.629277
vt 0.060000 0.386026
vt 0.160000 0.629277
vt 0.160000 0.386026
vt 0.040000 0.629277
vt 0.040000 0.386026
vt 0.180000 0.629277
vt 0.180000 0.386026
vt 0.020000 0.629277
vt 0.020000 0.386026
vt 0.200000 0.629277
vt 0.200000 0.386026
vt -0.000000 0.629277
vt -0.000000 0.386026
vt 0.220000 0.629277
vt 0.220000 0.386026
vt 0.980000 0.629277
vt 1.000000 0.629277
vt 1.000000 0.386026
vt 0.980000 0.386026
vt 0.960000 0.629277
vt 0.960000 0.386026
vt 0.240000 0.629277
vt 0.260000 0.629277
vt 0.260000 0.386026
vt 0.240000 0.386026
vt 0.940000 0.629277
vt 0.940000 0.386026
vt 0.280000 0.629277
vt 0.280000 0.386026
vt 0.920000 0.629277
vt 0.920000 0.386026
vt 0.300000 0.629277
vt 0.300000 0.386026
vt 0.900000 0.629277
vt 0.900000 0.386026
vt 0.320000 0.629277
vt 0.320000 0.386026
vt 0.625000 0.078296
vt 0.625000 0.125000
vt 0.880000 0.629277
vt 0.880000 0.386026
vt 0.340000 0.629277
vt 0.340000 0.386026
vt 0.860000 0.629277
vt 0.860000 0.386026
vt 0.360000 0.629277
vt 0.360000 0.386026
vt 0.840000 0.629277
vt 0.840000 0.386026
vt 0.380000 0.629277
vt 0.380000 0.386026
vt 0.820000 0.629277
vt 0.820000 0.386026
vt 0.400000 0.629277
vt 0.400000 0.386026
vt 0.800000 0.629277
vt 0.800000 0.386026
vt 0.420000 0.629277
vt 0.420000 0.386026
vt 0.780000 0.629277
vt 0.780000 0.386026
vt 0.440000 0.629277
vt 0.440000 0.386026
vt 0.625000 0.250000
vt 0.760000 0.629277
vt 0.760000 0.386026
vt 0.460000 0.629277
vt 0.460000 0.386026
vt 0.740000 0.629277
vt 0.740000 0.386026
vt 0.480000 0.629277
vt 0.480000 0.386026
vt 0.500000 0.629277
vt 0.500000 0.386026
vt 0.700000 0.629277
vt 0.720000 0.629277
vt 0.720000 0.386026
vt 0.700000 0.386026
vt 0.520000 0.629277
vt 0.520000 0.386026
vt 0.680000 0.629277
vt 0.680000 0.386026
vt 0.540000 0.629277
vt 0.540000 0.386026
vt 0.660000 0.629277
vt 0.660000 0.386026
vt 0.560000 0.629277
vt 0.560000 0.386026
vt 0.640000 0.629277
vt 0.640000 0.386026
vt 0.580000 0.629277
vt 0.580000 0.386026
vt 0.620000 0.629277
vt 0.620000 0.386026
vt 0.600000 0.629277
vt 0.600000 0.386026
vt 0.750000 0.078296
vt 0.750000 0.125000
vt 0.750000 0.250000
vt 0.125000 0.125000
vt 0.125000 0.078296
vt 0.125000 0.250000
vt 0.875000 0.078296
vt 0.875000 0.125000
vt 0.875000 0.250000
vt 0.375000 0.671703
vt 0.375000 0.625000
vt 0.500000 0.625000
vt 0.500000 0.671703
vt 0.375000 0.500000
vt 0.500000 0.500000
vt 0.625000 0.625000
vt 0.625000 0.671703
vt 0.625000 0.500000
vt 0.375000 0.078296
vt 0.375000 0.125000
vt 0.250000 0.125000
vt 0.250000 0.078296
vt 0.500000 0.078296
vt 0.500000 0.125000
vt 0.375000 0.250000
vt 0.250000 0.250000
vt 0.500000 0.250000
vt 0.100000 0.629277
vt 0.120000 0.629277
vt 0.120000 0.386026
vt 0.100000 0.386026
vt 0.080000 0.629277
vt 0.080000 0.386026
vt 0.140000 0.629277
vt 0.140000 0.386026
vt 0.060000 0.629277
vt 0.060000 0.386026
vt 0.160000 0.629277
vt 0.160000 0.386026
vt 0.040000 0.629277
vt 0.040000 0.386026
vt 0.180000 0.629277
vt 0.180000 0.386026
vt 0.020000 0.629277
vt 0.020000 0.386026
vt 0.200000 0.629277
vt 0.200000 0.386026
vt -0.000000 0.629277
vt -0.000000 0.386026
vt 0.220000 0.629277
vt 0.220000 0.386026
vt 0.980000 0.629277
vt 1.000000 0.629277
vt 1.000000 0.386026
vt 0.980000 0.386026
vt 0.960000 0.629277
vt 0.960000 0.386026
vt 0.240000 0.629277
vt 0.260000 0.629277
vt 0.260000 0.386026
vt 0.240000 0.386026
vt 0.940000 0.629277
vt 0.940000 0.386026
vt 0.280000 0.629277
vt 0.280000 0.386026
vt 0.920000 0.629277
vt 0.920000 0.386026
vt 0.300000 0.629277
vt 0.300000 0.386026
vt 0.900000 0.629277
vt 0.900000 0.386026
vt 0.320000 0.629277
vt 0.320000 0.386026
vt 0.880000 0.629277
vt 0.880000 0.386026
vt 0.340000 0.629277
vt 0.340000 0.386026
vt 0.860000 0.629277
vt 0.860000 0.386026
vt 0.360000 0.629277
vt 0.360000 0.386026
vt 0.840000 0.629277
vt 0.840000 0.386026
vt 0.625000 0.078296
vt 0.625000 0.125000
vt 0.380000 0.629277
vt 0.380000 0.386026
vt 0.820000 0.629277
vt 0.820000 0.386026
vt 0.400000 0.629277
vt 0.400000 0.386026
vt 0.800000 0.629277
vt 0.800000 0.386026
vt 0.420000 0.629277
vt 0.420000 0.386026
vt 0.780000 0.629277
vt 0.780000 0.386026
vt 0.440000 0.629277
vt 0.440000 0.386026
vt 0.760000 0.629277
vt 0.760000 0.386026
vt 0.460000 0.629277
vt 0.460000 0.386026
vt 0.740000 0.629277
vt 0.740000 0.386026
vt 0.480000 0.629277
vt 0.480000 0.386026
vt 0.500000 0.629277
vt 0.500000 0.386026
vt 0.625000 0.250000
vt 0.700000 0.629277
vt 0.720000 0.629277
vt 0.720000 0.386026
vt 0.700000 0.386026
vt 0.520000 0.629277
vt 0.520000 0.386026
vt 0.680000 0.629277
vt 0.680000 0.386026
vt 0.540000 0.629277
vt 0.540000 0.386026
vt 0.660000 0.629277
vt 0.660000 0.386026
vt 0.560000 0.629277
vt 0.560000 0.386026
vt 0.640000 0.629277
vt 0.640000 0.386026
vt 0.580000 0.629277
vt 0.580000 0.386026
vt 0.620000 0.629277
vt 0.620000 0.386026
vt 0.600000 0.629277
vt 0.600000 0.386026
vt 0.750000 0.078296
vt 0.750000 0.125000
vt 0.750000 0.250000
vt 0.125000 0.125000
vt 0.125000 0.078296
vt 0.125000 0.250000
vt 0.875000 0.078296
vt 0.875000 0.125000
vt 0.875000 0.250000
vt 0.375000 0.671703
vt 0.375000 0.625000
vt 0.500000 0.625000
vt 0.500000 0.671703
vt 0.375000 0.500000
vt 0.500000 0.500000
vt 0.625000 0.000000
vt 0.875000 0.000000
vt 0.875000 0.250000
vt 0.625000 0.250000
vt 0.625000 0.625000
vt 0.625000 0.671703
vt 0.625000 0.500000
vt 0.375000 0.078296
vt 0.375000 0.125000
vt 0.250000 0.125000
vt 0.250000 0.078296
vt 0.500000 0.078296
vt 0.500000 0.125000
vt 0.375000 0.250000
vt 0.250000 0.250000
vt 0.500000 0.250000
vt 0.500000 0.671703
vt 0.500000 0.625000
vt 0.625000 0.625000
vt 0.625000 0.671703
vt 0.100000 0.629277
vt 0.120000 0.629277
vt 0.120000 0.386026
vt 0.100000 0.386026
vt 0.080000 0.629277
vt 0.080000 0.386026
vt 0.140000 0.629277
vt 0.140000 0.386026
vt 0.060000 0.629277
vt 0.060000 0.386026
vt 0.160000 0.629277
vt 0.160000 0.386026
vt 0.040000 0.629277
vt 0.040000 0.386026
vt 0.180000 0.629277
vt 0.180000 0.386026
vt 0.020000 0.629277
vt 0.020000 0.386026
vt 0.200000 0.629277
vt 0.200000 0.386026
vt -0.000000 0.629277
vt -0.000000 0.386026
vt 0.220000 0.629277
vt 0.220000 0.386026
vt 0.980000 0.629277
vt 1.000000 0.629277
vt 1.000000 0.386026
vt 0.980000 0.386026
vt 0.960000 0.629277
vt 0.960000 0.386026
vt 0.240000 0.629277
vt 0.260000 0.629277
vt 0.260000 0.386026
vt 0.240000 0.386026
vt 0.940000 0.629277
vt 0.940000 0.386026
vt 0.280000 0.629277
vt 0.280000 0.386026
vt 0.920000 0.629277
vt 0.920000 0.386026
vt 0.300000 0.629277
vt 0.300000 0.386026
vt 0.900000 0.629277
vt 0.900000 0.386026
vt 0.500000 0.500000
vt 0.625000 0.500000
vt 0.320000 0.629277
vt 0.320000 0.386026
vt 0.880000 0.629277
vt 0.880000 0.386026
vt 0.340000 0.629277
vt 0.340000 0.386026
vt 0.860000 0.629277
vt 0.860000 0.386026
vt 0.360000 0.629277
vt 0.360000 0.386026
vt 0.840000 0.629277
vt 0.840000 0.386026
vt 0.625000 0.078296
vt 0.625000 0.125000
vt 0.380000 0.629277
vt 0.380000 0.386026
vt 0.820000 0.629277
vt 0.820000 0.386026
vt 0.400000 0.629277
vt 0.400000 0.386026
vt 0.800000 0.629277
vt 0.800000 0.386026
vt 0.420000 0.629277
vt 0.420000 0.386026
vt 0.780000 0.629277
vt 0.780000 0.386026
vt 0.440000 0.629277
vt 0.440000 0.386026
vt 0.760000 0.629277
vt 0.760000 0.386026
vt 0.460000 0.629277
vt 0.460000 0.386026
vt 0.740000 0.629277
vt 0.740000 0.386026
vt 0.480000 0.629277
vt 0.480000 0.386026
vt 0.500000 0.629277
vt 0.500000 0.386026
vt 0.625000 0.250000
vt 0.700000 0.629277
vt 0.720000 0.629277
vt 0.720000 0.386026
vt 0.700000 0.386026
vt 0.520000 0.629277
vt 0.520000 0.386026
vt 0.680000 0.629277
vt 0.680000 0.386026
vt 0.540000 0.629277
vt 0.540000 0.386026
vt 0.660000 0.629277
vt 0.660000 0.386026
vt 0.560000 0.629277
vt 0.560000 0.386026
vt 0.640000 0.629277
vt 0.640000 0.386026
vt 0.580000 0.629277
vt 0.580000 0.386026
vt 0.620000 0.629277
vt 0.620000 0.386026
vt 0.600000 0.629277
vt 0.600000 0.386026
vt 0.375000 0.671703
vt 0.375000 0.625000
vt 0.375000 0.500000
vt 0.750000 0.078296
vt 0.750000 0.125000
vt 0.875000 0.078296
vt 0.875000 0.125000
vt 0.750000 0.125000
vt 0.750000 0.078296
vt 0.750000 0.250000
vt 0.125000 0.125000
vt 0.125000 0.078296
vt 0.875000 0.250000
vt 0.750000 0.250000
vt 0.125000 0.250000
vt 0.250000 0.078296
vt 0.250000 0.125000
vt 0.125000 0.125000
vt 0.125000 0.078296
vt 0.875000 0.078296
vt 0.875000 0.125000
vt 0.250000 0.250000
vt 0.125000 0.250000
vt 0.100000 0.629277
vt 0.120000 0.629277
vt 0.120000 0.386026
vt 0.100000 0.386026
vt 0.080000 0.629277
vt 0.080000 0.386026
vt 0.140000 0.629277
vt 0.140000 0.386026
vt 0.060000 0.629277
vt 0.060000 0.386026
vt 0.160000 0.629277
vt 0.160000 0.386026
vt 0.040000 0.629277
vt 0.040000 0.386026
vt 0.180000 0.629277
vt 0.180000 0.386026
vt 0.020000 0.629277
vt 0.020000 0.386026
vt 0.200000 0.629277
vt 0.200000 0.386026
vt -0.000000 0.629277
vt -0.000000 0.386026
vt 0.220000 0.629277
vt 0.220000 0.386026
vt 0.980000 0.629277
vt 1.000000 0.629277
vt 1.000000 0.386026
vt 0.980000 0.386026
vt 0.960000 0.629277
vt 0.960000 0.386026
vt 0.625000 0.125000
vt 0.625000 0.078296
vt 0.240000 0.629277
vt 0.260000 0.629277
vt 0.260000 0.386026
vt 0.240000 0.386026
vt 0.875000 0.250000
vt 0.940000 0.629277
vt 0.940000 0.386026
vt 0.280000 0.629277
vt 0.280000 0.386026
vt 0.920000 0.629277
vt 0.920000 0.386026
vt 0.300000 0.629277
vt 0.300000 0.386026
vt 0.900000 0.629277
vt 0.900000 0.386026
vt 0.320000 0.629277
vt 0.320000 0.386026
vt 0.880000 0.629277
vt 0.880000 0.386026
vt 0.340000 0.629277
vt 0.340000 0.386026
vt 0.860000 0.629277
vt 0.860000 0.386026
vt 0.360000 0.629277
vt 0.360000 0.386026
vt 0.840000 0.629277
vt 0.840000 0.386026
vt 0.625000 0.250000
vt 0.380000 0.629277
vt 0.380000 0.386026
vt 0.820000 0.629277
vt 0.820000 0.386026
vt 0.400000 0.629277
vt 0.400000 0.386026
vt 0.375000 0.671703
vt 0.375000 0.625000
vt 0.500000 0.625000
vt 0.500000 0.671703
vt 0.800000 0.629277
vt 0.800000 0.386026
vt 0.420000 0.629277
vt 0.420000 0.386026
vt 0.780000 0.629277
vt 0.780000 0.386026
vt 0.440000 0.629277
vt 0.440000 0.386026
vt 0.760000 0.629277
vt 0.760000 0.386026
vt 0.460000 0.629277
vt 0.460000 0.386026
vt 0.740000 0.629277
vt 0.740000 0.386026
vt 0.480000 0.629277
vt 0.480000 0.386026
vt 0.500000 0.629277
vt 0.500000 0.386026
vt 0.700000 0.629277
vt 0.720000 0.629277
vt 0.720000 0.386026
vt 0.700000 0.386026
vt 0.520000 0.629277
vt 0.520000 0.386026
vt 0.680000 0.629277
vt 0.680000 0.386026
vt 0.540000 0.629277
vt 0.540000 0.386026
vt 0.660000 0.629277
vt 0.660000 0.386026
vt 0.100000 0.550184
vt 0.120000 0.550184
vt 0.120000 0.378756
vt 0.100000 0.378756
vt 0.080000 0.550184
vt 0.080000 0.378756
vt 0.140000 0.550184
vt 0.140000 0.378756
vt 0.560000 0.629277
vt 0.560000 0.386026
vt 0.060000 0.550184
vt 0.060000 0.378756
vt 0.375000 0.500000
vt 0.500000 0.500000
vt 0.640000 0.629277
vt 0.640000 0.386026
vt 0.160000 0.550184
vt 0.160000 0.378756
vt 0.580000 0.629277
vt 0.580000 0.386026
vt 0.040000 0.550184
vt 0.040000 0.378756
vt 0.620000 0.629277
vt 0.620000 0.386026
vt 0.600000 0.629277
vt 0.600000 0.386026
vt 0.180000 0.550184
vt 0.180000 0.378756
vt 0.020000 0.550184
vt 0.020000 0.378756
vt 0.200000 0.550184
vt 0.200000 0.378756
vt -0.000000 0.550184
vt -0.000000 0.378756
vt 0.220000 0.550184
vt 0.220000 0.378756
vt 0.980000 0.550184
vt 1.000000 0.550184
vt 1.000000 0.378756
vt 0.980000 0.378756
vt 0.240000 0.550184
vt 0.240000 0.378756
vt 0.960000 0.550184
vt 0.960000 0.378756
vt 0.260000 0.550184
vt 0.260000 0.378756
vt 0.940000 0.550184
vt 0.940000 0.378756
vt 0.280000 0.550184
vt 0.280000 0.378756
vt 0.920000 0.550184
vt 0.920000 0.378756
vt 0.300000 0.550184
vt 0.300000 0.378756
vt 0.900000 0.550184
vt 0.900000 0.378756
vt 0.320000 0.550184
vt 0.320000 0.378756
vt 0.880000 0.550184
vt 0.880000 0.378756
vt 0.340000 0.550184
vt 0.340000 0.378756
vt 0.860000 0.550184
vt 0.860000 0.378756
vt 0.360000 0.550184
vt 0.360000 0.378756
vt 0.500000 0.125000
vt 0.500000 0.078296
vt 0.840000 0.550184
vt 0.840000 0.378756
vt 0.380000 0.550184
vt 0.380000 0.378756
vt 0.820000 0.550184
vt 0.820000 0.378756
vt 0.400000 0.550184
vt 0.400000 0.378756
vt 0.800000 0.550184
vt 0.800000 0.378756
vt 0.420000 0.550184
vt 0.420000 0.378756
vt 0.780000 0.550184
vt 0.780000 0.378756
vt 0.440000 0.550184
vt 0.440000 0.378756
vt 0.760000 0.550184
vt 0.760000 0.378756
vt 0.460000 0.550184
vt 0.460000 0.378756
vt 0.740000 0.550184
vt 0.740000 0.378756
vt 0.480000 0.550184
vt 0.480000 0.378756
vt 0.500000 0.250000
vt 0.720000 0.550184
vt 0.720000 0.378756
vt 0.500000 0.550184
vt 0.500000 0.378756
vt 0.700000 0.550184
vt 0.700000 0.378756
vt 0.520000 0.550184
vt 0.520000 0.378756
vt 0.680000 0.550184
vt 0.680000 0.378756
vt 0.540000 0.550184
vt 0.540000 0.378756
vt 0.660000 0.550184
vt 0.660000 0.378756
vt 0.560000 0.550184
vt 0.560000 0.378756
vt 0.640000 0.550184
vt 0.640000 0.378756
vt 0.580000 0.550184
vt 0.580000 0.378756
vt 0.620000 0.550184
vt 0.620000 0.378756
vt 0.600000 0.550184
vt 0.600000 0.378756
vt 0.625000 0.625000
vt 0.625000 0.671703
vt 0.625000 0.500000
vt 0.375000 0.125000
vt 0.375000 0.078296
vt 0.375000 0.250000
vt 0.375000 0.078296
vt 0.375000 0.125000
vt 0.250000 0.125000
vt 0.250000 0.078296
vt 0.500000 0.078296
vt 0.500000 0.125000
vt 0.375000 0.250000
vt 0.250000 0.250000
vt 0.500000 0.250000
vt 0.500000 0.671703
vt 0.500000 0.625000
vt 0.625000 0.625000
vt 0.625000 0.671703
vt 0.100000 0.629277
vt 0.120000 0.629277
vt 0.120000 0.386026
vt 0.100000 0.386026
vt 0.080000 0.629277
vt 0.080000 0.386026
vt 0.140000 0.629277
vt 0.140000 0.386026
vt 0.060000 0.629277
vt 0.060000 0.386026
vt 0.160000 0.629277
vt 0.160000 0.386026
vt 0.040000 0.629277
vt 0.040000 0.386026
vt 0.180000 0.629277
vt 0.180000 0.386026
vt 0.020000 0.629277
vt 0.020000 0.386026
vt 0.200000 0.629277
vt 0.200000 0.386026
vt -0.000000 0.629277
vt -0.000000 0.386026
vt 0.220000 0.629277
vt 0.220000 0.386026
vt 0.980006 0.629277
vt 1.000000 0.629277
vt 1.000000 0.386026
vt 0.980000 0.386026
vt 0.960000 0.629277
vt 0.960000 0.386026
vt 0.240000 0.629277
vt 0.260000 0.629277
vt 0.260000 0.386026
vt 0.240000 0.386026
vt 0.940000 0.629277
vt 0.940000 0.386026
vt 0.500000 0.500000
vt 0.625000 0.500000
vt 0.280000 0.629277
vt 0.280000 0.386026
vt 0.920000 0.629277
vt 0.920000 0.386026
vt 0.300000 0.629277
vt 0.300000 0.386026
vt 0.900000 0.629277
vt 0.900000 0.386026
vt 0.320000 0.629277
vt 0.320000 0.386026
vt 0.880000 0.629277
vt 0.880000 0.386026
vt 0.340000 0.629277
vt 0.340000 0.386026
vt 0.860000 0.629277
vt 0.860000 0.386026
vt 0.360000 0.629277
vt 0.360000 0.386026
vt 0.840000 0.629277
vt 0.840000 0.386026
vt 0.625000 0.078296
vt 0.625000 0.125000
vt 0.380000 0.629277
vt 0.380000 0.386026
vt 0.820000 0.629277
vt 0.820000 0.386026
vt 0.400000 0.629277
vt 0.400000 0.386026
vt 0.800000 0.629277
vt 0.800000 0.386026
vt 0.420000 0.629277
vt 0.420000 0.386026
vt 0.780000 0.629277
vt 0.780000 0.386026
vt 0.440000 0.629277
vt 0.440000 0.386026
vt 0.760000 0.629277
vt 0.760000 0.386026
vt 0.460000 0.629277
vt 0.460000 0.386026
vt 0.740000 0.629277
vt 0.740000 0.386026
vt 0.479992 0.629277
vt 0.480000 0.386026
vt 0.500000 0.629277
vt 0.500000 0.386026
vt 0.625000 0.250000
vt 0.700000 0.629277
vt 0.720000 0.629277
vt 0.720000 0.386026
vt 0.700000 0.386026
vt 0.520000 0.629277
vt 0.520000 0.386026
vt 0.680000 0.629277
vt 0.680000 0.386026
vt 0.540000 0.629277
vt 0.540000 0.386026
vt 0.660000 0.629277
vt 0.660000 0.386026
vt 0.560000 0.629277
vt 0.560000 0.386026
vt 0.640000 0.629277
vt 0.640000 0.386026
vt 0.580000 0.629277
vt 0.580000 0.386026
vt 0.620000 0.629277
vt 0.620000 0.386026
vt 0.600000 0.629277
vt 0.600000 0.386026
vt 0.375000 0.671703
vt 0.375000 0.625000
vt 0.375000 0.500000
vt 0.750000 0.078296
vt 0.750000 0.125000
vt 0.875000 0.078296
vt 0.875000 0.125000
vt 0.750000 0.125000
vt 0.750000 0.078296
vt 0.750000 0.250000
vt 0.875000 0.250000
vt 0.750000 0.250000
vt 0.125000 0.125000
vt 0.125000 0.078296
vt 0.125000 0.250000
vt 0.250000 0.078296
vt 0.250000 0.125000
vt 0.125000 0.125000
vt 0.125000 0.078296
vt 0.100000 0.550184
vt 0.120000 0.550184
vt 0.120000 0.378756
vt 0.100000 0.378756
vt 0.080000 0.550184
vt 0.080000 0.378756
vt 0.140000 0.550184
vt 0.140000 0.378756
vt 0.060000 0.550184
vt 0.060000 0.378756
vt 0.160000 0.550184
vt 0.160000 0.378756
vt 0.040000 0.550184
vt 0.040000 0.378756
vt 0.180000 0.550184
vt 0.180000 0.378756
vt 0.020000 0.550184
vt 0.020000 0.378756
vt 0.200000 0.550184
vt 0.200000 0.378756
vt -0.000000 0.550184
vt -0.000000 0.378756
vt 0.220000 0.550184
vt 0.220000 0.378756
vt 0.980000 0.550184
vt 1.000000 0.550184
vt 1.000000 0.378756
vt 0.980000 0.378756
vt 0.240000 0.550184
vt 0.240000 0.378756
vt 0.960000 0.550184
vt 0.960000 0.378756
vt 0.260000 0.550184
vt 0.260000 0.378756
vt 0.940000 0.550184
vt 0.940000 0.378756
vt 0.100000 0.629277
vt 0.120000 0.629277
vt 0.120000 0.386026
vt 0.100000 0.386026
vt 0.080000 0.629277
vt 0.080000 0.386026
vt 0.140000 0.629277
vt 0.140000 0.386026
vt 0.280000 0.550184
vt 0.280000 0.378756
vt 0.060000 0.629277
vt 0.060000 0.386026
vt 0.160000 0.629277
vt 0.160000 0.386026
vt 0.040000 0.629277
vt 0.040000 0.386026
vt 0.920000 0.550184
vt 0.920000 0.378756
vt 0.250000 0.250000
vt 0.125000 0.250000
vt 0.180000 0.629277
vt 0.180000 0.386026
vt 0.020000 0.629277
vt 0.020000 0.386026
vt 0.300000 0.550184
vt 0.300000 0.378756
vt 0.200000 0.629277
vt 0.200000 0.386026
vt -0.000000 0.629277
vt -0.000000 0.386026
vt 0.900000 0.550184
vt 0.900000 0.378756
vt 0.220000 0.629277
vt 0.220000 0.386026
vt 0.320000 0.550184
vt 0.320000 0.378756
vt 0.980000 0.629277
vt 1.000000 0.629277
vt 1.000000 0.386026
vt 0.980000 0.386026
vt 0.875000 0.078296
vt 0.875000 0.125000
vt 0.880000 0.550184
vt 0.880000 0.378756
vt 0.960000 0.629277
vt 0.960000 0.386026
vt 0.340000 0.550184
vt 0.340000 0.378756
vt 0.240000 0.629277
vt 0.260000 0.629277
vt 0.260000 0.386026
vt 0.240000 0.386026
vt 0.860000 0.550184
vt 0.860000 0.378756
vt 0.940000 0.629277
vt 0.940000 0.386026
vt 0.280000 0.629277
vt 0.280000 0.386026
vt 0.360000 0.550184
vt 0.360000 0.378756
vt 0.920000 0.629277
vt 0.920000 0.386026
vt 0.840000 0.550184
vt 0.840000 0.378756
vt 0.300000 0.629277
vt 0.300000 0.386026
vt 0.380000 0.550184
vt 0.380000 0.378756
vt 0.900000 0.629277
vt 0.900000 0.386026
vt 0.820000 0.550184
vt 0.820000 0.378756
vt 0.625000 0.125000
vt 0.625000 0.078296
vt 0.320000 0.629277
vt 0.320000 0.386026
vt 0.400000 0.550184
vt 0.400000 0.378756
vt 0.880000 0.629277
vt 0.880000 0.386026
vt 0.800000 0.550184
vt 0.800000 0.378756
vt 0.340000 0.629277
vt 0.340000 0.386026
vt 0.420000 0.550184
vt 0.420000 0.378756
vt 0.860000 0.629277
vt 0.860000 0.386026
vt 0.780000 0.550184
vt 0.780000 0.378756
vt 0.360000 0.629277
vt 0.360000 0.386026
vt 0.440000 0.550184
vt 0.440000 0.378756
vt 0.875000 0.250000
vt 0.840000 0.629277
vt 0.840000 0.386026
vt 0.760000 0.550184
vt 0.760000 0.378756
vt 0.460000 0.550184
vt 0.460000 0.378756
vt 0.380000 0.629277
vt 0.380000 0.386026
vt 0.740000 0.550184
vt 0.740000 0.378756
vt 0.820000 0.629277
vt 0.820000 0.386026
vt 0.480000 0.550184
vt 0.480000 0.378756
vt 0.400000 0.629277
vt 0.400000 0.386026
vt 0.720000 0.550184
vt 0.720000 0.378756
vt 0.500000 0.550184
vt 0.500000 0.378756
vt 0.800000 0.629277
vt 0.800000 0.386026
vt 0.700000 0.550184
vt 0.700000 0.378756
vt 0.420000 0.629277
vt 0.420000 0.386026
vt 0.520000 0.550184
vt 0.520000 0.378756
vt 0.680000 0.550184
vt 0.680000 0.378756
vt 0.780000 0.629277
vt 0.780000 0.386026
vt 0.540000 0.550184
vt 0.540000 0.378756
vt 0.625000 0.250000
vt 0.660000 0.550184
vt 0.660000 0.378756
vt 0.440000 0.629277
vt 0.440000 0.386026
vt 0.560000 0.550184
vt 0.560000 0.378756
vt 0.640000 0.550184
vt 0.640000 0.378756
vt 0.580000 0.550184
vt 0.580000 0.378756
vt 0.760000 0.629277
vt 0.760000 0.386026
vt 0.620000 0.550184
vt 0.620000 0.378756
vt 0.600000 0.550184
vt 0.600000 0.378756
vt 0.460000 0.629277
vt 0.460000 0.386026
vt 0.740000 0.629277
vt 0.740000 0.386026
vt 0.480000 0.629277
vt 0.480000 0.386026
vt 0.500000 0.629277
vt 0.500000 0.386026
vt 0.700000 0.629277
vt 0.720000 0.629277
vt 0.720000 0.386026
vt 0.700000 0.386026
vt 0.375000 0.671703
vt 0.375000 0.625000
vt 0.500000 0.625000
vt 0.500000 0.671703
vt 0.520000 0.629277
vt 0.520000 0.386026
vt 0.680000 0.629277
vt 0.680000 0.386026
vt 0.540000 0.629277
vt 0.540000 0.386026
vt 0.660000 0.629277
vt 0.660000 0.386026
vt 0.560000 0.629277
vt 0.560000 0.386026
vt 0.640000 0.629277
vt 0.640000 0.386026
vt 0.580000 0.629277
vt 0.580000 0.386026
vt 0.620000 0.629277
vt 0.620000 0.386026
vt 0.600000 0.629277
vt 0.600000 0.386026
vt 0.375000 0.500000
vt 0.500000 0.500000
vt 0.500000 0.125000
vt 0.500000 0.078296
vt 0.500000 0.250000
vt 0.625000 0.625000
vt 0.625000 0.671703
vt 0.625000 0.500000
vt 0.375000 0.125000
vt 0.375000 0.078296
vt 0.375000 0.250000
vt 0.500000 0.671703
vt 0.500000 0.625000
vt 0.625000 0.625000
vt 0.625000 0.671703
vt 0.500000 0.500000
vt 0.625000 0.500000
vt 0.375000 0.671703
vt 0.375000 0.625000
vt 0.375000 0.500000
vt 0.875000 0.078296
vt 0.875000 0.125000
vt 0.750000 0.125000
vt 0.750000 0.078296
vt 0.875000 0.250000
vt 0.750000 0.250000
vt 0.100000 0.550184
vt 0.120000 0.550184
vt 0.120000 0.378756
vt 0.100000 0.378756
vt 0.080000 0.550184
vt 0.080000 0.378756
vt 0.140000 0.550184
vt 0.140000 0.378756
vt 0.060000 0.550184
vt 0.060000 0.378756
vt 0.160000 0.550184
vt 0.160000 0.378756
vt 0.040000 0.550184
vt 0.040000 0.378756
vt 0.180000 0.550184
vt 0.180000 0.378756
vt 0.020000 0.550184
vt 0.020000 0.378756
vt 0.200000 0.550184
vt 0.200000 0.378756
vt -0.000000 0.550184
vt -0.000000 0.378756
vt 0.220000 0.550184
vt 0.220000 0.378756
vt 0.980000 0.550184
vt 1.000000 0.550184
vt 1.000000 0.378756
vt 0.980000 0.378756
vt 0.240000 0.550184
vt 0.240000 0.378756
vt 0.960000 0.550184
vt 0.960000 0.378756
vt 0.260000 0.550184
vt 0.260000 0.378756
vt 0.940000 0.550184
vt 0.940000 0.378756
vt 0.280000 0.550184
vt 0.280000 0.378756
vt 0.920000 0.550184
vt 0.920000 0.378756
vt 0.300000 0.550184
vt 0.300000 0.378756
vt 0.900000 0.550184
vt 0.900000 0.378756
vt 0.250000 0.078296
vt 0.250000 0.125000
vt 0.125000 0.125000
vt 0.125000 0.078296
vt 0.320000 0.550184
vt 0.320000 0.378756
vt 0.880000 0.550184
vt 0.880000 0.378756
vt 0.340000 0.550184
vt 0.340000 0.378756
vt 0.860000 0.550184
vt 0.860000 0.378756
vt 0.360000 0.550184
vt 0.360000 0.378756
vt 0.840000 0.550184
vt 0.840000 0.378756
vt 0.380000 0.550184
vt 0.380000 0.378756
vt 0.820000 0.550184
vt 0.820000 0.378756
vt 0.400000 0.550184
vt 0.400000 0.378756
vt 0.800000 0.550184
vt 0.800000 0.378756
vt 0.100000 0.629277
vt 0.120000 0.629277
vt 0.120000 0.386026
vt 0.100000 0.386026
vt 0.080000 0.629277
vt 0.080000 0.386026
vt 0.420000 0.550184
vt 0.420000 0.378756
vt 0.140000 0.629277
vt 0.140000 0.386026
vt 0.060000 0.629277
vt 0.060000 0.386026
vt 0.160000 0.629277
vt 0.160000 0.386026
vt 0.040000 0.629277
vt 0.040000 0.386026
vt 0.780000 0.550184
vt 0.780000 0.378756
vt 0.250000 0.250000
vt 0.125000 0.250000
vt 0.180000 0.629277
vt 0.180000 0.386026
vt 0.020000 0.629277
vt 0.020000 0.386026
vt 0.440000 0.550184
vt 0.440000 0.378756
vt 0.200000 0.629277
vt 0.200000 0.386026
vt -0.000000 0.629277
vt -0.000000 0.386026
vt 0.760000 0.550184
vt 0.760000 0.378756
vt 0.220000 0.629277
vt 0.220000 0.386026
vt 0.460000 0.550184
vt 0.460000 0.378756
vt 0.980000 0.629277
vt 1.000000 0.629277
vt 1.000000 0.386026
vt 0.980000 0.386026
vt 0.740000 0.550184
vt 0.740000 0.378756
vt 0.480000 0.550184
vt 0.480000 0.378756
vt 0.960000 0.629277
vt 0.960000 0.386026
vt 0.720000 0.550184
vt 0.720000 0.378756
vt 0.240000 0.629277
vt 0.260000 0.629277
vt 0.260000 0.386026
vt 0.240000 0.386026
vt 0.500000 0.550184
vt 0.500000 0.378756
vt 0.940000 0.629277
vt 0.940000 0.386026
vt 0.700000 0.550184
vt 0.700000 0.378756
vt 0.280000 0.629277
vt 0.280000 0.386026
vt 0.520000 0.550184
vt 0.520000 0.378756
vt 0.680000 0.550184
vt 0.680000 0.378756
vt 0.920000 0.629277
vt 0.920000 0.386026
vt 0.540000 0.550184
vt 0.540000 0.378756
vt 0.660000 0.550184
vt 0.660000 0.378756
vt 0.300000 0.629277
vt 0.300000 0.386026
vt 0.560000 0.550184
vt 0.560000 0.378756
vt 0.640000 0.550184
vt 0.640000 0.378756
vt 0.580000 0.550184
vt 0.580000 0.378756
vt 0.620000 0.550184
vt 0.620000 0.378756
vt 0.900000 0.629277
vt 0.900000 0.386026
vt 0.600000 0.550184
vt 0.600000 0.378756
vt 0.625000 0.125000
vt 0.625000 0.078296
vt 0.320000 0.629277
vt 0.320000 0.386026
vt 0.880000 0.629277
vt 0.880000 0.386026
vt 0.340000 0.629277
vt 0.340000 0.386026
vt 0.860000 0.629277
vt 0.860000 0.386026
vt 0.360000 0.629277
vt 0.360000 0.386026
vt 0.840000 0.629277
vt 0.840000 0.386026
vt 0.380000 0.629277
vt 0.380000 0.386026
vt 0.820000 0.629277
vt 0.820000 0.386026
vt 0.400000 0.629277
vt 0.400000 0.386026
vt 0.800000 0.629277
vt 0.800000 0.386026
vt 0.420000 0.629277
vt 0.420000 0.386026
vt 0.780000 0.629277
vt 0.780000 0.386026
vt 0.625000 0.250000
vt 0.440000 0.629277
vt 0.440000 0.386026
vt 0.760000 0.629277
vt 0.760000 0.386026
vt 0.460000 0.629277
vt 0.460000 0.386026
vt 0.740000 0.629277
vt 0.740000 0.386026
vt 0.480000 0.629277
vt 0.480000 0.386026
vt 0.500000 0.629277
vt 0.500000 0.386026
vt 0.700000 0.629277
vt 0.720000 0.629277
vt 0.720000 0.386026
vt 0.700000 0.386026
vt 0.520000 0.629277
vt 0.520000 0.386026
vt 0.680000 0.629277
vt 0.680000 0.386026
vt 0.540000 0.629277
vt 0.540000 0.386026
vt 0.660000 0.629277
vt 0.660000 0.386026
vt 0.560000 0.629277
vt 0.560000 0.386026
vt 0.640000 0.629277
vt 0.640000 0.386026
vt 0.580000 0.629277
vt 0.580000 0.386026
vt 0.620000 0.629277
vt 0.620000 0.386026
vt 0.600000 0.629277
vt 0.600000 0.386026
vt 0.500000 0.125000
vt 0.500000 0.078296
vt 0.500000 0.250000
vt 0.375000 0.125000
vt 0.375000 0.078296
vt 0.375000 0.250000
vt 0.125000 0.000000
vt 0.375000 0.000000
vt 0.375000 0.250000
vt 0.125000 0.250000
vt 0.500000 0.671703
vt 0.500000 0.625000
vt 0.625000 0.625000
vt 0.625000 0.671703
vt 0.500000 0.500000
vt 0.625000 0.500000
vt 0.375000 0.671703
vt 0.375000 0.625000
vt 0.375000 0.500000
vt 0.875000 0.078296
vt 0.875000 0.125000
vt 0.750000 0.125000
vt 0.750000 0.078296
vt 0.875000 0.250000
vt 0.750000 0.250000
vt 0.100000 0.550184
vt 0.120000 0.550184
vt 0.120000 0.378756
vt 0.100000 0.378756
vt 0.080000 0.550184
vt 0.080000 0.378756
vt 0.140000 0.550184
vt 0.140000 0.378756
vt 0.060000 0.550184
vt 0.060000 0.378756
vt 0.160000 0.550184
vt 0.160000 0.378756
vt 0.040000 0.550184
vt 0.040000 0.378756
vt 0.180000 0.550184
vt 0.180000 0.378756
vt 0.020000 0.550184
vt 0.020000 0.378756
vt 0.250000 0.078296
vt 0.250000 0.125000
vt 0.125000 0.125000
vt 0.125000 0.078296
vt 0.200000 0.550184
vt 0.200000 0.378756
vt -0.000000 0.550184
vt -0.000000 0.378756
vt 0.220000 0.550184
vt 0.220000 0.378756
vt 0.980000 0.550184
vt 1.000000 0.550184
vt 1.000000 0.378756
vt 0.980000 0.378756
vt 0.240000 0.550184
vt 0.240000 0.378756
vt 0.960000 0.550184
vt 0.960000 0.378756
vt 0.260000 0.550184
vt 0.260000 0.378756
vt 0.940000 0.550184
vt 0.940000 0.378756
vt 0.280000 0.550184
vt 0.280000 0.378756
vt 0.920000 0.550184
vt 0.920000 0.378756
vt 0.300000 0.550184
vt 0.300000 0.378756
vt 0.900000 0.550184
vt 0.900000 0.378756
vt 0.320000 0.550184
vt 0.320000 0.378756
vt 0.100000 0.629277
vt 0.120000 0.629277
vt 0.120000 0.386026
vt 0.100000 0.386026
vt 0.080000 0.629277
vt 0.080000 0.386026
vt 0.140000 0.629277
vt 0.140000 0.386026
vt 0.880000 0.550184
vt 0.880000 0.378756
vt 0.060000 0.629277
vt 0.060000 0.386026
vt 0.160000 0.629277
vt 0.160000 0.386026
vt 0.040000 0.629277
vt 0.040000 0.386026
vt 0.250000 0.250000
vt 0.125000 0.250000
vt 0.180000 0.629277
vt 0.180000 0.386026
vt 0.340000 0.550184
vt 0.340000 0.378756
vt 0.020000 0.629277
vt 0.020000 0.386026
vt 0.200000 0.629277
vt 0.200000 0.386026
vt 0.860000 0.550184
vt 0.860000 0.378756
vt -0.000000 0.629277
vt -0.000000 0.386026
vt 0.360000 0.550184
vt 0.360000 0.378756
vt 0.220000 0.629277
vt 0.220000 0.386026
vt 0.979994 0.629277
vt 1.000000 0.629277
vt 1.000000 0.386026
vt 0.980000 0.386026
vt 0.840000 0.550184
vt 0.840000 0.378756
vt 0.380000 0.550184
vt 0.380000 0.378756
vt 0.960000 0.629277
vt 0.960000 0.386026
vt 0.240000 0.629277
vt 0.260000 0.629277
vt 0.260000 0.386026
vt 0.240000 0.386026
vt 0.820000 0.550184
vt 0.820000 0.378756
vt 0.940000 0.629277
vt 0.940000 0.386026
vt 0.400000 0.550184
vt 0.400000 0.378756
vt 0.280000 0.629277
vt 0.280000 0.386026
vt 0.800000 0.550184
vt 0.800000 0.378756
vt 0.920000 0.629277
vt 0.920000 0.386026
vt 0.420000 0.550184
vt 0.420000 0.378756
vt 0.300000 0.629277
vt 0.300000 0.386026
vt 0.780000 0.550184
vt 0.780000 0.378756
vt 0.900000 0.629277
vt 0.900000 0.386026
vt 0.440000 0.550184
vt 0.440000 0.378756
vt 0.625000 0.125000
vt 0.625000 0.078296
vt 0.320000 0.629277
vt 0.320000 0.386026
vt 0.760000 0.550184
vt 0.760000 0.378756
vt 0.880000 0.629277
vt 0.880000 0.386026
vt 0.460000 0.550184
vt 0.460000 0.378756
vt 0.340000 0.629277
vt 0.340000 0.386026
vt 0.740000 0.550184
vt 0.740000 0.378756
vt 0.480000 0.550184
vt 0.480000 0.378756
vt 0.860000 0.629277
vt 0.860000 0.386026
vt 0.720000 0.550184
vt 0.720000 0.378756
vt 0.360000 0.629277
vt 0.360000 0.386026
vt 0.500000 0.550184
vt 0.500000 0.378756
vt 0.700000 0.550184
vt 0.700000 0.378756
vt 0.840000 0.629277
vt 0.840000 0.386026
vt 0.520000 0.550184
vt 0.520000 0.378756
vt 0.380000 0.629277
vt 0.380000 0.386026
vt 0.680000 0.550184
vt 0.680000 0.378756
vt 0.540000 0.550184
vt 0.540000 0.378756
vt 0.820000 0.629277
vt 0.820000 0.386026
vt 0.660000 0.550184
vt 0.660000 0.378756
vt 0.560000 0.550184
vt 0.560000 0.378756
vt 0.640000 0.550184
vt 0.640000 0.378756
vt 0.580000 0.550184
vt 0.580000 0.378756
vt 0.400000 0.629277
vt 0.400000 0.386026
vt 0.620000 0.550184
vt 0.620000 0.378756
vt 0.600000 0.550184
vt 0.600000 0.378756
vt 0.800000 0.629277
vt 0.800000 0.386026
vt 0.420000 0.629277
vt 0.420000 0.386026
vt 0.780000 0.629277
vt 0.780000 0.386026
vt 0.625000 0.250000
vt 0.440000 0.629277
vt 0.440000 0.386026
vt 0.760000 0.629277
vt 0.760000 0.386026
vt 0.460000 0.629277
vt 0.460000 0.386026
vt 0.740000 0.629277
vt 0.740000 0.386026
vt 0.480008 0.629277
vt 0.480000 0.386026
vt 0.500000 0.629277
vt 0.500000 0.386026
vt 0.700000 0.629277
vt 0.720000 0.629277
vt 0.720000 0.386026
vt 0.700000 0.386026
vt 0.520000 0.629277
vt 0.520000 0.386026
vt 0.680000 0.629277
vt 0.680000 0.386026
vt 0.540000 0.629277
vt 0.540000 0.386026
vt 0.660000 0.629277
vt 0.660000 0.386026
vt 0.560000 0.629277
vt 0.560000 0.386026
vt 0.640000 0.629277
vt 0.640000 0.386026
vt 0.580000 0.629277
vt 0.580000 0.386026
vt 0.620000 0.629277
vt 0.620000 0.386026
vt 0.600000 0.629277
vt 0.600000 0.386026
vt 0.500000 0.125000
vt 0.500000 0.078296
vt 0.500000 0.250000
vt 0.375000 0.125000
vt 0.375000 0.078296
vt 0.375000 0.250000
vt 0.100000 0.550184
vt 0.120000 0.550184
vt 0.120000 0.378756
vt 0.100000 0.378756
vt 0.080000 0.550184
vt 0.080000 0.378756
vt 0.140000 0.550184
vt 0.140000 0.378756
vt 0.060000 0.550184
vt 0.060000 0.378756
vt 0.160000 0.550184
vt 0.160000 0.378756
vt 0.040000 0.550184
vt 0.040000 0.378756
vt 0.180000 0.550184
vt 0.180000 0.378756
vt 0.020000 0.550184
vt 0.020000 0.378756
vt 0.200000 0.550184
vt 0.200000 0.378756
vt -0.000000 0.550184
vt -0.000000 0.378756
vt 0.220000 0.550184
vt 0.220000 0.378756
vt 0.980000 0.550184
vt 1.000000 0.550184
vt 1.000000 0.378756
vt 0.980000 0.378756
vt 0.240000 0.550184
vt 0.240000 0.378756
vt 0.960000 0.550184
vt 0.960000 0.378756
vt 0.260000 0.550184
vt 0.260000 0.378756
vt 0.940000 0.550184
vt 0.940000 0.378756
vt 0.280000 0.550184
vt 0.280000 0.378756
vt 0.920000 0.550184
vt 0.920000 0.378756
vt 0.300000 0.550184
vt 0.300000 0.378756
vt 0.900000 0.550184
vt 0.900000 0.378756
vt 0.320000 0.550184
vt 0.320000 0.378756
vt 0.880000 0.550184
vt 0.880000 0.378756
vt 0.340000 0.550184
vt 0.340000 0.378756
vt 0.860000 0.550184
vt 0.860000 0.378756
vt 0.360000 0.550184
vt 0.360000 0.378756
vt 0.840000 0.550184
vt 0.840000 0.378756
vt 0.380000 0.550184
vt 0.380000 0.378756
vt 0.820000 0.550184
vt 0.820000 0.378756
vt 0.400000 0.550184
vt 0.400000 0.378756
vt 0.800000 0.550184
vt 0.800000 0.378756
vt 0.420000 0.550184
vt 0.420000 0.378756
vt 0.780000 0.550184
vt 0.780000 0.378756
vt 0.440000 0.550184
vt 0.440000 0.378756
vt 0.760000 0.550184
vt 0.760000 0.378756
vt 0.460000 0.550184
vt 0.460000 0.378756
vt 0.740000 0.550184
vt 0.740000 0.378756
vt 0.480000 0.550184
vt 0.480000 0.378756
vt 0.720000 0.550184
vt 0.720000 0.378756
vt 0.500000 0.550184
vt 0.500000 0.378756
vt 0.700000 0.550184
vt 0.700000 0.378756
vt 0.520000 0.550184
vt 0.520000 0.378756
vt 0.680000 0.550184
vt 0.680000 0.378756
vt 0.540000 0.550184
vt 0.540000 0.378756
vt 0.660000 0.550184
vt 0.660000 0.378756
vt 0.560000 0.550184
vt 0.560000 0.378756
vt 0.640000 0.550184
vt 0.640000 0.378756
vt 0.580000 0.550184
vt 0.580000 0.378756
vt 0.620000 0.550184
vt 0.620000 0.378756
vt 0.600000 0.550184
vt 0.600000 0.378756
vt 0.230008 0.629277
vt 0.729992 0.629277
vt 0.230008 0.629277
vt 0.729992 0.629277
vt 0.230008 0.629277
vt 0.729992 0.629277
vt 0.230008 0.629277
vt 0.729992 0.629277
vt 0.230008 0.629277
vt 0.729992 0.629277
vt 0.230008 0.629277
vt 0.729992 0.629277
vt 0.230008 0.629277
vt 0.729992 0.629277
vt 0.230008 0.629277
vt 0.729992 0.629277
vt 0.598623 0.281087
vt 0.598623 0.311488
vt 0.598623 0.318080
vt 0.608929 0.318080
vt 0.619793 0.318080
vt 0.619793 0.337563
vt 0.608929 0.337563
vt 0.598623 0.337563
vt 0.479973 0.326001
vt 0.479973 0.319410
vt 0.479973 0.299998
vt 0.479973 0.269597
vt 0.500000 0.338990
vt 0.498043 0.338990
vt 0.494166 0.339557
vt 0.490378 0.340684
vt 0.486741 0.342352
vt 0.483314 0.344536
vt 0.480153 0.347199
vt 0.477303 0.350300
vt 0.474810 0.353793
vt 0.472713 0.357617
vt 0.471050 0.361717
vt 0.469840 0.366026
vt 0.469109 0.370478
vt 0.468862 0.375000
vt 0.375000 0.375000
vt 0.625000 0.375000
vt 0.532823 0.375000
vt 0.532566 0.370478
vt 0.531791 0.366026
vt 0.530519 0.361717
vt 0.528762 0.357617
vt 0.526555 0.353793
vt 0.523928 0.350300
vt 0.520922 0.347199
vt 0.517587 0.344536
vt 0.513974 0.342352
vt 0.510144 0.340684
vt 0.506150 0.339557
vt 0.502060 0.338990
vt 0.469109 0.375980
vt 0.469840 0.376945
vt 0.471050 0.377879
vt 0.472713 0.378769
vt 0.474810 0.379598
vt 0.477303 0.380355
vt 0.480153 0.381028
vt 0.483314 0.381605
vt 0.486741 0.382078
vt 0.490378 0.382440
vt 0.494166 0.382684
vt 0.498043 0.382807
vt 0.500000 0.382807
vt 0.502060 0.382807
vt 0.506151 0.382684
vt 0.510144 0.382440
vt 0.513974 0.382078
vt 0.517587 0.381605
vt 0.520922 0.381028
vt 0.523928 0.380355
vt 0.526555 0.379598
vt 0.528762 0.378769
vt 0.530519 0.377880
vt 0.531791 0.376945
vt 0.532566 0.375980
vt 0.500000 0.338990
vt 0.498043 0.338990
vt 0.494166 0.339559
vt 0.490378 0.340686
vt 0.486741 0.342352
vt 0.483314 0.344536
vt 0.480153 0.347199
vt 0.477303 0.350300
vt 0.474810 0.353793
vt 0.472713 0.357617
vt 0.471050 0.361717
vt 0.469840 0.366028
vt 0.469109 0.370478
vt 0.468862 0.375000
vt 0.375000 0.375000
vt 0.625000 0.375000
vt 0.532823 0.375000
vt 0.532566 0.370478
vt 0.531791 0.366028
vt 0.530519 0.361717
vt 0.528762 0.357617
vt 0.526555 0.353793
vt 0.523928 0.350300
vt 0.520922 0.347199
vt 0.517587 0.344536
vt 0.513974 0.342352
vt 0.510144 0.340686
vt 0.506150 0.339559
vt 0.502060 0.338990
vt 0.469109 0.375980
vt 0.469840 0.376946
vt 0.471050 0.377880
vt 0.472713 0.378769
vt 0.474810 0.379598
vt 0.477303 0.380355
vt 0.480153 0.381028
vt 0.483314 0.381605
vt 0.486741 0.382078
vt 0.490378 0.382440
vt 0.494166 0.382684
vt 0.498043 0.382807
vt 0.500000 0.382807
vt 0.502060 0.382807
vt 0.506150 0.382684
vt 0.510144 0.382440
vt 0.513974 0.382078
vt 0.517587 0.381605
vt 0.520922 0.381028
vt 0.523927 0.380355
vt 0.526555 0.379598
vt 0.528762 0.378769
vt 0.530519 0.377880
vt 0.531791 0.376946
vt 0.532566 0.375980
vt 0.500000 0.338990
vt 0.498043 0.338990
vt 0.494166 0.339557
vt 0.490378 0.340684
vt 0.486741 0.342352
vt 0.483314 0.344536
vt 0.480153 0.347199
vt 0.477303 0.350300
vt 0.474810 0.353791
vt 0.472713 0.357617
vt 0.471050 0.361717
vt 0.469840 0.366026
vt 0.469109 0.370478
vt 0.468862 0.375000
vt 0.375000 0.375000
vt 0.625000 0.375000
vt 0.532823 0.375000
vt 0.532566 0.370478
vt 0.531791 0.366026
vt 0.530519 0.361717
vt 0.528762 0.357617
vt 0.526555 0.353791
vt 0.523928 0.350300
vt 0.520922 0.347199
vt 0.517587 0.344536
vt 0.513974 0.342352
vt 0.510144 0.340684
vt 0.506150 0.339557
vt 0.502060 0.338990
vt 0.469109 0.375980
vt 0.469840 0.376945
vt 0.471050 0.377879
vt 0.472713 0.378768
vt 0.474810 0.379598
vt 0.477303 0.380355
vt 0.480153 0.381028
vt 0.483314 0.381605
vt 0.486741 0.382078
vt 0.490378 0.382440
vt 0.494166 0.382684
vt 0.498043 0.382807
vt 0.500000 0.382807
vt 0.502060 0.382807
vt 0.506151 0.382684
vt 0.510144 0.382440
vt 0.513974 0.382078
vt 0.517587 0.381605
vt 0.520922 0.381028
vt 0.523928 0.380355
vt 0.526555 0.379598
vt 0.528762 0.378768
vt 0.530519 0.377879
vt 0.531791 0.376945
vt 0.532566 0.375980
vt 0.532825 0.375000
vt 0.625000 0.375000
vt 0.500000 0.382807
vt 0.502064 0.382807
vt 0.506150 0.382684
vt 0.510144 0.382440
vt 0.513977 0.382078
vt 0.517590 0.381605
vt 0.520922 0.381028
vt 0.523927 0.380355
vt 0.526555 0.379598
vt 0.528765 0.378769
vt 0.530518 0.377880
vt 0.531793 0.376945
vt 0.532565 0.375980
vt 0.375000 0.375000
vt 0.468864 0.375000
vt 0.469108 0.375980
vt 0.469843 0.376945
vt 0.471050 0.377880
vt 0.472716 0.378769
vt 0.474809 0.379598
vt 0.477302 0.380355
vt 0.480153 0.381028
vt 0.483317 0.381605
vt 0.486744 0.382078
vt 0.490377 0.382440
vt 0.494166 0.382684
vt 0.498046 0.382807
vt 0.532565 0.370478
vt 0.531793 0.366028
vt 0.530518 0.361717
vt 0.528765 0.357617
vt 0.526555 0.353793
vt 0.523927 0.350300
vt 0.520922 0.347199
vt 0.517590 0.344536
vt 0.513977 0.342354
vt 0.510144 0.340686
vt 0.506150 0.339559
vt 0.502063 0.338990
vt 0.500000 0.338990
vt 0.498046 0.338990
vt 0.494166 0.339559
vt 0.490377 0.340686
vt 0.486744 0.342352
vt 0.483317 0.344536
vt 0.480153 0.347199
vt 0.477302 0.350300
vt 0.474809 0.353793
vt 0.472716 0.357617
vt 0.471050 0.361717
vt 0.469843 0.366028
vt 0.469108 0.370478
vt 0.500000 0.338991
vt 0.498043 0.338991
vt 0.494166 0.339558
vt 0.490378 0.340685
vt 0.486741 0.342353
vt 0.483314 0.344537
vt 0.480153 0.347200
vt 0.477303 0.350302
vt 0.474810 0.353792
vt 0.472713 0.357618
vt 0.471050 0.361718
vt 0.469840 0.366027
vt 0.469109 0.370478
vt 0.468862 0.375000
vt 0.375000 0.375000
vt 0.625000 0.375000
vt 0.532823 0.375000
vt 0.532566 0.370478
vt 0.531791 0.366028
vt 0.530519 0.361719
vt 0.528762 0.357619
vt 0.526555 0.353792
vt 0.523928 0.350302
vt 0.520922 0.347200
vt 0.517587 0.344537
vt 0.513974 0.342353
vt 0.510144 0.340685
vt 0.506150 0.339558
vt 0.502060 0.338991
vt 0.469109 0.375980
vt 0.469840 0.376946
vt 0.471050 0.377880
vt 0.472713 0.378769
vt 0.474810 0.379598
vt 0.477303 0.380355
vt 0.480153 0.381028
vt 0.483314 0.381605
vt 0.486741 0.382078
vt 0.490378 0.382440
vt 0.494166 0.382684
vt 0.498043 0.382808
vt 0.500000 0.382808
vt 0.502060 0.382808
vt 0.506150 0.382684
vt 0.510144 0.382440
vt 0.513974 0.382078
vt 0.517587 0.381605
vt 0.520922 0.381028
vt 0.523927 0.380355
vt 0.526555 0.379598
vt 0.528762 0.378769
vt 0.530519 0.377880
vt 0.531791 0.376946
vt 0.532566 0.375980
vt 0.532825 0.375000
vt 0.625000 0.375000
vt 0.500000 0.382807
vt 0.502063 0.382807
vt 0.506150 0.382684
vt 0.510144 0.382440
vt 0.513977 0.382078
vt 0.517590 0.381605
vt 0.520922 0.381028
vt 0.523927 0.380355
vt 0.526555 0.379598
vt 0.528765 0.378769
vt 0.530518 0.377880
vt 0.531793 0.376946
vt 0.532565 0.375980
vt 0.375000 0.375000
vt 0.468864 0.375000
vt 0.469108 0.375980
vt 0.469843 0.376946
vt 0.471050 0.377880
vt 0.472716 0.378769
vt 0.474809 0.379598
vt 0.477302 0.380355
vt 0.480153 0.381028
vt 0.483317 0.381605
vt 0.486744 0.382078
vt 0.490377 0.382440
vt 0.494166 0.382684
vt 0.498046 0.382807
vt 0.532565 0.370478
vt 0.531793 0.366028
vt 0.530518 0.361719
vt 0.528765 0.357619
vt 0.526555 0.353792
vt 0.523927 0.350302
vt 0.520922 0.347198
vt 0.517590 0.344536
vt 0.513977 0.342353
vt 0.510144 0.340685
vt 0.506150 0.339558
vt 0.502063 0.338989
vt 0.500000 0.338989
vt 0.498046 0.338989
vt 0.494166 0.339558
vt 0.490377 0.340685
vt 0.486744 0.342353
vt 0.483317 0.344535
vt 0.480153 0.347198
vt 0.477302 0.350302
vt 0.474809 0.353792
vt 0.472716 0.357619
vt 0.471050 0.361717
vt 0.469843 0.366028
vt 0.469108 0.370478
vt 0.532825 0.375000
vt 0.625000 0.375000
vt 0.500000 0.382807
vt 0.502063 0.382807
vt 0.506150 0.382684
vt 0.510144 0.382440
vt 0.513977 0.382078
vt 0.517590 0.381605
vt 0.520922 0.381028
vt 0.523927 0.380355
vt 0.526555 0.379598
vt 0.528765 0.378768
vt 0.530518 0.377880
vt 0.531793 0.376945
vt 0.532565 0.375980
vt 0.375000 0.375000
vt 0.468864 0.375000
vt 0.469108 0.375980
vt 0.469843 0.376945
vt 0.471050 0.377880
vt 0.472716 0.378768
vt 0.474809 0.379598
vt 0.477302 0.380355
vt 0.480153 0.381028
vt 0.483317 0.381605
vt 0.486744 0.382078
vt 0.490377 0.382440
vt 0.494166 0.382684
vt 0.498046 0.382807
vt 0.532565 0.370478
vt 0.531793 0.366028
vt 0.530518 0.361717
vt 0.528765 0.357619
vt 0.526555 0.353793
vt 0.523927 0.350302
vt 0.520922 0.347199
vt 0.517590 0.344536
vt 0.513977 0.342354
vt 0.510144 0.340686
vt 0.506150 0.339559
vt 0.502063 0.338990
vt 0.500000 0.338990
vt 0.498046 0.338990
vt 0.494166 0.339559
vt 0.490377 0.340686
vt 0.486744 0.342354
vt 0.483317 0.344536
vt 0.480153 0.347199
vt 0.477302 0.350300
vt 0.474809 0.353793
vt 0.472716 0.357619
vt 0.471050 0.361717
vt 0.469843 0.366028
vt 0.469108 0.370478
vt 0.532825 0.375000
vt 0.625000 0.375000
vt 0.500000 0.382808
vt 0.502064 0.382808
vt 0.506150 0.382684
vt 0.510144 0.382440
vt 0.513977 0.382078
vt 0.517590 0.381605
vt 0.520922 0.381028
vt 0.523927 0.380355
vt 0.526555 0.379598
vt 0.528765 0.378769
vt 0.530518 0.377880
vt 0.531793 0.376946
vt 0.532565 0.375980
vt 0.375000 0.375000
vt 0.468864 0.375000
vt 0.469108 0.375980
vt 0.469843 0.376946
vt 0.471050 0.377880
vt 0.472716 0.378769
vt 0.474809 0.379598
vt 0.477302 0.380356
vt 0.480153 0.381028
vt 0.483317 0.381605
vt 0.486744 0.382078
vt 0.490377 0.382440
vt 0.494166 0.382684
vt 0.498046 0.382808
vt 0.532565 0.370478
vt 0.531793 0.366027
vt 0.530518 0.361718
vt 0.528765 0.357618
vt 0.526555 0.353792
vt 0.523927 0.350302
vt 0.520922 0.347200
vt 0.517590 0.344537
vt 0.513977 0.342353
vt 0.510144 0.340685
vt 0.506150 0.339558
vt 0.502064 0.338991
vt 0.500000 0.338991
vt 0.498046 0.338991
vt 0.494166 0.339558
vt 0.490377 0.340685
vt 0.486744 0.342353
vt 0.483317 0.344537
vt 0.480153 0.347200
vt 0.477302 0.350302
vt 0.474809 0.353792
vt 0.472716 0.357619
vt 0.471050 0.361719
vt 0.469843 0.366028
vt 0.469108 0.370478
vt 0.598623 0.367964
vt 0.598623 0.374555
vt 0.608929 0.374555
vt 0.619793 0.374555
vt 0.619793 0.393340
vt 0.608929 0.393340
vt 0.598623 0.393340
vt 0.598623 0.423742
vt 0.598623 0.430333
vt 0.608929 0.430333
vt 0.619793 0.430333
vt 0.619793 0.449138
vt 0.608929 0.449138
vt 0.598623 0.449138
vt 0.598623 0.479539
vt 0.598623 0.486130
vt 0.608929 0.486130
vt 0.619793 0.486130
vt 0.625000 0.500000
vt 0.375000 0.500000
vt 0.479973 0.468147
vt 0.479973 0.437746
vt 0.479973 0.431155
vt 0.479973 0.412238
vt 0.479973 0.381837
vt 0.479973 0.375246
vt 0.479973 0.356402
vt 0.398537 0.429296
vt 0.398559 0.429535
vt 0.398622 0.429769
vt 0.398727 0.429996
vt 0.398872 0.430213
vt 0.399054 0.430414
vt 0.399271 0.430598
vt 0.399519 0.430762
vt 0.399794 0.430902
vt 0.400091 0.431018
vt 0.400407 0.431106
vt 0.400737 0.431165
vt 0.401074 0.431195
vt 0.401414 0.431195
vt 0.458802 0.437746
vt 0.458802 0.468147
vt 0.469667 0.468147
vt 0.401414 0.479670
vt 0.401751 0.479640
vt 0.402080 0.479581
vt 0.402396 0.479493
vt 0.402694 0.479378
vt 0.402969 0.479237
vt 0.403216 0.479074
vt 0.403433 0.478890
vt 0.403615 0.478688
vt 0.403760 0.478472
vt 0.403865 0.478245
vt 0.403929 0.478010
vt 0.403950 0.477771
vt 0.403929 0.477533
vt 0.403865 0.477298
vt 0.403760 0.477071
vt 0.403615 0.476855
vt 0.403433 0.476653
vt 0.403216 0.476469
vt 0.402969 0.476305
vt 0.402694 0.476165
vt 0.402396 0.476050
vt 0.375000 0.750000
vt 0.398537 0.317830
vt 0.398559 0.318069
vt 0.398622 0.318303
vt 0.398727 0.318530
vt 0.398872 0.318747
vt 0.399054 0.318948
vt 0.399271 0.319133
vt 0.399519 0.319296
vt 0.399794 0.319436
vt 0.400091 0.319552
vt 0.400407 0.319639
vt 0.400737 0.319699
vt 0.401074 0.319729
vt 0.401414 0.319729
vt 0.458802 0.326001
vt 0.458802 0.356402
vt 0.469667 0.356402
vt 0.469667 0.375246
vt 0.458802 0.375246
vt 0.458802 0.381837
vt 0.401414 0.377670
vt 0.401751 0.377640
vt 0.402080 0.377581
vt 0.402396 0.377493
vt 0.402694 0.377378
vt 0.402969 0.377237
vt 0.403216 0.377074
vt 0.403433 0.376890
vt 0.403615 0.376688
vt 0.403760 0.376472
vt 0.403865 0.376244
vt 0.403929 0.376010
vt 0.403950 0.375771
vt 0.403929 0.375533
vt 0.403865 0.375298
vt 0.403760 0.375071
vt 0.403615 0.374855
vt 0.403433 0.374653
vt 0.403216 0.374469
vt 0.402969 0.374305
vt 0.402694 0.374165
vt 0.402396 0.374050
vt 0.402080 0.373962
vt 0.401751 0.373902
vt 0.401414 0.373872
vt 0.401074 0.373872
vt 0.400736 0.373902
vt 0.400407 0.373962
vt 0.400091 0.374050
vt 0.399794 0.374165
vt 0.625000 0.750000
vt 0.401751 0.822387
vt 0.402080 0.822324
vt 0.402396 0.822234
vt 0.402694 0.822116
vt 0.402968 0.821973
vt 0.403216 0.821807
vt 0.403433 0.821620
vt 0.403615 0.821416
vt 0.403760 0.821199
vt 0.403865 0.820971
vt 0.403928 0.820735
vt 0.403950 0.820496
vt 0.403929 0.820257
vt 0.403865 0.820021
vt 0.403760 0.819795
vt 0.403615 0.819580
vt 0.403433 0.819378
vt 0.403216 0.819196
vt 0.402968 0.819034
vt 0.402694 0.818895
vt 0.402396 0.818783
vt 0.402080 0.818697
vt 0.401751 0.818640
vt 0.401414 0.818613
vt 0.401414 0.773863
vt 0.401751 0.773829
vt 0.402080 0.773766
vt 0.402396 0.773675
vt 0.402694 0.773556
vt 0.402968 0.773412
vt 0.403216 0.773246
vt 0.403433 0.773059
vt 0.403615 0.772855
vt 0.403760 0.772636
vt 0.403865 0.772408
vt 0.403929 0.772172
vt 0.403950 0.771933
vt 0.403929 0.771695
vt 0.403865 0.771460
vt 0.403760 0.771233
vt 0.403615 0.771019
vt 0.403433 0.770819
vt 0.403216 0.770637
vt 0.402969 0.770476
vt 0.402694 0.770339
vt 0.402396 0.770226
vt 0.402080 0.770142
vt 0.401751 0.770086
vt 0.401414 0.770060
vt 0.469837 0.810355
vt 0.469497 0.810355
vt 0.469160 0.810385
vt 0.468830 0.810445
vt 0.468515 0.810533
vt 0.468217 0.810648
vt 0.467942 0.810788
vt 0.467694 0.810952
vt 0.467477 0.811136
vt 0.467295 0.811338
vt 0.467151 0.811554
vt 0.467046 0.811781
vt 0.399054 0.875290
vt 0.399271 0.875474
vt 0.399519 0.875637
vt 0.399794 0.875777
vt 0.400092 0.875892
vt 0.400407 0.875979
vt 0.400736 0.876038
vt 0.401074 0.876068
vt 0.401414 0.876067
vt 0.401751 0.876036
vt 0.402080 0.875976
vt 0.402396 0.875887
vt 0.402694 0.875772
vt 0.402969 0.875631
vt 0.403216 0.875467
vt 0.403433 0.875281
vt 0.403615 0.875079
vt 0.403760 0.874862
vt 0.403865 0.874634
vt 0.403929 0.874399
vt 0.403950 0.874160
vt 0.403929 0.873921
vt 0.403865 0.873686
vt 0.403760 0.873459
vt 0.403615 0.873243
vt 0.403433 0.873041
vt 0.403216 0.872857
vt 0.402969 0.872693
vt 0.402694 0.872553
vt 0.402396 0.872439
vt 0.402080 0.872351
vt 0.401751 0.872292
vt 0.401414 0.872263
vt 0.466982 0.868401
vt 0.467046 0.868636
vt 0.467150 0.868863
vt 0.467295 0.869079
vt 0.467477 0.869281
vt 0.467694 0.869465
vt 0.467942 0.869629
vt 0.468217 0.869769
vt 0.468515 0.869884
vt 0.468830 0.869972
vt 0.469160 0.870032
vt 0.469497 0.870062
vt 0.469837 0.870062
vt 0.469837 0.922100
vt 0.469497 0.922100
vt 0.469160 0.922130
vt 0.468830 0.922190
vt 0.468515 0.922278
vt 0.468217 0.922393
vt 0.467942 0.922533
vt 0.467694 0.922697
vt 0.467477 0.922881
vt 0.467295 0.923083
vt 0.467151 0.923299
vt 0.467046 0.923526
vt 0.466982 0.923761
vt 0.466960 0.923999
vt 0.466982 0.924238
vt 0.401414 0.930255
vt 0.401074 0.930255
vt 0.400736 0.930285
vt 0.619793 0.479539
vt 0.619793 0.423742
vt 0.619793 0.367964
vt 0.619793 0.311488
vt 0.619793 0.281087
vt 0.608929 0.281087
vt 0.479973 0.263006
vt 0.469667 0.263006
vt 0.458802 0.263006
vt 0.458802 0.269597
vt 0.458802 0.299998
vt 0.469667 0.299998
vt 0.469667 0.319410
vt 0.458802 0.319410
vt 0.401751 0.319699
vt 0.402080 0.319640
vt 0.402396 0.319552
vt 0.402694 0.319436
vt 0.402969 0.319296
vt 0.403216 0.319132
vt 0.403433 0.318948
vt 0.403615 0.318747
vt 0.403760 0.318530
vt 0.403865 0.318303
vt 0.403928 0.318069
vt 0.403950 0.317830
vt 0.403929 0.317591
vt 0.403865 0.317357
vt 0.403760 0.317130
vt 0.403615 0.316913
vt 0.403433 0.316712
vt 0.403216 0.316528
vt 0.402969 0.316364
vt 0.402694 0.316224
vt 0.402396 0.316109
vt 0.402080 0.316021
vt 0.401751 0.315961
vt 0.401414 0.315931
vt 0.401414 0.273293
vt 0.401751 0.273263
vt 0.402080 0.273203
vt 0.402396 0.273115
vt 0.402694 0.273000
vt 0.402968 0.272860
vt 0.403216 0.272696
vt 0.403433 0.272512
vt 0.403615 0.272311
vt 0.403760 0.272094
vt 0.403865 0.271867
vt 0.403929 0.271632
vt 0.403950 0.271394
vt 0.403928 0.271155
vt 0.403865 0.270921
vt 0.403760 0.270693
vt 0.403615 0.270477
vt 0.403433 0.270276
vt 0.403216 0.270091
vt 0.402969 0.269928
vt 0.402694 0.269787
vt 0.402396 0.269672
vt 0.402080 0.269584
vt 0.401751 0.269525
vt 0.401414 0.269495
vt 0.401074 0.269495
vt 0.401074 0.980499
vt 0.401414 0.980499
vt 0.401751 0.980469
vt 0.402080 0.980410
vt 0.402396 0.980322
vt 0.402694 0.980207
vt 0.402969 0.980066
vt 0.403216 0.979903
vt 0.403433 0.979718
vt 0.403615 0.979517
vt 0.403760 0.979300
vt 0.403865 0.979073
vt 0.403929 0.978838
vt 0.403950 0.978600
vt 0.403929 0.978361
vt 0.403865 0.978127
vt 0.403760 0.977899
vt 0.403615 0.977683
vt 0.403433 0.977481
vt 0.403216 0.977297
vt 0.402969 0.977134
vt 0.402694 0.976993
vt 0.402396 0.976878
vt 0.402080 0.976790
vt 0.401751 0.976731
vt 0.401414 0.976701
vt 0.401414 0.934053
vt 0.401751 0.934023
vt 0.402080 0.933964
vt 0.402396 0.933875
vt 0.402694 0.933760
vt 0.402969 0.933620
vt 0.403216 0.933456
vt 0.403433 0.933272
vt 0.403615 0.933070
vt 0.403760 0.932854
vt 0.403865 0.932627
vt 0.403929 0.932392
vt 0.403950 0.932153
vt 0.403928 0.931915
vt 0.403865 0.931680
vt 0.403760 0.931453
vt 0.403615 0.931237
vt 0.403433 0.931035
vt 0.403216 0.930851
vt 0.402969 0.930687
vt 0.402694 0.930547
vt 0.402396 0.930432
vt 0.402080 0.930344
vt 0.401751 0.930284
vt 0.467046 0.924472
vt 0.467150 0.924700
vt 0.467295 0.924916
vt 0.467477 0.925117
vt 0.467694 0.925302
vt 0.467942 0.925465
vt 0.468217 0.925606
vt 0.468515 0.925721
vt 0.468830 0.925809
vt 0.469160 0.925868
vt 0.469497 0.925898
vt 0.469837 0.925898
vt 0.469837 0.978504
vt 0.469497 0.978504
vt 0.469160 0.978534
vt 0.468830 0.978594
vt 0.468515 0.978682
vt 0.468217 0.978797
vt 0.467942 0.978937
vt 0.467694 0.979101
vt 0.467477 0.979285
vt 0.467295 0.979487
vt 0.467150 0.979703
vt 0.467046 0.979930
vt 0.466982 0.980165
vt 0.466961 0.980403
vt 0.466982 0.980642
vt 0.467046 0.980876
vt 0.467150 0.981103
vt 0.467295 0.981320
vt 0.467477 0.981521
vt 0.467694 0.981705
vt 0.400736 0.269525
vt 0.400407 0.269584
vt 0.400091 0.269672
vt 0.399794 0.269788
vt 0.399519 0.269928
vt 0.399271 0.270091
vt 0.399054 0.270276
vt 0.398872 0.270477
vt 0.398727 0.270694
vt 0.398623 0.270921
vt 0.398559 0.271155
vt 0.398537 0.271394
vt 0.398559 0.271632
vt 0.398622 0.271867
vt 0.398727 0.272094
vt 0.398872 0.272310
vt 0.399054 0.272512
vt 0.399271 0.272696
vt 0.399519 0.272860
vt 0.399794 0.273000
vt 0.400091 0.273115
vt 0.400407 0.273203
vt 0.400736 0.273263
vt 0.401074 0.273293
vt 0.401074 0.315931
vt 0.400737 0.315961
vt 0.400407 0.316021
vt 0.400091 0.316109
vt 0.399794 0.316224
vt 0.399519 0.316364
vt 0.399271 0.316528
vt 0.399054 0.316712
vt 0.398872 0.316913
vt 0.398727 0.317130
vt 0.398622 0.317357
vt 0.398559 0.317592
vt 0.399519 0.374305
vt 0.399271 0.374469
vt 0.399054 0.374653
vt 0.398872 0.374855
vt 0.398727 0.375071
vt 0.398622 0.375298
vt 0.398559 0.375533
vt 0.398537 0.375771
vt 0.398559 0.376010
vt 0.398622 0.376244
vt 0.398727 0.376472
vt 0.398872 0.376688
vt 0.399054 0.376890
vt 0.399271 0.377074
vt 0.399519 0.377237
vt 0.399794 0.377378
vt 0.400091 0.377493
vt 0.400407 0.377581
vt 0.400736 0.377640
vt 0.401074 0.377670
vt 0.458802 0.412238
vt 0.469667 0.412238
vt 0.469667 0.431155
vt 0.458802 0.431155
vt 0.401751 0.431165
vt 0.402080 0.431105
vt 0.402396 0.431018
vt 0.402694 0.430903
vt 0.402969 0.430762
vt 0.403216 0.430598
vt 0.403433 0.430414
vt 0.403615 0.430213
vt 0.403760 0.429996
vt 0.403865 0.429769
vt 0.403929 0.429535
vt 0.403950 0.429296
vt 0.403929 0.429058
vt 0.403865 0.428823
vt 0.403760 0.428596
vt 0.403615 0.428380
vt 0.403433 0.428178
vt 0.403216 0.427994
vt 0.402969 0.427830
vt 0.402694 0.427690
vt 0.402396 0.427575
vt 0.402080 0.427487
vt 0.401751 0.427427
vt 0.401414 0.427397
vt 0.401074 0.427397
vt 0.400736 0.427427
vt 0.400407 0.427487
vt 0.400091 0.427575
vt 0.399794 0.427690
vt 0.399519 0.427830
vt 0.399271 0.427994
vt 0.399054 0.428178
vt 0.398872 0.428380
vt 0.398727 0.428596
vt 0.398623 0.428823
vt 0.398559 0.429058
vt 0.402080 0.475962
vt 0.401751 0.475902
vt 0.401414 0.475873
vt 0.401074 0.475873
vt 0.400736 0.475902
vt 0.400407 0.475962
vt 0.400091 0.476050
vt 0.399794 0.476165
vt 0.399519 0.476305
vt 0.399271 0.476469
vt 0.399054 0.476653
vt 0.398872 0.476855
vt 0.398727 0.477071
vt 0.398623 0.477298
vt 0.398559 0.477533
vt 0.398537 0.477771
vt 0.398559 0.478010
vt 0.398623 0.478244
vt 0.398727 0.478472
vt 0.398872 0.478688
vt 0.399054 0.478890
vt 0.399271 0.479074
vt 0.399519 0.479237
vt 0.399794 0.479378
vt 0.400091 0.479493
vt 0.400407 0.479581
vt 0.400736 0.479640
vt 0.401074 0.479670
vt 0.472373 0.980403
vt 0.472352 0.980165
vt 0.472288 0.979930
vt 0.472183 0.979703
vt 0.472038 0.979487
vt 0.471856 0.979285
vt 0.471639 0.979101
vt 0.471392 0.978937
vt 0.471117 0.978797
vt 0.470819 0.978682
vt 0.470503 0.978594
vt 0.470174 0.978534
vt 0.470174 0.925868
vt 0.470503 0.925809
vt 0.470819 0.925721
vt 0.471117 0.925606
vt 0.471392 0.925465
vt 0.471639 0.925301
vt 0.471856 0.925117
vt 0.472038 0.924916
vt 0.472183 0.924700
vt 0.472288 0.924472
vt 0.472352 0.924238
vt 0.472373 0.923999
vt 0.472352 0.923761
vt 0.472288 0.923526
vt 0.472183 0.923299
vt 0.472038 0.923083
vt 0.471856 0.922881
vt 0.471639 0.922697
vt 0.471392 0.922533
vt 0.471117 0.922393
vt 0.470819 0.922278
vt 0.470503 0.922190
vt 0.470174 0.922130
vt 0.470174 0.870032
vt 0.470503 0.869972
vt 0.470819 0.869884
vt 0.471117 0.869769
vt 0.471392 0.869629
vt 0.471639 0.869465
vt 0.471856 0.869281
vt 0.472038 0.869079
vt 0.472183 0.868863
vt 0.472288 0.868636
vt 0.472352 0.868401
vt 0.472373 0.868163
vt 0.472352 0.867925
vt 0.472288 0.867690
vt 0.472183 0.867463
vt 0.472038 0.867246
vt 0.471856 0.867045
vt 0.471639 0.866861
vt 0.471392 0.866697
vt 0.471117 0.866557
vt 0.470819 0.866441
vt 0.470503 0.866354
vt 0.470174 0.866294
vt 0.469837 0.866264
vt 0.469837 0.814153
vt 0.470174 0.814123
vt 0.470503 0.814064
vt 0.470819 0.813976
vt 0.471117 0.813861
vt 0.471392 0.813720
vt 0.471639 0.813557
vt 0.471856 0.813372
vt 0.472038 0.813171
vt 0.472183 0.812955
vt 0.472288 0.812727
vt 0.472352 0.812493
vt 0.472373 0.812254
vt 0.472352 0.812016
vt 0.472288 0.811781
vt 0.472183 0.811554
vt 0.472038 0.811338
vt 0.471856 0.811136
vt 0.471639 0.810952
vt 0.471392 0.810788
vt 0.471117 0.810648
vt 0.470819 0.810533
vt 0.470503 0.810445
vt 0.470174 0.810385
vt 0.609099 0.768562
vt 0.608759 0.768563
vt 0.608422 0.768592
vt 0.608093 0.768652
vt 0.607777 0.768740
vt 0.607479 0.768855
vt 0.607204 0.768995
vt 0.606956 0.769159
vt 0.606740 0.769343
vt 0.606557 0.769545
vt 0.606413 0.769761
vt 0.606308 0.769988
vt 0.606244 0.770223
vt 0.606223 0.770461
vt 0.606244 0.770700
vt 0.606308 0.770934
vt 0.606413 0.771162
vt 0.606557 0.771378
vt 0.606739 0.771580
vt 0.606956 0.771764
vt 0.607204 0.771927
vt 0.607479 0.772068
vt 0.607777 0.772183
vt 0.608092 0.772271
vt 0.608422 0.772330
vt 0.608759 0.772360
vt 0.609099 0.772360
vt 0.609099 0.824360
vt 0.608759 0.824360
vt 0.608422 0.824390
vt 0.608092 0.824449
vt 0.607777 0.824537
vt 0.607479 0.824652
vt 0.607204 0.824793
vt 0.606956 0.824956
vt 0.606739 0.825140
vt 0.606557 0.825342
vt 0.606413 0.825558
vt 0.606308 0.825785
vt 0.606244 0.826020
vt 0.606223 0.826258
vt 0.606244 0.826497
vt 0.606308 0.826732
vt 0.606413 0.826959
vt 0.606557 0.827175
vt 0.606739 0.827377
vt 0.606956 0.827561
vt 0.607204 0.827724
vt 0.607479 0.827865
vt 0.607777 0.827980
vt 0.608093 0.828068
vt 0.608422 0.828127
vt 0.608759 0.828157
vt 0.609099 0.828157
vt 0.609099 0.880138
vt 0.608759 0.880137
vt 0.608422 0.880167
vt 0.608092 0.880227
vt 0.607777 0.880315
vt 0.607479 0.880430
vt 0.607204 0.880570
vt 0.606956 0.880734
vt 0.606739 0.880918
vt 0.606557 0.881120
vt 0.606413 0.881336
vt 0.606308 0.881563
vt 0.606244 0.881798
vt 0.606223 0.882036
vt 0.606244 0.882275
vt 0.606308 0.882509
vt 0.606413 0.882737
vt 0.606557 0.882953
vt 0.606739 0.883155
vt 0.606956 0.883339
vt 0.607204 0.883502
vt 0.607479 0.883643
vt 0.607777 0.883758
vt 0.608092 0.883846
vt 0.608422 0.883905
vt 0.608759 0.883935
vt 0.609099 0.883935
vt 0.609099 0.936613
vt 0.608759 0.936613
vt 0.608422 0.936643
vt 0.608092 0.936702
vt 0.607777 0.936790
vt 0.607479 0.936905
vt 0.607204 0.937046
vt 0.606956 0.937209
vt 0.606739 0.937393
vt 0.606557 0.937595
vt 0.606413 0.937811
vt 0.606308 0.938038
vt 0.606244 0.938273
vt 0.606223 0.938512
vt 0.606244 0.938750
vt 0.606308 0.938985
vt 0.606413 0.939212
vt 0.606557 0.939428
vt 0.606739 0.939630
vt 0.606956 0.939814
vt 0.607204 0.939978
vt 0.607479 0.940118
vt 0.607777 0.940233
vt 0.608092 0.940321
vt 0.401074 0.770064
vt 0.400736 0.770098
vt 0.400407 0.770161
vt 0.400092 0.770253
vt 0.399794 0.770371
vt 0.399519 0.770515
vt 0.399271 0.770682
vt 0.399054 0.770869
vt 0.398872 0.771072
vt 0.398728 0.771291
vt 0.398622 0.771520
vt 0.398558 0.771755
vt 0.398537 0.771994
vt 0.398559 0.772233
vt 0.398623 0.772467
vt 0.398727 0.772693
vt 0.398872 0.772908
vt 0.399054 0.773108
vt 0.399271 0.773290
vt 0.399519 0.773451
vt 0.399794 0.773589
vt 0.400091 0.773701
vt 0.400407 0.773785
vt 0.400736 0.773841
vt 0.401074 0.773867
vt 0.401074 0.818616
vt 0.400737 0.818648
vt 0.400407 0.818711
vt 0.400091 0.818801
vt 0.399794 0.818919
vt 0.399518 0.819062
vt 0.399271 0.819228
vt 0.399054 0.819414
vt 0.398872 0.819618
vt 0.398727 0.819835
vt 0.398622 0.820064
vt 0.398559 0.820299
vt 0.398537 0.820539
vt 0.398559 0.820777
vt 0.398623 0.821012
vt 0.398727 0.821239
vt 0.398872 0.821455
vt 0.399054 0.821655
vt 0.399271 0.821838
vt 0.399519 0.821999
vt 0.399794 0.822139
vt 0.400092 0.822252
vt 0.400407 0.822338
vt 0.400737 0.822394
vt 0.401074 0.822421
vt 0.401414 0.822419
vt 0.466982 0.812016
vt 0.466961 0.812254
vt 0.466982 0.812493
vt 0.467046 0.812727
vt 0.467150 0.812955
vt 0.467295 0.813171
vt 0.467477 0.813372
vt 0.467694 0.813557
vt 0.467942 0.813720
vt 0.468217 0.813861
vt 0.468515 0.813976
vt 0.468830 0.814064
vt 0.469160 0.814123
vt 0.469497 0.814153
vt 0.469497 0.866264
vt 0.469160 0.866294
vt 0.468830 0.866354
vt 0.468515 0.866441
vt 0.468217 0.866557
vt 0.467942 0.866697
vt 0.467694 0.866861
vt 0.467477 0.867045
vt 0.467295 0.867246
vt 0.467150 0.867463
vt 0.467046 0.867690
vt 0.466982 0.867925
vt 0.466961 0.868163
vt 0.401074 0.872263
vt 0.400736 0.872294
vt 0.400407 0.872355
vt 0.400092 0.872444
vt 0.399794 0.872559
vt 0.399519 0.872701
vt 0.399271 0.872865
vt 0.399054 0.873050
vt 0.398872 0.873252
vt 0.398727 0.873469
vt 0.398622 0.873697
vt 0.398559 0.873932
vt 0.398537 0.874171
vt 0.398559 0.874409
vt 0.398622 0.874645
vt 0.398727 0.874872
vt 0.398872 0.875088
vt 0.400407 0.930344
vt 0.400091 0.930433
vt 0.399794 0.930548
vt 0.399519 0.930688
vt 0.399271 0.930852
vt 0.399054 0.931036
vt 0.398872 0.931238
vt 0.398727 0.931454
vt 0.398622 0.931682
vt 0.398559 0.931916
vt 0.398537 0.932155
vt 0.398559 0.932393
vt 0.398622 0.932628
vt 0.398727 0.932855
vt 0.398872 0.933072
vt 0.399054 0.933274
vt 0.399271 0.933457
vt 0.399519 0.933621
vt 0.399794 0.933761
vt 0.400091 0.933877
vt 0.400407 0.933964
vt 0.400737 0.934023
vt 0.401074 0.934053
vt 0.401074 0.976701
vt 0.400736 0.976731
vt 0.400407 0.976790
vt 0.400091 0.976878
vt 0.399794 0.976994
vt 0.399519 0.977134
vt 0.399271 0.977298
vt 0.399054 0.977482
vt 0.398872 0.977684
vt 0.398727 0.977900
vt 0.398622 0.978127
vt 0.398559 0.978362
vt 0.398537 0.978600
vt 0.398559 0.978839
vt 0.398622 0.979074
vt 0.398727 0.979301
vt 0.398872 0.979517
vt 0.399054 0.979719
vt 0.399271 0.979903
vt 0.399519 0.980067
vt 0.399794 0.980207
vt 0.400091 0.980322
vt 0.400407 0.980410
vt 0.400736 0.980469
vt 0.467942 0.981869
vt 0.468217 0.982009
vt 0.468515 0.982125
vt 0.468830 0.982213
vt 0.469160 0.982272
vt 0.469497 0.982302
vt 0.469837 0.982302
vt 0.470174 0.982272
vt 0.470503 0.982213
vt 0.470819 0.982125
vt 0.471117 0.982009
vt 0.471392 0.981869
vt 0.471639 0.981705
vt 0.471856 0.981521
vt 0.472038 0.981320
vt 0.472183 0.981103
vt 0.472288 0.980876
vt 0.472352 0.980642
vt 0.608422 0.940381
vt 0.608759 0.940410
vt 0.609099 0.940410
vt 0.609436 0.940380
vt 0.609765 0.940321
vt 0.610081 0.940233
vt 0.610379 0.940118
vt 0.610654 0.939978
vt 0.610902 0.939814
vt 0.611118 0.939630
vt 0.611301 0.939428
vt 0.611445 0.939212
vt 0.611550 0.938985
vt 0.611614 0.938750
vt 0.611635 0.938512
vt 0.611614 0.938273
vt 0.611550 0.938038
vt 0.611445 0.937811
vt 0.611301 0.937595
vt 0.611118 0.937393
vt 0.610902 0.937209
vt 0.610654 0.937046
vt 0.610379 0.936905
vt 0.610081 0.936790
vt 0.609765 0.936702
vt 0.609436 0.936643
vt 0.609436 0.883905
vt 0.609765 0.883846
vt 0.610081 0.883758
vt 0.610379 0.883643
vt 0.610654 0.883502
vt 0.610902 0.883339
vt 0.611118 0.883155
vt 0.611301 0.882953
vt 0.611445 0.882737
vt 0.611550 0.882509
vt 0.611614 0.882275
vt 0.611635 0.882036
vt 0.611614 0.881798
vt 0.611550 0.881563
vt 0.611445 0.881336
vt 0.611301 0.881120
vt 0.611118 0.880918
vt 0.610902 0.880734
vt 0.610654 0.880570
vt 0.610379 0.880430
vt 0.610081 0.880315
vt 0.609765 0.880227
vt 0.609436 0.880167
vt 0.609436 0.828127
vt 0.609765 0.828068
vt 0.610081 0.827980
vt 0.610379 0.827865
vt 0.610654 0.827724
vt 0.610902 0.827561
vt 0.611118 0.827377
vt 0.611300 0.827175
vt 0.611445 0.826959
vt 0.611550 0.826732
vt 0.611614 0.826497
vt 0.611635 0.826258
vt 0.611614 0.826020
vt 0.611550 0.825785
vt 0.611445 0.825558
vt 0.611301 0.825342
vt 0.611118 0.825140
vt 0.610902 0.824956
vt 0.610654 0.824792
vt 0.610379 0.824652
vt 0.610081 0.824537
vt 0.609765 0.824449
vt 0.609436 0.824390
vt 0.609436 0.772330
vt 0.609765 0.772271
vt 0.610081 0.772183
vt 0.610379 0.772068
vt 0.610654 0.771927
vt 0.610902 0.771764
vt 0.611118 0.771580
vt 0.611301 0.771378
vt 0.611445 0.771162
vt 0.611550 0.770934
vt 0.611614 0.770700
vt 0.611635 0.770461
vt 0.611614 0.770223
vt 0.611550 0.769988
vt 0.611445 0.769761
vt 0.611300 0.769545
vt 0.611118 0.769343
vt 0.610902 0.769159
vt 0.610654 0.768995
vt 0.610379 0.768855
vt 0.610081 0.768740
vt 0.609765 0.768652
vt 0.609436 0.768592
vt 0.625000 1.000000
vt 0.375000 1.000000
vt 0.625000 1.000000
vt 0.625000 1.000000
vt 0.625000 0.250000
vt 0.625000 0.250000
vt 0.625000 1.000000
vt 0.625000 0.250000
vt 0.465000 0.377699
vt 0.465000 0.687500
vt 0.460000 0.687500
vt 0.460000 0.377699
vt 0.470000 0.377699
vt 0.470000 0.687500
vt 0.455000 0.687500
vt 0.455000 0.377699
vt 0.475000 0.377699
vt 0.475000 0.687500
vt 0.450000 0.687500
vt 0.450000 0.377699
vt 0.480000 0.377699
vt 0.480000 0.687500
vt 0.445000 0.687500
vt 0.445000 0.377699
vt 0.340001 0.628923
vt 0.360001 0.628923
vt 0.360000 0.392031
vt 0.340000 0.392031
vt 0.379999 0.628922
vt 0.380000 0.392031
vt 0.320000 0.628922
vt 0.320000 0.392031
vt 0.400001 0.628923
vt 0.400000 0.392031
vt 0.300000 0.628923
vt 0.300000 0.392031
vt 0.420001 0.628922
vt 0.420000 0.392031
vt 0.485000 0.377699
vt 0.485000 0.687500
vt 0.280001 0.628923
vt 0.280000 0.392031
vt 0.439999 0.628922
vt 0.440000 0.392031
vt 0.260001 0.628923
vt 0.260000 0.392031
vt 0.440000 0.687500
vt 0.440000 0.377699
vt 0.460000 0.628922
vt 0.460000 0.392031
vt 0.240000 0.628922
vt 0.240000 0.392031
vt 0.480000 0.628923
vt 0.480000 0.392031
vt 0.490000 0.377699
vt 0.490000 0.687500
vt 0.220000 0.628922
vt 0.220000 0.392031
vt 0.500000 0.628923
vt 0.500000 0.392031
vt 0.435000 0.687500
vt 0.435000 0.377699
vt 0.199999 0.628922
vt 0.200000 0.392031
vt 0.520001 0.628923
vt 0.520000 0.392031
vt 0.179999 0.628922
vt 0.180000 0.392031
vt 0.495000 0.377699
vt 0.495000 0.687500
vt 0.539999 0.628922
vt 0.540000 0.392031
vt 0.160000 0.628923
vt 0.160000 0.392031
vt 0.430000 0.687500
vt 0.430000 0.377699
vt 0.559999 0.628923
vt 0.560000 0.392031
vt 0.140000 0.628923
vt 0.140000 0.392031
vt 0.580001 0.628923
vt 0.580000 0.392031
vt 0.500000 0.377699
vt 0.500000 0.687500
vt 0.120000 0.628922
vt 0.120000 0.392031
vt 0.599999 0.628922
vt 0.600000 0.392031
vt 0.425000 0.687500
vt 0.425000 0.377699
vt 0.099999 0.628923
vt 0.100000 0.392031
vt 0.620000 0.628922
vt 0.620000 0.392031
vt 0.080001 0.628922
vt 0.080000 0.392031
vt 0.505000 0.377699
vt 0.505000 0.687500
vt 0.640000 0.628922
vt 0.640000 0.392031
vt 0.059999 0.628923
vt 0.060000 0.392031
vt 0.420000 0.687500
vt 0.420000 0.377699
vt 0.659999 0.628922
vt 0.660000 0.392031
vt 0.039999 0.628923
vt 0.040000 0.392031
vt 0.679999 0.628922
vt 0.680000 0.392031
vt 0.510000 0.377699
vt 0.510000 0.687500
vt 0.020001 0.628923
vt 0.020000 0.392031
vt 0.699999 0.628922
vt 0.700000 0.392031
vt 0.000000 0.628923
vt -0.000000 0.392031
vt 0.720000 0.628923
vt 0.720000 0.392031
vt 0.415000 0.687500
vt 0.415000 0.377699
vt 0.980000 0.628923
vt 1.000000 0.628923
vt 1.000000 0.392031
vt 0.980000 0.392031
vt 0.740000 0.628923
vt 0.740000 0.392031
vt 0.959999 0.628922
vt 0.960000 0.392031
vt 0.760001 0.628923
vt 0.760000 0.392031
vt 0.515000 0.377699
vt 0.515000 0.687500
vt 0.939999 0.628922
vt 0.940000 0.392031
vt 0.780001 0.628922
vt 0.780000 0.392031
vt 0.920001 0.628923
vt 0.920000 0.392031
vt 0.800000 0.628923
vt 0.800000 0.392031
vt 0.900001 0.628923
vt 0.900000 0.392031
vt 0.819999 0.628923
vt 0.820000 0.392031
vt 0.879998 0.628922
vt 0.880000 0.392031
vt 0.840000 0.628923
vt 0.840000 0.392031
vt 0.860001 0.628923
vt 0.860000 0.392031
vt 0.410000 0.687500
vt 0.410000 0.377699
vt 0.520000 0.377699
vt 0.520000 0.687500
vt 0.405000 0.687500
vt 0.405000 0.377699
vt 0.525000 0.377699
vt 0.525000 0.687500
vt 0.400000 0.687500
vt 0.400000 0.377699
vt 0.530000 0.377699
vt 0.530000 0.687500
vt 0.395000 0.687500
vt 0.395000 0.377699
vt 0.468589 0.881719
vt 0.400402 0.964143
vt 0.386099 0.950711
vt 0.464078 0.877483
vt 0.373591 0.935592
vt 0.460133 0.872714
vt 0.473596 0.885356
vt 0.416277 0.975676
vt 0.363077 0.919024
vt 0.456817 0.867490
vt 0.479018 0.888339
vt 0.433472 0.985129
vt 0.535000 0.377699
vt 0.535000 0.687500
vt 0.354722 0.901270
vt 0.454182 0.861891
vt 0.484772 0.890617
vt 0.451716 0.992353
vt 0.348659 0.882608
vt 0.452270 0.856005
vt 0.490766 0.892156
vt 0.470722 0.997232
vt 0.390000 0.687500
vt 0.390000 0.377699
vt 0.344982 0.863333
vt 0.451111 0.849926
vt 0.496906 0.892930
vt 0.490189 0.999692
vt 0.540000 0.377699
vt 0.540000 0.687500
vt 0.343750 0.843750
vt 0.450722 0.843750
vt 0.503094 0.892930
vt 0.509811 0.999692
vt 0.385000 0.687500
vt 0.385000 0.377699
vt 0.344982 0.824167
vt 0.451111 0.837574
vt 0.509234 0.892156
vt 0.529278 0.997232
vt 0.545000 0.377699
vt 0.545000 0.687500
vt 0.348659 0.804892
vt 0.452270 0.831496
vt 0.515228 0.890617
vt 0.548284 0.992353
vt 0.380000 0.687500
vt 0.380000 0.377699
vt 0.354722 0.786231
vt 0.454182 0.825609
vt 0.550000 0.377699
vt 0.550000 0.687500
vt 0.520982 0.888339
vt 0.566528 0.985129
vt 0.363077 0.768476
vt 0.456817 0.820010
vt 0.375000 0.687500
vt 0.375000 0.377699
vt 0.526404 0.885356
vt 0.583723 0.975676
vt 0.555000 0.377699
vt 0.555000 0.687500
vt 0.373591 0.751909
vt 0.460133 0.814786
vt 0.625000 0.377699
vt 0.625000 0.687500
vt 0.620000 0.687500
vt 0.620000 0.377699
vt 0.531411 0.881719
vt 0.599598 0.964143
vt 0.560000 0.377699
vt 0.560000 0.687500
vt 0.386099 0.736789
vt 0.464078 0.810017
vt 0.615000 0.687500
vt 0.615000 0.377699
vt 0.535922 0.877483
vt 0.613901 0.950710
vt 0.565000 0.377699
vt 0.565000 0.687500
vt 0.400402 0.723357
vt 0.468589 0.805781
vt 0.610000 0.687500
vt 0.610000 0.377699
vt 0.539866 0.872714
vt 0.626409 0.935591
vt 0.570000 0.377699
vt 0.570000 0.687500
vt 0.416277 0.711824
vt 0.473596 0.802144
vt 0.605000 0.687500
vt 0.605000 0.377699
vt 0.575000 0.377699
vt 0.575000 0.687500
vt 0.543183 0.867490
vt 0.636923 0.919024
vt 0.600000 0.687500
vt 0.600000 0.377699
vt 0.433472 0.702371
vt 0.479018 0.799161
vt 0.580000 0.377699
vt 0.580000 0.687500
vt 0.595000 0.687500
vt 0.595000 0.377699
vt 0.585000 0.377699
vt 0.585000 0.687500
vt 0.590000 0.687500
vt 0.590000 0.377699
vt 0.545818 0.861891
vt 0.645278 0.901269
vt 0.451716 0.695147
vt 0.484772 0.796883
vt 0.547730 0.856004
vt 0.651341 0.882608
vt 0.470722 0.690268
vt 0.490766 0.795344
vt 0.548889 0.849926
vt 0.655018 0.863333
vt 0.490189 0.687808
vt 0.496906 0.794570
vt 0.549278 0.843750
vt 0.656250 0.843750
vt 0.509811 0.687808
vt 0.503094 0.794570
vt 0.548889 0.837574
vt 0.655018 0.824167
vt 0.529278 0.690267
vt 0.509234 0.795344
vt 0.547729 0.831496
vt 0.651341 0.804892
vt 0.548284 0.695147
vt 0.515228 0.796883
vt 0.545818 0.825609
vt 0.645278 0.786230
vt 0.566528 0.702371
vt 0.520982 0.799161
vt 0.543183 0.820010
vt 0.636923 0.768476
vt 0.583723 0.711824
vt 0.526404 0.802144
vt 0.539866 0.814786
vt 0.626409 0.751908
vt 0.599598 0.723357
vt 0.531411 0.805781
vt 0.535922 0.810017
vt 0.613901 0.736789
vt 0.625000 0.994255
vt 0.630745 0.250000
vt 0.465000 0.377699
vt 0.465000 0.687500
vt 0.460000 0.687500
vt 0.460000 0.377699
vt 0.470000 0.377699
vt 0.470000 0.687500
vt 0.455000 0.687500
vt 0.455000 0.377699
vt 0.475000 0.377699
vt 0.475000 0.687500
vt 0.450000 0.687500
vt 0.450000 0.377699
vt 0.480000 0.377699
vt 0.480000 0.687500
vt 0.445000 0.687500
vt 0.445000 0.377699
vt 0.340001 0.657004
vt 0.360001 0.657004
vt 0.360000 0.420112
vt 0.340000 0.420112
vt 0.379999 0.657004
vt 0.380000 0.420112
vt 0.320000 0.657004
vt 0.320000 0.420112
vt 0.400001 0.657004
vt 0.400000 0.420112
vt 0.300001 0.657004
vt 0.300000 0.420112
vt 0.420002 0.657004
vt 0.420000 0.420112
vt 0.485000 0.377699
vt 0.485000 0.687500
vt 0.280001 0.657004
vt 0.280000 0.420112
vt 0.439999 0.657004
vt 0.440000 0.420112
vt 0.260000 0.657004
vt 0.260000 0.420112
vt 0.440000 0.687500
vt 0.440000 0.377699
vt 0.460000 0.657004
vt 0.460000 0.420112
vt 0.240000 0.657004
vt 0.240000 0.420112
vt 0.480000 0.657004
vt 0.480000 0.420112
vt 0.490000 0.377699
vt 0.490000 0.687500
vt 0.220000 0.657004
vt 0.220000 0.420112
vt 0.500000 0.657004
vt 0.500000 0.420112
vt 0.435000 0.687500
vt 0.435000 0.377699
vt 0.200000 0.657004
vt 0.200000 0.420112
vt 0.520001 0.657004
vt 0.520000 0.420112
vt 0.179999 0.657004
vt 0.180000 0.420112
vt 0.495000 0.377699
vt 0.495000 0.687500
vt 0.539999 0.657004
vt 0.540000 0.420112
vt 0.159999 0.657004
vt 0.160000 0.420112
vt 0.430000 0.687500
vt 0.430000 0.377699
vt 0.559999 0.657004
vt 0.560000 0.420112
vt 0.140000 0.657004
vt 0.140000 0.420112
vt 0.580001 0.657004
vt 0.580000 0.420112
vt 0.500000 0.377699
vt 0.500000 0.687500
vt 0.119999 0.657004
vt 0.120000 0.420112
vt 0.599999 0.657004
vt 0.600000 0.420112
vt 0.425000 0.687500
vt 0.425000 0.377699
vt 0.099999 0.657004
vt 0.100000 0.420112
vt 0.620000 0.657004
vt 0.620000 0.420112
vt 0.080001 0.657004
vt 0.080000 0.420112
vt 0.505000 0.377699
vt 0.505000 0.687500
vt 0.640000 0.657004
vt 0.640000 0.420112
vt 0.059999 0.657004
vt 0.060000 0.420112
vt 0.420000 0.687500
vt 0.420000 0.377699
vt 0.659999 0.657004
vt 0.660000 0.420112
vt 0.039998 0.657004
vt 0.040000 0.420112
vt 0.679999 0.657004
vt 0.680000 0.420112
vt 0.510000 0.377699
vt 0.510000 0.687500
vt 0.020001 0.657004
vt 0.020000 0.420112
vt 0.700000 0.657004
vt 0.700000 0.420112
vt 0.000000 0.657004
vt -0.000000 0.420112
vt 0.720000 0.657004
vt 0.720000 0.420112
vt 0.415000 0.687500
vt 0.415000 0.377699
vt 0.980000 0.657004
vt 1.000000 0.657004
vt 1.000000 0.420112
vt 0.980000 0.420112
vt 0.740000 0.657004
vt 0.740000 0.420112
vt 0.959999 0.657004
vt 0.960000 0.420112
vt 0.760000 0.657004
vt 0.760000 0.420112
vt 0.515000 0.377699
vt 0.515000 0.687500
vt 0.939999 0.657004
vt 0.940000 0.420112
vt 0.780001 0.657004
vt 0.780000 0.420112
vt 0.920001 0.657004
vt 0.920000 0.420112
vt 0.800001 0.657004
vt 0.800000 0.420112
vt 0.900001 0.657004
vt 0.900000 0.420112
vt 0.819999 0.657004
vt 0.820000 0.420112
vt 0.879999 0.657004
vt 0.880000 0.420112
vt 0.840000 0.657004
vt 0.840000 0.420112
vt 0.860000 0.657004
vt 0.860000 0.420112
vt 0.410000 0.687500
vt 0.410000 0.377699
vt 0.520000 0.377699
vt 0.520000 0.687500
vt 0.405000 0.687500
vt 0.405000 0.377699
vt 0.525000 0.377699
vt 0.525000 0.687500
vt 0.400000 0.687500
vt 0.400000 0.377699
vt 0.530000 0.377699
vt 0.530000 0.687500
vt 0.395000 0.687500
vt 0.395000 0.377699
vt 0.468589 0.881719
vt 0.400402 0.964143
vt 0.386099 0.950711
vt 0.464078 0.877483
vt 0.373591 0.935592
vt 0.460134 0.872714
vt 0.473596 0.885356
vt 0.416277 0.975676
vt 0.363077 0.919024
vt 0.456818 0.867490
vt 0.479018 0.888339
vt 0.433472 0.985129
vt 0.535000 0.377699
vt 0.535000 0.687500
vt 0.354722 0.901270
vt 0.454183 0.861891
vt 0.484772 0.890617
vt 0.451716 0.992353
vt 0.348659 0.882608
vt 0.452271 0.856004
vt 0.490766 0.892156
vt 0.470722 0.997232
vt 0.390000 0.687500
vt 0.390000 0.377699
vt 0.344982 0.863333
vt 0.451111 0.849926
vt 0.496906 0.892930
vt 0.490189 0.999692
vt 0.540000 0.377699
vt 0.540000 0.687500
vt 0.343750 0.843750
vt 0.450722 0.843750
vt 0.503094 0.892930
vt 0.509811 0.999692
vt 0.385000 0.687500
vt 0.385000 0.377699
vt 0.344982 0.824167
vt 0.451111 0.837574
vt 0.509234 0.892156
vt 0.529278 0.997232
vt 0.545000 0.377699
vt 0.545000 0.687500
vt 0.348659 0.804892
vt 0.452270 0.831496
vt 0.515228 0.890617
vt 0.548284 0.992353
vt 0.380000 0.687500
vt 0.380000 0.377699
vt 0.354722 0.786231
vt 0.454183 0.825609
vt 0.550000 0.377699
vt 0.550000 0.687500
vt 0.520982 0.888339
vt 0.566528 0.985129
vt 0.363077 0.768476
vt 0.456818 0.820010
vt 0.375000 0.687500
vt 0.375000 0.377699
vt 0.526404 0.885356
vt 0.583723 0.975676
vt 0.555000 0.377699
vt 0.555000 0.687500
vt 0.373591 0.751909
vt 0.460134 0.814786
vt 0.625000 0.377699
vt 0.625000 0.687500
vt 0.620000 0.687500
vt 0.620000 0.377699
vt 0.531411 0.881719
vt 0.599598 0.964143
vt 0.560000 0.377699
vt 0.560000 0.687500
vt 0.386099 0.736789
vt 0.464078 0.810017
vt 0.615000 0.687500
vt 0.615000 0.377699
vt 0.535922 0.877483
vt 0.613901 0.950710
vt 0.565000 0.377699
vt 0.565000 0.687500
vt 0.400402 0.723357
vt 0.468589 0.805781
vt 0.610000 0.687500
vt 0.610000 0.377699
vt 0.539866 0.872714
vt 0.626409 0.935591
vt 0.570000 0.377699
vt 0.570000 0.687500
vt 0.416277 0.711824
vt 0.473596 0.802144
vt 0.605000 0.687500
vt 0.605000 0.377699
vt 0.575000 0.377699
vt 0.575000 0.687500
vt 0.543182 0.867490
vt 0.636923 0.919024
vt 0.600000 0.687500
vt 0.600000 0.377699
vt 0.433472 0.702371
vt 0.479018 0.799161
vt 0.580000 0.377699
vt 0.580000 0.687500
vt 0.595000 0.687500
vt 0.595000 0.377699
vt 0.585000 0.377699
vt 0.585000 0.687500
vt 0.590000 0.687500
vt 0.590000 0.377699
vt 0.545817 0.861891
vt 0.645278 0.901269
vt 0.451716 0.695147
vt 0.484772 0.796883
vt 0.547729 0.856004
vt 0.651341 0.882608
vt 0.470722 0.690268
vt 0.490766 0.795344
vt 0.548889 0.849926
vt 0.655018 0.863333
vt 0.490189 0.687808
vt 0.496906 0.794570
vt 0.549278 0.843750
vt 0.656250 0.843750
vt 0.509811 0.687808
vt 0.503094 0.794570
vt 0.548889 0.837574
vt 0.655018 0.824167
vt 0.529278 0.690267
vt 0.509234 0.795344
vt 0.547730 0.831495
vt 0.651341 0.804892
vt 0.548284 0.695147
vt 0.515228 0.796883
vt 0.545817 0.825609
vt 0.645278 0.786230
vt 0.566528 0.702371
vt 0.520982 0.799161
vt 0.543182 0.820010
vt 0.636923 0.768476
vt 0.583723 0.711824
vt 0.526404 0.802144
vt 0.539866 0.814786
vt 0.626409 0.751908
vt 0.599598 0.723357
vt 0.531411 0.805781
vt 0.535922 0.810017
vt 0.613901 0.736789
vt 0.625000 1.000000
vt 0.625000 0.994255
vt 0.465000 0.377699
vt 0.465000 0.687500
vt 0.460000 0.687500
vt 0.460000 0.377699
vt 0.470000 0.377699
vt 0.470000 0.687500
vt 0.455000 0.687500
vt 0.455000 0.377699
vt 0.475000 0.377699
vt 0.475000 0.687500
vt 0.450000 0.687500
vt 0.450000 0.377699
vt 0.480000 0.377699
vt 0.480000 0.687500
vt 0.445000 0.687500
vt 0.445000 0.377699
vt 0.340001 0.669737
vt 0.360001 0.669737
vt 0.360000 0.432845
vt 0.340000 0.432845
vt 0.379999 0.669737
vt 0.380000 0.432845
vt 0.320000 0.669737
vt 0.320000 0.432845
vt 0.400001 0.669737
vt 0.400000 0.432845
vt 0.300000 0.669737
vt 0.300000 0.432845
vt 0.420001 0.669737
vt 0.420000 0.432845
vt 0.485000 0.377699
vt 0.485000 0.687500
vt 0.280001 0.669737
vt 0.280000 0.432845
vt 0.439999 0.669737
vt 0.440000 0.432845
vt 0.260001 0.669737
vt 0.260000 0.432845
vt 0.440000 0.687500
vt 0.440000 0.377699
vt 0.460000 0.669737
vt 0.460000 0.432845
vt 0.240000 0.669737
vt 0.240000 0.432845
vt 0.630745 0.250000
vt 0.625000 0.250000
vt 0.480000 0.669737
vt 0.480000 0.432845
vt 0.490000 0.377699
vt 0.490000 0.687500
vt 0.220000 0.669737
vt 0.220000 0.432845
vt 0.500000 0.669737
vt 0.500000 0.432845
vt 0.435000 0.687500
vt 0.435000 0.377699
vt 0.199999 0.669737
vt 0.200000 0.432845
vt 0.520001 0.669737
vt 0.520000 0.432845
vt 0.179999 0.669737
vt 0.180000 0.432845
vt 0.495000 0.377699
vt 0.495000 0.687500
vt 0.539999 0.669737
vt 0.540000 0.432845
vt 0.160000 0.669737
vt 0.160000 0.432845
vt 0.430000 0.687500
vt 0.430000 0.377699
vt 0.559999 0.669737
vt 0.560000 0.432845
vt 0.140000 0.669737
vt 0.140000 0.432845
vt 0.580001 0.669737
vt 0.580000 0.432845
vt 0.500000 0.377699
vt 0.500000 0.687500
vt 0.119999 0.669737
vt 0.120000 0.432845
vt 0.599999 0.669737
vt 0.600000 0.432845
vt 0.425000 0.687500
vt 0.425000 0.377699
vt 0.099999 0.669737
vt 0.100000 0.432845
vt 0.620000 0.669737
vt 0.620000 0.432845
vt 0.080001 0.669737
vt 0.080000 0.432845
vt 0.505000 0.377699
vt 0.505000 0.687500
vt 0.640000 0.669737
vt 0.640000 0.432845
vt 0.059999 0.669737
vt 0.060000 0.432845
vt 0.420000 0.687500
vt 0.420000 0.377699
vt 0.659999 0.669737
vt 0.660000 0.432845
vt 0.039999 0.669737
vt 0.040000 0.432845
vt 0.679999 0.669737
vt 0.680000 0.432845
vt 0.510000 0.377699
vt 0.510000 0.687500
vt 0.020001 0.669737
vt 0.020000 0.432845
vt 0.699999 0.669737
vt 0.700000 0.432845
vt 0.000000 0.669737
vt -0.000000 0.432845
vt 0.720000 0.669737
vt 0.720000 0.432845
vt 0.415000 0.687500
vt 0.415000 0.377699
vt 0.980000 0.669737
vt 1.000000 0.669737
vt 1.000000 0.432845
vt 0.980000 0.432845
vt 0.740000 0.669737
vt 0.740000 0.432845
vt 0.959999 0.669737
vt 0.960000 0.432845
vt 0.760001 0.669737
vt 0.760000 0.432845
vt 0.515000 0.377699
vt 0.515000 0.687500
vt 0.939999 0.669737
vt 0.940000 0.432845
vt 0.780001 0.669737
vt 0.780000 0.432845
vt 0.920001 0.669737
vt 0.920000 0.432845
vt 0.800000 0.669737
vt 0.800000 0.432845
vt 0.900000 0.669737
vt 0.900000 0.432845
vt 0.819999 0.669737
vt 0.820000 0.432845
vt 0.879998 0.669737
vt 0.880000 0.432845
vt 0.840000 0.669737
vt 0.840000 0.432845
vt 0.860001 0.669737
vt 0.860000 0.432845
vt 0.410000 0.687500
vt 0.410000 0.377699
vt 0.520000 0.377699
vt 0.520000 0.687500
vt 0.405000 0.687500
vt 0.405000 0.377699
vt 0.525000 0.377699
vt 0.525000 0.687500
vt 0.400000 0.687500
vt 0.400000 0.377699
vt 0.530000 0.377699
vt 0.530000 0.687500
vt 0.395000 0.687500
vt 0.395000 0.377699
vt 0.468589 0.881719
vt 0.400402 0.964143
vt 0.386099 0.950711
vt 0.464078 0.877483
vt 0.373591 0.935592
vt 0.460133 0.872714
vt 0.473596 0.885356
vt 0.416277 0.975676
vt 0.363077 0.919024
vt 0.456817 0.867490
vt 0.479018 0.888339
vt 0.433472 0.985129
vt 0.535000 0.377699
vt 0.535000 0.687500
vt 0.354722 0.901270
vt 0.454182 0.861891
vt 0.484772 0.890617
vt 0.451716 0.992353
vt 0.348659 0.882608
vt 0.452270 0.856005
vt 0.490766 0.892156
vt 0.470722 0.997232
vt 0.390000 0.687500
vt 0.390000 0.377699
vt 0.344982 0.863333
vt 0.451111 0.849926
vt 0.496906 0.892930
vt 0.490189 0.999692
vt 0.540000 0.377699
vt 0.540000 0.687500
vt 0.343750 0.843750
vt 0.450722 0.843750
vt 0.503094 0.892930
vt 0.509811 0.999692
vt 0.385000 0.687500
vt 0.385000 0.377699
vt 0.344982 0.824167
vt 0.451111 0.837574
vt 0.509234 0.892156
vt 0.529278 0.997232
vt 0.545000 0.377699
vt 0.545000 0.687500
vt 0.348659 0.804892
vt 0.452270 0.831496
vt 0.515228 0.890617
vt 0.548284 0.992353
vt 0.380000 0.687500
vt 0.380000 0.377699
vt 0.354722 0.786231
vt 0.454182 0.825609
vt 0.550000 0.377699
vt 0.550000 0.687500
vt 0.520982 0.888339
vt 0.566528 0.985129
vt 0.363077 0.768476
vt 0.456817 0.820010
vt 0.375000 0.687500
vt 0.375000 0.377699
vt 0.526404 0.885356
vt 0.583723 0.975676
vt 0.555000 0.377699
vt 0.555000 0.687500
vt 0.373591 0.751909
vt 0.460133 0.814786
vt 0.625000 0.377699
vt 0.625000 0.687500
vt 0.620000 0.687500
vt 0.620000 0.377699
vt 0.531411 0.881719
vt 0.599598 0.964143
vt 0.560000 0.377699
vt 0.560000 0.687500
vt 0.386099 0.736789
vt 0.464078 0.810017
vt 0.615000 0.687500
vt 0.615000 0.377699
vt 0.535922 0.877483
vt 0.613901 0.950710
vt 0.565000 0.377699
vt 0.565000 0.687500
vt 0.400402 0.723357
vt 0.468589 0.805781
vt 0.610000 0.687500
vt 0.610000 0.377699
vt 0.539866 0.872714
vt 0.626409 0.935591
vt 0.570000 0.377699
vt 0.570000 0.687500
vt 0.416277 0.711824
vt 0.473596 0.802144
vt 0.605000 0.687500
vt 0.605000 0.377699
vt 0.575000 0.377699
vt 0.575000 0.687500
vt 0.543183 0.867490
vt 0.636923 0.919024
vt 0.600000 0.687500
vt 0.600000 0.377699
vt 0.433472 0.702371
vt 0.479018 0.799161
vt 0.580000 0.377699
vt 0.580000 0.687500
vt 0.595000 0.687500
vt 0.595000 0.377699
vt 0.585000 0.377699
vt 0.585000 0.687500
vt 0.590000 0.687500
vt 0.590000 0.377699
vt 0.545818 0.861891
vt 0.645278 0.901269
vt 0.451716 0.695147
vt 0.484772 0.796883
vt 0.547730 0.856004
vt 0.651341 0.882608
vt 0.470722 0.690268
vt 0.490766 0.795344
vt 0.548889 0.849926
vt 0.655018 0.863333
vt 0.490189 0.687808
vt 0.496906 0.794570
vt 0.549278 0.843750
vt 0.656250 0.843750
vt 0.509811 0.687808
vt 0.503094 0.794570
vt 0.548889 0.837574
vt 0.655018 0.824167
vt 0.529278 0.690267
vt 0.509234 0.795344
vt 0.547729 0.831496
vt 0.651341 0.804892
vt 0.548284 0.695147
vt 0.515228 0.796883
vt 0.545818 0.825609
vt 0.645278 0.786230
vt 0.566528 0.702371
vt 0.520982 0.799161
vt 0.543183 0.820010
vt 0.636923 0.768476
vt 0.583723 0.711824
vt 0.526404 0.802144
vt 0.539866 0.814786
vt 0.626409 0.751908
vt 0.599598 0.723357
vt 0.531411 0.805781
vt 0.535922 0.810017
vt 0.613901 0.736789
vt 0.465000 0.377699
vt 0.465000 0.687500
vt 0.460000 0.687500
vt 0.460000 0.377699
vt 0.470000 0.377699
vt 0.470000 0.687500
vt 0.455000 0.687500
vt 0.455000 0.377699
vt 0.475000 0.377699
vt 0.475000 0.687500
vt 0.450000 0.687500
vt 0.450000 0.377699
vt 0.480000 0.377699
vt 0.480000 0.687500
vt 0.445000 0.687500
vt 0.445000 0.377699
vt 0.340001 0.676490
vt 0.360001 0.676490
vt 0.360000 0.439598
vt 0.340000 0.439598
vt 0.379999 0.676490
vt 0.380000 0.439598
vt 0.320000 0.676490
vt 0.320000 0.439598
vt 0.400001 0.676490
vt 0.400000 0.439598
vt 0.300001 0.676490
vt 0.300000 0.439598
vt 0.420002 0.676490
vt 0.420000 0.439598
vt 0.485000 0.377699
vt 0.485000 0.687500
vt 0.280001 0.676490
vt 0.280000 0.439598
vt 0.439999 0.676490
vt 0.440000 0.439598
vt 0.260000 0.676490
vt 0.260000 0.439598
vt 0.440000 0.687500
vt 0.440000 0.377699
vt 0.460000 0.676490
vt 0.460000 0.439598
vt 0.240000 0.676490
vt 0.240000 0.439598
vt 0.480000 0.676490
vt 0.480000 0.439598
vt 0.490000 0.377699
vt 0.490000 0.687500
vt 0.220000 0.676490
vt 0.220000 0.439598
vt 0.500000 0.676490
vt 0.500000 0.439598
vt 0.435000 0.687500
vt 0.435000 0.377699
vt 0.200000 0.676490
vt 0.200000 0.439598
vt 0.520001 0.676490
vt 0.520000 0.439598
vt 0.179999 0.676490
vt 0.180000 0.439598
vt 0.495000 0.377699
vt 0.495000 0.687500
vt 0.539999 0.676490
vt 0.540000 0.439598
vt 0.159999 0.676490
vt 0.160000 0.439598
vt 0.430000 0.687500
vt 0.430000 0.377699
vt 0.559999 0.676490
vt 0.560000 0.439598
vt 0.140000 0.676490
vt 0.140000 0.439598
vt 0.580001 0.676490
vt 0.580000 0.439598
vt 0.500000 0.377699
vt 0.500000 0.687500
vt 0.119999 0.676490
vt 0.120000 0.439598
vt 0.599999 0.676490
vt 0.600000 0.439598
vt 0.425000 0.687500
vt 0.425000 0.377699
vt 0.099999 0.676490
vt 0.100000 0.439598
vt 0.620000 0.676490
vt 0.620000 0.439598
vt 0.080001 0.676490
vt 0.080000 0.439598
vt 0.505000 0.377699
vt 0.505000 0.687500
vt 0.640000 0.676490
vt 0.640000 0.439598
vt 0.059999 0.676490
vt 0.060000 0.439598
vt 0.420000 0.687500
vt 0.420000 0.377699
vt 0.659999 0.676490
vt 0.660000 0.439598
vt 0.039998 0.676490
vt 0.040000 0.439598
vt 0.679999 0.676490
vt 0.680000 0.439598
vt 0.510000 0.377699
vt 0.510000 0.687500
vt 0.020001 0.676490
vt 0.020000 0.439598
vt 0.700000 0.676490
vt 0.700000 0.439598
vt 0.000000 0.676490
vt -0.000000 0.439598
vt 0.720000 0.676490
vt 0.720000 0.439598
vt 0.415000 0.687500
vt 0.415000 0.377699
vt 0.980000 0.676490
vt 1.000000 0.676490
vt 1.000000 0.439598
vt 0.980000 0.439598
vt 0.740000 0.676490
vt 0.740000 0.439598
vt 0.959999 0.676490
vt 0.960000 0.439598
vt 0.760000 0.676490
vt 0.760000 0.439598
vt 0.515000 0.377699
vt 0.515000 0.687500
vt 0.939999 0.676490
vt 0.940000 0.439598
vt 0.780001 0.676490
vt 0.780000 0.439598
vt 0.920001 0.676490
vt 0.920000 0.439598
vt 0.800001 0.676490
vt 0.800000 0.439598
vt 0.900001 0.676490
vt 0.900000 0.439598
vt 0.819999 0.676490
vt 0.820000 0.439598
vt 0.879999 0.676490
vt 0.880000 0.439598
vt 0.840000 0.676490
vt 0.840000 0.439598
vt 0.860000 0.676490
vt 0.860000 0.439598
vt 0.410000 0.687500
vt 0.410000 0.377699
vt 0.520000 0.377699
vt 0.520000 0.687500
vt 0.405000 0.687500
vt 0.405000 0.377699
vt 0.525000 0.377699
vt 0.525000 0.687500
vt 0.400000 0.687500
vt 0.400000 0.377699
vt 0.530000 0.377699
vt 0.530000 0.687500
vt 0.395000 0.687500
vt 0.395000 0.377699
vt 0.468589 0.881719
vt 0.400402 0.964143
vt 0.386099 0.950711
vt 0.464078 0.877483
vt 0.373591 0.935592
vt 0.460134 0.872714
vt 0.473596 0.885356
vt 0.416277 0.975676
vt 0.363077 0.919024
vt 0.456818 0.867490
vt 0.479018 0.888339
vt 0.433472 0.985129
vt 0.535000 0.377699
vt 0.535000 0.687500
vt 0.354722 0.901270
vt 0.454183 0.861891
vt 0.484772 0.890617
vt 0.451716 0.992353
vt 0.348659 0.882608
vt 0.452271 0.856004
vt 0.490766 0.892156
vt 0.470722 0.997232
vt 0.390000 0.687500
vt 0.390000 0.377699
vt 0.344982 0.863333
vt 0.451111 0.849926
vt 0.496906 0.892930
vt 0.490189 0.999692
vt 0.540000 0.377699
vt 0.540000 0.687500
vt 0.343750 0.843750
vt 0.450722 0.843750
vt 0.503094 0.892930
vt 0.509811 0.999692
vt 0.385000 0.687500
vt 0.385000 0.377699
vt 0.344982 0.824167
vt 0.451111 0.837574
vt 0.509234 0.892156
vt 0.529278 0.997232
vt 0.545000 0.377699
vt 0.545000 0.687500
vt 0.348659 0.804892
vt 0.452270 0.831496
vt 0.515228 0.890617
vt 0.548284 0.992353
vt 0.380000 0.687500
vt 0.380000 0.377699
vt 0.354722 0.786231
vt 0.454183 0.825609
vt 0.550000 0.377699
vt 0.550000 0.687500
vt 0.520982 0.888339
vt 0.566528 0.985129
vt 0.363077 0.768476
vt 0.456818 0.820010
vt 0.375000 0.687500
vt 0.375000 0.377699
vt 0.526404 0.885356
vt 0.583723 0.975676
vt 0.555000 0.377699
vt 0.555000 0.687500
vt 0.373591 0.751909
vt 0.460134 0.814786
vt 0.625000 0.377699
vt 0.625000 0.687500
vt 0.620000 0.687500
vt 0.620000 0.377699
vt 0.531411 0.881719
vt 0.599598 0.964143
vt 0.560000 0.377699
vt 0.560000 0.687500
vt 0.386099 0.736789
vt 0.464078 0.810017
vt 0.615000 0.687500
vt 0.615000 0.377699
vt 0.535922 0.877483
vt 0.613901 0.950710
vt 0.565000 0.377699
vt 0.565000 0.687500
vt 0.400402 0.723357
vt 0.468589 0.805781
vt 0.610000 0.687500
vt 0.610000 0.377699
vt 0.539866 0.872714
vt 0.626409 0.935591
vt 0.570000 0.377699
vt 0.570000 0.687500
vt 0.416277 0.711824
vt 0.473596 0.802144
vt 0.605000 0.687500
vt 0.605000 0.377699
vt 0.575000 0.377699
vt 0.575000 0.687500
vt 0.543182 0.867490
vt 0.636923 0.919024
vt 0.600000 0.687500
vt 0.600000 0.377699
vt 0.433472 0.702371
vt 0.479018 0.799161
vt 0.580000 0.377699
vt 0.580000 0.687500
vt 0.595000 0.687500
vt 0.595000 0.377699
vt 0.585000 0.377699
vt 0.585000 0.687500
vt 0.590000 0.687500
vt 0.590000 0.377699
vt 0.545817 0.861891
vt 0.645278 0.901269
vt 0.451716 0.695147
vt 0.484772 0.796883
vt 0.547729 0.856004
vt 0.651341 0.882608
vt 0.470722 0.690268
vt 0.490766 0.795344
vt 0.548889 0.849926
vt 0.655018 0.863333
vt 0.490189 0.687808
vt 0.496906 0.794570
vt 0.549278 0.843750
vt 0.656250 0.843750
vt 0.509811 0.687808
vt 0.503094 0.794570
vt 0.548889 0.837574
vt 0.655018 0.824167
vt 0.529278 0.690267
vt 0.509234 0.795344
vt 0.547730 0.831495
vt 0.651341 0.804892
vt 0.548284 0.695147
vt 0.515228 0.796883
vt 0.545817 0.825609
vt 0.645278 0.786230
vt 0.566528 0.702371
vt 0.520982 0.799161
vt 0.543182 0.820010
vt 0.636923 0.768476
vt 0.583723 0.711824
vt 0.526404 0.802144
vt 0.539866 0.814786
vt 0.626409 0.751908
vt 0.599598 0.723357
vt 0.531411 0.805781
vt 0.535922 0.810017
vt 0.613901 0.736789
vt 0.625000 1.000000
vt 0.625000 1.000000
vt 0.625000 1.000000
vt 0.625000 1.000000
vt 0.625000 1.000000
vt 0.625000 1.000000
vt 0.625000 1.000000
vt 0.625000 1.000000
vt 0.625000 1.000000
vt 0.625000 1.000000
vt 0.625000 1.000000
vt 0.625000 1.000000
vt 0.625000 1.000000
vt 0.625000 1.000000
vt 0.625000 1.000000
vt 0.625000 1.000000
vt 0.625000 1.000000
vt 0.625000 1.000000
vt 0.625000 1.000000
vt 0.625000 1.000000
vt 0.625000 1.000000
vt 0.625000 1.000000
vt 0.625000 1.000000
vt 0.625000 1.000000
vt 0.625000 1.000000
vt 0.625000 1.000000
vt 0.625000 1.000000
vt 0.625000 1.000000
vt 0.625000 1.000000
vt 0.625000 1.000000
vt 0.625000 1.000000
vt 0.625000 1.000000
vt 0.625000 1.000000
vt 0.625000 1.000000
vt 0.625000 1.000000
vt 0.625000 1.000000
vt 0.625000 1.000000
vt 0.625000 1.000000
vt 0.625000 1.000000
vt 0.625000 1.000000
vt 0.625000 1.000000
vt 0.625000 1.000000
vt 0.625000 1.000000
vt 0.625000 1.000000
vt 0.625000 1.000000
vt 0.625000 1.000000
vt 0.625000 1.000000
vt 0.625000 1.000000
vt 0.625000 1.000000
vt 0.625000 1.000000
vt 0.625000 1.000000
vt 0.625000 1.000000
vt 0.625000 1.000000
vt 0.625000 1.000000
vt 0.625000 1.000000
vt 0.625000 1.000000
vt 0.625000 1.000000
vt 0.625000 1.000000
vt 0.625000 0.250000
vt 0.625000 0.250000
vt 0.625000 0.250000
vt 0.625000 0.250000
vt 0.625000 0.250000
vt 0.625000 0.250000
vt 0.625000 0.250000
vt 0.625000 0.250000
vt 0.625000 0.250000
vt 0.625000 0.250000
vt 0.625000 0.250000
vt 0.625000 0.250000
vt 0.625000 0.250000
vt 0.625000 0.250000
vt 0.625000 0.250000
vt 0.625000 0.250000
vt 0.625000 0.250000
vt 0.625000 0.250000
vt 0.625000 0.250000
vt 0.625000 0.250000
vt 0.625000 0.250000
vt 0.625000 0.250000
vt 0.625000 0.250000
vt 0.625000 0.250000
vt 0.625000 0.250000
vt 0.625000 0.250000
vt 0.625000 0.250000
vt 0.625000 0.250000
vt 0.625000 0.250000
vt 0.625000 0.250000
vt 0.625000 0.250000
vt 0.625000 0.250000
vt 0.625000 0.250000
vt 0.625000 0.250000
vt 0.625000 0.250000
vt 0.625000 0.250000
vt 0.625000 0.250000
vt 0.625000 0.250000
vt 0.625000 0.250000
vt 0.625000 0.250000
vt 0.625000 0.250000
vt 0.625000 0.250000
vt 0.625000 0.250000
vt 0.625000 0.250000
vt 0.625000 0.250000
vt 0.625000 0.250000
vt 0.625000 0.250000
vt 0.625000 0.250000
vt 0.625000 0.250000
vt 0.625000 0.250000
vt 0.625000 0.250000
vt 0.625000 0.250000
vt 0.625000 0.250000
vt 0.625000 0.250000
vt 0.625000 0.250000
vt 0.625000 0.250000
vt 0.625000 0.250000
vt 0.625000 0.250000
vt 0.625000 0.250000
vt 0.625000 0.250000
vt 0.625000 0.250000
vt 0.625000 0.250000
vt 0.625000 0.250000
vt 0.625000 0.250000
vt 0.625000 0.250000
vt 0.625000 0.250000
vt 0.625000 0.250000
vt 0.625000 0.250000
vt 0.625000 0.250000
vt 0.625000 0.250000
vt 0.625000 0.250000
vt 0.625000 0.250000
vt 0.625000 0.250000
vt 0.625000 0.250000
vt 0.625000 0.250000
vt 0.625000 0.250000
vt 0.625000 0.250000
vt 0.625000 0.250000
vt 0.625000 0.250000
vt 0.625000 0.250000
vt 0.625000 0.250000
vt 0.625000 0.250000
vt 0.625000 0.250000
vt 0.625000 0.250000
vt 0.625000 0.250000
vt 0.625000 0.250000
vt 0.625000 0.250000
vt 0.625000 0.250000
vt 0.625000 0.250000
vt 0.625000 0.250000
vt 0.625000 0.250000
vt 0.625000 0.250000
vt 0.625000 0.250000
vt 0.625000 0.250000
vt 0.625000 0.250000
vt 0.625000 0.250000
vt 0.625000 0.250000
vt 0.625000 0.250000
vt 0.625000 0.250000
vt 0.625000 0.250000
vt 0.625000 0.250000
vt 0.625000 0.250000
vt 0.625000 0.250000
vt 0.625000 0.250000
vt 0.625000 0.250000
vt 0.625000 0.250000
vt 0.625000 0.250000
vt 0.625000 0.250000
vt 0.625000 0.250000
vt 0.625000 0.250000
vt 0.625000 0.250000
vt 0.625000 0.250000
vt 0.625000 0.250000
vt 0.625000 0.250000
vt 0.625000 0.250000
vt 0.625000 0.250000
vt 0.625000 0.250000
vt 0.625000 0.250000
vt 0.625000 0.250000
vt 0.625000 0.250000
vt 0.625000 0.250000
vt 0.625000 0.250000
vt 0.625000 0.250000
vt 0.625000 0.250000
vt 0.625000 1.000000
vt 0.625000 1.000000
vt 0.625000 1.000000
vt 0.625000 1.000000
vt 0.625000 1.000000
vt 0.625000 1.000000
vt 0.625000 1.000000
vt 0.625000 1.000000
vt 0.625000 1.000000
vt 0.625000 1.000000
vt 0.625000 1.000000
vt 0.625000 0.250000
vt 0.625000 1.000000
vt 0.625000 1.000000
vt 0.625000 1.000000
vt 0.625000 1.000000
vt 0.625000 1.000000
vt 0.625000 1.000000
vt 0.625000 1.000000
vt 0.625000 1.000000
vt 0.625000 1.000000
vt 0.625000 1.000000
vt 0.625000 1.000000
vt 0.625000 1.000000
vt 0.625000 1.000000
vt 0.625000 1.000000
vt 0.625000 1.000000
vt 0.625000 1.000000
vt 0.625000 1.000000
vt 0.625000 1.000000
vt 0.625000 1.000000
vt 0.625000 1.000000
vt 0.625000 1.000000
vt 0.625000 1.000000
vt 0.625000 1.000000
vt 0.625000 1.000000
vt 0.625000 1.000000
vt 0.625000 1.000000
vt 0.625000 1.000000
vt 0.625000 1.000000
vt 0.625000 1.000000
vt 0.625000 1.000000
vt 0.625000 1.000000
vt 0.625000 1.000000
vt 0.625000 1.000000
vt 0.625000 1.000000
vt 0.625000 1.000000
vt 0.625000 1.000000
vt 0.625000 1.000000
vt 0.625000 1.000000
vt 0.625000 1.000000
vt 0.625000 1.000000
vt 0.625000 1.000000
vt 0.625000 1.000000
vt 0.625000 1.000000
vt 0.625000 1.000000
vt 0.625000 1.000000
vt 0.625000 1.000000
vt 0.625000 1.000000
vt 0.625000 1.000000
vt 0.625000 1.000000
vt 0.625000 1.000000
vt 0.625000 1.000000
vt 0.625000 1.000000
vt 0.625000 1.000000
vt 0.625000 1.000000
vt 0.625000 1.000000
vt 0.625000 1.000000
vt 0.625000 1.000000
vt 0.625000 1.000000
vt 0.625000 1.000000
vt 0.625000 1.000000
vt 0.625000 1.000000
vt 0.625000 1.000000
vt 0.625000 1.000000
vt 0.625000 1.000000
vt 0.625000 1.000000
vt 0.625000 1.000000
vt 0.625000 1.000000
vt 0.625000 1.000000
vt 0.625000 1.000000
vt 0.625000 1.000000
vt 0.625000 1.000000
vt 0.625000 1.000000
vt 0.625000 1.000000
vt 0.625000 1.000000
vt 0.625000 1.000000
vt 0.625000 1.000000
vt 0.625000 1.000000
vt 0.625000 1.000000
vt 0.625000 1.000000
vt 0.625000 1.000000
vt 0.625000 1.000000
vt 0.625000 1.000000
vt 0.625000 1.000000
vt 0.625000 1.000000
vt 0.625000 1.000000
vt 0.625000 1.000000
vt 0.625000 1.000000
vt 0.625000 1.000000
vt 0.625000 1.000000
vt 0.625000 1.000000
vt 0.625000 1.000000
vt 0.625000 1.000000
vt 0.625000 1.000000
vt 0.625000 1.000000
vt 0.625000 1.000000
vt 0.625000 1.000000
vt 0.625000 1.000000
vt 0.625000 1.000000
vt 0.625000 1.000000
vt 0.625000 1.000000
vt 0.625000 1.000000
vt 0.625000 1.000000
vt 0.625000 1.000000
vt 0.625000 1.000000
vt 0.625000 1.000000
vt 0.625000 1.000000
vt 0.625000 1.000000
vt 0.625000 1.000000
vt 0.625000 1.000000
vt 0.625000 1.000000
vt 0.625000 1.000000
vt 0.625000 1.000000
vt 0.625000 1.000000
vt 0.625000 1.000000
vt 0.625000 1.000000
vt 0.625000 1.000000
vt 0.625000 1.000000
vt 0.625000 1.000000
vt 0.625000 1.000000
vt 0.625000 1.000000
vt 0.625000 1.000000
vt 0.625000 1.000000
vt 0.625000 1.000000
vt 0.625000 1.000000
vt 0.625000 1.000000
vt 0.625000 1.000000
vt 0.625000 1.000000
vt 0.625000 1.000000
vt 0.625000 1.000000
vt 0.625000 1.000000
vt 0.625000 1.000000
vt 0.625000 1.000000
vt 0.625000 0.250000
vt 0.625000 0.250000
vt 0.625000 0.250000
vt 0.625000 0.250000
vt 0.625000 0.250000
vt 0.625000 0.250000
vt 0.625000 0.250000
vt 0.625000 0.250000
vt 0.625000 0.250000
vt 0.625000 0.250000
vt 0.625000 0.250000
vt 0.625000 0.250000
vt 0.625000 0.250000
vt 0.625000 0.250000
vt 0.625000 0.250000
vt 0.625000 0.250000
vt 0.625000 0.250000
vt 0.625000 0.250000
vt 0.625000 0.250000
vt 0.625000 0.250000
vt 0.625000 0.250000
vt 0.625000 0.250000
vt 0.625000 0.250000
vt 0.625000 0.250000
vt 0.625000 0.250000
vt 0.625000 0.250000
vt 0.625000 0.250000
vt 0.625000 0.250000
vt 0.625000 0.250000
vt 0.625000 0.250000
vt 0.625000 0.250000
vt 0.625000 0.250000
vt 0.625000 0.250000
vt 0.625000 0.250000
vt 0.625000 0.250000
vt 0.625000 0.250000
vt 0.625000 0.250000
vt 0.625000 0.250000
vt 0.625000 0.250000
vt 0.625000 0.250000
vt 0.625000 0.250000
vt 0.625000 0.250000
vt 0.625000 0.250000
vt 0.625000 0.250000
vt 0.625000 0.250000
vt 0.625000 0.250000
vt 0.625000 0.250000
vt 0.625000 0.250000
vt 0.625000 0.250000
vt 0.625000 0.250000
vt 0.625000 0.250000
vt 0.625000 0.250000
vt 0.625000 0.250000
vt 0.625000 0.250000
vt 0.625000 0.250000
vt 0.625000 0.250000
vt 0.625000 0.250000
vt 0.625000 0.250000
vt 0.625000 0.250000
vt 0.625000 0.250000
vt 0.625000 0.250000
vt 0.625000 0.250000
vt 0.625000 0.250000
vt 0.625000 0.250000
vt 0.625000 0.250000
vt 0.625000 0.250000
vt 0.625000 0.250000
vt 0.625000 0.250000
vt 0.625000 0.250000
vt 0.625000 0.250000
vt 0.625000 0.250000
vt 0.625000 0.250000
vt 0.625000 0.250000
vt 0.625000 0.250000
vt 0.625000 0.250000
vt 0.625000 0.250000
f 509/1025 510/1026 512/1028
f 512/1028 510/1026 511/1027
f 513/1029 514/1030 509/1025
f 509/1025 514/1030 510/1026
f 511/1027 510/1026 516/1032
f 516/1032 510/1026 515/1031
f 510/1026 514/1030 515/1031
f 515/1031 514/1030 517/1033
f 518/1034 519/1035 521/1037
f 521/1037 519/1035 520/1036
f 522/1038 518/1034 523/1039
f 523/1039 518/1034 521/1037
f 519/1035 524/1040 520/1036
f 520/1036 524/1040 525/1041
f 526/1042 522/1038 527/1043
f 527/1043 522/1038 523/1039
f 524/1040 528/1044 525/1041
f 525/1041 528/1044 529/1045
f 530/1046 526/1042 531/1047
f 531/1047 526/1042 527/1043
f 528/1044 532/1048 529/1045
f 529/1045 532/1048 533/1049
f 534/1050 530/1046 535/1051
f 535/1051 530/1046 531/1047
f 532/1048 536/1052 533/1049
f 533/1049 536/1052 537/1053
f 538/1054 534/1050 539/1055
f 539/1055 534/1050 535/1051
f 536/1052 540/1056 537/1053
f 537/1053 540/1056 541/1057
f 542/1058 538/1059 543/1061
f 543/1061 538/1059 539/1060
f 544/1062 542/1058 545/1063
f 545/1063 542/1058 543/1061
f 546/1064 547/1065 549/1067
f 549/1067 547/1065 548/1066
f 550/1068 544/1062 551/1069
f 551/1069 544/1062 545/1063
f 547/1065 552/1070 548/1066
f 548/1066 552/1070 553/1071
f 554/1072 550/1068 555/1073
f 555/1073 550/1068 551/1069
f 552/1070 556/1074 553/1071
f 553/1071 556/1074 557/1075
f 558/1076 554/1072 559/1077
f 559/1077 554/1072 555/1073
f 556/1074 560/1078 557/1075
f 557/1075 560/1078 561/1079
f 562/1080 563/1081 513/1029
f 513/1029 563/1081 514/1030
f 564/1082 558/1076 565/1083
f 565/1083 558/1076 559/1077
f 560/1078 566/1084 561/1079
f 561/1079 566/1084 567/1085
f 568/1086 564/1082 569/1087
f 569/1087 564/1082 565/1083
f 566/1084 570/1088 567/1085
f 567/1085 570/1088 571/1089
f 572/1090 568/1086 573/1091
f 573/1091 568/1086 569/1087
f 570/1088 574/1092 571/1089
f 571/1089 574/1092 575/1093
f 576/1094 572/1090 577/1095
f 577/1095 572/1090 573/1091
f 574/1092 578/1096 575/1093
f 575/1093 578/1096 579/1097
f 580/1098 576/1094 581/1099
f 581/1099 576/1094 577/1095
f 578/1096 582/1100 579/1097
f 579/1097 582/1100 583/1101
f 584/1102 580/1098 585/1103
f 585/1103 580/1098 581/1099
f 582/1100 586/1104 583/1101
f 583/1101 586/1104 587/1105
f 514/1030 563/1081 517/1033
f 517/1033 563/1081 588/1106
f 589/1107 584/1102 590/1108
f 590/1108 584/1102 585/1103
f 586/1104 591/1109 587/1105
f 587/1105 591/1109 592/1110
f 593/1111 589/1107 594/1112
f 594/1112 589/1107 590/1108
f 591/1109 595/1113 592/1110
f 592/1110 595/1113 596/1114
f 595/1113 597/1115 596/1114
f 596/1114 597/1115 598/1116
f 599/1117 600/1118 602/1120
f 602/1120 600/1118 601/1119
f 597/1115 603/1121 598/1116
f 598/1116 603/1121 604/1122
f 605/1123 599/1117 606/1124
f 606/1124 599/1117 602/1120
f 603/1121 607/1125 604/1122
f 604/1122 607/1125 608/1126
f 609/1127 605/1123 610/1128
f 610/1128 605/1123 606/1124
f 607/1125 611/1129 608/1126
f 608/1126 611/1129 612/1130
f 613/1131 609/1127 614/1132
f 614/1132 609/1127 610/1128
f 611/1129 615/1133 612/1130
f 612/1130 615/1133 616/1134
f 617/1135 613/1131 618/1136
f 618/1136 613/1131 614/1132
f 615/1133 619/1137 616/1134
f 616/1134 619/1137 620/1138
f 619/1137 617/1135 620/1138
f 620/1138 617/1135 618/1136
f 621/1139 622/1140 562/1080
f 562/1080 622/1140 563/1081
f 563/1081 622/1140 588/1106
f 588/1106 622/1140 623/1141
f 512/1028 511/1027 625/1143
f 625/1143 511/1027 624/1142
f 624/1142 511/1027 626/1144
f 626/1144 511/1027 516/1032
f 627/1145 628/1146 621/1139
f 621/1139 628/1146 622/1140
f 622/1140 628/1146 623/1141
f 623/1141 628/1146 629/1147
f 625/1148 624/1149 631/1151
f 631/1151 624/1149 630/1150
f 626/1152 632/1153 624/1149
f 624/1149 632/1153 630/1150
f 631/1151 630/1150 627/1155
f 627/1155 630/1150 628/1154
f 632/1153 629/1156 630/1150
f 630/1150 629/1156 628/1154
f 633/1157 634/1158 636/1160
f 636/1160 634/1158 635/1159
f 637/1161 638/1162 633/1157
f 633/1157 638/1162 634/1158
f 635/1159 634/1158 640/1164
f 640/1164 634/1158 639/1163
f 634/1158 638/1162 639/1163
f 639/1163 638/1162 641/1165
f 642/1166 643/1167 645/1169
f 645/1169 643/1167 644/1168
f 646/1170 642/1166 647/1171
f 647/1171 642/1166 645/1169
f 643/1167 648/1172 644/1168
f 644/1168 648/1172 649/1173
f 650/1174 646/1170 651/1175
f 651/1175 646/1170 647/1171
f 648/1172 652/1176 649/1173
f 649/1173 652/1176 653/1177
f 654/1178 650/1174 655/1179
f 655/1179 650/1174 651/1175
f 652/1176 656/1180 653/1177
f 653/1177 656/1180 657/1181
f 658/1182 654/1178 659/1183
f 659/1183 654/1178 655/1179
f 656/1180 660/1184 657/1181
f 657/1181 660/1184 661/1185
f 662/1186 658/1182 663/1187
f 663/1187 658/1182 659/1183
f 660/1184 664/1188 661/1185
f 661/1185 664/1188 665/1189
f 666/1190 662/1191 667/1193
f 667/1193 662/1191 663/1192
f 668/1194 666/1190 669/1195
f 669/1195 666/1190 667/1193
f 670/1196 671/1197 673/1199
f 673/1199 671/1197 672/1198
f 674/1200 668/1194 675/1201
f 675/1201 668/1194 669/1195
f 671/1197 676/1202 672/1198
f 672/1198 676/1202 677/1203
f 678/1204 674/1200 679/1205
f 679/1205 674/1200 675/1201
f 676/1202 680/1206 677/1203
f 677/1203 680/1206 681/1207
f 682/1208 678/1204 683/1209
f 683/1209 678/1204 679/1205
f 680/1206 684/1210 681/1207
f 681/1207 684/1210 685/1211
f 686/1212 682/1208 687/1213
f 687/1213 682/1208 683/1209
f 684/1210 688/1214 685/1211
f 685/1211 688/1214 689/1215
f 690/1216 686/1212 691/1217
f 691/1217 686/1212 687/1213
f 688/1214 692/1218 689/1215
f 689/1215 692/1218 693/1219
f 694/1220 690/1216 695/1221
f 695/1221 690/1216 691/1217
f 696/1222 697/1223 637/1161
f 637/1161 697/1223 638/1162
f 692/1218 698/1224 693/1219
f 693/1219 698/1224 699/1225
f 700/1226 694/1220 701/1227
f 701/1227 694/1220 695/1221
f 698/1224 702/1228 699/1225
f 699/1225 702/1228 703/1229
f 704/1230 700/1226 705/1231
f 705/1231 700/1226 701/1227
f 702/1228 706/1232 703/1229
f 703/1229 706/1232 707/1233
f 708/1234 704/1230 709/1235
f 709/1235 704/1230 705/1231
f 706/1232 710/1236 707/1233
f 707/1233 710/1236 711/1237
f 712/1238 708/1234 713/1239
f 713/1239 708/1234 709/1235
f 710/1236 714/1240 711/1237
f 711/1237 714/1240 715/1241
f 716/1242 712/1238 717/1243
f 717/1243 712/1238 713/1239
f 714/1240 718/1244 715/1241
f 715/1241 718/1244 719/1245
f 718/1244 720/1246 719/1245
f 719/1245 720/1246 721/1247
f 638/1162 697/1223 641/1165
f 641/1165 697/1223 722/1248
f 723/1249 724/1250 726/1252
f 726/1252 724/1250 725/1251
f 720/1246 727/1253 721/1247
f 721/1247 727/1253 728/1254
f 729/1255 723/1249 730/1256
f 730/1256 723/1249 726/1252
f 727/1253 731/1257 728/1254
f 728/1254 731/1257 732/1258
f 733/1259 729/1255 734/1260
f 734/1260 729/1255 730/1256
f 731/1257 735/1261 732/1258
f 732/1258 735/1261 736/1262
f 737/1263 733/1259 738/1264
f 738/1264 733/1259 734/1260
f 735/1261 739/1265 736/1262
f 736/1262 739/1265 740/1266
f 741/1267 737/1263 742/1268
f 742/1268 737/1263 738/1264
f 739/1265 743/1269 740/1266
f 740/1266 743/1269 744/1270
f 743/1269 741/1267 744/1270
f 744/1270 741/1267 742/1268
f 745/1271 746/1272 696/1222
f 696/1222 746/1272 697/1223
f 697/1223 746/1272 722/1248
f 722/1248 746/1272 747/1273
f 636/1160 635/1159 749/1275
f 749/1275 635/1159 748/1274
f 748/1274 635/1159 750/1276
f 750/1276 635/1159 640/1164
f 751/1277 752/1278 745/1271
f 745/1271 752/1278 746/1272
f 746/1272 752/1278 747/1273
f 747/1273 752/1278 753/1279
f 749/1280 748/1281 755/1283
f 755/1283 748/1281 754/1282
f 750/1284 756/1285 748/1281
f 748/1281 756/1285 754/1282
f 757/1286 758/1287 760/1289
f 760/1289 758/1287 759/1288
f 755/1283 754/1282 751/1291
f 751/1291 754/1282 752/1290
f 756/1285 753/1292 754/1282
f 754/1282 753/1292 752/1290
f 761/1293 762/1294 764/1296
f 764/1296 762/1294 763/1295
f 765/1297 766/1298 761/1293
f 761/1293 766/1298 762/1294
f 763/1295 762/1294 768/1300
f 768/1300 762/1294 767/1299
f 762/1294 766/1298 767/1299
f 767/1299 766/1298 769/1301
f 770/1302 771/1303 773/1305
f 773/1305 771/1303 772/1304
f 774/1306 775/1307 777/1309
f 777/1309 775/1307 776/1308
f 778/1310 774/1306 779/1311
f 779/1311 774/1306 777/1309
f 775/1307 780/1312 776/1308
f 776/1308 780/1312 781/1313
f 782/1314 778/1310 783/1315
f 783/1315 778/1310 779/1311
f 780/1312 784/1316 781/1313
f 781/1313 784/1316 785/1317
f 786/1318 782/1314 787/1319
f 787/1319 782/1314 783/1315
f 784/1316 788/1320 785/1317
f 785/1317 788/1320 789/1321
f 790/1322 786/1318 791/1323
f 791/1323 786/1318 787/1319
f 788/1320 792/1324 789/1321
f 789/1321 792/1324 793/1325
f 794/1326 790/1322 795/1327
f 795/1327 790/1322 791/1323
f 792/1324 796/1328 793/1325
f 793/1325 796/1328 797/1329
f 798/1330 794/1331 799/1333
f 799/1333 794/1331 795/1332
f 800/1334 798/1330 801/1335
f 801/1335 798/1330 799/1333
f 802/1336 803/1337 805/1339
f 805/1339 803/1337 804/1338
f 806/1340 800/1334 807/1341
f 807/1341 800/1334 801/1335
f 803/1337 808/1342 804/1338
f 804/1338 808/1342 809/1343
f 810/1344 806/1340 811/1345
f 811/1345 806/1340 807/1341
f 808/1342 812/1346 809/1343
f 809/1343 812/1346 813/1347
f 814/1348 810/1344 815/1349
f 815/1349 810/1344 811/1345
f 816/1350 817/1351 771/1303
f 771/1303 817/1351 772/1304
f 812/1346 818/1352 813/1347
f 813/1347 818/1352 819/1353
f 820/1354 814/1348 821/1355
f 821/1355 814/1348 815/1349
f 818/1352 822/1356 819/1353
f 819/1353 822/1356 823/1357
f 824/1358 820/1354 825/1359
f 825/1359 820/1354 821/1355
f 822/1356 826/1360 823/1357
f 823/1357 826/1360 827/1361
f 828/1362 824/1358 829/1363
f 829/1363 824/1358 825/1359
f 830/1364 831/1365 765/1297
f 765/1297 831/1365 766/1298
f 826/1360 832/1366 827/1361
f 827/1361 832/1366 833/1367
f 834/1368 828/1362 835/1369
f 835/1369 828/1362 829/1363
f 832/1366 836/1370 833/1367
f 833/1367 836/1370 837/1371
f 838/1372 834/1368 839/1373
f 839/1373 834/1368 835/1369
f 836/1370 840/1374 837/1371
f 837/1371 840/1374 841/1375
f 842/1376 838/1372 843/1377
f 843/1377 838/1372 839/1373
f 840/1374 844/1378 841/1375
f 841/1375 844/1378 845/1379
f 846/1380 842/1376 847/1381
f 847/1381 842/1376 843/1377
f 844/1378 848/1382 845/1379
f 845/1379 848/1382 849/1383
f 850/1384 846/1380 851/1385
f 851/1385 846/1380 847/1381
f 848/1382 852/1386 849/1383
f 849/1383 852/1386 853/1387
f 852/1386 854/1388 853/1387
f 853/1387 854/1388 855/1389
f 766/1298 831/1365 769/1301
f 769/1301 831/1365 856/1390
f 857/1391 858/1392 860/1394
f 860/1394 858/1392 859/1393
f 854/1388 861/1395 855/1389
f 855/1389 861/1395 862/1396
f 863/1397 857/1391 864/1398
f 864/1398 857/1391 860/1394
f 861/1395 865/1399 862/1396
f 862/1396 865/1399 866/1400
f 867/1401 863/1397 868/1402
f 868/1402 863/1397 864/1398
f 865/1399 869/1403 866/1400
f 866/1400 869/1403 870/1404
f 871/1405 867/1401 872/1406
f 872/1406 867/1401 868/1402
f 869/1403 873/1407 870/1404
f 870/1404 873/1407 874/1408
f 875/1409 871/1405 876/1410
f 876/1410 871/1405 872/1406
f 873/1407 877/1411 874/1408
f 874/1408 877/1411 878/1412
f 877/1411 875/1409 878/1412
f 878/1412 875/1409 876/1410
f 879/1413 880/1414 770/1302
f 770/1302 880/1414 771/1303
f 881/1415 816/1350 880/1414
f 880/1414 816/1350 771/1303
f 882/1416 883/1417 830/1364
f 830/1364 883/1417 831/1365
f 773/1418 772/1419 885/1421
f 885/1421 772/1419 884/1420
f 831/1365 883/1417 856/1390
f 856/1390 883/1417 886/1422
f 764/1296 763/1295 888/1424
f 888/1424 763/1295 887/1423
f 884/1420 772/1419 889/1426
f 889/1426 772/1419 817/1425
f 887/1423 763/1295 890/1427
f 890/1427 763/1295 768/1300
f 891/1428 892/1429 879/1431
f 879/1431 892/1429 880/1430
f 893/1432 894/1433 882/1416
f 882/1416 894/1433 883/1417
f 880/1430 892/1429 881/1435
f 881/1435 892/1429 895/1434
f 896/1436 897/1437 899/1439
f 899/1439 897/1437 898/1438
f 900/1440 896/1436 901/1441
f 901/1441 896/1436 899/1439
f 897/1437 902/1442 898/1438
f 898/1438 902/1442 903/1443
f 904/1444 900/1440 905/1445
f 905/1445 900/1440 901/1441
f 902/1442 906/1446 903/1443
f 903/1443 906/1446 907/1447
f 908/1448 904/1444 909/1449
f 909/1449 904/1444 905/1445
f 906/1446 910/1450 907/1447
f 907/1447 910/1450 911/1451
f 912/1452 908/1448 913/1453
f 913/1453 908/1448 909/1449
f 910/1450 914/1454 911/1451
f 911/1451 914/1454 915/1455
f 916/1456 912/1452 917/1457
f 917/1457 912/1452 913/1453
f 914/1454 918/1458 915/1455
f 915/1455 918/1458 919/1459
f 920/1460 916/1461 921/1463
f 921/1463 916/1461 917/1462
f 922/1464 920/1460 923/1465
f 923/1465 920/1460 921/1463
f 885/1421 884/1420 925/1467
f 925/1467 884/1420 924/1466
f 926/1468 927/1469 929/1471
f 929/1471 927/1469 928/1470
f 883/1417 894/1433 886/1422
f 886/1422 894/1433 930/1472
f 931/1473 922/1464 932/1474
f 932/1474 922/1464 923/1465
f 927/1469 933/1475 928/1470
f 928/1470 933/1475 934/1476
f 935/1477 931/1473 936/1478
f 936/1478 931/1473 932/1474
f 933/1475 937/1479 934/1476
f 934/1476 937/1479 938/1480
f 939/1481 935/1477 940/1482
f 940/1482 935/1477 936/1478
f 937/1479 941/1483 938/1480
f 938/1480 941/1483 942/1484
f 943/1485 939/1481 944/1486
f 944/1486 939/1481 940/1482
f 941/1483 945/1487 942/1484
f 942/1484 945/1487 946/1488
f 947/1489 943/1485 948/1490
f 948/1490 943/1485 944/1486
f 945/1487 949/1491 946/1488
f 946/1488 949/1491 950/1492
f 951/1493 947/1489 952/1494
f 952/1494 947/1489 948/1490
f 924/1466 884/1420 953/1495
f 953/1495 884/1420 889/1426
f 949/1491 954/1496 950/1492
f 950/1492 954/1496 955/1497
f 956/1498 951/1493 957/1499
f 957/1499 951/1493 952/1494
f 954/1496 958/1500 955/1497
f 955/1497 958/1500 959/1501
f 888/1502 887/1503 961/1505
f 961/1505 887/1503 960/1504
f 962/1506 956/1498 963/1507
f 963/1507 956/1498 957/1499
f 958/1500 964/1508 959/1501
f 959/1501 964/1508 965/1509
f 966/1510 962/1506 967/1511
f 967/1511 962/1506 963/1507
f 964/1508 968/1512 965/1509
f 965/1509 968/1512 969/1513
f 970/1514 966/1510 971/1515
f 971/1515 966/1510 967/1511
f 968/1512 972/1516 969/1513
f 969/1513 972/1516 973/1517
f 974/1518 970/1514 975/1519
f 975/1519 970/1514 971/1515
f 972/1516 976/1520 973/1517
f 973/1517 976/1520 977/1521
f 976/1520 978/1522 977/1521
f 977/1521 978/1522 979/1523
f 980/1524 981/1525 983/1527
f 983/1527 981/1525 982/1526
f 978/1522 984/1528 979/1523
f 979/1523 984/1528 985/1529
f 986/1530 980/1524 987/1531
f 987/1531 980/1524 983/1527
f 984/1528 988/1532 985/1529
f 985/1529 988/1532 989/1533
f 990/1534 986/1530 991/1535
f 991/1535 986/1530 987/1531
f 992/1536 993/1537 995/1539
f 995/1539 993/1537 994/1538
f 996/1540 992/1536 997/1541
f 997/1541 992/1536 995/1539
f 993/1537 998/1542 994/1538
f 994/1538 998/1542 999/1543
f 988/1532 1000/1544 989/1533
f 989/1533 1000/1544 1001/1545
f 1002/1546 996/1540 1003/1547
f 1003/1547 996/1540 997/1541
f 890/1548 1004/1549 887/1503
f 887/1503 1004/1549 960/1504
f 1005/1550 990/1534 1006/1551
f 1006/1551 990/1534 991/1535
f 998/1542 1007/1552 999/1543
f 999/1543 1007/1552 1008/1553
f 1000/1544 1009/1554 1001/1545
f 1001/1545 1009/1554 1010/1555
f 1011/1556 1002/1546 1012/1557
f 1012/1557 1002/1546 1003/1547
f 1013/1558 1005/1550 1014/1559
f 1014/1559 1005/1550 1006/1551
f 1009/1554 1015/1560 1010/1555
f 1010/1555 1015/1560 1016/1561
f 1015/1560 1013/1558 1016/1561
f 1016/1561 1013/1558 1014/1559
f 1007/1552 1017/1562 1008/1553
f 1008/1553 1017/1562 1018/1563
f 1019/1564 1011/1556 1020/1565
f 1020/1565 1011/1556 1012/1557
f 1017/1562 1021/1566 1018/1563
f 1018/1563 1021/1566 1022/1567
f 1023/1568 1019/1564 1024/1569
f 1024/1569 1019/1564 1020/1565
f 1021/1566 1025/1570 1022/1567
f 1022/1567 1025/1570 1026/1571
f 1027/1572 1023/1573 1028/1575
f 1028/1575 1023/1573 1024/1574
f 1025/1570 1029/1576 1026/1571
f 1026/1571 1029/1576 1030/1577
f 1031/1578 1027/1572 1032/1579
f 1032/1579 1027/1572 1028/1575
f 1029/1576 1033/1580 1030/1577
f 1030/1577 1033/1580 1034/1581
f 1035/1582 1031/1578 1036/1583
f 1036/1583 1031/1578 1032/1579
f 1033/1580 1037/1584 1034/1581
f 1034/1581 1037/1584 1038/1585
f 1039/1586 1035/1582 1040/1587
f 1040/1587 1035/1582 1036/1583
f 1037/1584 1041/1588 1038/1585
f 1038/1585 1041/1588 1042/1589
f 1043/1590 1039/1586 1044/1591
f 1044/1591 1039/1586 1040/1587
f 1041/1588 1045/1592 1042/1589
f 1042/1589 1045/1592 1046/1593
f 1047/1594 1043/1590 1048/1595
f 1048/1595 1043/1590 1044/1591
f 1045/1592 1049/1596 1046/1593
f 1046/1593 1049/1596 1050/1597
f 1051/1598 1047/1594 1052/1599
f 1052/1599 1047/1594 1048/1595
f 1049/1596 1053/1600 1050/1597
f 1050/1597 1053/1600 1054/1601
f 925/1467 924/1466 1056/1603
f 1056/1603 924/1466 1055/1602
f 1057/1604 1051/1598 1058/1605
f 1058/1605 1051/1598 1052/1599
f 1053/1600 1059/1606 1054/1601
f 1054/1601 1059/1606 1060/1607
f 1061/1608 1057/1604 1062/1609
f 1062/1609 1057/1604 1058/1605
f 1059/1606 1063/1610 1060/1607
f 1060/1607 1063/1610 1064/1611
f 1065/1612 1061/1608 1066/1613
f 1066/1613 1061/1608 1062/1609
f 1063/1610 1067/1614 1064/1611
f 1064/1611 1067/1614 1068/1615
f 1069/1616 1065/1612 1070/1617
f 1070/1617 1065/1612 1066/1613
f 1067/1614 1071/1618 1068/1615
f 1068/1615 1071/1618 1072/1619
f 1073/1620 1069/1616 1074/1621
f 1074/1621 1069/1616 1070/1617
f 1071/1618 1075/1622 1072/1619
f 1072/1619 1075/1622 1076/1623
f 1077/1624 1073/1620 1078/1625
f 1078/1625 1073/1620 1074/1621
f 1075/1622 1079/1626 1076/1623
f 1076/1623 1079/1626 1080/1627
f 1055/1602 924/1466 1081/1628
f 1081/1628 924/1466 953/1495
f 1082/1629 1077/1624 1083/1630
f 1083/1630 1077/1624 1078/1625
f 1079/1626 1084/1631 1080/1627
f 1080/1627 1084/1631 1085/1632
f 1086/1633 1082/1629 1087/1634
f 1087/1634 1082/1629 1083/1630
f 1084/1631 1088/1635 1085/1632
f 1085/1632 1088/1635 1089/1636
f 1090/1637 1086/1633 1091/1638
f 1091/1638 1086/1633 1087/1634
f 1088/1635 1092/1639 1089/1636
f 1089/1636 1092/1639 1093/1640
f 1094/1641 1090/1637 1095/1642
f 1095/1642 1090/1637 1091/1638
f 1092/1639 1096/1643 1093/1640
f 1093/1640 1096/1643 1097/1644
f 1098/1645 1094/1641 1099/1646
f 1099/1646 1094/1641 1095/1642
f 1096/1643 1100/1647 1097/1644
f 1097/1644 1100/1647 1101/1648
f 1102/1649 1098/1645 1103/1650
f 1103/1650 1098/1645 1099/1646
f 1100/1647 1104/1651 1101/1648
f 1101/1648 1104/1651 1105/1652
f 1104/1651 1102/1649 1105/1652
f 1105/1652 1102/1649 1103/1650
f 961/1505 960/1504 893/1654
f 893/1654 960/1504 894/1653
f 1004/1549 930/1655 960/1504
f 960/1504 930/1655 894/1653
f 1056/1603 1055/1602 1107/1657
f 1107/1657 1055/1602 1106/1656
f 1107/1657 1106/1656 891/1428
f 891/1428 1106/1656 892/1429
f 1106/1656 1055/1602 1108/1658
f 1108/1658 1055/1602 1081/1628
f 892/1429 1106/1656 895/1434
f 895/1434 1106/1656 1108/1658
f 1109/1659 1110/1660 1112/1662
f 1112/1662 1110/1660 1111/1661
f 1113/1663 1114/1664 1109/1659
f 1109/1659 1114/1664 1110/1660
f 1111/1661 1110/1660 1116/1666
f 1116/1666 1110/1660 1115/1665
f 1110/1660 1114/1664 1115/1665
f 1115/1665 1114/1664 1117/1667
f 1118/1668 1119/1669 1121/1671
f 1121/1671 1119/1669 1120/1670
f 1122/1672 1123/1673 1125/1675
f 1125/1675 1123/1673 1124/1674
f 1126/1676 1122/1672 1127/1677
f 1127/1677 1122/1672 1125/1675
f 1123/1673 1128/1678 1124/1674
f 1124/1674 1128/1678 1129/1679
f 1130/1680 1126/1676 1131/1681
f 1131/1681 1126/1676 1127/1677
f 1128/1678 1132/1682 1129/1679
f 1129/1679 1132/1682 1133/1683
f 1134/1684 1130/1680 1135/1685
f 1135/1685 1130/1680 1131/1681
f 1132/1682 1136/1686 1133/1683
f 1133/1683 1136/1686 1137/1687
f 1138/1688 1134/1684 1139/1689
f 1139/1689 1134/1684 1135/1685
f 1136/1686 1140/1690 1137/1687
f 1137/1687 1140/1690 1141/1691
f 1142/1692 1138/1688 1143/1693
f 1143/1693 1138/1688 1139/1689
f 1140/1690 1144/1694 1141/1691
f 1141/1691 1144/1694 1145/1695
f 1146/1696 1142/1697 1147/1699
f 1147/1699 1142/1697 1143/1698
f 1148/1700 1146/1696 1149/1701
f 1149/1701 1146/1696 1147/1699
f 1150/1702 1151/1703 1153/1705
f 1153/1705 1151/1703 1152/1704
f 1154/1706 1148/1700 1155/1707
f 1155/1707 1148/1700 1149/1701
f 1156/1708 1157/1709 1119/1669
f 1119/1669 1157/1709 1120/1670
f 1151/1703 1158/1710 1152/1704
f 1152/1704 1158/1710 1159/1711
f 1160/1712 1154/1706 1161/1713
f 1161/1713 1154/1706 1155/1707
f 1158/1710 1162/1714 1159/1711
f 1159/1711 1162/1714 1163/1715
f 1164/1716 1160/1712 1165/1717
f 1165/1717 1160/1712 1161/1713
f 1162/1714 1166/1718 1163/1715
f 1163/1715 1166/1718 1167/1719
f 1168/1720 1164/1716 1169/1721
f 1169/1721 1164/1716 1165/1717
f 1166/1718 1170/1722 1167/1719
f 1167/1719 1170/1722 1171/1723
f 1172/1724 1168/1720 1173/1725
f 1173/1725 1168/1720 1169/1721
f 1170/1722 1174/1726 1171/1723
f 1171/1723 1174/1726 1175/1727
f 1176/1728 1172/1724 1177/1729
f 1177/1729 1172/1724 1173/1725
f 1178/1730 1179/1731 1113/1663
f 1113/1663 1179/1731 1114/1664
f 1174/1726 1180/1732 1175/1727
f 1175/1727 1180/1732 1181/1733
f 1182/1734 1176/1728 1183/1735
f 1183/1735 1176/1728 1177/1729
f 1180/1732 1184/1736 1181/1733
f 1181/1733 1184/1736 1185/1737
f 1186/1738 1182/1734 1187/1739
f 1187/1739 1182/1734 1183/1735
f 1184/1736 1188/1740 1185/1737
f 1185/1737 1188/1740 1189/1741
f 1190/1742 1186/1738 1191/1743
f 1191/1743 1186/1738 1187/1739
f 1188/1740 1192/1744 1189/1741
f 1189/1741 1192/1744 1193/1745
f 1194/1746 1190/1742 1195/1747
f 1195/1747 1190/1742 1191/1743
f 1192/1744 1196/1748 1193/1745
f 1193/1745 1196/1748 1197/1749
f 1198/1750 1194/1746 1199/1751
f 1199/1751 1194/1746 1195/1747
f 1196/1748 1200/1752 1197/1749
f 1197/1749 1200/1752 1201/1753
f 1200/1752 1202/1754 1201/1753
f 1201/1753 1202/1754 1203/1755
f 1114/1664 1179/1731 1117/1667
f 1117/1667 1179/1731 1204/1756
f 1205/1757 1206/1758 1208/1760
f 1208/1760 1206/1758 1207/1759
f 1202/1754 1209/1761 1203/1755
f 1203/1755 1209/1761 1210/1762
f 1211/1763 1205/1757 1212/1764
f 1212/1764 1205/1757 1208/1760
f 1209/1761 1213/1765 1210/1762
f 1210/1762 1213/1765 1214/1766
f 1215/1767 1211/1763 1216/1768
f 1216/1768 1211/1763 1212/1764
f 1213/1765 1217/1769 1214/1766
f 1214/1766 1217/1769 1218/1770
f 1219/1771 1215/1767 1220/1772
f 1220/1772 1215/1767 1216/1768
f 1217/1769 1221/1773 1218/1770
f 1218/1770 1221/1773 1222/1774
f 1223/1775 1219/1771 1224/1776
f 1224/1776 1219/1771 1220/1772
f 1221/1773 1225/1777 1222/1774
f 1222/1774 1225/1777 1226/1778
f 1225/1777 1223/1775 1226/1778
f 1226/1778 1223/1775 1224/1776
f 1227/1779 1228/1780 1118/1668
f 1118/1668 1228/1780 1119/1669
f 1229/1781 1156/1708 1228/1780
f 1228/1780 1156/1708 1119/1669
f 1230/1782 1231/1783 1178/1730
f 1178/1730 1231/1783 1179/1731
f 1121/1784 1120/1785 1233/1787
f 1233/1787 1120/1785 1232/1786
f 1179/1731 1231/1783 1204/1756
f 1204/1756 1231/1783 1234/1788
f 1232/1786 1120/1785 1235/1790
f 1235/1790 1120/1785 1157/1789
f 1112/1662 1111/1661 1237/1792
f 1237/1792 1111/1661 1236/1791
f 1236/1791 1111/1661 1238/1793
f 1238/1793 1111/1661 1116/1666
f 1239/1794 1240/1795 1227/1797
f 1227/1797 1240/1795 1228/1796
f 1241/1798 1242/1799 1244/1801
f 1244/1801 1242/1799 1243/1800
f 1245/1802 1241/1798 1246/1803
f 1246/1803 1241/1798 1244/1801
f 1242/1799 1247/1804 1243/1800
f 1243/1800 1247/1804 1248/1805
f 1249/1806 1245/1802 1250/1807
f 1250/1807 1245/1802 1246/1803
f 1247/1804 1251/1808 1248/1805
f 1248/1805 1251/1808 1252/1809
f 1253/1810 1249/1806 1254/1811
f 1254/1811 1249/1806 1250/1807
f 1251/1808 1255/1812 1252/1809
f 1252/1809 1255/1812 1256/1813
f 1257/1814 1253/1810 1258/1815
f 1258/1815 1253/1810 1254/1811
f 1255/1812 1259/1816 1256/1813
f 1256/1813 1259/1816 1260/1817
f 1261/1818 1257/1814 1262/1819
f 1262/1819 1257/1814 1258/1815
f 1259/1816 1263/1820 1260/1817
f 1260/1817 1263/1820 1264/1821
f 1265/1822 1261/1823 1266/1825
f 1266/1825 1261/1823 1262/1824
f 1263/1820 1267/1826 1264/1821
f 1264/1821 1267/1826 1268/1827
f 1269/1828 1265/1822 1270/1829
f 1270/1829 1265/1822 1266/1825
f 1267/1826 1271/1830 1268/1827
f 1268/1827 1271/1830 1272/1831
f 1273/1832 1269/1828 1274/1833
f 1274/1833 1269/1828 1270/1829
f 1275/1834 1276/1835 1278/1837
f 1278/1837 1276/1835 1277/1836
f 1279/1838 1275/1834 1280/1839
f 1280/1839 1275/1834 1278/1837
f 1276/1835 1281/1840 1277/1836
f 1277/1836 1281/1840 1282/1841
f 1271/1830 1283/1842 1272/1831
f 1272/1831 1283/1842 1284/1843
f 1285/1844 1279/1838 1286/1845
f 1286/1845 1279/1838 1280/1839
f 1281/1840 1287/1846 1282/1841
f 1282/1841 1287/1846 1288/1847
f 1289/1848 1285/1844 1290/1849
f 1290/1849 1285/1844 1286/1845
f 1291/1850 1273/1832 1292/1851
f 1292/1851 1273/1832 1274/1833
f 1228/1796 1240/1795 1229/1853
f 1229/1853 1240/1795 1293/1852
f 1287/1846 1294/1854 1288/1847
f 1288/1847 1294/1854 1295/1855
f 1296/1856 1289/1848 1297/1857
f 1297/1857 1289/1848 1290/1849
f 1283/1842 1298/1858 1284/1843
f 1284/1843 1298/1858 1299/1859
f 1294/1854 1300/1860 1295/1855
f 1295/1855 1300/1860 1301/1861
f 1302/1862 1296/1856 1303/1863
f 1303/1863 1296/1856 1297/1857
f 1304/1864 1291/1850 1305/1865
f 1305/1865 1291/1850 1292/1851
f 1300/1860 1306/1866 1301/1861
f 1301/1861 1306/1866 1307/1867
f 1298/1858 1308/1868 1299/1859
f 1299/1859 1308/1868 1309/1869
f 1310/1870 1302/1871 1311/1873
f 1311/1873 1302/1871 1303/1872
f 1312/1874 1313/1875 1230/1782
f 1230/1782 1313/1875 1231/1783
f 1314/1876 1304/1864 1315/1877
f 1315/1877 1304/1864 1305/1865
f 1316/1878 1310/1870 1317/1879
f 1317/1879 1310/1870 1311/1873
f 1308/1868 1318/1880 1309/1869
f 1309/1869 1318/1880 1319/1881
f 1320/1882 1321/1883 1323/1885
f 1323/1885 1321/1883 1322/1884
f 1324/1886 1314/1876 1325/1887
f 1325/1887 1314/1876 1315/1877
f 1326/1888 1316/1878 1327/1889
f 1327/1889 1316/1878 1317/1879
f 1321/1883 1328/1890 1322/1884
f 1322/1884 1328/1890 1329/1891
f 1318/1880 1330/1892 1319/1881
f 1319/1881 1330/1892 1331/1893
f 1332/1894 1326/1888 1333/1895
f 1333/1895 1326/1888 1327/1889
f 1334/1896 1324/1886 1335/1897
f 1335/1897 1324/1886 1325/1887
f 1328/1890 1336/1898 1329/1891
f 1329/1891 1336/1898 1337/1899
f 1330/1892 1338/1900 1331/1893
f 1331/1893 1338/1900 1339/1901
f 1340/1902 1332/1894 1341/1903
f 1341/1903 1332/1894 1333/1895
f 1342/1904 1334/1896 1343/1905
f 1343/1905 1334/1896 1335/1897
f 1233/1787 1232/1786 1345/1907
f 1345/1907 1232/1786 1344/1906
f 1336/1898 1346/1908 1337/1899
f 1337/1899 1346/1908 1347/1909
f 1338/1900 1348/1910 1339/1901
f 1339/1901 1348/1910 1349/1911
f 1350/1912 1340/1902 1351/1913
f 1351/1913 1340/1902 1341/1903
f 1352/1914 1342/1904 1353/1915
f 1353/1915 1342/1904 1343/1905
f 1346/1908 1354/1916 1347/1909
f 1347/1909 1354/1916 1355/1917
f 1348/1910 1356/1918 1349/1911
f 1349/1911 1356/1918 1357/1919
f 1358/1920 1350/1912 1359/1921
f 1359/1921 1350/1912 1351/1913
f 1360/1922 1352/1914 1361/1923
f 1361/1923 1352/1914 1353/1915
f 1354/1916 1362/1924 1355/1917
f 1355/1917 1362/1924 1363/1925
f 1356/1918 1364/1926 1357/1919
f 1357/1919 1364/1926 1365/1927
f 1231/1783 1313/1875 1234/1788
f 1234/1788 1313/1875 1366/1928
f 1367/1929 1358/1920 1368/1930
f 1368/1930 1358/1920 1359/1921
f 1369/1931 1360/1922 1370/1932
f 1370/1932 1360/1922 1361/1923
f 1364/1926 1371/1933 1365/1927
f 1365/1927 1371/1933 1372/1934
f 1362/1924 1373/1935 1363/1925
f 1363/1925 1373/1935 1374/1936
f 1375/1937 1369/1931 1376/1938
f 1376/1938 1369/1931 1370/1932
f 1377/1939 1367/1929 1378/1940
f 1378/1940 1367/1929 1368/1930
f 1371/1933 1379/1941 1372/1934
f 1372/1934 1379/1941 1380/1942
f 1373/1935 1381/1943 1374/1936
f 1374/1936 1381/1943 1382/1944
f 1383/1945 1375/1937 1384/1946
f 1384/1946 1375/1937 1376/1938
f 1379/1941 1385/1947 1380/1942
f 1380/1942 1385/1947 1386/1948
f 1387/1949 1377/1939 1388/1950
f 1388/1950 1377/1939 1378/1940
f 1389/1951 1383/1945 1390/1952
f 1390/1952 1383/1945 1384/1946
f 1381/1943 1391/1953 1382/1944
f 1382/1944 1391/1953 1392/1954
f 1385/1947 1393/1955 1386/1948
f 1386/1948 1393/1955 1394/1956
f 1395/1957 1389/1951 1396/1958
f 1396/1958 1389/1951 1390/1952
f 1397/1959 1387/1949 1398/1960
f 1398/1960 1387/1949 1388/1950
f 1393/1955 1399/1961 1394/1956
f 1394/1956 1399/1961 1400/1962
f 1344/1906 1232/1786 1401/1963
f 1401/1963 1232/1786 1235/1790
f 1402/1964 1395/1957 1403/1965
f 1403/1965 1395/1957 1396/1958
f 1391/1953 1404/1966 1392/1954
f 1392/1954 1404/1966 1405/1967
f 1399/1961 1406/1968 1400/1962
f 1400/1962 1406/1968 1407/1969
f 1408/1970 1402/1964 1409/1971
f 1409/1971 1402/1964 1403/1965
f 1406/1968 1410/1972 1407/1969
f 1407/1969 1410/1972 1411/1973
f 1412/1974 1397/1959 1413/1975
f 1413/1975 1397/1959 1398/1960
f 1414/1976 1408/1970 1415/1977
f 1415/1977 1408/1970 1409/1971
f 1410/1972 1416/1978 1411/1973
f 1411/1973 1416/1978 1417/1979
f 1416/1978 1414/1976 1417/1979
f 1417/1979 1414/1976 1415/1977
f 1404/1966 1418/1980 1405/1967
f 1405/1967 1418/1980 1419/1981
f 1420/1982 1412/1974 1421/1983
f 1421/1983 1412/1974 1413/1975
f 1418/1980 1422/1984 1419/1981
f 1419/1981 1422/1984 1423/1985
f 1422/1984 1424/1986 1423/1985
f 1423/1985 1424/1986 1425/1987
f 1426/1988 1427/1989 1429/1991
f 1429/1991 1427/1989 1428/1990
f 1237/1992 1236/1993 1431/1995
f 1431/1995 1236/1993 1430/1994
f 1424/1986 1432/1996 1425/1987
f 1425/1987 1432/1996 1433/1997
f 1434/1998 1426/1988 1435/1999
f 1435/1999 1426/1988 1429/1991
f 1432/1996 1436/2000 1433/1997
f 1433/1997 1436/2000 1437/2001
f 1438/2002 1434/1998 1439/2003
f 1439/2003 1434/1998 1435/1999
f 1436/2000 1440/2004 1437/2001
f 1437/2001 1440/2004 1441/2005
f 1442/2006 1438/2002 1443/2007
f 1443/2007 1438/2002 1439/2003
f 1440/2004 1444/2008 1441/2005
f 1441/2005 1444/2008 1445/2009
f 1446/2010 1442/2006 1447/2011
f 1447/2011 1442/2006 1443/2007
f 1444/2008 1448/2012 1445/2009
f 1445/2009 1448/2012 1449/2013
f 1448/2012 1446/2010 1449/2013
f 1449/2013 1446/2010 1447/2011
f 1238/2014 1450/2015 1236/1993
f 1236/1993 1450/2015 1430/1994
f 1345/1907 1344/1906 1452/2017
f 1452/2017 1344/1906 1451/2016
f 1451/2016 1344/1906 1453/2018
f 1453/2018 1344/1906 1401/1963
f 1431/1995 1430/1994 1312/2020
f 1312/2020 1430/1994 1313/2019
f 1450/2015 1366/2021 1430/1994
f 1430/1994 1366/2021 1313/2019
f 1452/2017 1451/2016 1455/2023
f 1455/2023 1451/2016 1454/2022
f 1455/2023 1454/2022 1239/1794
f 1239/1794 1454/2022 1240/1795
f 1454/2022 1451/2016 1456/2024
f 1456/2024 1451/2016 1453/2018
f 1240/1795 1454/2022 1293/1852
f 1293/1852 1454/2022 1456/2024
f 1457/2025 1458/2026 1460/2028
f 1460/2028 1458/2026 1459/2027
f 1461/2029 1462/2030 1458/2026
f 1458/2026 1462/2030 1459/2027
f 1463/2031 1464/2032 1457/2025
f 1457/2025 1464/2032 1458/2026
f 1465/2033 1461/2029 1464/2032
f 1464/2032 1461/2029 1458/2026
f 1460/2034 1459/2035 1467/2037
f 1467/2037 1459/2035 1466/2036
f 1466/2036 1459/2035 1468/2039
f 1468/2039 1459/2035 1462/2038
f 1469/2040 1470/2041 1472/2043
f 1472/2043 1470/2041 1471/2042
f 1473/2044 1469/2040 1474/2045
f 1474/2045 1469/2040 1472/2043
f 1470/2041 1475/2046 1471/2042
f 1471/2042 1475/2046 1476/2047
f 1477/2048 1473/2044 1478/2049
f 1478/2049 1473/2044 1474/2045
f 1475/2046 1479/2050 1476/2047
f 1476/2047 1479/2050 1480/2051
f 1481/2052 1477/2048 1482/2053
f 1482/2053 1477/2048 1478/2049
f 1479/2050 1483/2054 1480/2051
f 1480/2051 1483/2054 1484/2055
f 1485/2056 1481/2052 1486/2057
f 1486/2057 1481/2052 1482/2053
f 1483/2054 1487/2058 1484/2055
f 1484/2055 1487/2058 1488/2059
f 1489/2060 1485/2056 1490/2061
f 1490/2061 1485/2056 1486/2057
f 1487/2058 1491/2062 1488/2059
f 1488/2059 1491/2062 1492/2063
f 1493/2064 1489/2065 1494/2067
f 1494/2067 1489/2065 1490/2066
f 1491/2062 1495/2068 1492/2063
f 1492/2063 1495/2068 1496/2069
f 1497/2070 1493/2064 1498/2071
f 1498/2071 1493/2064 1494/2067
f 1495/2068 1499/2072 1496/2069
f 1496/2069 1499/2072 1500/2073
f 1501/2074 1497/2070 1502/2075
f 1502/2075 1497/2070 1498/2071
f 1499/2072 1503/2076 1500/2073
f 1500/2073 1503/2076 1504/2077
f 1505/2078 1501/2074 1506/2079
f 1506/2079 1501/2074 1502/2075
f 1503/2076 1507/2080 1504/2077
f 1504/2077 1507/2080 1508/2081
f 1509/2082 1505/2078 1510/2083
f 1510/2083 1505/2078 1506/2079
f 1511/2084 1512/2085 1463/2087
f 1463/2087 1512/2085 1464/2086
f 1507/2080 1513/2088 1508/2081
f 1508/2081 1513/2088 1514/2089
f 1515/2090 1509/2082 1516/2091
f 1516/2091 1509/2082 1510/2083
f 1513/2088 1517/2092 1514/2089
f 1514/2089 1517/2092 1518/2093
f 1519/2094 1515/2090 1520/2095
f 1520/2095 1515/2090 1516/2091
f 1517/2092 1521/2096 1518/2093
f 1518/2093 1521/2096 1522/2097
f 1523/2098 1519/2094 1524/2099
f 1524/2099 1519/2094 1520/2095
f 1521/2096 1525/2100 1522/2097
f 1522/2097 1525/2100 1526/2101
f 1527/2102 1523/2098 1528/2103
f 1528/2103 1523/2098 1524/2099
f 1525/2100 1529/2104 1526/2101
f 1526/2101 1529/2104 1530/2105
f 1531/2106 1527/2102 1532/2107
f 1532/2107 1527/2102 1528/2103
f 1533/2108 1534/2109 1536/2111
f 1536/2111 1534/2109 1535/2110
f 1537/2112 1533/2108 1538/2113
f 1538/2113 1533/2108 1536/2111
f 1529/2104 1539/2114 1530/2105
f 1530/2105 1539/2114 1540/2115
f 1534/2109 1541/2116 1535/2110
f 1535/2110 1541/2116 1542/2117
f 1543/2118 1537/2112 1544/2119
f 1544/2119 1537/2112 1538/2113
f 1541/2116 1545/2120 1542/2117
f 1542/2117 1545/2120 1546/2121
f 1547/2122 1543/2118 1548/2123
f 1548/2123 1543/2118 1544/2119
f 1549/2124 1531/2106 1550/2125
f 1550/2125 1531/2106 1532/2107
f 1464/2086 1512/2085 1465/2127
f 1465/2127 1512/2085 1551/2126
f 1545/2120 1552/2128 1546/2121
f 1546/2121 1552/2128 1553/2129
f 1554/2130 1547/2122 1555/2131
f 1555/2131 1547/2122 1548/2123
f 1539/2114 1556/2132 1540/2115
f 1540/2115 1556/2132 1557/2133
f 1552/2128 1558/2134 1553/2129
f 1553/2129 1558/2134 1559/2135
f 1560/2136 1554/2130 1561/2137
f 1561/2137 1554/2130 1555/2131
f 1562/2138 1549/2124 1563/2139
f 1563/2139 1549/2124 1550/2125
f 1558/2134 1564/2140 1559/2135
f 1559/2135 1564/2140 1565/2141
f 1556/2132 1566/2142 1557/2133
f 1557/2133 1566/2142 1567/2143
f 1568/2144 1560/2145 1569/2147
f 1569/2147 1560/2145 1561/2146
f 1570/2148 1562/2138 1571/2149
f 1571/2149 1562/2138 1563/2139
f 1566/2142 1572/2150 1567/2143
f 1567/2143 1572/2150 1573/2151
f 1574/2152 1568/2144 1575/2153
f 1575/2153 1568/2144 1569/2147
f 1576/2154 1570/2148 1577/2155
f 1577/2155 1570/2148 1571/2149
f 1578/2156 1579/2157 1581/2159
f 1581/2159 1579/2157 1580/2158
f 1572/2150 1582/2160 1573/2151
f 1573/2151 1582/2160 1583/2161
f 1584/2162 1574/2152 1585/2163
f 1585/2163 1574/2152 1575/2153
f 1586/2164 1576/2154 1587/2165
f 1587/2165 1576/2154 1577/2155
f 1579/2157 1588/2166 1580/2158
f 1580/2158 1588/2166 1589/2167
f 1582/2160 1590/2168 1583/2161
f 1583/2161 1590/2168 1591/2169
f 1592/2170 1586/2164 1593/2171
f 1593/2171 1586/2164 1587/2165
f 1594/2172 1584/2162 1595/2173
f 1595/2173 1584/2162 1585/2163
f 1590/2168 1596/2174 1591/2169
f 1591/2169 1596/2174 1597/2175
f 1598/2176 1592/2170 1599/2177
f 1599/2177 1592/2170 1593/2171
f 1588/2166 1600/2178 1589/2167
f 1589/2167 1600/2178 1601/2179
f 1596/2174 1602/2180 1597/2175
f 1597/2175 1602/2180 1603/2181
f 1604/2182 1598/2176 1605/2183
f 1605/2183 1598/2176 1599/2177
f 1602/2180 1606/2184 1603/2181
f 1603/2181 1606/2184 1607/2185
f 1608/2186 1604/2182 1609/2187
f 1609/2187 1604/2182 1605/2183
f 1610/2188 1594/2172 1611/2189
f 1611/2189 1594/2172 1595/2173
f 1606/2184 1612/2190 1607/2185
f 1607/2185 1612/2190 1613/2191
f 1612/2190 1608/2186 1613/2191
f 1613/2191 1608/2186 1609/2187
f 1467/2037 1466/2036 1615/2193
f 1615/2193 1466/2036 1614/2192
f 1600/2178 1616/2194 1601/2179
f 1601/2179 1616/2194 1617/2195
f 1618/2196 1610/2188 1619/2197
f 1619/2197 1610/2188 1611/2189
f 1616/2194 1620/2198 1617/2195
f 1617/2195 1620/2198 1621/2199
f 1622/2200 1618/2196 1623/2201
f 1623/2201 1618/2196 1619/2197
f 1620/2198 1624/2202 1621/2199
f 1621/2199 1624/2202 1625/2203
f 1626/2204 1622/2200 1627/2205
f 1627/2205 1622/2200 1623/2201
f 1624/2202 1628/2206 1625/2203
f 1625/2203 1628/2206 1629/2207
f 1630/2208 1626/2204 1631/2209
f 1631/2209 1626/2204 1627/2205
f 1628/2206 1632/2210 1629/2207
f 1629/2207 1632/2210 1633/2211
f 1634/2212 1630/2208 1635/2213
f 1635/2213 1630/2208 1631/2209
f 1632/2210 1636/2214 1633/2211
f 1633/2211 1636/2214 1637/2215
f 1638/2216 1634/2212 1639/2217
f 1639/2217 1634/2212 1635/2213
f 1614/2192 1466/2036 1640/2218
f 1640/2218 1466/2036 1468/2039
f 1636/2214 1641/2219 1637/2215
f 1637/2215 1641/2219 1642/2220
f 1643/2221 1638/2216 1644/2222
f 1644/2222 1638/2216 1639/2217
f 1641/2219 1645/2223 1642/2220
f 1642/2220 1645/2223 1646/2224
f 1647/2225 1643/2221 1648/2226
f 1648/2226 1643/2221 1644/2222
f 1645/2223 1649/2227 1646/2224
f 1646/2224 1649/2227 1650/2228
f 1649/2227 1651/2229 1650/2228
f 1650/2228 1651/2229 1652/2230
f 1653/2231 1654/2232 1656/2234
f 1656/2234 1654/2232 1655/2233
f 1651/2229 1657/2235 1652/2230
f 1652/2230 1657/2235 1658/2236
f 1659/2237 1653/2231 1660/2238
f 1660/2238 1653/2231 1656/2234
f 1657/2235 1661/2239 1658/2236
f 1658/2236 1661/2239 1662/2240
f 1663/2241 1659/2237 1664/2242
f 1664/2242 1659/2237 1660/2238
f 1661/2239 1665/2243 1662/2240
f 1662/2240 1665/2243 1666/2244
f 1667/2245 1663/2241 1668/2246
f 1668/2246 1663/2241 1664/2242
f 1665/2243 1669/2247 1666/2244
f 1666/2244 1669/2247 1670/2248
f 1671/2249 1667/2245 1672/2250
f 1672/2250 1667/2245 1668/2246
f 1669/2247 1673/2251 1670/2248
f 1670/2248 1673/2251 1674/2252
f 1673/2251 1671/2249 1674/2252
f 1674/2252 1671/2249 1672/2250
f 1615/2193 1614/2192 1676/2254
f 1676/2254 1614/2192 1675/2253
f 1675/2253 1614/2192 1677/2255
f 1677/2255 1614/2192 1640/2218
f 1676/2254 1675/2253 1679/2257
f 1679/2257 1675/2253 1678/2256
f 1679/2257 1678/2256 1511/2084
f 1511/2084 1678/2256 1512/2085
f 1678/2256 1675/2253 1680/2258
f 1680/2258 1675/2253 1677/2255
f 1681/2259 1682/2260 1684/2262
f 1684/2262 1682/2260 1683/2261
f 1512/2085 1678/2256 1551/2126
f 1551/2126 1678/2256 1680/2258
f 1685/2263 1686/2264 1688/2266
f 1688/2266 1686/2264 1687/2265
f 1689/2267 1690/2268 1686/2264
f 1686/2264 1690/2268 1687/2265
f 1691/2269 1692/2270 1685/2263
f 1685/2263 1692/2270 1686/2264
f 1693/2271 1689/2267 1692/2270
f 1692/2270 1689/2267 1686/2264
f 1688/2272 1687/2273 1695/2275
f 1695/2275 1687/2273 1694/2274
f 1694/2274 1687/2273 1696/2277
f 1696/2277 1687/2273 1690/2276
f 1697/2278 1698/2279 1700/2281
f 1700/2281 1698/2279 1699/2280
f 1701/2282 1697/2278 1702/2283
f 1702/2283 1697/2278 1700/2281
f 1698/2279 1703/2284 1699/2280
f 1699/2280 1703/2284 1704/2285
f 1705/2286 1701/2282 1706/2287
f 1706/2287 1701/2282 1702/2283
f 1703/2284 1707/2288 1704/2285
f 1704/2285 1707/2288 1708/2289
f 1709/2290 1705/2286 1710/2291
f 1710/2291 1705/2286 1706/2287
f 1707/2288 1711/2292 1708/2289
f 1708/2289 1711/2292 1712/2293
f 1713/2294 1709/2290 1714/2295
f 1714/2295 1709/2290 1710/2291
f 1715/2296 1716/2297 1691/2299
f 1691/2299 1716/2297 1692/2298
f 1711/2292 1717/2300 1712/2293
f 1712/2293 1717/2300 1718/2301
f 1719/2302 1713/2294 1720/2303
f 1720/2303 1713/2294 1714/2295
f 1717/2300 1721/2304 1718/2301
f 1718/2301 1721/2304 1722/2305
f 1723/2306 1719/2307 1724/2309
f 1724/2309 1719/2307 1720/2308
f 1721/2304 1725/2310 1722/2305
f 1722/2305 1725/2310 1726/2311
f 1727/2312 1723/2306 1728/2313
f 1728/2313 1723/2306 1724/2309
f 1725/2310 1729/2314 1726/2311
f 1726/2311 1729/2314 1730/2315
f 1731/2316 1727/2312 1732/2317
f 1732/2317 1727/2312 1728/2313
f 1729/2314 1733/2318 1730/2315
f 1730/2315 1733/2318 1734/2319
f 1735/2320 1731/2316 1736/2321
f 1736/2321 1731/2316 1732/2317
f 1733/2318 1737/2322 1734/2319
f 1734/2319 1737/2322 1738/2323
f 1739/2324 1735/2320 1740/2325
f 1740/2325 1735/2320 1736/2321
f 1737/2322 1741/2326 1738/2323
f 1738/2323 1741/2326 1742/2327
f 1743/2328 1744/2329 1746/2331
f 1746/2331 1744/2329 1745/2330
f 1747/2332 1743/2328 1748/2333
f 1748/2333 1743/2328 1746/2331
f 1744/2329 1749/2334 1745/2330
f 1745/2330 1749/2334 1750/2335
f 1751/2336 1739/2324 1752/2337
f 1752/2337 1739/2324 1740/2325
f 1753/2338 1747/2332 1754/2339
f 1754/2339 1747/2332 1748/2333
f 1749/2334 1755/2340 1750/2335
f 1750/2335 1755/2340 1756/2341
f 1757/2342 1753/2338 1758/2343
f 1758/2343 1753/2338 1754/2339
f 1692/2298 1716/2297 1693/2345
f 1693/2345 1716/2297 1759/2344
f 1755/2340 1760/2346 1756/2341
f 1756/2341 1760/2346 1761/2347
f 1741/2326 1762/2348 1742/2327
f 1742/2327 1762/2348 1763/2349
f 1764/2350 1757/2342 1765/2351
f 1765/2351 1757/2342 1758/2343
f 1760/2346 1766/2352 1761/2347
f 1761/2347 1766/2352 1767/2353
f 1768/2354 1751/2336 1769/2355
f 1769/2355 1751/2336 1752/2337
f 1770/2356 1764/2350 1771/2357
f 1771/2357 1764/2350 1765/2351
f 1762/2348 1772/2358 1763/2349
f 1763/2349 1772/2358 1773/2359
f 1766/2352 1774/2360 1767/2353
f 1767/2353 1774/2360 1775/2361
f 1776/2362 1770/2363 1777/2365
f 1777/2365 1770/2363 1771/2364
f 1778/2366 1768/2354 1779/2367
f 1779/2367 1768/2354 1769/2355
f 1772/2358 1780/2368 1773/2359
f 1773/2359 1780/2368 1781/2369
f 1782/2370 1776/2362 1783/2371
f 1783/2371 1776/2362 1777/2365
f 1784/2372 1785/2373 1787/2375
f 1787/2375 1785/2373 1786/2374
f 1788/2376 1778/2366 1789/2377
f 1789/2377 1778/2366 1779/2367
f 1790/2378 1782/2370 1791/2379
f 1791/2379 1782/2370 1783/2371
f 1780/2368 1792/2380 1781/2369
f 1781/2369 1792/2380 1793/2381
f 1785/2373 1794/2382 1786/2374
f 1786/2374 1794/2382 1795/2383
f 1796/2384 1788/2376 1797/2385
f 1797/2385 1788/2376 1789/2377
f 1798/2386 1790/2378 1799/2387
f 1799/2387 1790/2378 1791/2379
f 1792/2380 1800/2388 1793/2381
f 1793/2381 1800/2388 1801/2389
f 1794/2382 1802/2390 1795/2383
f 1795/2383 1802/2390 1803/2391
f 1804/2392 1796/2384 1805/2393
f 1805/2393 1796/2384 1797/2385
f 1806/2394 1798/2386 1807/2395
f 1807/2395 1798/2386 1799/2387
f 1800/2388 1808/2396 1801/2389
f 1801/2389 1808/2396 1809/2397
f 1695/2275 1694/2274 1811/2399
f 1811/2399 1694/2274 1810/2398
f 1802/2390 1812/2400 1803/2391
f 1803/2391 1812/2400 1813/2401
f 1814/2402 1804/2392 1815/2403
f 1815/2403 1804/2392 1805/2393
f 1816/2404 1806/2394 1817/2405
f 1817/2405 1806/2394 1807/2395
f 1808/2396 1818/2406 1809/2397
f 1809/2397 1818/2406 1819/2407
f 1812/2400 1820/2408 1813/2401
f 1813/2401 1820/2408 1821/2409
f 1822/2410 1814/2402 1823/2411
f 1823/2411 1814/2402 1815/2403
f 1818/2406 1824/2412 1819/2407
f 1819/2407 1824/2412 1825/2413
f 1826/2414 1816/2404 1827/2415
f 1827/2415 1816/2404 1817/2405
f 1828/2416 1822/2410 1829/2417
f 1829/2417 1822/2410 1823/2411
f 1820/2408 1830/2418 1821/2409
f 1821/2409 1830/2418 1831/2419
f 1824/2412 1832/2420 1825/2413
f 1825/2413 1832/2420 1833/2421
f 1834/2422 1828/2416 1835/2423
f 1835/2423 1828/2416 1829/2417
f 1836/2424 1826/2414 1837/2425
f 1837/2425 1826/2414 1827/2415
f 1832/2420 1838/2426 1833/2421
f 1833/2421 1838/2426 1839/2427
f 1830/2418 1840/2428 1831/2419
f 1831/2419 1840/2428 1841/2429
f 1842/2430 1834/2422 1843/2431
f 1843/2431 1834/2422 1835/2423
f 1838/2426 1844/2432 1839/2427
f 1839/2427 1844/2432 1845/2433
f 1846/2434 1836/2424 1847/2435
f 1847/2435 1836/2424 1837/2425
f 1848/2436 1842/2430 1849/2437
f 1849/2437 1842/2430 1843/2431
f 1844/2432 1850/2438 1845/2433
f 1845/2433 1850/2438 1851/2439
f 1852/2440 1848/2436 1853/2441
f 1853/2441 1848/2436 1849/2437
f 1850/2438 1854/2442 1851/2439
f 1851/2439 1854/2442 1855/2443
f 1840/2428 1856/2444 1841/2429
f 1841/2429 1856/2444 1857/2445
f 1858/2446 1852/2440 1859/2447
f 1859/2447 1852/2440 1853/2441
f 1854/2442 1860/2448 1855/2443
f 1855/2443 1860/2448 1861/2449
f 1860/2448 1858/2446 1861/2449
f 1861/2449 1858/2446 1859/2447
f 1862/2450 1846/2434 1863/2451
f 1863/2451 1846/2434 1847/2435
f 1856/2444 1864/2452 1857/2445
f 1857/2445 1864/2452 1865/2453
f 1866/2454 1862/2450 1867/2455
f 1867/2455 1862/2450 1863/2451
f 1810/2398 1694/2274 1868/2456
f 1868/2456 1694/2274 1696/2277
f 1864/2452 1869/2457 1865/2453
f 1865/2453 1869/2457 1870/2458
f 1871/2459 1866/2454 1872/2460
f 1872/2460 1866/2454 1867/2455
f 1869/2457 1873/2461 1870/2458
f 1870/2458 1873/2461 1874/2462
f 1875/2463 1871/2459 1876/2464
f 1876/2464 1871/2459 1872/2460
f 1873/2461 1877/2465 1874/2462
f 1874/2462 1877/2465 1878/2466
f 1877/2465 1879/2467 1878/2466
f 1878/2466 1879/2467 1880/2468
f 1881/2469 1882/2470 1884/2472
f 1884/2472 1882/2470 1883/2471
f 1879/2467 1885/2473 1880/2468
f 1880/2468 1885/2473 1886/2474
f 1887/2475 1881/2469 1888/2476
f 1888/2476 1881/2469 1884/2472
f 1885/2473 1889/2477 1886/2474
f 1886/2474 1889/2477 1890/2478
f 1891/2479 1887/2475 1892/2480
f 1892/2480 1887/2475 1888/2476
f 1889/2477 1893/2481 1890/2478
f 1890/2478 1893/2481 1894/2482
f 1895/2483 1891/2479 1896/2484
f 1896/2484 1891/2479 1892/2480
f 1893/2481 1897/2485 1894/2482
f 1894/2482 1897/2485 1898/2486
f 1899/2487 1895/2483 1900/2488
f 1900/2488 1895/2483 1896/2484
f 1897/2485 1901/2489 1898/2486
f 1898/2486 1901/2489 1902/2490
f 1901/2489 1899/2487 1902/2490
f 1902/2490 1899/2487 1900/2488
f 1811/2399 1810/2398 1904/2492
f 1904/2492 1810/2398 1903/2491
f 1903/2491 1810/2398 1905/2493
f 1905/2493 1810/2398 1868/2456
f 1904/2492 1903/2491 1907/2495
f 1907/2495 1903/2491 1906/2494
f 1907/2495 1906/2494 1715/2296
f 1715/2296 1906/2494 1716/2297
f 1906/2494 1903/2491 1908/2496
f 1908/2496 1903/2491 1905/2493
f 1716/2297 1906/2494 1759/2344
f 1759/2344 1906/2494 1908/2496
f 1909/2497 1910/2498 1912/2500
f 1912/2500 1910/2498 1911/2499
f 1913/2501 1909/2497 1914/2502
f 1914/2502 1909/2497 1912/2500
f 1910/2498 1915/2503 1911/2499
f 1911/2499 1915/2503 1916/2504
f 1917/2505 1913/2501 1918/2506
f 1918/2506 1913/2501 1914/2502
f 1915/2503 1919/2507 1916/2504
f 1916/2504 1919/2507 1920/2508
f 1921/2509 1917/2505 1922/2510
f 1922/2510 1917/2505 1918/2506
f 1919/2507 1923/2511 1920/2508
f 1920/2508 1923/2511 1924/2512
f 1925/2513 1921/2509 1926/2514
f 1926/2514 1921/2509 1922/2510
f 1923/2511 1927/2515 1924/2512
f 1924/2512 1927/2515 1928/2516
f 1929/2517 1925/2513 1930/2518
f 1930/2518 1925/2513 1926/2514
f 1927/2515 1931/2519 1928/2516
f 1928/2516 1931/2519 1932/2520
f 1933/2521 1929/2522 1934/2524
f 1934/2524 1929/2522 1930/2523
f 1931/2519 1935/2525 1932/2520
f 1932/2520 1935/2525 1936/2526
f 1937/2527 1933/2521 1938/2528
f 1938/2528 1933/2521 1934/2524
f 1935/2525 1939/2529 1936/2526
f 1936/2526 1939/2529 1940/2530
f 1941/2531 1937/2527 1942/2532
f 1942/2532 1937/2527 1938/2528
f 1939/2529 1943/2533 1940/2530
f 1940/2530 1943/2533 1944/2534
f 1945/2535 1941/2531 1946/2536
f 1946/2536 1941/2531 1942/2532
f 1943/2533 1947/2537 1944/2534
f 1944/2534 1947/2537 1948/2538
f 1949/2539 1945/2535 1950/2540
f 1950/2540 1945/2535 1946/2536
f 1947/2537 1951/2541 1948/2538
f 1948/2538 1951/2541 1952/2542
f 1953/2543 1949/2539 1954/2544
f 1954/2544 1949/2539 1950/2540
f 1951/2541 1955/2545 1952/2542
f 1952/2542 1955/2545 1956/2546
f 1957/2547 1953/2543 1958/2548
f 1958/2548 1953/2543 1954/2544
f 1955/2545 1959/2549 1956/2546
f 1956/2546 1959/2549 1960/2550
f 1961/2551 1957/2547 1962/2552
f 1962/2552 1957/2547 1958/2548
f 1959/2549 1963/2553 1960/2550
f 1960/2550 1963/2553 1964/2554
f 1965/2555 1961/2551 1966/2556
f 1966/2556 1961/2551 1962/2552
f 1963/2553 1967/2557 1964/2554
f 1964/2554 1967/2557 1968/2558
f 1969/2559 1965/2555 1970/2560
f 1970/2560 1965/2555 1966/2556
f 1967/2557 1971/2561 1968/2558
f 1968/2558 1971/2561 1972/2562
f 1973/2563 1969/2559 1974/2564
f 1974/2564 1969/2559 1970/2560
f 1971/2561 1975/2565 1972/2562
f 1972/2562 1975/2565 1976/2566
f 1977/2567 1973/2563 1978/2568
f 1978/2568 1973/2563 1974/2564
f 1975/2565 1979/2569 1976/2566
f 1976/2566 1979/2569 1980/2570
f 1981/2571 1977/2567 1982/2572
f 1982/2572 1977/2567 1978/2568
f 1979/2569 1983/2573 1980/2570
f 1980/2570 1983/2573 1984/2574
f 1985/2575 1981/2571 1986/2576
f 1986/2576 1981/2571 1982/2572
f 1983/2573 1987/2577 1984/2574
f 1984/2574 1987/2577 1988/2578
f 1989/2579 1985/2575 1990/2580
f 1990/2580 1985/2575 1986/2576
f 1987/2577 1991/2581 1988/2578
f 1988/2578 1991/2581 1992/2582
f 1993/2583 1989/2579 1994/2584
f 1994/2584 1989/2579 1990/2580
f 1991/2581 1995/2585 1992/2582
f 1992/2582 1995/2585 1996/2586
f 1997/2587 1993/2583 1998/2588
f 1998/2588 1993/2583 1994/2584
f 1995/2585 1999/2589 1996/2586
f 1996/2586 1999/2589 2000/2590
f 2001/2591 1997/2587 2002/2592
f 2002/2592 1997/2587 1998/2588
f 1999/2589 2003/2593 2000/2590
f 2000/2590 2003/2593 2004/2594
f 2005/2595 2001/2591 2006/2596
f 2006/2596 2001/2591 2002/2592
f 2003/2593 2007/2597 2004/2594
f 2004/2594 2007/2597 2008/2598
f 2007/2597 2005/2595 2008/2598
f 2008/2598 2005/2595 2006/2596
f 540/1056 2009/2599 541/1057
f 546/1064 549/1067 2009/2599
f 2009/2599 549/1067 541/1057
f 600/1118 2010/2600 601/1119
f 593/1111 594/1112 2010/2600
f 2010/2600 594/1112 601/1119
f 664/1188 2011/2601 665/1189
f 670/1196 673/1199 2011/2601
f 2011/2601 673/1199 665/1189
f 724/1250 2012/2602 725/1251
f 716/1242 717/1243 2012/2602
f 2012/2602 717/1243 725/1251
f 796/1328 2013/2603 797/1329
f 802/1336 805/1339 2013/2603
f 2013/2603 805/1339 797/1329
f 858/1392 2014/2604 859/1393
f 850/1384 851/1385 2014/2604
f 2014/2604 851/1385 859/1393
f 918/1458 2015/2605 919/1459
f 926/1468 929/1471 2015/2605
f 2015/2605 929/1471 919/1459
f 981/1525 2016/2606 982/1526
f 974/1518 975/1519 2016/2606
f 2016/2606 975/1519 982/1526
f 1144/1694 2017/2607 1145/1695
f 1150/1702 1153/1705 2017/2607
f 2017/2607 1153/1705 1145/1695
f 1206/1758 2018/2608 1207/1759
f 1198/1750 1199/1751 2018/2608
f 2018/2608 1199/1751 1207/1759
f 1306/1866 2019/2609 1307/1867
f 1320/1882 1323/1885 2019/2609
f 2019/2609 1323/1885 1307/1867
f 1427/1989 2020/2610 1428/1990
f 1420/1982 1421/1983 2020/2610
f 2020/2610 1421/1983 1428/1990
f 1564/2140 2021/2611 1565/2141
f 1578/2156 1581/2159 2021/2611
f 2021/2611 1581/2159 1565/2141
f 1654/2232 2022/2612 1655/2233
f 1647/2225 1648/2226 2022/2612
f 2022/2612 1648/2226 1655/2233
f 1774/2360 2023/2613 1775/2361
f 1784/2372 1787/2375 2023/2613
f 2023/2613 1787/2375 1775/2361
f 1882/2470 2024/2614 1883/2471
f 1875/2463 1876/2464 2024/2614
f 2024/2614 1876/2464 1883/2471
f 1695/2626 1312/2615 1688/2625
f 1312/2615 1230/2616 1688/2625
f 1688/2625 1230/2616 1615/2624
f 1230/2616 1178/2617 1615/2624
f 1109/2619 888/2620 1113/2618
f 888/2620 961/2621 1113/2618
f 1113/2618 961/2621 1178/2617
f 961/2621 893/2622 1178/2617
f 893/2622 1467/2623 1178/2617
f 1178/2617 1467/2623 1615/2624
f 542/2640 516/2641 538/2639
f 515/1031 517/1033 516/2641
f 2009/2627 540/2628 517/1033
f 538/2639 516/2641 534/2638
f 540/2628 536/2629 517/1033
f 534/2638 516/2641 530/2637
f 536/2629 532/2630 517/1033
f 530/2637 516/2641 526/2636
f 532/2630 528/2631 517/1033
f 517/1033 528/2631 516/2641
f 528/2631 524/2632 516/2641
f 524/2632 519/2633 516/2641
f 519/2633 518/2634 516/2641
f 518/2634 522/2635 516/2641
f 522/2635 526/2636 516/2641
f 595/2643 591/2644 623/2642
f 517/1033 588/1106 2009/2627
f 2009/2627 588/1106 546/2655
f 546/2655 588/1106 547/2654
f 547/2654 588/1106 552/2653
f 552/2653 588/1106 556/2652
f 556/2652 588/1106 560/2651
f 560/2651 588/1106 566/2650
f 566/2650 588/1106 570/2649
f 591/2644 586/2645 623/2642
f 570/2649 588/1106 574/2648
f 586/2645 582/2646 623/2642
f 574/2648 588/1106 578/2647
f 582/2646 578/2647 623/2642
f 588/1106 623/2642 578/2647
f 516/2641 542/2640 626/1152
f 542/2640 544/2656 626/1152
f 544/2656 550/2657 626/1152
f 550/2657 554/2658 626/1152
f 554/2658 558/2659 626/1152
f 558/2659 564/2660 626/1152
f 564/2660 568/2661 626/1152
f 568/2661 572/2662 626/1152
f 572/2662 576/2663 626/1152
f 576/2663 580/2664 626/1152
f 580/2664 584/2665 626/1152
f 584/2665 589/2666 626/1152
f 2010/2668 632/1153 593/2667
f 589/2666 593/2667 626/1152
f 593/2667 632/1153 626/1152
f 623/2642 629/1156 595/2643
f 595/2643 629/1156 597/2680
f 597/2680 629/1156 603/2679
f 603/2679 629/1156 607/2678
f 607/2678 629/1156 611/2677
f 611/2677 629/1156 615/2676
f 615/2676 629/1156 619/2675
f 619/2675 629/1156 617/2674
f 617/2674 629/1156 613/2673
f 613/2673 629/1156 609/2672
f 609/2672 629/1156 605/2671
f 632/1153 2010/2668 629/1156
f 2010/2668 600/2669 629/1156
f 600/2669 599/2670 629/1156
f 629/1156 599/2670 605/2671
f 639/1163 641/1165 640/2695
f 2011/2681 664/2682 641/1165
f 666/2694 640/2695 662/2693
f 664/2682 660/2683 641/1165
f 662/2693 640/2695 658/2692
f 660/2683 656/2684 641/1165
f 658/2692 640/2695 654/2691
f 656/2684 652/2685 641/1165
f 640/2695 641/1165 654/2691
f 654/2691 641/1165 650/2690
f 650/2690 641/1165 646/2689
f 646/2689 641/1165 642/2688
f 642/2688 641/1165 643/2687
f 643/2687 641/1165 648/2686
f 641/1165 652/2685 648/2686
f 641/1165 722/1248 2011/2681
f 2011/2681 722/1248 670/2709
f 670/2709 722/1248 671/2708
f 671/2708 722/1248 676/2707
f 676/2707 722/1248 680/2706
f 680/2706 722/1248 684/2705
f 684/2705 722/1248 688/2704
f 688/2704 722/1248 692/2703
f 747/2696 718/2697 722/1248
f 718/2697 714/2698 722/1248
f 714/2698 710/2699 722/1248
f 710/2699 706/2700 722/1248
f 706/2700 702/2701 722/1248
f 702/2701 698/2702 722/1248
f 722/1248 698/2702 692/2703
f 640/2695 666/2694 750/1284
f 666/2694 668/2710 750/1284
f 668/2710 674/2711 750/1284
f 674/2711 678/2712 750/1284
f 678/2712 682/2713 750/1284
f 682/2713 686/2714 750/1284
f 686/2714 690/2715 750/1284
f 690/2715 694/2716 750/1284
f 694/2716 700/2717 750/1284
f 700/2717 704/2718 750/1284
f 704/2718 708/2719 750/1284
f 708/2719 712/2720 750/1284
f 2012/2722 756/1285 716/2721
f 712/2720 716/2721 750/1284
f 716/2721 756/1285 750/1284
f 747/2696 753/1292 718/2697
f 718/2697 753/1292 720/2734
f 720/2734 753/1292 727/2733
f 727/2733 753/1292 731/2732
f 731/2732 753/1292 735/2731
f 735/2731 753/1292 739/2730
f 739/2730 753/1292 743/2729
f 743/2729 753/1292 741/2728
f 741/2728 753/1292 737/2727
f 737/2727 753/1292 733/2726
f 733/2726 753/1292 729/2725
f 756/1285 2012/2722 753/1292
f 2012/2722 724/2723 753/1292
f 724/2723 723/2724 753/1292
f 753/1292 723/2724 729/2725
f 767/1299 769/1301 768/2749
f 2013/2735 796/2736 769/1301
f 798/2748 768/2749 794/2747
f 796/2736 792/2737 769/1301
f 794/2747 768/2749 790/2746
f 792/2737 788/2738 769/1301
f 790/2746 768/2749 786/2745
f 788/2738 784/2739 769/1301
f 768/2749 769/1301 786/2745
f 786/2745 769/1301 782/2744
f 782/2744 769/1301 778/2743
f 778/2743 769/1301 774/2742
f 774/2742 769/1301 775/2741
f 775/2741 769/1301 780/2740
f 769/1301 784/2739 780/2740
f 769/1301 856/1390 2013/2735
f 2013/2735 856/1390 802/2763
f 802/2763 856/1390 803/2762
f 803/2762 856/1390 808/2761
f 808/2761 856/1390 812/2760
f 812/2760 856/1390 818/2759
f 818/2759 856/1390 822/2758
f 822/2758 856/1390 826/2757
f 886/2750 852/2751 856/1390
f 852/2751 848/2752 856/1390
f 848/2752 844/2753 856/1390
f 844/2753 840/2754 856/1390
f 840/2754 836/2755 856/1390
f 836/2755 832/2756 856/1390
f 856/1390 832/2756 826/2757
f 768/2749 798/2748 890/1548
f 798/2748 800/2764 890/1548
f 800/2764 806/2765 890/1548
f 806/2765 810/2766 890/1548
f 810/2766 814/2767 890/1548
f 814/2767 820/2768 890/1548
f 820/2768 824/2769 890/1548
f 824/2769 828/2770 890/1548
f 828/2770 834/2771 890/1548
f 834/2771 838/2772 890/1548
f 838/2772 842/2773 890/1548
f 842/2773 846/2774 890/1548
f 2014/2776 1004/1549 850/2775
f 846/2774 850/2775 890/1548
f 850/2775 1004/1549 890/1548
f 886/2750 930/1655 852/2751
f 852/2751 930/1655 854/2788
f 854/2788 930/1655 861/2787
f 861/2787 930/1655 865/2786
f 865/2786 930/1655 869/2785
f 869/2785 930/1655 873/2784
f 873/2784 930/1655 877/2783
f 877/2783 930/1655 875/2782
f 875/2782 930/1655 871/2781
f 871/2781 930/1655 867/2780
f 867/2780 930/1655 863/2779
f 1004/1549 2014/2776 930/1655
f 2014/2776 858/2777 930/1655
f 858/2777 857/2778 930/1655
f 930/1655 857/2778 863/2779
f 920/2789 889/2790 916/2803
f 817/1351 816/1350 889/2790
f 2015/2791 918/2792 816/1350
f 916/2803 889/2790 912/2802
f 918/2792 914/2793 816/1350
f 912/2802 889/2790 908/2801
f 914/2793 910/2794 816/1350
f 910/2794 906/2795 816/1350
f 908/2801 889/2790 904/2800
f 816/1350 906/2795 889/2790
f 906/2795 902/2796 889/2790
f 902/2796 897/2797 889/2790
f 897/2797 896/2798 889/2790
f 896/2798 900/2799 889/2790
f 889/2790 900/2799 904/2800
f 976/2805 972/2806 895/2804
f 2015/2791 816/1350 926/2817
f 816/1350 881/1415 926/2817
f 926/2817 881/1415 927/2816
f 927/2816 881/1415 933/2815
f 972/2806 968/2807 895/2804
f 933/2815 881/1415 937/2814
f 968/2807 964/2808 895/2804
f 937/2814 881/1415 941/2813
f 964/2808 958/2809 895/2804
f 941/2813 881/1415 945/2812
f 881/1415 895/2804 945/2812
f 945/2812 895/2804 949/2811
f 949/2811 895/2804 954/2810
f 895/2804 958/2809 954/2810
f 889/2790 920/2789 953/1495
f 920/2789 922/2818 953/1495
f 922/2818 931/2819 953/1495
f 931/2819 935/2820 953/1495
f 935/2820 939/2821 953/1495
f 939/2821 943/2822 953/1495
f 1081/1628 953/1495 2016/2830
f 2016/2830 953/1495 974/2829
f 974/2829 953/1495 970/2828
f 970/2828 953/1495 966/2827
f 966/2827 953/1495 962/2826
f 962/2826 953/1495 956/2825
f 956/2825 953/1495 951/2824
f 951/2824 953/1495 947/2823
f 953/1495 943/2822 947/2823
f 895/2804 1108/1658 976/2805
f 976/2805 1108/1658 978/2842
f 978/2842 1108/1658 984/2841
f 984/2841 1108/1658 988/2840
f 988/2840 1108/1658 1000/2839
f 1000/2839 1108/1658 1009/2838
f 1081/1628 2016/2830 1108/1658
f 2016/2830 981/2831 1108/1658
f 981/2831 980/2832 1108/1658
f 980/2832 986/2833 1108/1658
f 986/2833 990/2834 1108/1658
f 990/2834 1005/2835 1108/1658
f 1005/2835 1013/2836 1108/1658
f 1013/2836 1015/2837 1108/1658
f 1108/1658 1015/2837 1009/2838
f 1115/1665 1117/1667 1116/2857
f 2017/2843 1144/2844 1117/1667
f 1146/2856 1116/2857 1142/2855
f 1144/2844 1140/2845 1117/1667
f 1142/2855 1116/2857 1138/2854
f 1140/2845 1136/2846 1117/1667
f 1138/2854 1116/2857 1134/2853
f 1136/2846 1132/2847 1117/1667
f 1116/2857 1117/1667 1134/2853
f 1134/2853 1117/1667 1130/2852
f 1130/2852 1117/1667 1126/2851
f 1126/2851 1117/1667 1122/2850
f 1122/2850 1117/1667 1123/2849
f 1123/2849 1117/1667 1128/2848
f 1117/1667 1132/2847 1128/2848
f 1117/1667 1204/1756 2017/2843
f 2017/2843 1204/1756 1150/2871
f 1150/2871 1204/1756 1151/2870
f 1151/2870 1204/1756 1158/2869
f 1158/2869 1204/1756 1162/2868
f 1162/2868 1204/1756 1166/2867
f 1166/2867 1204/1756 1170/2866
f 1170/2866 1204/1756 1174/2865
f 1234/2858 1200/2859 1204/1756
f 1200/2859 1196/2860 1204/1756
f 1196/2860 1192/2861 1204/1756
f 1192/2861 1188/2862 1204/1756
f 1188/2862 1184/2863 1204/1756
f 1184/2863 1180/2864 1204/1756
f 1204/1756 1180/2864 1174/2865
f 2018/2884 1450/2015 1198/2883
f 1450/2015 1238/2014 1198/2883
f 1198/2883 1238/2014 1194/2882
f 1116/2857 1146/2856 1238/2014
f 1146/2856 1148/2872 1238/2014
f 1148/2872 1154/2873 1238/2014
f 1154/2873 1160/2874 1238/2014
f 1160/2874 1164/2875 1238/2014
f 1164/2875 1168/2876 1238/2014
f 1168/2876 1172/2877 1238/2014
f 1172/2877 1176/2878 1238/2014
f 1176/2878 1182/2879 1238/2014
f 1182/2879 1186/2880 1238/2014
f 1186/2880 1190/2881 1238/2014
f 1190/2881 1194/2882 1238/2014
f 1234/2858 1366/2021 1200/2859
f 1200/2859 1366/2021 1202/2896
f 1202/2896 1366/2021 1209/2895
f 1209/2895 1366/2021 1213/2894
f 1213/2894 1366/2021 1217/2893
f 1217/2893 1366/2021 1221/2892
f 1221/2892 1366/2021 1225/2891
f 1225/2891 1366/2021 1223/2890
f 1223/2890 1366/2021 1219/2889
f 1219/2889 1366/2021 1215/2888
f 1215/2888 1366/2021 1211/2887
f 1450/2015 2018/2884 1366/2021
f 2018/2884 1206/2885 1366/2021
f 1206/2885 1205/2886 1366/2021
f 1366/2021 1205/2886 1211/2887
f 1235/2898 1157/1709 1310/2897
f 1310/2897 1157/1709 1302/2911
f 1302/2911 1157/1709 1296/2910
f 1296/2910 1157/1709 1289/2909
f 1289/2909 1157/1709 1285/2908
f 1285/2908 1157/1709 1279/2907
f 1279/2907 1157/1709 1275/2906
f 1275/2906 1157/1709 1276/2905
f 1276/2905 1157/1709 1281/2904
f 1281/2904 1157/1709 1287/2903
f 1287/2903 1157/1709 1294/2902
f 1156/1708 2019/2899 1157/1709
f 2019/2899 1306/2900 1157/1709
f 1306/2900 1300/2901 1157/1709
f 1157/1709 1300/2901 1294/2902
f 1293/2912 1422/2913 1229/1781
f 1422/2913 1418/2914 1229/1781
f 1418/2914 1404/2915 1229/1781
f 1404/2915 1391/2916 1229/1781
f 1391/2916 1381/2917 1229/1781
f 1381/2917 1373/2918 1229/1781
f 1373/2918 1362/2919 1229/1781
f 1362/2919 1354/2920 1229/1781
f 1354/2920 1346/2921 1229/1781
f 1346/2921 1336/2922 1229/1781
f 1336/2922 1328/2923 1229/1781
f 1328/2923 1321/2924 1229/1781
f 2019/2899 1156/1708 1320/2925
f 1321/2924 1320/2925 1229/1781
f 1320/2925 1156/1708 1229/1781
f 1453/2018 1401/1963 2020/2938
f 2020/2938 1401/1963 1420/2937
f 1420/2937 1401/1963 1412/2936
f 1412/2936 1401/1963 1397/2935
f 1397/2935 1401/1963 1387/2934
f 1387/2934 1401/1963 1377/2933
f 1377/2933 1401/1963 1367/2932
f 1367/2932 1401/1963 1358/2931
f 1235/2898 1310/2897 1401/1963
f 1310/2897 1316/2926 1401/1963
f 1316/2926 1326/2927 1401/1963
f 1326/2927 1332/2928 1401/1963
f 1332/2928 1340/2929 1401/1963
f 1340/2929 1350/2930 1401/1963
f 1401/1963 1350/2930 1358/2931
f 1456/2024 1453/2018 1293/2912
f 2020/2938 1427/2939 1453/2018
f 1422/2913 1293/2912 1424/2950
f 1427/2939 1426/2940 1453/2018
f 1424/2950 1293/2912 1432/2949
f 1426/2940 1434/2941 1453/2018
f 1432/2949 1293/2912 1436/2948
f 1434/2941 1438/2942 1453/2018
f 1293/2912 1453/2018 1436/2948
f 1436/2948 1453/2018 1440/2947
f 1440/2947 1453/2018 1444/2946
f 1444/2946 1453/2018 1448/2945
f 1448/2945 1453/2018 1446/2944
f 1446/2944 1453/2018 1442/2943
f 1453/2018 1438/2942 1442/2943
f 1468/2952 1462/2030 1568/2951
f 1568/2951 1462/2030 1560/2965
f 1560/2965 1462/2030 1554/2964
f 1554/2964 1462/2030 1547/2963
f 1547/2963 1462/2030 1543/2962
f 1543/2962 1462/2030 1537/2961
f 1537/2961 1462/2030 1533/2960
f 1533/2960 1462/2030 1534/2959
f 1534/2959 1462/2030 1541/2958
f 1541/2958 1462/2030 1545/2957
f 1545/2957 1462/2030 1552/2956
f 1461/2029 2021/2953 1462/2030
f 2021/2953 1564/2954 1462/2030
f 1564/2954 1558/2955 1462/2030
f 1462/2030 1558/2955 1552/2956
f 1551/2966 1649/2967 1465/2033
f 1649/2967 1645/2968 1465/2033
f 1645/2968 1641/2969 1465/2033
f 1641/2969 1636/2970 1465/2033
f 1636/2970 1632/2971 1465/2033
f 1632/2971 1628/2972 1465/2033
f 1628/2972 1624/2973 1465/2033
f 1624/2973 1620/2974 1465/2033
f 1620/2974 1616/2975 1465/2033
f 1616/2975 1600/2976 1465/2033
f 1600/2976 1588/2977 1465/2033
f 1588/2977 1579/2978 1465/2033
f 2021/2953 1461/2029 1578/2979
f 1579/2978 1578/2979 1465/2033
f 1578/2979 1461/2029 1465/2033
f 1677/2255 1640/2218 2022/2992
f 2022/2992 1640/2218 1647/2991
f 1647/2991 1640/2218 1643/2990
f 1643/2990 1640/2218 1638/2989
f 1638/2989 1640/2218 1634/2988
f 1634/2988 1640/2218 1630/2987
f 1630/2987 1640/2218 1626/2986
f 1626/2986 1640/2218 1622/2985
f 1468/2952 1568/2951 1640/2218
f 1568/2951 1574/2980 1640/2218
f 1574/2980 1584/2981 1640/2218
f 1584/2981 1594/2982 1640/2218
f 1594/2982 1610/2983 1640/2218
f 1610/2983 1618/2984 1640/2218
f 1640/2218 1618/2984 1622/2985
f 1680/2258 1677/2255 1551/2966
f 2022/2992 1654/2993 1677/2255
f 1649/2967 1551/2966 1651/3004
f 1654/2993 1653/2994 1677/2255
f 1651/3004 1551/2966 1657/3003
f 1653/2994 1659/2995 1677/2255
f 1657/3003 1551/2966 1661/3002
f 1659/2995 1663/2996 1677/2255
f 1551/2966 1677/2255 1661/3002
f 1661/3002 1677/2255 1665/3001
f 1665/3001 1677/2255 1669/3000
f 1669/3000 1677/2255 1673/2999
f 1673/2999 1677/2255 1671/2998
f 1671/2998 1677/2255 1667/2997
f 1677/2255 1663/2996 1667/2997
f 1696/3006 1690/2268 1776/3005
f 1776/3005 1690/2268 1770/3019
f 1770/3019 1690/2268 1764/3018
f 1764/3018 1690/2268 1757/3017
f 1757/3017 1690/2268 1753/3016
f 1753/3016 1690/2268 1747/3015
f 1747/3015 1690/2268 1743/3014
f 1743/3014 1690/2268 1744/3013
f 1744/3013 1690/2268 1749/3012
f 1749/3012 1690/2268 1755/3011
f 1755/3011 1690/2268 1760/3010
f 1689/2267 2023/3007 1690/2268
f 2023/3007 1774/3008 1690/2268
f 1774/3008 1766/3009 1690/2268
f 1690/2268 1766/3009 1760/3010
f 1759/3020 1877/3021 1693/2271
f 1877/3021 1873/3022 1693/2271
f 1873/3022 1869/3023 1693/2271
f 1869/3023 1864/3024 1693/2271
f 1864/3024 1856/3025 1693/2271
f 1856/3025 1840/3026 1693/2271
f 1840/3026 1830/3027 1693/2271
f 1830/3027 1820/3028 1693/2271
f 1820/3028 1812/3029 1693/2271
f 1812/3029 1802/3030 1693/2271
f 1802/3030 1794/3031 1693/2271
f 1794/3031 1785/3032 1693/2271
f 2023/3007 1689/2267 1784/3033
f 1785/3032 1784/3033 1693/2271
f 1784/3033 1689/2267 1693/2271
f 1905/2493 1868/2456 2024/3046
f 2024/3046 1868/2456 1875/3045
f 1875/3045 1868/2456 1871/3044
f 1871/3044 1868/2456 1866/3043
f 1866/3043 1868/2456 1862/3042
f 1862/3042 1868/2456 1846/3041
f 1846/3041 1868/2456 1836/3040
f 1836/3040 1868/2456 1826/3039
f 1696/3006 1776/3005 1868/2456
f 1776/3005 1782/3034 1868/2456
f 1782/3034 1790/3035 1868/2456
f 1790/3035 1798/3036 1868/2456
f 1798/3036 1806/3037 1868/2456
f 1806/3037 1816/3038 1868/2456
f 1868/2456 1816/3038 1826/3039
f 1908/2496 1905/2493 1759/3020
f 2024/3046 1882/3047 1905/2493
f 1877/3021 1759/3020 1879/3058
f 1882/3047 1881/3048 1905/2493
f 1879/3058 1759/3020 1885/3057
f 1881/3048 1887/3049 1905/2493
f 1885/3057 1759/3020 1889/3056
f 1887/3049 1891/3050 1905/2493
f 1759/3020 1905/2493 1889/3056
f 1889/3056 1905/2493 1893/3055
f 1893/3055 1905/2493 1897/3054
f 1897/3054 1905/2493 1901/3053
f 1901/3053 1905/2493 1899/3052
f 1899/3052 1905/2493 1895/3051
f 1905/2493 1891/3050 1895/3051
f 1684/3078 773/3079 759/3077
f 1467/2623 893/2622 1460/3085
f 893/2622 882/3059 1460/3085
f 1460/3085 882/3059 1345/3084
f 882/3059 830/3060 1345/3084
f 761/3062 749/3063 765/3061
f 749/3063 755/3064 765/3061
f 765/3061 755/3064 830/3060
f 755/3064 751/3065 830/3060
f 830/3060 751/3065 1345/3084
f 1345/3084 751/3065 1233/3083
f 1233/3083 751/3065 1121/3082
f 751/3065 745/3066 1121/3082
f 1121/3082 745/3066 925/3081
f 745/3066 696/3067 925/3081
f 633/3069 625/3070 637/3068
f 625/3070 631/3071 637/3068
f 637/3068 631/3071 696/3067
f 631/3071 627/3072 696/3067
f 696/3067 627/3072 925/3081
f 925/3081 627/3072 885/3080
f 885/3080 627/3072 773/3079
f 627/3072 621/3073 773/3079
f 621/3073 562/3074 773/3079
f 509/3076 759/3077 513/3075
f 773/3079 562/3074 759/3077
f 562/3074 513/3075 759/3077
f 1379/3086 1371/3087 1065/3124
f 1371/3087 1364/3088 1065/3124
f 1364/3088 1356/3089 1065/3124
f 1356/3089 1348/3090 1065/3124
f 773/3079 1684/3078 770/3102
f 770/3102 1684/3078 879/3101
f 1348/3090 1338/3091 1065/3124
f 1338/3091 1330/3092 1065/3124
f 1330/3092 1318/3093 1065/3124
f 1318/3093 1308/3094 1065/3124
f 1308/3094 1298/3095 1065/3124
f 1298/3095 1283/3096 1065/3124
f 1283/3096 1271/3097 1065/3124
f 1271/3097 1267/3098 1065/3124
f 1267/3098 1263/3099 1065/3124
f 1263/3099 891/3100 1065/3124
f 891/3100 879/3101 1065/3124
f 1065/3124 879/3101 1061/3123
f 1061/3123 879/3101 1057/3122
f 1057/3122 879/3101 1051/3121
f 1051/3121 879/3101 1047/3120
f 1047/3120 879/3101 1043/3119
f 1043/3119 879/3101 1039/3118
f 1039/3118 879/3101 1035/3117
f 1035/3117 879/3101 1031/3116
f 1031/3116 879/3101 1027/3115
f 1027/3115 879/3101 1023/3114
f 1023/3114 879/3101 1019/3113
f 1019/3113 879/3101 1011/3112
f 1025/3103 1021/3104 1684/3078
f 1011/3112 879/3101 1002/3111
f 1021/3104 1017/3105 1684/3078
f 1684/3078 1017/3105 879/3101
f 1017/3105 1007/3106 879/3101
f 1007/3106 998/3107 879/3101
f 998/3107 993/3108 879/3101
f 993/3108 992/3109 879/3101
f 992/3109 996/3110 879/3101
f 879/3101 996/3110 1002/3111
f 1824/3126 1818/3127 1604/3175
f 1818/3127 1808/3128 1604/3175
f 1491/3146 1487/3147 1239/3145
f 1808/3128 1800/3129 1604/3175
f 1800/3129 1792/3130 1604/3175
f 1487/3147 1483/3148 1239/3145
f 1483/3148 1479/3149 1239/3145
f 1792/3130 1780/3131 1604/3175
f 1479/3149 1475/3150 1239/3145
f 1780/3131 1772/3132 1604/3175
f 1475/3150 1470/3151 1239/3145
f 1772/3132 1762/3133 1604/3175
f 1470/3151 1469/3152 1239/3145
f 1762/3133 1741/3134 1604/3175
f 1469/3152 1473/3153 1239/3145
f 1741/3134 1737/3135 1604/3175
f 1604/3175 1737/3135 1598/3174
f 1473/3153 1477/3154 1239/3145
f 1737/3135 1733/3136 1598/3174
f 1598/3174 1733/3136 1592/3173
f 1477/3154 1481/3155 1239/3145
f 1733/3136 1729/3137 1592/3173
f 1592/3173 1729/3137 1586/3172
f 1481/3155 1485/3156 1239/3145
f 1729/3137 1725/3138 1586/3172
f 1239/3145 1485/3156 1455/3144
f 1485/3156 1489/3157 1455/3144
f 1586/3172 1725/3138 1576/3171
f 1489/3157 1493/3158 1455/3144
f 1725/3138 1721/3139 1576/3171
f 1721/3139 1511/3140 1576/3171
f 1511/3140 1463/3141 1576/3171
f 1576/3171 1463/3141 1570/3170
f 1570/3170 1463/3141 1562/3169
f 1562/3169 1463/3141 1549/3168
f 1549/3168 1463/3141 1531/3167
f 1531/3167 1463/3141 1527/3166
f 1527/3166 1463/3141 1523/3165
f 1523/3165 1463/3141 1519/3164
f 1519/3164 1463/3141 1515/3163
f 1515/3163 1463/3141 1509/3162
f 1460/3085 1345/3084 1457/3142
f 1345/3084 1452/3143 1457/3142
f 1457/3142 1452/3143 1463/3141
f 1452/3143 1455/3144 1463/3141
f 1509/3162 1463/3141 1505/3161
f 1493/3158 1497/3159 1455/3144
f 1505/3161 1463/3141 1501/3160
f 1497/3159 1501/3160 1455/3144
f 1463/3141 1455/3144 1501/3160
f 1370/3177 1361/3178 969/3237
f 1361/3178 1353/3179 969/3237
f 1353/3179 1343/3180 969/3237
f 1343/3180 1335/3181 969/3237
f 1335/3181 1325/3182 969/3237
f 1325/3182 1315/3183 969/3237
f 919/3226 929/3227 1681/3125
f 1315/3183 1305/3184 969/3237
f 929/3227 928/3228 1681/3125
f 1305/3184 1292/3185 969/3237
f 928/3228 934/3229 1681/3125
f 1292/3185 1274/3186 969/3237
f 934/3229 938/3230 1681/3125
f 1274/3186 1270/3187 969/3237
f 938/3230 942/3231 1681/3125
f 1270/3187 1266/3188 969/3237
f 942/3231 946/3232 1681/3125
f 1266/3188 1262/3189 969/3237
f 946/3232 950/3233 1681/3125
f 1262/3189 1258/3190 969/3237
f 950/3233 955/3234 1681/3125
f 1258/3190 1254/3191 969/3237
f 1264/3200 1078/3201 1260/3199
f 1078/3201 1074/3202 1260/3199
f 955/3234 959/3235 1681/3125
f 1260/3199 1074/3202 1256/3198
f 1074/3202 1070/3203 1256/3198
f 1254/3191 1250/3192 969/3237
f 959/3235 965/3236 1681/3125
f 1256/3198 1070/3203 1252/3197
f 1070/3203 1066/3204 1252/3197
f 1250/3192 1246/3193 969/3237
f 965/3236 969/3237 1681/3125
f 1252/3197 1066/3204 1248/3196
f 1066/3204 1062/3205 1248/3196
f 1246/3193 1244/3194 969/3237
f 1248/3196 1062/3205 1243/3195
f 1026/3225 1681/3125 1022/3224
f 1062/3205 1058/3206 1243/3195
f 1244/3194 1243/3195 969/3237
f 1022/3224 1681/3125 1018/3223
f 1243/3195 1058/3206 969/3237
f 1058/3206 1052/3207 969/3237
f 1052/3207 1048/3208 969/3237
f 1048/3208 1044/3209 969/3237
f 1044/3209 1040/3210 969/3237
f 1040/3210 1036/3211 969/3237
f 1036/3211 1032/3212 969/3237
f 1032/3212 1028/3213 969/3237
f 1018/3223 1681/3125 1008/3222
f 1028/3213 1024/3214 969/3237
f 1008/3222 1681/3125 999/3221
f 1024/3214 1020/3215 969/3237
f 999/3221 1681/3125 994/3220
f 1681/3125 969/3237 994/3220
f 994/3220 969/3237 995/3219
f 995/3219 969/3237 997/3218
f 997/3218 969/3237 1003/3217
f 1003/3217 969/3237 1012/3216
f 1020/3215 1012/3216 969/3237
f 1492/3270 1425/3271 1488/3269
f 1488/3269 1425/3271 1484/3268
f 1484/3268 1425/3271 1480/3267
f 1480/3267 1425/3271 1476/3266
f 1607/3238 1613/3239 1730/3301
f 1476/3266 1425/3271 1471/3265
f 1613/3239 1609/3240 1730/3301
f 1471/3265 1425/3271 1472/3264
f 1609/3240 1605/3241 1730/3301
f 1472/3264 1425/3271 1474/3263
f 1605/3241 1599/3242 1730/3301
f 1474/3263 1425/3271 1478/3262
f 1599/3242 1593/3243 1730/3301
f 1478/3262 1425/3271 1482/3261
f 1593/3243 1587/3244 1730/3301
f 1482/3261 1425/3271 1486/3260
f 1587/3244 1577/3245 1730/3301
f 1730/3301 1577/3245 1726/3300
f 1486/3260 1425/3271 1490/3259
f 1577/3245 1571/3246 1726/3300
f 1421/3283 1565/3284 1428/3282
f 1565/3284 1581/3285 1428/3282
f 1726/3300 1571/3246 1722/3299
f 1722/3299 1571/3246 1652/3298
f 1652/3298 1571/3246 1650/3297
f 1650/3297 1571/3246 1646/3296
f 1571/3246 1563/3247 1646/3296
f 1646/3296 1563/3247 1642/3295
f 1563/3247 1550/3248 1642/3295
f 1642/3295 1550/3248 1637/3294
f 1550/3248 1532/3249 1637/3294
f 1637/3294 1532/3249 1633/3293
f 1532/3249 1528/3250 1633/3293
f 1633/3293 1528/3250 1629/3292
f 1528/3250 1524/3251 1629/3292
f 1629/3292 1524/3251 1625/3291
f 1524/3251 1520/3252 1625/3291
f 1625/3291 1520/3252 1621/3290
f 1490/3259 1425/3271 1494/3258
f 1425/3271 1433/3272 1494/3258
f 1520/3252 1516/3253 1621/3290
f 1428/3282 1581/3285 1429/3281
f 1581/3285 1580/3286 1429/3281
f 1621/3290 1516/3253 1617/3289
f 1433/3272 1437/3273 1494/3258
f 1494/3258 1437/3273 1498/3257
f 1516/3253 1510/3254 1617/3289
f 1429/3281 1580/3286 1435/3280
f 1580/3286 1589/3287 1435/3280
f 1617/3289 1510/3254 1601/3288
f 1498/3257 1437/3273 1502/3256
f 1437/3273 1441/3274 1502/3256
f 1510/3254 1506/3255 1601/3288
f 1435/3280 1589/3287 1439/3279
f 1589/3287 1601/3288 1439/3279
f 1502/3256 1441/3274 1506/3255
f 1441/3274 1445/3275 1506/3255
f 1439/3279 1601/3288 1443/3278
f 1601/3288 1506/3255 1443/3278
f 1443/3278 1506/3255 1447/3277
f 1447/3277 1506/3255 1449/3276
f 1506/3255 1445/3275 1449/3276
f 759/3077 509/3076 760/1289
f 509/3076 512/3302 760/1289
f 512/3302 625/3070 760/1289
f 625/3070 633/3069 760/1289
f 633/3069 636/3303 760/1289
f 636/3303 749/3063 760/1289
f 749/3063 761/3062 760/1289
f 761/3062 764/3304 760/1289
f 764/3304 888/2620 760/1289
f 888/2620 1109/2619 760/1289
f 1109/2619 1112/3305 760/1289
f 1112/3305 1237/3306 760/1289
f 1721/3139 1717/3316 1511/3140
f 1717/3316 1711/3317 1511/3140
f 1711/3317 1707/3318 1511/3140
f 1707/3318 1703/3319 1511/3140
f 1703/3319 1698/3320 1511/3140
f 1698/3320 1697/3321 1511/3140
f 1697/3321 1701/3322 1511/3140
f 1701/3322 1705/3323 1511/3140
f 1705/3323 1709/3324 1511/3140
f 1511/3140 1709/3324 1679/3315
f 1709/3324 1713/3325 1679/3315
f 1713/3325 1719/3326 1679/3315
f 1688/2625 1615/2624 1685/3313
f 1615/2624 1676/3314 1685/3313
f 1685/3313 1676/3314 1691/3312
f 1676/3314 1679/3315 1691/3312
f 1679/3315 1719/3326 1691/3312
f 1719/3326 1723/3327 1691/3312
f 1723/3327 1727/3328 1691/3312
f 1727/3328 1731/3329 1691/3312
f 1731/3329 1735/3330 1691/3312
f 1735/3330 1739/3331 1691/3312
f 1237/3306 1431/3307 760/1289
f 1695/2626 1811/3308 1312/2615
f 1739/3331 1751/3332 1691/3312
f 1822/3339 1931/3340 1814/3338
f 1931/3340 1927/3341 1814/3338
f 1814/3338 1927/3341 1804/3337
f 1927/3341 1923/3342 1804/3337
f 1751/3332 1768/3333 1691/3312
f 1431/3307 1312/2615 760/1289
f 1312/2615 1811/3308 760/1289
f 760/1289 1811/3308 1683/2261
f 1811/3308 1904/3309 1683/2261
f 1904/3309 1907/3310 1683/2261
f 1683/2261 1907/3310 1985/3365
f 1985/3365 1907/3310 1981/3364
f 1981/3364 1907/3310 1977/3363
f 1977/3363 1907/3310 1973/3362
f 1973/3362 1907/3310 1969/3361
f 1969/3361 1907/3310 1965/3360
f 1965/3360 1907/3310 1961/3359
f 1961/3359 1907/3310 1957/3358
f 1957/3358 1907/3310 1953/3357
f 1953/3357 1907/3310 1949/3356
f 1949/3356 1907/3310 1945/3355
f 1907/3310 1715/3311 1945/3355
f 1945/3355 1715/3311 1941/3354
f 1941/3354 1715/3311 1937/3353
f 1715/3311 1691/3312 1937/3353
f 1937/3353 1691/3312 1933/3352
f 1933/3352 1691/3312 1929/3351
f 1929/3351 1691/3312 1925/3350
f 1925/3350 1691/3312 1921/3349
f 1921/3349 1691/3312 1917/3348
f 1917/3348 1691/3312 1913/3347
f 1913/3347 1691/3312 1909/3346
f 1909/3346 1691/3312 1910/3345
f 1910/3345 1691/3312 1915/3344
f 1804/3337 1923/3342 1796/3336
f 1923/3342 1919/3343 1796/3336
f 1768/3333 1778/3334 1691/3312
f 1915/3344 1691/3312 1919/3343
f 1796/3336 1919/3343 1788/3335
f 1919/3343 1691/3312 1788/3335
f 1691/3312 1778/3334 1788/3335
f 1986/3366 1982/3367 1902/3447
f 1982/3367 1978/3368 1902/3447
f 1978/3368 1974/3369 1902/3447
f 1722/3299 1652/3298 1718/3415
f 1974/3369 1970/3370 1902/3447
f 1718/3415 1652/3298 1712/3414
f 1970/3370 1966/3371 1902/3447
f 1712/3414 1652/3298 1708/3413
f 1966/3371 1962/3372 1902/3447
f 1708/3413 1652/3298 1704/3412
f 1704/3412 1652/3298 1699/3411
f 1962/3372 1958/3373 1902/3447
f 1902/3447 1958/3373 1898/3446
f 1958/3373 1954/3374 1898/3446
f 1699/3411 1652/3298 1700/3410
f 1898/3446 1954/3374 1894/3445
f 1954/3374 1950/3375 1894/3445
f 1700/3410 1652/3298 1702/3409
f 1894/3445 1950/3375 1890/3444
f 1950/3375 1946/3376 1890/3444
f 1702/3409 1652/3298 1706/3408
f 1890/3444 1946/3376 1886/3443
f 1946/3376 1942/3377 1886/3443
f 1706/3408 1652/3298 1710/3407
f 1886/3443 1942/3377 1880/3442
f 1942/3377 1938/3378 1880/3442
f 1710/3407 1652/3298 1714/3406
f 1880/3442 1938/3378 1878/3441
f 1938/3378 1934/3379 1878/3441
f 1714/3406 1652/3298 1720/3405
f 1648/3427 1775/3428 1655/3426
f 1775/3428 1787/3429 1655/3426
f 1652/3298 1658/3416 1720/3405
f 1878/3441 1934/3379 1874/3440
f 1934/3379 1930/3380 1874/3440
f 1720/3405 1658/3416 1724/3404
f 1932/3391 1823/3392 1928/3390
f 1823/3392 1815/3393 1928/3390
f 1658/3416 1662/3417 1724/3404
f 1655/3426 1787/3429 1656/3425
f 1787/3429 1786/3430 1656/3425
f 1874/3440 1930/3380 1870/3439
f 1930/3380 1926/3381 1870/3439
f 1928/3390 1815/3393 1924/3389
f 1815/3393 1805/3394 1924/3389
f 1724/3404 1662/3417 1728/3403
f 1656/3425 1786/3430 1660/3424
f 1786/3430 1795/3431 1660/3424
f 1662/3417 1666/3418 1728/3403
f 1870/3439 1926/3381 1865/3438
f 1926/3381 1922/3382 1865/3438
f 1924/3389 1805/3394 1920/3388
f 1805/3394 1797/3395 1920/3388
f 1728/3403 1666/3418 1732/3402
f 1660/3424 1795/3431 1664/3423
f 1795/3431 1803/3432 1664/3423
f 1666/3418 1670/3419 1732/3402
f 1865/3438 1922/3382 1857/3437
f 1922/3382 1918/3383 1857/3437
f 1732/3402 1670/3419 1736/3401
f 1920/3388 1797/3395 1916/3387
f 1797/3395 1789/3396 1916/3387
f 1670/3419 1674/3420 1736/3401
f 1664/3423 1803/3432 1668/3422
f 1803/3432 1813/3433 1668/3422
f 1857/3437 1918/3383 1841/3436
f 1916/3387 1789/3396 1911/3386
f 1736/3401 1674/3420 1740/3400
f 1668/3422 1813/3433 1672/3421
f 1918/3383 1914/3384 1841/3436
f 1789/3396 1779/3397 1911/3386
f 1813/3433 1821/3434 1672/3421
f 1674/3420 1672/3421 1740/3400
f 1672/3421 1821/3434 1740/3400
f 1740/3400 1821/3434 1752/3399
f 1752/3399 1821/3434 1769/3398
f 1821/3434 1831/3435 1769/3398
f 1769/3398 1831/3435 1779/3397
f 1831/3435 1841/3436 1779/3397
f 1841/3436 1914/3384 1779/3397
f 1914/3384 1912/3385 1779/3397
f 1912/3385 1911/3386 1779/3397
f 1263/3099 1259/3508 891/3100
f 1259/3508 1255/3509 891/3100
f 1255/3509 1251/3510 891/3100
f 1251/3510 1247/3511 891/3100
f 1247/3511 1242/3512 891/3100
f 1025/3103 1684/3078 1029/3571
f 1242/3512 1241/3513 891/3100
f 1985/3365 1989/3448 1683/2261
f 1029/3571 1684/3078 1033/3570
f 1989/3448 1993/3449 1683/2261
f 1241/3513 1245/3514 891/3100
f 1033/3570 1684/3078 1037/3569
f 1065/3124 1069/3544 1379/3086
f 1993/3449 1997/3450 1683/2261
f 1245/3514 1249/3515 891/3100
f 1037/3569 1684/3078 1041/3568
f 1069/3544 1073/3545 1379/3086
f 1997/3450 2001/3451 1683/2261
f 1249/3515 1253/3516 891/3100
f 891/3100 1253/3516 1107/3507
f 1253/3516 1257/3517 1107/3507
f 1041/3568 1684/3078 1045/3567
f 1073/3545 1077/3546 1379/3086
f 1257/3517 1261/3518 1107/3507
f 2001/3451 2005/3452 1683/2261
f 1045/3567 1684/3078 1049/3566
f 1077/3546 1082/3547 1379/3086
f 1931/3340 1822/3339 1935/3471
f 1822/3339 1828/3472 1935/3471
f 1121/3082 925/3081 1118/3505
f 925/3081 1056/3506 1118/3505
f 1118/3505 1056/3506 1227/3504
f 1056/3506 1107/3507 1227/3504
f 1107/3507 1261/3518 1227/3504
f 1261/3518 1265/3519 1227/3504
f 1265/3519 1269/3520 1227/3504
f 1269/3520 1273/3521 1227/3504
f 1273/3521 1291/3522 1227/3504
f 2005/3452 2007/3453 1683/2261
f 1291/3522 1304/3523 1227/3504
f 1049/3566 1684/3078 1053/3565
f 1082/3547 1086/3548 1379/3086
f 1239/3145 1227/3504 1491/3146
f 1227/3504 1304/3523 1491/3146
f 1304/3523 1314/3524 1491/3146
f 1314/3524 1324/3525 1491/3146
f 1324/3525 1334/3526 1491/3146
f 1334/3526 1342/3527 1491/3146
f 1342/3527 1352/3528 1491/3146
f 1352/3528 1360/3529 1491/3146
f 1360/3529 1369/3530 1491/3146
f 1369/3530 1375/3531 1491/3146
f 1491/3146 1375/3531 1495/3503
f 1375/3531 1383/3532 1495/3503
f 1935/3471 1828/3472 1939/3470
f 1828/3472 1834/3473 1939/3470
f 1495/3503 1383/3532 1499/3502
f 1383/3532 1389/3533 1499/3502
f 2007/3453 2003/3454 1683/2261
f 1086/3548 1090/3549 1379/3086
f 1053/3565 1684/3078 1059/3564
f 1939/3470 1834/3473 1943/3469
f 1834/3473 1842/3474 1943/3469
f 1499/3502 1389/3533 1503/3501
f 1389/3533 1395/3534 1503/3501
f 2003/3454 1999/3455 1683/2261
f 1090/3549 1094/3550 1379/3086
f 1059/3564 1684/3078 1063/3563
f 1943/3469 1842/3474 1947/3468
f 1842/3474 1848/3475 1947/3468
f 1503/3501 1395/3534 1507/3500
f 1395/3534 1402/3535 1507/3500
f 1999/3455 1995/3456 1683/2261
f 1094/3550 1098/3551 1379/3086
f 1063/3563 1684/3078 1067/3562
f 1947/3468 1848/3475 1951/3467
f 1848/3475 1852/3476 1951/3467
f 1507/3500 1402/3535 1513/3499
f 1402/3535 1408/3536 1513/3499
f 1995/3456 1991/3457 1683/2261
f 1951/3467 1852/3476 1955/3466
f 1604/3175 1608/3484 1824/3126
f 1513/3499 1408/3536 1517/3498
f 1098/3551 1102/3552 1379/3086
f 1067/3562 1684/3078 1071/3561
f 1852/3476 1858/3477 1955/3466
f 1408/3536 1414/3537 1517/3498
f 1991/3457 1987/3458 1683/2261
f 1683/2261 1987/3458 1684/3078
f 1987/3458 1983/3459 1684/3078
f 1983/3459 1979/3460 1684/3078
f 1979/3460 1975/3461 1684/3078
f 1975/3461 1971/3462 1684/3078
f 1971/3462 1967/3463 1684/3078
f 1967/3463 1963/3464 1684/3078
f 1963/3464 1959/3465 1684/3078
f 1959/3465 1955/3466 1684/3078
f 1608/3484 1612/3485 1824/3126
f 1102/3552 1104/3553 1379/3086
f 1071/3561 1684/3078 1075/3560
f 1858/3477 1860/3478 1955/3466
f 1517/3498 1414/3537 1521/3497
f 1414/3537 1416/3538 1521/3497
f 1612/3485 1606/3486 1824/3126
f 1104/3553 1100/3554 1379/3086
f 1075/3560 1684/3078 1079/3559
f 1860/3478 1854/3479 1955/3466
f 1521/3497 1416/3538 1525/3496
f 1416/3538 1410/3539 1525/3496
f 1606/3486 1602/3487 1824/3126
f 1100/3554 1096/3555 1379/3086
f 1079/3559 1684/3078 1084/3558
f 1854/3479 1850/3480 1955/3466
f 1525/3496 1410/3539 1529/3495
f 1410/3539 1406/3540 1529/3495
f 1602/3487 1596/3488 1824/3126
f 1096/3555 1092/3556 1379/3086
f 1084/3558 1684/3078 1088/3557
f 1529/3495 1406/3540 1539/3494
f 1406/3540 1399/3541 1539/3494
f 1850/3480 1844/3481 1955/3466
f 1596/3488 1590/3489 1824/3126
f 1092/3556 1088/3557 1379/3086
f 1088/3557 1684/3078 1379/3086
f 1844/3481 1838/3482 1955/3466
f 1539/3494 1399/3541 1556/3493
f 1399/3541 1393/3542 1556/3493
f 1590/3489 1582/3490 1824/3126
f 1379/3086 1684/3078 1385/3543
f 1838/3482 1832/3483 1955/3466
f 1955/3466 1832/3483 1684/3078
f 1832/3483 1824/3126 1684/3078
f 1824/3126 1582/3490 1684/3078
f 1582/3490 1572/3491 1684/3078
f 1572/3491 1566/3492 1684/3078
f 1566/3492 1556/3493 1684/3078
f 1393/3542 1385/3543 1556/3493
f 1556/3493 1385/3543 1684/3078
f 1681/3125 758/3176 919/3226
f 919/3226 758/3176 915/3654
f 915/3654 758/3176 911/3653
f 1212/3759 1777/3572 1216/3758
f 911/3653 758/3176 907/3652
f 1216/3758 1777/3572 1220/3757
f 907/3652 758/3176 903/3651
f 1220/3757 1777/3572 1224/3756
f 903/3651 758/3176 898/3650
f 1224/3756 1777/3572 1226/3755
f 1777/3572 1771/3573 1226/3755
f 898/3650 758/3176 899/3649
f 1226/3755 1771/3573 1222/3754
f 1771/3573 1765/3574 1222/3754
f 899/3649 758/3176 901/3648
f 1222/3754 1765/3574 1218/3753
f 1765/3574 1758/3575 1218/3753
f 901/3648 758/3176 905/3647
f 1218/3753 1758/3575 1214/3752
f 594/3681 665/3682 601/3680
f 665/3682 673/3683 601/3680
f 717/3708 797/3709 725/3707
f 797/3709 805/3710 725/3707
f 851/3735 1145/3736 859/3734
f 1145/3736 1153/3737 859/3734
f 1758/3575 1754/3576 1214/3752
f 905/3647 758/3176 909/3646
f 1214/3752 1754/3576 1210/3751
f 1775/3428 1648/3427 1767/3583
f 1648/3427 1644/3584 1767/3583
f 1565/3284 1421/3283 1559/3606
f 1421/3283 1413/3607 1559/3606
f 1307/3630 975/3631 1301/3629
f 975/3631 971/3632 1301/3629
f 601/3680 673/3683 602/3679
f 673/3683 672/3684 602/3679
f 725/3707 805/3710 726/3706
f 805/3710 804/3711 726/3706
f 859/3734 1153/3737 860/3733
f 1153/3737 1152/3738 860/3733
f 1754/3576 1748/3577 1210/3751
f 909/3646 758/3176 913/3645
f 1210/3751 1748/3577 1203/3750
f 1767/3583 1644/3584 1761/3582
f 1644/3584 1639/3585 1761/3582
f 1559/3606 1413/3607 1553/3605
f 1413/3607 1398/3608 1553/3605
f 1301/3629 971/3632 1295/3628
f 971/3632 967/3633 1295/3628
f 602/3679 672/3684 606/3678
f 672/3684 677/3685 606/3678
f 726/3706 804/3711 730/3705
f 804/3711 809/3712 730/3705
f 860/3733 1152/3738 864/3732
f 1152/3738 1159/3739 864/3732
f 1748/3577 1746/3578 1203/3750
f 913/3645 758/3176 917/3644
f 1203/3750 1746/3578 1201/3749
f 1761/3582 1639/3585 1756/3581
f 1639/3585 1635/3586 1756/3581
f 1553/3605 1398/3608 1546/3604
f 1398/3608 1388/3609 1546/3604
f 1295/3628 967/3633 1288/3627
f 967/3633 963/3634 1288/3627
f 606/3678 677/3685 610/3677
f 677/3685 681/3686 610/3677
f 730/3705 809/3712 734/3704
f 809/3712 813/3713 734/3704
f 864/3732 1159/3739 868/3731
f 1159/3739 1163/3740 868/3731
f 1746/3578 1745/3579 1201/3749
f 917/3644 758/3176 921/3643
f 1201/3749 1745/3579 1197/3748
f 1756/3581 1635/3586 1750/3580
f 1635/3586 1631/3587 1750/3580
f 1546/3604 1388/3609 1542/3603
f 1388/3609 1378/3610 1542/3603
f 1288/3627 963/3634 1282/3626
f 963/3634 957/3635 1282/3626
f 610/3677 681/3686 614/3676
f 681/3686 685/3687 614/3676
f 734/3704 813/3713 738/3703
f 813/3713 819/3714 738/3703
f 868/3731 1163/3740 872/3730
f 1163/3740 1167/3741 872/3730
f 1745/3579 1750/3580 1197/3748
f 1750/3580 1631/3587 1197/3748
f 1631/3587 1627/3588 1197/3748
f 1627/3588 1623/3589 1197/3748
f 1623/3589 1619/3590 1197/3748
f 1619/3590 1611/3591 1197/3748
f 1611/3591 1595/3592 1197/3748
f 1595/3592 1585/3593 1197/3748
f 1585/3593 1575/3594 1197/3748
f 1197/3748 1575/3594 1193/3747
f 1575/3594 1569/3595 1193/3747
f 1193/3747 1569/3595 1189/3746
f 1569/3595 1561/3596 1189/3746
f 1189/3746 1561/3596 1185/3745
f 1561/3596 1555/3597 1185/3745
f 1185/3745 1555/3597 1181/3744
f 1555/3597 1548/3598 1181/3744
f 541/3655 549/3656 758/3176
f 1181/3744 1548/3598 1175/3743
f 921/3643 758/3176 923/3642
f 1542/3603 1378/3610 1535/3602
f 1282/3626 957/3635 1277/3625
f 614/3676 685/3687 618/3675
f 738/3703 819/3714 742/3702
f 872/3730 1167/3741 876/3729
f 1548/3598 1544/3599 1175/3743
f 1378/3610 1368/3611 1535/3602
f 957/3635 952/3636 1277/3625
f 685/3687 689/3688 618/3675
f 819/3714 823/3715 742/3702
f 1167/3741 1171/3742 876/3729
f 549/3656 548/3657 758/3176
f 923/3642 758/3176 932/3641
f 1175/3743 1544/3599 1171/3742
f 1171/3742 1544/3599 876/3729
f 876/3729 1544/3599 878/3728
f 878/3728 1544/3599 874/3727
f 874/3727 1544/3599 870/3726
f 870/3726 1544/3599 866/3725
f 866/3725 1544/3599 862/3724
f 1544/3599 1538/3600 862/3724
f 862/3724 1538/3600 855/3723
f 1538/3600 1536/3601 855/3723
f 855/3723 1536/3601 853/3722
f 1536/3601 1535/3602 853/3722
f 1535/3602 1368/3611 853/3722
f 1368/3611 1359/3612 853/3722
f 1359/3612 1351/3613 853/3722
f 1351/3613 1341/3614 853/3722
f 1341/3614 1333/3615 853/3722
f 1333/3615 1327/3616 853/3722
f 853/3722 1327/3616 849/3721
f 1327/3616 1317/3617 849/3721
f 849/3721 1317/3617 845/3720
f 1317/3617 1311/3618 845/3720
f 845/3720 1311/3618 841/3719
f 1311/3618 1303/3619 841/3719
f 841/3719 1303/3619 837/3718
f 1303/3619 1297/3620 837/3718
f 837/3718 1297/3620 833/3717
f 1297/3620 1290/3621 833/3717
f 833/3717 1290/3621 827/3716
f 1290/3621 1286/3622 827/3716
f 1277/3625 952/3636 1278/3624
f 618/3675 689/3688 620/3674
f 742/3702 823/3715 744/3701
f 548/3657 553/3658 758/3176
f 932/3641 758/3176 936/3640
f 1286/3622 1280/3623 827/3716
f 827/3716 1280/3623 823/3715
f 823/3715 1280/3623 744/3701
f 744/3701 1280/3623 740/3700
f 740/3700 1280/3623 736/3699
f 736/3699 1280/3623 732/3698
f 732/3698 1280/3623 728/3697
f 728/3697 1280/3623 721/3696
f 1280/3623 1278/3624 721/3696
f 1278/3624 952/3636 721/3696
f 952/3636 948/3637 721/3696
f 948/3637 944/3638 721/3696
f 944/3638 940/3639 721/3696
f 940/3639 936/3640 721/3696
f 721/3696 936/3640 719/3695
f 719/3695 936/3640 715/3694
f 715/3694 936/3640 711/3693
f 711/3693 936/3640 707/3692
f 707/3692 936/3640 703/3691
f 703/3691 936/3640 699/3690
f 699/3690 936/3640 693/3689
f 693/3689 936/3640 689/3688
f 620/3674 689/3688 616/3673
f 553/3658 557/3659 758/3176
f 758/3176 557/3659 936/3640
f 557/3659 561/3660 936/3640
f 561/3660 567/3661 936/3640
f 567/3661 571/3662 936/3640
f 571/3662 575/3663 936/3640
f 575/3663 579/3664 936/3640
f 579/3664 583/3665 936/3640
f 583/3665 587/3666 936/3640
f 587/3666 592/3667 936/3640
f 592/3667 596/3668 936/3640
f 596/3668 598/3669 936/3640
f 598/3669 604/3670 936/3640
f 604/3670 608/3671 936/3640
f 608/3671 612/3672 936/3640
f 612/3672 616/3673 936/3640
f 936/3640 616/3673 689/3688
f 1026/3225 1030/3760 1681/3125
f 1030/3760 1034/3761 1681/3125
f 1034/3761 1038/3762 1681/3125
f 969/3237 973/3811 1370/3177
f 541/3655 758/3176 537/4014
f 1038/3762 1042/3763 1681/3125
f 973/3811 977/3812 1370/3177
f 537/4014 758/3176 533/4013
f 1042/3763 1046/3764 1681/3125
f 977/3812 979/3813 1370/3177
f 533/4013 758/3176 529/4012
f 1046/3764 1050/3765 1681/3125
f 1078/3201 1264/3200 1083/3784
f 1264/3200 1268/3785 1083/3784
f 979/3813 985/3814 1370/3177
f 975/3631 1307/3630 982/3824
f 1307/3630 1323/3825 982/3824
f 1823/3392 1932/3391 1829/3877
f 1932/3391 1936/3878 1829/3877
f 1425/3271 1492/3270 1423/3837
f 529/4012 758/3176 525/4011
f 1050/3765 1054/3766 1681/3125
f 985/3814 989/3815 1370/3177
f 1083/3784 1268/3785 1087/3783
f 1268/3785 1272/3786 1087/3783
f 982/3824 1323/3825 983/3823
f 1323/3825 1322/3826 983/3823
f 1423/3837 1492/3270 1419/3836
f 1829/3877 1936/3878 1835/3876
f 1936/3878 1940/3879 1835/3876
f 1145/3736 851/3735 1141/3945
f 851/3735 847/3946 1141/3945
f 797/3709 717/3708 793/3968
f 717/3708 713/3969 793/3968
f 665/3682 594/3681 661/3991
f 594/3681 590/3992 661/3991
f 525/4011 758/3176 520/4010
f 1054/3766 1060/3767 1681/3125
f 1087/3783 1272/3786 1091/3782
f 1272/3786 1284/3787 1091/3782
f 983/3823 1322/3826 987/3822
f 1322/3826 1329/3827 987/3822
f 1730/3301 1734/3855 1607/3238
f 1835/3876 1940/3879 1843/3875
f 1940/3879 1944/3880 1843/3875
f 1141/3945 847/3946 1137/3944
f 847/3946 843/3947 1137/3944
f 793/3968 713/3969 789/3967
f 713/3969 709/3970 789/3967
f 661/3991 590/3992 657/3990
f 590/3992 585/3993 657/3990
f 989/3815 1001/3816 1370/3177
f 1419/3836 1492/3270 1405/3835
f 520/4010 758/3176 521/4009
f 1060/3767 1064/3768 1681/3125
f 1091/3782 1284/3787 1095/3781
f 1284/3787 1299/3788 1095/3781
f 987/3822 1329/3827 991/3821
f 1329/3827 1337/3828 991/3821
f 1734/3855 1738/3856 1607/3238
f 1843/3875 1944/3880 1849/3874
f 1944/3880 1948/3881 1849/3874
f 1137/3944 843/3947 1133/3943
f 843/3947 839/3948 1133/3943
f 789/3967 709/3970 785/3966
f 709/3970 705/3971 785/3966
f 657/3990 585/3993 653/3989
f 585/3993 581/3994 653/3989
f 1001/3816 1010/3817 1370/3177
f 1405/3835 1492/3270 1392/3834
f 521/4009 758/3176 523/4008
f 1064/3768 1068/3769 1681/3125
f 1777/3572 1212/3759 1783/3919
f 1095/3781 1299/3788 1099/3780
f 1299/3788 1309/3789 1099/3780
f 1010/3817 1016/3818 1370/3177
f 991/3821 1337/3828 1006/3820
f 1337/3828 1347/3829 1006/3820
f 1738/3856 1742/3857 1607/3238
f 1849/3874 1948/3881 1853/3873
f 1948/3881 1952/3882 1853/3873
f 1133/3943 839/3948 1129/3942
f 839/3948 835/3949 1129/3942
f 785/3966 705/3971 781/3965
f 705/3971 701/3972 781/3965
f 653/3989 581/3994 649/3988
f 581/3994 577/3995 649/3988
f 1392/3834 1492/3270 1382/3833
f 523/4008 758/3176 527/4007
f 1783/3919 1212/3759 1791/3918
f 1068/3769 1072/3770 1681/3125
f 1099/3780 1309/3789 1103/3779
f 1006/3820 1347/3829 1014/3819
f 1742/3857 1763/3858 1607/3238
f 1853/3873 1952/3882 1859/3872
f 1129/3942 835/3949 1124/3941
f 781/3965 701/3972 776/3964
f 649/3988 577/3995 644/3987
f 1016/3818 1014/3819 1370/3177
f 1014/3819 1347/3829 1370/3177
f 1347/3829 1355/3830 1370/3177
f 1355/3830 1363/3831 1370/3177
f 1363/3831 1374/3832 1370/3177
f 1374/3832 1382/3833 1370/3177
f 1382/3833 1492/3270 1370/3177
f 1370/3177 1492/3270 1376/3810
f 1376/3810 1492/3270 1384/3809
f 1492/3270 1496/3838 1384/3809
f 1384/3809 1496/3838 1390/3808
f 1496/3838 1500/3839 1390/3808
f 1390/3808 1500/3839 1396/3807
f 1500/3839 1504/3840 1396/3807
f 1396/3807 1504/3840 1403/3806
f 1504/3840 1508/3841 1403/3806
f 1403/3806 1508/3841 1409/3805
f 1508/3841 1514/3842 1409/3805
f 1902/3447 1900/3902 1986/3366
f 1309/3789 1319/3790 1103/3779
f 1409/3805 1514/3842 1415/3804
f 1514/3842 1518/3843 1415/3804
f 1952/3882 1956/3883 1859/3872
f 835/3949 829/3950 1124/3941
f 701/3972 695/3973 776/3964
f 577/3995 573/3996 644/3987
f 527/4007 758/3176 531/4006
f 1072/3770 1076/3771 1681/3125
f 1681/3125 1076/3771 1682/4016
f 1076/3771 1080/3772 1682/4016
f 1080/3772 1085/3773 1682/4016
f 1085/3773 1089/3774 1682/4016
f 1089/3774 1093/3775 1682/4016
f 1093/3775 1097/3776 1682/4016
f 1097/3776 1101/3777 1682/4016
f 1101/3777 1105/3778 1682/4016
f 1105/3778 1103/3779 1682/4016
f 1763/3858 1773/3859 1607/3238
f 1791/3918 1212/3759 1799/3917
f 1900/3902 1896/3903 1986/3366
f 1319/3790 1331/3791 1103/3779
f 1415/3804 1518/3843 1417/3803
f 1518/3843 1522/3844 1417/3803
f 1859/3872 1956/3883 1861/3871
f 1956/3883 1960/3884 1861/3871
f 1124/3941 829/3950 1125/3940
f 829/3950 825/3951 1125/3940
f 776/3964 695/3973 777/3963
f 695/3973 691/3974 777/3963
f 644/3987 573/3996 645/3986
f 573/3996 569/3997 645/3986
f 1799/3917 1212/3759 1807/3916
f 531/4006 758/3176 535/4005
f 1773/3859 1781/3860 1607/3238
f 1896/3903 1892/3904 1986/3366
f 1331/3791 1339/3792 1103/3779
f 1417/3803 1522/3844 1411/3802
f 1522/3844 1526/3845 1411/3802
f 1861/3871 1960/3884 1855/3870
f 1960/3884 1964/3885 1855/3870
f 1125/3940 825/3951 1127/3939
f 825/3951 821/3952 1127/3939
f 777/3963 691/3974 779/3962
f 691/3974 687/3975 779/3962
f 645/3986 569/3997 647/3985
f 569/3997 565/3998 647/3985
f 1212/3759 1208/3920 1807/3916
f 535/4005 758/3176 539/4004
f 1607/3238 1781/3860 1603/3854
f 1892/3904 1888/3905 1986/3366
f 1781/3860 1793/3861 1603/3854
f 1807/3916 1208/3920 1817/3915
f 1339/3792 1349/3793 1103/3779
f 1411/3802 1526/3845 1407/3801
f 1526/3845 1530/3846 1407/3801
f 1855/3870 1964/3885 1851/3869
f 1964/3885 1968/3886 1851/3869
f 1127/3939 821/3952 1131/3938
f 821/3952 815/3953 1131/3938
f 779/3962 687/3975 783/3961
f 687/3975 683/3976 783/3961
f 647/3985 565/3998 651/3984
f 565/3998 559/3999 651/3984
f 539/4004 758/3176 543/4003
f 758/3176 757/4015 543/4003
f 543/4003 757/4015 545/4002
f 545/4002 757/4015 551/4001
f 551/4001 757/4015 555/4000
f 555/4000 757/4015 559/3999
f 1888/3905 1884/3906 1986/3366
f 1208/3920 1207/3921 1817/3915
f 1407/3801 1530/3846 1400/3800
f 1603/3854 1793/3861 1597/3853
f 1851/3869 1968/3886 1845/3868
f 1131/3938 815/3953 1135/3937
f 783/3961 683/3976 787/3960
f 651/3984 559/3999 655/3983
f 1349/3793 1357/3794 1103/3779
f 1884/3906 1883/3907 1986/3366
f 1530/3846 1540/3847 1400/3800
f 1793/3861 1801/3862 1597/3853
f 1968/3886 1972/3887 1845/3868
f 1817/3915 1207/3921 1827/3914
f 815/3953 811/3954 1135/3937
f 683/3976 679/3977 787/3960
f 1357/3794 1365/3795 1103/3779
f 655/3983 559/3999 659/3982
f 1207/3921 1199/3922 1827/3914
f 1400/3800 1540/3847 1394/3799
f 1597/3853 1801/3862 1591/3852
f 1845/3868 1972/3887 1839/3867
f 1135/3937 811/3954 1139/3936
f 787/3960 679/3977 791/3959
f 1365/3795 1372/3796 1103/3779
f 1103/3779 1372/3796 1682/4016
f 1372/3796 1380/3797 1682/4016
f 1380/3797 1386/3798 1682/4016
f 1386/3798 1394/3799 1682/4016
f 659/3982 559/3999 663/3981
f 1540/3847 1557/3848 1394/3799
f 1801/3862 1809/3863 1591/3852
f 1972/3887 1976/3888 1839/3867
f 1827/3914 1199/3922 1837/3913
f 1199/3922 1195/3923 1837/3913
f 811/3954 807/3955 1139/3936
f 679/3977 675/3978 791/3959
f 663/3981 559/3999 667/3980
f 559/3999 757/4015 667/3980
f 667/3980 757/4015 669/3979
f 669/3979 757/4015 675/3978
f 1557/3848 1567/3849 1394/3799
f 1394/3799 1567/3849 1682/4016
f 1567/3849 1573/3850 1682/4016
f 1573/3850 1583/3851 1682/4016
f 1583/3851 1591/3852 1682/4016
f 1591/3852 1809/3863 1682/4016
f 1809/3863 1819/3864 1682/4016
f 1819/3864 1825/3865 1682/4016
f 1825/3865 1833/3866 1682/4016
f 1833/3866 1839/3867 1682/4016
f 1839/3867 1976/3888 1682/4016
f 1976/3888 1980/3889 1682/4016
f 1980/3889 1984/3890 1682/4016
f 1984/3890 1988/3891 1682/4016
f 1988/3891 1992/3892 1682/4016
f 1992/3892 1996/3893 1682/4016
f 1996/3893 2000/3894 1682/4016
f 2000/3894 2004/3895 1682/4016
f 2004/3895 2008/3896 1682/4016
f 2008/3896 2006/3897 1682/4016
f 2006/3897 2002/3898 1682/4016
f 2002/3898 1998/3899 1682/4016
f 1998/3899 1994/3900 1682/4016
f 1994/3900 1990/3901 1682/4016
f 1990/3901 1986/3366 1682/4016
f 1682/4016 1986/3366 757/4015
f 1986/3366 1883/3907 757/4015
f 1883/3907 1876/3908 757/4015
f 1876/3908 1872/3909 757/4015
f 1872/3909 1867/3910 757/4015
f 1867/3910 1863/3911 757/4015
f 1863/3911 1847/3912 757/4015
f 1847/3912 1837/3913 757/4015
f 1195/3923 1191/3924 1837/3913
f 1191/3924 1187/3925 1837/3913
f 1139/3936 807/3955 1143/3935
f 1143/3935 807/3955 1147/3934
f 807/3955 801/3956 1147/3934
f 801/3956 799/3957 1147/3934
f 791/3959 675/3978 795/3958
f 675/3978 757/4015 795/3958
f 795/3958 757/4015 799/3957
f 799/3957 757/4015 1147/3934
f 1147/3934 757/4015 1149/3933
f 1149/3933 757/4015 1155/3932
f 1155/3932 757/4015 1161/3931
f 1161/3931 757/4015 1165/3930
f 1165/3930 757/4015 1169/3929
f 1169/3929 757/4015 1173/3928
f 1173/3928 757/4015 1177/3927
f 1177/3927 757/4015 1183/3926
f 1183/3926 757/4015 1187/3925
f 1837/3913 1187/3925 757/4015
f 757/1286 760/1289 1682/4016
f 1682/4016 760/1289 1683/2261
f 2027/4017 2028/4018 2029/4020
f 2029/4020 2028/4018 2030/4019
f 2028/4018 2031/4021 2030/4019
f 2030/4019 2031/4021 2032/4022
f 2033/4023 2034/4024 2036/4026
f 2036/4026 2034/4024 2035/4025
f 2037/4027 2038/4028 2033/4023
f 2033/4023 2038/4028 2034/4024
f 2036/4026 2035/4025 2040/4030
f 2040/4030 2035/4025 2039/4029
f 2041/4031 2042/4032 2037/4027
f 2037/4027 2042/4032 2038/4028
f 2040/4030 2039/4029 2044/4034
f 2044/4034 2039/4029 2043/4033
f 2045/4035 2046/4036 2041/4031
f 2041/4031 2046/4036 2042/4032
f 2044/4034 2043/4033 2048/4038
f 2048/4038 2043/4033 2047/4037
f 2049/4039 2050/4040 2052/4042
f 2052/4042 2050/4040 2051/4041
f 2050/4040 2053/4043 2051/4041
f 2051/4041 2053/4043 2054/4044
f 2055/4045 2049/4039 2056/4046
f 2056/4046 2049/4039 2052/4042
f 2053/4043 2057/4047 2054/4044
f 2054/4044 2057/4047 2058/4048
f 2059/4049 2055/4045 2060/4050
f 2060/4050 2055/4045 2056/4046
f 2057/4047 2061/4051 2058/4048
f 2058/4048 2061/4051 2062/4052
f 2063/4053 2064/4054 2045/4035
f 2045/4035 2064/4054 2046/4036
f 2065/4055 2059/4049 2066/4056
f 2066/4056 2059/4049 2060/4050
f 2061/4051 2067/4057 2062/4052
f 2062/4052 2067/4057 2068/4058
f 2069/4059 2065/4055 2070/4060
f 2070/4060 2065/4055 2066/4056
f 2048/4038 2047/4037 2072/4062
f 2072/4062 2047/4037 2071/4061
f 2067/4057 2073/4063 2068/4058
f 2068/4058 2073/4063 2074/4064
f 2075/4065 2069/4059 2076/4066
f 2076/4066 2069/4059 2070/4060
f 2073/4063 2077/4067 2074/4064
f 2074/4064 2077/4067 2078/4068
f 2079/4069 2080/4070 2063/4053
f 2063/4053 2080/4070 2064/4054
f 2081/4071 2075/4065 2082/4072
f 2082/4072 2075/4065 2076/4066
f 2077/4067 2083/4073 2078/4068
f 2078/4068 2083/4073 2084/4074
f 2072/4062 2071/4061 2086/4076
f 2086/4076 2071/4061 2085/4075
f 2087/4077 2081/4071 2088/4078
f 2088/4078 2081/4071 2082/4072
f 2083/4073 2089/4079 2084/4074
f 2084/4074 2089/4079 2090/4080
f 2091/4081 2087/4077 2092/4082
f 2092/4082 2087/4077 2088/4078
f 2093/4083 2094/4084 2079/4069
f 2079/4069 2094/4084 2080/4070
f 2089/4079 2095/4085 2090/4080
f 2090/4080 2095/4085 2096/4086
f 2097/4087 2091/4081 2098/4088
f 2098/4088 2091/4081 2092/4082
f 2086/4076 2085/4075 2100/4090
f 2100/4090 2085/4075 2099/4089
f 2095/4085 2101/4091 2096/4086
f 2096/4086 2101/4091 2102/4092
f 2103/4093 2097/4087 2104/4094
f 2104/4094 2097/4087 2098/4088
f 2101/4091 2105/4095 2102/4092
f 2102/4092 2105/4095 2106/4096
f 2107/4097 2108/4098 2093/4083
f 2093/4083 2108/4098 2094/4084
f 2109/4099 2103/4093 2110/4100
f 2110/4100 2103/4093 2104/4094
f 2105/4095 2111/4101 2106/4096
f 2106/4096 2111/4101 2112/4102
f 2100/4090 2099/4089 2114/4104
f 2114/4104 2099/4089 2113/4103
f 2115/4105 2109/4099 2116/4106
f 2116/4106 2109/4099 2110/4100
f 2111/4101 2117/4107 2112/4102
f 2112/4102 2117/4107 2118/4108
f 2119/4109 2115/4105 2120/4110
f 2120/4110 2115/4105 2116/4106
f 2121/4111 2122/4112 2107/4097
f 2107/4097 2122/4112 2108/4098
f 2117/4107 2123/4113 2118/4108
f 2118/4108 2123/4113 2124/4114
f 2125/4115 2119/4109 2126/4116
f 2126/4116 2119/4109 2120/4110
f 2114/4104 2113/4103 2128/4118
f 2128/4118 2113/4103 2127/4117
f 2123/4113 2129/4119 2124/4114
f 2124/4114 2129/4119 2130/4120
f 2131/4121 2125/4115 2132/4122
f 2132/4122 2125/4115 2126/4116
f 2129/4119 2133/4123 2130/4120
f 2130/4120 2133/4123 2134/4124
f 2135/4125 2136/4126 2121/4111
f 2121/4111 2136/4126 2122/4112
f 2137/4127 2131/4121 2138/4128
f 2138/4128 2131/4121 2132/4122
f 2133/4123 2139/4129 2134/4124
f 2134/4124 2139/4129 2140/4130
f 2141/4131 2137/4127 2142/4132
f 2142/4132 2137/4127 2138/4128
f 2139/4129 2143/4133 2140/4130
f 2140/4130 2143/4133 2144/4134
f 2128/4118 2127/4117 2146/4136
f 2146/4136 2127/4117 2145/4135
f 2147/4137 2141/4138 2148/4140
f 2148/4140 2141/4138 2142/4139
f 2143/4133 2149/4141 2144/4134
f 2144/4134 2149/4141 2150/4142
f 2151/4143 2147/4137 2152/4144
f 2152/4144 2147/4137 2148/4140
f 2149/4141 2153/4145 2150/4142
f 2150/4142 2153/4145 2154/4146
f 2155/4147 2156/4148 2135/4125
f 2135/4125 2156/4148 2136/4126
f 2157/4149 2151/4143 2158/4150
f 2158/4150 2151/4143 2152/4144
f 2153/4145 2159/4151 2154/4146
f 2154/4146 2159/4151 2160/4152
f 2161/4153 2157/4149 2162/4154
f 2162/4154 2157/4149 2158/4150
f 2159/4151 2163/4155 2160/4152
f 2160/4152 2163/4155 2164/4156
f 2165/4157 2161/4153 2166/4158
f 2166/4158 2161/4153 2162/4154
f 2163/4155 2167/4159 2164/4156
f 2164/4156 2167/4159 2168/4160
f 2169/4161 2165/4157 2170/4162
f 2170/4162 2165/4157 2166/4158
f 2167/4159 2171/4163 2168/4160
f 2168/4160 2171/4163 2172/4164
f 2173/4165 2169/4161 2174/4166
f 2174/4166 2169/4161 2170/4162
f 2171/4163 2173/4165 2172/4164
f 2172/4164 2173/4165 2174/4166
f 2146/4136 2145/4135 2176/4168
f 2176/4168 2145/4135 2175/4167
f 2177/4169 2178/4170 2155/4147
f 2155/4147 2178/4170 2156/4148
f 2176/4168 2175/4167 2180/4172
f 2180/4172 2175/4167 2179/4171
f 2181/4173 2182/4174 2177/4169
f 2177/4169 2182/4174 2178/4170
f 2180/4172 2179/4171 2184/4176
f 2184/4176 2179/4171 2183/4175
f 2185/4177 2186/4178 2181/4173
f 2181/4173 2186/4178 2182/4174
f 2184/4176 2183/4175 2188/4180
f 2188/4180 2183/4175 2187/4179
f 2049/4181 2035/4182 2050/4184
f 2050/4184 2035/4182 2034/4183
f 2050/4184 2034/4183 2053/4186
f 2053/4186 2034/4183 2038/4185
f 2055/4187 2039/4188 2049/4181
f 2049/4181 2039/4188 2035/4182
f 2053/4186 2038/4185 2057/4190
f 2057/4190 2038/4185 2042/4189
f 2059/4191 2043/4192 2055/4187
f 2055/4187 2043/4192 2039/4188
f 2189/4193 2190/4194 2185/4177
f 2185/4177 2190/4194 2186/4178
f 2057/4190 2042/4189 2061/4196
f 2061/4196 2042/4189 2046/4195
f 2065/4197 2047/4198 2059/4191
f 2059/4191 2047/4198 2043/4192
f 2061/4196 2046/4195 2067/4200
f 2067/4200 2046/4195 2064/4199
f 2069/4201 2071/4202 2065/4197
f 2065/4197 2071/4202 2047/4198
f 2188/4180 2187/4179 2192/4204
f 2192/4204 2187/4179 2191/4203
f 2067/4200 2064/4199 2073/4206
f 2073/4206 2064/4199 2080/4205
f 2075/4207 2085/4208 2069/4201
f 2069/4201 2085/4208 2071/4202
f 2193/4209 2194/4210 2189/4193
f 2189/4193 2194/4210 2190/4194
f 2073/4206 2080/4205 2077/4212
f 2077/4212 2080/4205 2094/4211
f 2081/4213 2099/4214 2075/4207
f 2075/4207 2099/4214 2085/4208
f 2192/4204 2191/4203 2196/4216
f 2196/4216 2191/4203 2195/4215
f 2077/4212 2094/4211 2083/4218
f 2083/4218 2094/4211 2108/4217
f 2087/4219 2113/4220 2081/4213
f 2081/4213 2113/4220 2099/4214
f 2197/4221 2198/4222 2193/4209
f 2193/4209 2198/4222 2194/4210
f 2083/4218 2108/4217 2089/4224
f 2089/4224 2108/4217 2122/4223
f 2091/4225 2127/4226 2087/4219
f 2087/4219 2127/4226 2113/4220
f 2196/4216 2195/4215 2200/4228
f 2200/4228 2195/4215 2199/4227
f 2089/4224 2122/4223 2095/4230
f 2095/4230 2122/4223 2136/4229
f 2201/4231 2202/4232 2197/4221
f 2197/4221 2202/4232 2198/4222
f 2097/4233 2145/4234 2091/4225
f 2091/4225 2145/4234 2127/4226
f 2095/4230 2136/4229 2101/4236
f 2101/4236 2136/4229 2156/4235
f 2200/4228 2199/4227 2204/4238
f 2204/4238 2199/4227 2203/4237
f 2103/4239 2175/4240 2097/4233
f 2097/4233 2175/4240 2145/4234
f 2205/4241 2206/4242 2201/4231
f 2201/4231 2206/4242 2202/4232
f 2101/4236 2156/4235 2105/4244
f 2105/4244 2156/4235 2178/4243
f 2204/4245 2203/4246 2208/4248
f 2208/4248 2203/4246 2207/4247
f 2109/4249 2179/4250 2103/4239
f 2103/4239 2179/4250 2175/4240
f 2209/4251 2210/4252 2205/4241
f 2205/4241 2210/4252 2206/4242
f 2105/4244 2178/4243 2111/4254
f 2111/4254 2178/4243 2182/4253
f 2208/4248 2207/4247 2212/4256
f 2212/4256 2207/4247 2211/4255
f 2115/4257 2183/4258 2109/4249
f 2109/4249 2183/4258 2179/4250
f 2213/4259 2214/4260 2209/4251
f 2209/4251 2214/4260 2210/4252
f 2111/4254 2182/4253 2117/4262
f 2117/4262 2182/4253 2186/4261
f 2212/4256 2211/4255 2216/4264
f 2216/4264 2211/4255 2215/4263
f 2119/4265 2187/4266 2115/4257
f 2115/4257 2187/4266 2183/4258
f 2217/4267 2218/4268 2213/4259
f 2213/4259 2218/4268 2214/4260
f 2117/4262 2186/4261 2123/4270
f 2123/4270 2186/4261 2190/4269
f 2216/4264 2215/4263 2220/4272
f 2220/4272 2215/4263 2219/4271
f 2221/4273 2222/4274 2217/4267
f 2217/4267 2222/4274 2218/4268
f 2125/4275 2191/4276 2119/4265
f 2119/4265 2191/4276 2187/4266
f 2220/4272 2219/4271 2224/4278
f 2224/4278 2219/4271 2223/4277
f 2123/4270 2190/4269 2129/4280
f 2129/4280 2190/4269 2194/4279
f 2225/4281 2226/4282 2221/4273
f 2221/4273 2226/4282 2222/4274
f 2224/4278 2223/4277 2228/4284
f 2228/4284 2223/4277 2227/4283
f 2229/4285 2230/4286 2225/4281
f 2225/4281 2230/4286 2226/4282
f 2228/4284 2227/4283 2232/4288
f 2232/4288 2227/4283 2231/4287
f 2131/4289 2195/4290 2125/4275
f 2125/4275 2195/4290 2191/4276
f 2232/4288 2231/4287 2229/4285
f 2229/4285 2231/4287 2230/4286
f 2129/4280 2194/4279 2133/4292
f 2133/4292 2194/4279 2198/4291
f 2137/4293 2199/4294 2131/4289
f 2131/4289 2199/4294 2195/4290
f 2133/4292 2198/4291 2139/4296
f 2139/4296 2198/4291 2202/4295
f 2141/4297 2203/4298 2137/4293
f 2137/4293 2203/4298 2199/4294
f 2139/4296 2202/4295 2143/4300
f 2143/4300 2202/4295 2206/4299
f 2147/4301 2207/4302 2141/4297
f 2141/4297 2207/4302 2203/4298
f 2143/4300 2206/4299 2149/4304
f 2149/4304 2206/4299 2210/4303
f 2151/4305 2211/4306 2147/4301
f 2147/4301 2211/4306 2207/4302
f 2149/4304 2210/4303 2153/4308
f 2153/4308 2210/4303 2214/4307
f 2157/4309 2215/4310 2151/4305
f 2151/4305 2215/4310 2211/4306
f 2153/4308 2214/4307 2159/4312
f 2159/4312 2214/4307 2218/4311
f 2161/4313 2219/4314 2157/4309
f 2157/4309 2219/4314 2215/4310
f 2159/4312 2218/4311 2163/4316
f 2163/4316 2218/4311 2222/4315
f 2165/4317 2223/4318 2161/4313
f 2161/4313 2223/4318 2219/4314
f 2163/4316 2222/4315 2167/4320
f 2167/4320 2222/4315 2226/4319
f 2169/4321 2227/4322 2165/4317
f 2165/4317 2227/4322 2223/4318
f 2167/4320 2226/4319 2171/4324
f 2171/4324 2226/4319 2230/4323
f 2173/4325 2231/4326 2169/4321
f 2169/4321 2231/4326 2227/4322
f 2171/4324 2230/4323 2173/4325
f 2173/4325 2230/4323 2231/4326
f 758/4327 2027/4017 759/4328
f 759/4328 2027/4017 2029/4020
f 2233/4329 2234/4330 2236/4332
f 2236/4332 2234/4330 2235/4331
f 2237/4333 2238/4334 2233/4329
f 2233/4329 2238/4334 2234/4330
f 2236/4332 2235/4331 2240/4336
f 2240/4336 2235/4331 2239/4335
f 2241/4337 2242/4338 2237/4333
f 2237/4333 2242/4338 2238/4334
f 2240/4336 2239/4335 2244/4340
f 2244/4340 2239/4335 2243/4339
f 2245/4341 2246/4342 2241/4337
f 2241/4337 2246/4342 2242/4338
f 2244/4340 2243/4339 2248/4344
f 2248/4344 2243/4339 2247/4343
f 2249/4345 2250/4346 2252/4348
f 2252/4348 2250/4346 2251/4347
f 2250/4346 2253/4349 2251/4347
f 2251/4347 2253/4349 2254/4350
f 2255/4351 2249/4345 2256/4352
f 2256/4352 2249/4345 2252/4348
f 2253/4349 2257/4353 2254/4350
f 2254/4350 2257/4353 2258/4354
f 2259/4355 2255/4351 2260/4356
f 2260/4356 2255/4351 2256/4352
f 2257/4353 2261/4357 2258/4354
f 2258/4354 2261/4357 2262/4358
f 2263/4359 2264/4360 2245/4341
f 2245/4341 2264/4360 2246/4342
f 2265/4361 2259/4355 2266/4362
f 2266/4362 2259/4355 2260/4356
f 2261/4357 2267/4363 2262/4358
f 2262/4358 2267/4363 2268/4364
f 2269/4365 2265/4361 2270/4366
f 2270/4366 2265/4361 2266/4362
f 2248/4344 2247/4343 2272/4368
f 2272/4368 2247/4343 2271/4367
f 2267/4363 2273/4369 2268/4364
f 2268/4364 2273/4369 2274/4370
f 2275/4371 2269/4365 2276/4372
f 2276/4372 2269/4365 2270/4366
f 2273/4369 2277/4373 2274/4370
f 2274/4370 2277/4373 2278/4374
f 2279/4375 2280/4376 2263/4359
f 2263/4359 2280/4376 2264/4360
f 2281/4377 2275/4371 2282/4378
f 2282/4378 2275/4371 2276/4372
f 2277/4373 2283/4379 2278/4374
f 2278/4374 2283/4379 2284/4380
f 2272/4368 2271/4367 2286/4382
f 2286/4382 2271/4367 2285/4381
f 2287/4383 2281/4377 2288/4384
f 2288/4384 2281/4377 2282/4378
f 2283/4379 2289/4385 2284/4380
f 2284/4380 2289/4385 2290/4386
f 2291/4387 2287/4383 2292/4388
f 2292/4388 2287/4383 2288/4384
f 2293/4389 2294/4390 2279/4375
f 2279/4375 2294/4390 2280/4376
f 2289/4385 2295/4391 2290/4386
f 2290/4386 2295/4391 2296/4392
f 2297/4393 2291/4387 2298/4394
f 2298/4394 2291/4387 2292/4388
f 2286/4382 2285/4381 2300/4396
f 2300/4396 2285/4381 2299/4395
f 2295/4391 2301/4397 2296/4392
f 2296/4392 2301/4397 2302/4398
f 2303/4399 2297/4393 2304/4400
f 2304/4400 2297/4393 2298/4394
f 2301/4397 2305/4401 2302/4398
f 2302/4398 2305/4401 2306/4402
f 2307/4403 2308/4404 2293/4389
f 2293/4389 2308/4404 2294/4390
f 2309/4405 2303/4399 2310/4406
f 2310/4406 2303/4399 2304/4400
f 2305/4401 2311/4407 2306/4402
f 2306/4402 2311/4407 2312/4408
f 2300/4396 2299/4395 2314/4410
f 2314/4410 2299/4395 2313/4409
f 2315/4411 2309/4405 2316/4412
f 2316/4412 2309/4405 2310/4406
f 2311/4407 2317/4413 2312/4408
f 2312/4408 2317/4413 2318/4414
f 2319/4415 2315/4411 2320/4416
f 2320/4416 2315/4411 2316/4412
f 2321/4417 2322/4418 2307/4403
f 2307/4403 2322/4418 2308/4404
f 2317/4413 2323/4419 2318/4414
f 2318/4414 2323/4419 2324/4420
f 2325/4421 2319/4415 2326/4422
f 2326/4422 2319/4415 2320/4416
f 2314/4410 2313/4409 2328/4424
f 2328/4424 2313/4409 2327/4423
f 2323/4419 2329/4425 2324/4420
f 2324/4420 2329/4425 2330/4426
f 2331/4427 2325/4421 2332/4428
f 2332/4428 2325/4421 2326/4422
f 2329/4425 2333/4429 2330/4426
f 2330/4426 2333/4429 2334/4430
f 2335/4431 2336/4432 2321/4417
f 2321/4417 2336/4432 2322/4418
f 2337/4433 2331/4427 2338/4434
f 2338/4434 2331/4427 2332/4428
f 2333/4429 2339/4435 2334/4430
f 2334/4430 2339/4435 2340/4436
f 2341/4437 2337/4433 2342/4438
f 2342/4438 2337/4433 2338/4434
f 2339/4435 2343/4439 2340/4436
f 2340/4436 2343/4439 2344/4440
f 2328/4424 2327/4423 2346/4442
f 2346/4442 2327/4423 2345/4441
f 2347/4443 2341/4444 2348/4446
f 2348/4446 2341/4444 2342/4445
f 2343/4439 2349/4447 2344/4440
f 2344/4440 2349/4447 2350/4448
f 2351/4449 2347/4443 2352/4450
f 2352/4450 2347/4443 2348/4446
f 2349/4447 2353/4451 2350/4448
f 2350/4448 2353/4451 2354/4452
f 2355/4453 2356/4454 2335/4431
f 2335/4431 2356/4454 2336/4432
f 2357/4455 2351/4449 2358/4456
f 2358/4456 2351/4449 2352/4450
f 2353/4451 2359/4457 2354/4452
f 2354/4452 2359/4457 2360/4458
f 2361/4459 2357/4455 2362/4460
f 2362/4460 2357/4455 2358/4456
f 2359/4457 2363/4461 2360/4458
f 2360/4458 2363/4461 2364/4462
f 2365/4463 2361/4459 2366/4464
f 2366/4464 2361/4459 2362/4460
f 2363/4461 2367/4465 2364/4462
f 2364/4462 2367/4465 2368/4466
f 2369/4467 2365/4463 2370/4468
f 2370/4468 2365/4463 2366/4464
f 2367/4465 2371/4469 2368/4466
f 2368/4466 2371/4469 2372/4470
f 2373/4471 2369/4467 2374/4472
f 2374/4472 2369/4467 2370/4468
f 2371/4469 2373/4471 2372/4470
f 2372/4470 2373/4471 2374/4472
f 2346/4442 2345/4441 2376/4474
f 2376/4474 2345/4441 2375/4473
f 2377/4475 2378/4476 2355/4453
f 2355/4453 2378/4476 2356/4454
f 2376/4474 2375/4473 2380/4478
f 2380/4478 2375/4473 2379/4477
f 2381/4479 2382/4480 2377/4475
f 2377/4475 2382/4480 2378/4476
f 2380/4478 2379/4477 2384/4482
f 2384/4482 2379/4477 2383/4481
f 2385/4483 2386/4484 2381/4479
f 2381/4479 2386/4484 2382/4480
f 2384/4482 2383/4481 2388/4486
f 2388/4486 2383/4481 2387/4485
f 2249/4487 2235/4488 2250/4490
f 2250/4490 2235/4488 2234/4489
f 2250/4490 2234/4489 2253/4492
f 2253/4492 2234/4489 2238/4491
f 2255/4493 2239/4494 2249/4487
f 2249/4487 2239/4494 2235/4488
f 2253/4492 2238/4491 2257/4496
f 2257/4496 2238/4491 2242/4495
f 2259/4497 2243/4498 2255/4493
f 2255/4493 2243/4498 2239/4494
f 2389/4499 2390/4500 2385/4483
f 2385/4483 2390/4500 2386/4484
f 2257/4496 2242/4495 2261/4502
f 2261/4502 2242/4495 2246/4501
f 2265/4503 2247/4504 2259/4497
f 2259/4497 2247/4504 2243/4498
f 2261/4502 2246/4501 2267/4506
f 2267/4506 2246/4501 2264/4505
f 2269/4507 2271/4508 2265/4503
f 2265/4503 2271/4508 2247/4504
f 2388/4486 2387/4485 2392/4510
f 2392/4510 2387/4485 2391/4509
f 2267/4506 2264/4505 2273/4512
f 2273/4512 2264/4505 2280/4511
f 2275/4513 2285/4514 2269/4507
f 2269/4507 2285/4514 2271/4508
f 2393/4515 2394/4516 2389/4499
f 2389/4499 2394/4516 2390/4500
f 2273/4512 2280/4511 2277/4518
f 2277/4518 2280/4511 2294/4517
f 2281/4519 2299/4520 2275/4513
f 2275/4513 2299/4520 2285/4514
f 2392/4510 2391/4509 2396/4522
f 2396/4522 2391/4509 2395/4521
f 2277/4518 2294/4517 2283/4524
f 2283/4524 2294/4517 2308/4523
f 2287/4525 2313/4526 2281/4519
f 2281/4519 2313/4526 2299/4520
f 2397/4527 2398/4528 2393/4515
f 2393/4515 2398/4528 2394/4516
f 2283/4524 2308/4523 2289/4530
f 2289/4530 2308/4523 2322/4529
f 2291/4531 2327/4532 2287/4525
f 2287/4525 2327/4532 2313/4526
f 2396/4522 2395/4521 2400/4534
f 2400/4534 2395/4521 2399/4533
f 2289/4530 2322/4529 2295/4536
f 2295/4536 2322/4529 2336/4535
f 2401/4537 2402/4538 2397/4527
f 2397/4527 2402/4538 2398/4528
f 2297/4539 2345/4540 2291/4531
f 2291/4531 2345/4540 2327/4532
f 2295/4536 2336/4535 2301/4542
f 2301/4542 2336/4535 2356/4541
f 2400/4534 2399/4533 2404/4544
f 2404/4544 2399/4533 2403/4543
f 2303/4545 2375/4546 2297/4539
f 2297/4539 2375/4546 2345/4540
f 2405/4547 2406/4548 2401/4537
f 2401/4537 2406/4548 2402/4538
f 2301/4542 2356/4541 2305/4550
f 2305/4550 2356/4541 2378/4549
f 2404/4551 2403/4552 2408/4554
f 2408/4554 2403/4552 2407/4553
f 2309/4555 2379/4556 2303/4545
f 2303/4545 2379/4556 2375/4546
f 2409/4557 2410/4558 2405/4547
f 2405/4547 2410/4558 2406/4548
f 2305/4550 2378/4549 2311/4560
f 2311/4560 2378/4549 2382/4559
f 2408/4554 2407/4553 2412/4562
f 2412/4562 2407/4553 2411/4561
f 2315/4563 2383/4564 2309/4555
f 2309/4555 2383/4564 2379/4556
f 2413/4565 2414/4566 2409/4557
f 2409/4557 2414/4566 2410/4558
f 2311/4560 2382/4559 2317/4568
f 2317/4568 2382/4559 2386/4567
f 2412/4562 2411/4561 2416/4570
f 2416/4570 2411/4561 2415/4569
f 2319/4571 2387/4572 2315/4563
f 2315/4563 2387/4572 2383/4564
f 2417/4573 2418/4574 2413/4565
f 2413/4565 2418/4574 2414/4566
f 2317/4568 2386/4567 2323/4576
f 2323/4576 2386/4567 2390/4575
f 2416/4570 2415/4569 2420/4578
f 2420/4578 2415/4569 2419/4577
f 2421/4579 2422/4580 2417/4573
f 2417/4573 2422/4580 2418/4574
f 2325/4581 2391/4582 2319/4571
f 2319/4571 2391/4582 2387/4572
f 2420/4578 2419/4577 2424/4584
f 2424/4584 2419/4577 2423/4583
f 2323/4576 2390/4575 2329/4586
f 2329/4586 2390/4575 2394/4585
f 2425/4587 2426/4588 2421/4579
f 2421/4579 2426/4588 2422/4580
f 2424/4584 2423/4583 2428/4590
f 2428/4590 2423/4583 2427/4589
f 2429/4591 2430/4592 2425/4587
f 2425/4587 2430/4592 2426/4588
f 2428/4590 2427/4589 2432/4594
f 2432/4594 2427/4589 2431/4593
f 2331/4595 2395/4596 2325/4581
f 2325/4581 2395/4596 2391/4582
f 2432/4594 2431/4593 2429/4591
f 2429/4591 2431/4593 2430/4592
f 2329/4586 2394/4585 2333/4598
f 2333/4598 2394/4585 2398/4597
f 2337/4599 2399/4600 2331/4595
f 2331/4595 2399/4600 2395/4596
f 2333/4598 2398/4597 2339/4602
f 2339/4602 2398/4597 2402/4601
f 2341/4603 2403/4604 2337/4599
f 2337/4599 2403/4604 2399/4600
f 2339/4602 2402/4601 2343/4606
f 2343/4606 2402/4601 2406/4605
f 2347/4607 2407/4608 2341/4603
f 2341/4603 2407/4608 2403/4604
f 2343/4606 2406/4605 2349/4610
f 2349/4610 2406/4605 2410/4609
f 2351/4611 2411/4612 2347/4607
f 2347/4607 2411/4612 2407/4608
f 2349/4610 2410/4609 2353/4614
f 2353/4614 2410/4609 2414/4613
f 2357/4615 2415/4616 2351/4611
f 2351/4611 2415/4616 2411/4612
f 2353/4614 2414/4613 2359/4618
f 2359/4618 2414/4613 2418/4617
f 2361/4619 2419/4620 2357/4615
f 2357/4615 2419/4620 2415/4616
f 2359/4618 2418/4617 2363/4622
f 2363/4622 2418/4617 2422/4621
f 2365/4623 2423/4624 2361/4619
f 2361/4619 2423/4624 2419/4620
f 2363/4622 2422/4621 2367/4626
f 2367/4626 2422/4621 2426/4625
f 2369/4627 2427/4628 2365/4623
f 2365/4623 2427/4628 2423/4624
f 2367/4626 2426/4625 2371/4630
f 2371/4630 2426/4625 2430/4629
f 2373/4631 2431/4632 2369/4627
f 2369/4627 2431/4632 2427/4628
f 2371/4630 2430/4629 2373/4631
f 2373/4631 2430/4629 2431/4632
f 2433/4633 2027/4017 1681/4634
f 1681/4634 2027/4017 758/4327
f 2434/4635 2435/4636 2437/4638
f 2437/4638 2435/4636 2436/4637
f 2438/4639 2439/4640 2434/4635
f 2434/4635 2439/4640 2435/4636
f 2437/4638 2436/4637 2441/4642
f 2441/4642 2436/4637 2440/4641
f 2442/4643 2443/4644 2438/4639
f 2438/4639 2443/4644 2439/4640
f 2441/4642 2440/4641 2445/4646
f 2445/4646 2440/4641 2444/4645
f 2446/4647 2447/4648 2442/4643
f 2442/4643 2447/4648 2443/4644
f 2445/4646 2444/4645 2449/4650
f 2449/4650 2444/4645 2448/4649
f 2450/4651 2451/4652 2453/4654
f 2453/4654 2451/4652 2452/4653
f 2451/4652 2454/4655 2452/4653
f 2452/4653 2454/4655 2455/4656
f 2456/4657 2450/4651 2457/4658
f 2457/4658 2450/4651 2453/4654
f 2454/4655 2458/4659 2455/4656
f 2455/4656 2458/4659 2459/4660
f 2460/4661 2456/4657 2461/4662
f 2461/4662 2456/4657 2457/4658
f 2458/4659 2462/4663 2459/4660
f 2459/4660 2462/4663 2463/4664
f 2464/4665 2465/4666 2446/4647
f 2446/4647 2465/4666 2447/4648
f 2466/4667 2460/4661 2467/4668
f 2467/4668 2460/4661 2461/4662
f 2462/4663 2468/4669 2463/4664
f 2463/4664 2468/4669 2469/4670
f 2470/4671 2466/4667 2471/4672
f 2471/4672 2466/4667 2467/4668
f 2449/4650 2448/4649 2473/4674
f 2473/4674 2448/4649 2472/4673
f 2468/4669 2474/4675 2469/4670
f 2469/4670 2474/4675 2475/4676
f 2476/4677 2470/4671 2477/4678
f 2477/4678 2470/4671 2471/4672
f 1684/4679 759/4328 2478/4680
f 2478/4680 759/4328 2029/4020
f 2474/4675 2479/4681 2475/4676
f 2475/4676 2479/4681 2480/4682
f 2481/4683 2482/4684 2464/4665
f 2464/4665 2482/4684 2465/4666
f 2483/4685 2476/4677 2484/4686
f 2484/4686 2476/4677 2477/4678
f 2479/4681 2485/4687 2480/4682
f 2480/4682 2485/4687 2486/4688
f 2473/4674 2472/4673 2488/4690
f 2488/4690 2472/4673 2487/4689
f 2489/4691 2483/4685 2490/4692
f 2490/4692 2483/4685 2484/4686
f 2485/4687 2491/4693 2486/4688
f 2486/4688 2491/4693 2492/4694
f 2493/4695 2489/4691 2494/4696
f 2494/4696 2489/4691 2490/4692
f 2495/4697 2496/4698 2481/4683
f 2481/4683 2496/4698 2482/4684
f 2491/4693 2497/4699 2492/4694
f 2492/4694 2497/4699 2498/4700
f 2499/4701 2493/4695 2500/4702
f 2500/4702 2493/4695 2494/4696
f 2488/4690 2487/4689 2502/4704
f 2502/4704 2487/4689 2501/4703
f 2497/4699 2503/4705 2498/4700
f 2498/4700 2503/4705 2504/4706
f 2505/4707 2499/4701 2506/4708
f 2506/4708 2499/4701 2500/4702
f 2503/4705 2507/4709 2504/4706
f 2504/4706 2507/4709 2508/4710
f 2509/4711 2510/4712 2495/4697
f 2495/4697 2510/4712 2496/4698
f 2511/4713 2505/4707 2512/4714
f 2512/4714 2505/4707 2506/4708
f 2507/4709 2513/4715 2508/4710
f 2508/4710 2513/4715 2514/4716
f 2502/4704 2501/4703 2516/4718
f 2516/4718 2501/4703 2515/4717
f 2517/4719 2511/4713 2518/4720
f 2518/4720 2511/4713 2512/4714
f 2513/4715 2519/4721 2514/4716
f 2514/4716 2519/4721 2520/4722
f 2521/4723 2517/4719 2522/4724
f 2522/4724 2517/4719 2518/4720
f 2523/4725 2524/4726 2509/4711
f 2509/4711 2524/4726 2510/4712
f 2519/4721 2525/4727 2520/4722
f 2520/4722 2525/4727 2526/4728
f 2527/4729 2521/4723 2528/4730
f 2528/4730 2521/4723 2522/4724
f 2516/4718 2515/4717 2530/4732
f 2530/4732 2515/4717 2529/4731
f 2525/4727 2531/4733 2526/4728
f 2526/4728 2531/4733 2532/4734
f 2533/4735 2527/4729 2534/4736
f 2534/4736 2527/4729 2528/4730
f 2531/4733 2535/4737 2532/4734
f 2532/4734 2535/4737 2536/4738
f 2537/4739 2538/4740 2523/4725
f 2523/4725 2538/4740 2524/4726
f 2539/4741 2533/4735 2540/4742
f 2540/4742 2533/4735 2534/4736
f 2535/4737 2541/4743 2536/4738
f 2536/4738 2541/4743 2542/4744
f 2543/4745 2539/4741 2544/4746
f 2544/4746 2539/4741 2540/4742
f 2541/4743 2545/4747 2542/4744
f 2542/4744 2545/4747 2546/4748
f 2530/4732 2529/4731 2548/4750
f 2548/4750 2529/4731 2547/4749
f 2549/4751 2543/4752 2550/4754
f 2550/4754 2543/4752 2544/4753
f 2545/4747 2551/4755 2546/4748
f 2546/4748 2551/4755 2552/4756
f 2553/4757 2549/4751 2554/4758
f 2554/4758 2549/4751 2550/4754
f 2551/4755 2555/4759 2552/4756
f 2552/4756 2555/4759 2556/4760
f 2557/4761 2558/4762 2537/4739
f 2537/4739 2558/4762 2538/4740
f 2559/4763 2553/4757 2560/4764
f 2560/4764 2553/4757 2554/4758
f 2555/4759 2561/4765 2556/4760
f 2556/4760 2561/4765 2562/4766
f 2563/4767 2559/4763 2564/4768
f 2564/4768 2559/4763 2560/4764
f 2561/4765 2565/4769 2562/4766
f 2562/4766 2565/4769 2566/4770
f 2567/4771 2563/4767 2568/4772
f 2568/4772 2563/4767 2564/4768
f 2565/4769 2569/4773 2566/4770
f 2566/4770 2569/4773 2570/4774
f 2571/4775 2567/4771 2572/4776
f 2572/4776 2567/4771 2568/4772
f 2569/4773 2573/4777 2570/4774
f 2570/4774 2573/4777 2574/4778
f 2575/4779 2571/4775 2576/4780
f 2576/4780 2571/4775 2572/4776
f 2573/4777 2575/4779 2574/4778
f 2574/4778 2575/4779 2576/4780
f 2548/4750 2547/4749 2578/4782
f 2578/4782 2547/4749 2577/4781
f 2579/4783 2580/4784 2557/4761
f 2557/4761 2580/4784 2558/4762
f 2578/4782 2577/4781 2582/4786
f 2582/4786 2577/4781 2581/4785
f 2583/4787 2584/4788 2579/4783
f 2579/4783 2584/4788 2580/4784
f 2582/4786 2581/4785 2586/4790
f 2586/4790 2581/4785 2585/4789
f 2587/4791 2588/4792 2583/4787
f 2583/4787 2588/4792 2584/4788
f 2586/4790 2585/4789 2590/4794
f 2590/4794 2585/4789 2589/4793
f 2450/4795 2436/4796 2451/4798
f 2451/4798 2436/4796 2435/4797
f 2451/4798 2435/4797 2454/4800
f 2454/4800 2435/4797 2439/4799
f 2456/4801 2440/4802 2450/4795
f 2450/4795 2440/4802 2436/4796
f 2454/4800 2439/4799 2458/4804
f 2458/4804 2439/4799 2443/4803
f 2460/4805 2444/4806 2456/4801
f 2456/4801 2444/4806 2440/4802
f 2591/4807 2592/4808 2587/4791
f 2587/4791 2592/4808 2588/4792
f 2458/4804 2443/4803 2462/4810
f 2462/4810 2443/4803 2447/4809
f 2466/4811 2448/4812 2460/4805
f 2460/4805 2448/4812 2444/4806
f 2462/4810 2447/4809 2468/4814
f 2468/4814 2447/4809 2465/4813
f 2470/4815 2472/4816 2466/4811
f 2466/4811 2472/4816 2448/4812
f 2590/4794 2589/4793 2594/4818
f 2594/4818 2589/4793 2593/4817
f 2468/4814 2465/4813 2474/4820
f 2474/4820 2465/4813 2482/4819
f 2476/4821 2487/4822 2470/4815
f 2470/4815 2487/4822 2472/4816
f 2595/4823 2596/4824 2591/4807
f 2591/4807 2596/4824 2592/4808
f 2474/4820 2482/4819 2479/4826
f 2479/4826 2482/4819 2496/4825
f 2483/4827 2501/4828 2476/4821
f 2476/4821 2501/4828 2487/4822
f 2594/4818 2593/4817 2598/4830
f 2598/4830 2593/4817 2597/4829
f 2479/4826 2496/4825 2485/4832
f 2485/4832 2496/4825 2510/4831
f 2489/4833 2515/4834 2483/4827
f 2483/4827 2515/4834 2501/4828
f 2599/4835 2600/4836 2595/4823
f 2595/4823 2600/4836 2596/4824
f 2485/4832 2510/4831 2491/4838
f 2491/4838 2510/4831 2524/4837
f 2493/4839 2529/4840 2489/4833
f 2489/4833 2529/4840 2515/4834
f 2598/4830 2597/4829 2602/4842
f 2602/4842 2597/4829 2601/4841
f 2491/4838 2524/4837 2497/4844
f 2497/4844 2524/4837 2538/4843
f 2603/4845 2604/4846 2599/4835
f 2599/4835 2604/4846 2600/4836
f 2499/4847 2547/4848 2493/4839
f 2493/4839 2547/4848 2529/4840
f 2497/4844 2538/4843 2503/4850
f 2503/4850 2538/4843 2558/4849
f 2602/4842 2601/4841 2606/4852
f 2606/4852 2601/4841 2605/4851
f 2031/4021 2433/4633 2032/4022
f 2032/4022 2433/4633 2478/4680
f 2505/4853 2577/4854 2499/4847
f 2499/4847 2577/4854 2547/4848
f 2607/4855 2608/4856 2603/4845
f 2603/4845 2608/4856 2604/4846
f 2503/4850 2558/4849 2507/4858
f 2507/4858 2558/4849 2580/4857
f 2606/4859 2605/4860 2610/4862
f 2610/4862 2605/4860 2609/4861
f 2511/4863 2581/4864 2505/4853
f 2505/4853 2581/4864 2577/4854
f 2611/4865 2612/4866 2607/4855
f 2607/4855 2612/4866 2608/4856
f 2507/4858 2580/4857 2513/4868
f 2513/4868 2580/4857 2584/4867
f 2610/4862 2609/4861 2614/4870
f 2614/4870 2609/4861 2613/4869
f 2517/4871 2585/4872 2511/4863
f 2511/4863 2585/4872 2581/4864
f 2615/4873 2616/4874 2611/4865
f 2611/4865 2616/4874 2612/4866
f 2513/4868 2584/4867 2519/4876
f 2519/4876 2584/4867 2588/4875
f 2614/4870 2613/4869 2618/4878
f 2618/4878 2613/4869 2617/4877
f 2521/4879 2589/4880 2517/4871
f 2517/4871 2589/4880 2585/4872
f 2619/4881 2620/4882 2615/4873
f 2615/4873 2620/4882 2616/4874
f 2519/4876 2588/4875 2525/4884
f 2525/4884 2588/4875 2592/4883
f 2618/4878 2617/4877 2622/4886
f 2622/4886 2617/4877 2621/4885
f 2623/4887 2624/4888 2619/4881
f 2619/4881 2624/4888 2620/4882
f 2527/4889 2593/4890 2521/4879
f 2521/4879 2593/4890 2589/4880
f 2622/4886 2621/4885 2626/4892
f 2626/4892 2621/4885 2625/4891
f 2525/4884 2592/4883 2531/4894
f 2531/4894 2592/4883 2596/4893
f 2627/4895 2628/4896 2623/4887
f 2623/4887 2628/4896 2624/4888
f 2626/4892 2625/4891 2630/4898
f 2630/4898 2625/4891 2629/4897
f 2631/4899 2632/4900 2627/4895
f 2627/4895 2632/4900 2628/4896
f 2630/4898 2629/4897 2634/4902
f 2634/4902 2629/4897 2633/4901
f 2533/4903 2597/4904 2527/4889
f 2527/4889 2597/4904 2593/4890
f 2634/4902 2633/4901 2631/4899
f 2631/4899 2633/4901 2632/4900
f 2531/4894 2596/4893 2535/4906
f 2535/4906 2596/4893 2600/4905
f 2539/4907 2601/4908 2533/4903
f 2533/4903 2601/4908 2597/4904
f 2535/4906 2600/4905 2541/4910
f 2541/4910 2600/4905 2604/4909
f 2543/4911 2605/4912 2539/4907
f 2539/4907 2605/4912 2601/4908
f 2541/4910 2604/4909 2545/4914
f 2545/4914 2604/4909 2608/4913
f 2549/4915 2609/4916 2543/4911
f 2543/4911 2609/4916 2605/4912
f 2545/4914 2608/4913 2551/4918
f 2551/4918 2608/4913 2612/4917
f 2553/4919 2613/4920 2549/4915
f 2549/4915 2613/4920 2609/4916
f 2551/4918 2612/4917 2555/4922
f 2555/4922 2612/4917 2616/4921
f 2559/4923 2617/4924 2553/4919
f 2553/4919 2617/4924 2613/4920
f 2555/4922 2616/4921 2561/4926
f 2561/4926 2616/4921 2620/4925
f 2563/4927 2621/4928 2559/4923
f 2559/4923 2621/4928 2617/4924
f 2561/4926 2620/4925 2565/4930
f 2565/4930 2620/4925 2624/4929
f 2567/4931 2625/4932 2563/4927
f 2563/4927 2625/4932 2621/4928
f 2565/4930 2624/4929 2569/4934
f 2569/4934 2624/4929 2628/4933
f 2571/4935 2629/4936 2567/4931
f 2567/4931 2629/4936 2625/4932
f 2569/4934 2628/4933 2573/4938
f 2573/4938 2628/4933 2632/4937
f 2575/4939 2633/4940 2571/4935
f 2571/4935 2633/4940 2629/4936
f 2573/4938 2632/4937 2575/4939
f 2575/4939 2632/4937 2633/4940
f 2635/4941 2636/4942 2638/4944
f 2638/4944 2636/4942 2637/4943
f 2639/4945 2640/4946 2635/4941
f 2635/4941 2640/4946 2636/4942
f 2638/4944 2637/4943 2642/4948
f 2642/4948 2637/4943 2641/4947
f 2643/4949 2644/4950 2639/4945
f 2639/4945 2644/4950 2640/4946
f 2642/4948 2641/4947 2646/4952
f 2646/4952 2641/4947 2645/4951
f 2647/4953 2648/4954 2643/4949
f 2643/4949 2648/4954 2644/4950
f 2646/4952 2645/4951 2650/4956
f 2650/4956 2645/4951 2649/4955
f 2651/4957 2652/4958 2654/4960
f 2654/4960 2652/4958 2653/4959
f 2652/4958 2655/4961 2653/4959
f 2653/4959 2655/4961 2656/4962
f 2657/4963 2651/4957 2658/4964
f 2658/4964 2651/4957 2654/4960
f 2655/4961 2659/4965 2656/4962
f 2656/4962 2659/4965 2660/4966
f 2661/4967 2657/4963 2662/4968
f 2662/4968 2657/4963 2658/4964
f 2659/4965 2663/4969 2660/4966
f 2660/4966 2663/4969 2664/4970
f 2665/4971 2666/4972 2647/4953
f 2647/4953 2666/4972 2648/4954
f 2667/4973 2661/4967 2668/4974
f 2668/4974 2661/4967 2662/4968
f 2663/4969 2669/4975 2664/4970
f 2664/4970 2669/4975 2670/4976
f 2671/4977 2667/4973 2672/4978
f 2672/4978 2667/4973 2668/4974
f 2650/4956 2649/4955 2674/4980
f 2674/4980 2649/4955 2673/4979
f 2669/4975 2675/4981 2670/4976
f 2670/4976 2675/4981 2676/4982
f 2677/4983 2671/4977 2678/4984
f 2678/4984 2671/4977 2672/4978
f 2675/4981 2679/4985 2676/4982
f 2676/4982 2679/4985 2680/4986
f 2681/4987 2682/4988 2665/4971
f 2665/4971 2682/4988 2666/4972
f 2683/4989 2677/4983 2684/4990
f 2684/4990 2677/4983 2678/4984
f 2679/4985 2685/4991 2680/4986
f 2680/4986 2685/4991 2686/4992
f 2674/4980 2673/4979 2688/4994
f 2688/4994 2673/4979 2687/4993
f 2689/4995 2683/4989 2690/4996
f 2690/4996 2683/4989 2684/4990
f 2685/4991 2691/4997 2686/4992
f 2686/4992 2691/4997 2692/4998
f 2693/4999 2689/4995 2694/5000
f 2694/5000 2689/4995 2690/4996
f 2695/5001 2696/5002 2681/4987
f 2681/4987 2696/5002 2682/4988
f 2691/4997 2697/5003 2692/4998
f 2692/4998 2697/5003 2698/5004
f 2699/5005 2693/4999 2700/5006
f 2700/5006 2693/4999 2694/5000
f 2688/4994 2687/4993 2702/5008
f 2702/5008 2687/4993 2701/5007
f 2697/5003 2703/5009 2698/5004
f 2698/5004 2703/5009 2704/5010
f 2705/5011 2699/5005 2706/5012
f 2706/5012 2699/5005 2700/5006
f 2703/5009 2707/5013 2704/5010
f 2704/5010 2707/5013 2708/5014
f 2709/5015 2710/5016 2695/5001
f 2695/5001 2710/5016 2696/5002
f 2711/5017 2705/5011 2712/5018
f 2712/5018 2705/5011 2706/5012
f 2707/5013 2713/5019 2708/5014
f 2708/5014 2713/5019 2714/5020
f 2702/5008 2701/5007 2716/5022
f 2716/5022 2701/5007 2715/5021
f 2717/5023 2711/5017 2718/5024
f 2718/5024 2711/5017 2712/5018
f 2713/5019 2719/5025 2714/5020
f 2714/5020 2719/5025 2720/5026
f 2721/5027 2717/5023 2722/5028
f 2722/5028 2717/5023 2718/5024
f 2723/5029 2724/5030 2709/5015
f 2709/5015 2724/5030 2710/5016
f 2719/5025 2725/5031 2720/5026
f 2720/5026 2725/5031 2726/5032
f 2727/5033 2721/5027 2728/5034
f 2728/5034 2721/5027 2722/5028
f 2716/5022 2715/5021 2730/5036
f 2730/5036 2715/5021 2729/5035
f 2725/5031 2731/5037 2726/5032
f 2726/5032 2731/5037 2732/5038
f 2733/5039 2727/5033 2734/5040
f 2734/5040 2727/5033 2728/5034
f 2731/5037 2735/5041 2732/5038
f 2732/5038 2735/5041 2736/5042
f 2737/5043 2738/5044 2723/5029
f 2723/5029 2738/5044 2724/5030
f 2739/5045 2733/5039 2740/5046
f 2740/5046 2733/5039 2734/5040
f 2735/5041 2741/5047 2736/5042
f 2736/5042 2741/5047 2742/5048
f 2743/5049 2739/5045 2744/5050
f 2744/5050 2739/5045 2740/5046
f 2741/5047 2745/5051 2742/5048
f 2742/5048 2745/5051 2746/5052
f 2730/5036 2729/5035 2748/5054
f 2748/5054 2729/5035 2747/5053
f 2749/5055 2743/5056 2750/5058
f 2750/5058 2743/5056 2744/5057
f 2745/5051 2751/5059 2746/5052
f 2746/5052 2751/5059 2752/5060
f 2753/5061 2749/5055 2754/5062
f 2754/5062 2749/5055 2750/5058
f 2751/5059 2755/5063 2752/5060
f 2752/5060 2755/5063 2756/5064
f 2757/5065 2758/5066 2737/5043
f 2737/5043 2758/5066 2738/5044
f 2759/5067 2753/5061 2760/5068
f 2760/5068 2753/5061 2754/5062
f 2755/5063 2761/5069 2756/5064
f 2756/5064 2761/5069 2762/5070
f 2763/5071 2759/5067 2764/5072
f 2764/5072 2759/5067 2760/5068
f 2761/5069 2765/5073 2762/5070
f 2762/5070 2765/5073 2766/5074
f 2767/5075 2763/5071 2768/5076
f 2768/5076 2763/5071 2764/5072
f 2765/5073 2769/5077 2766/5074
f 2766/5074 2769/5077 2770/5078
f 2771/5079 2767/5075 2772/5080
f 2772/5080 2767/5075 2768/5076
f 2769/5077 2773/5081 2770/5078
f 2770/5078 2773/5081 2774/5082
f 2775/5083 2771/5079 2776/5084
f 2776/5084 2771/5079 2772/5080
f 2773/5081 2775/5083 2774/5082
f 2774/5082 2775/5083 2776/5084
f 2748/5054 2747/5053 2778/5086
f 2778/5086 2747/5053 2777/5085
f 2779/5087 2780/5088 2757/5065
f 2757/5065 2780/5088 2758/5066
f 2778/5086 2777/5085 2782/5090
f 2782/5090 2777/5085 2781/5089
f 2783/5091 2784/5092 2779/5087
f 2779/5087 2784/5092 2780/5088
f 2782/5090 2781/5089 2786/5094
f 2786/5094 2781/5089 2785/5093
f 2787/5095 2788/5096 2783/5091
f 2783/5091 2788/5096 2784/5092
f 2786/5094 2785/5093 2790/5098
f 2790/5098 2785/5093 2789/5097
f 2651/5099 2637/5100 2652/5102
f 2652/5102 2637/5100 2636/5101
f 2652/5102 2636/5101 2655/5104
f 2655/5104 2636/5101 2640/5103
f 2657/5105 2641/5106 2651/5099
f 2651/5099 2641/5106 2637/5100
f 2655/5104 2640/5103 2659/5108
f 2659/5108 2640/5103 2644/5107
f 2661/5109 2645/5110 2657/5105
f 2657/5105 2645/5110 2641/5106
f 2791/5111 2792/5112 2787/5095
f 2787/5095 2792/5112 2788/5096
f 2659/5108 2644/5107 2663/5114
f 2663/5114 2644/5107 2648/5113
f 2667/5115 2649/5116 2661/5109
f 2661/5109 2649/5116 2645/5110
f 2663/5114 2648/5113 2669/5118
f 2669/5118 2648/5113 2666/5117
f 2671/5119 2673/5120 2667/5115
f 2667/5115 2673/5120 2649/5116
f 2790/5098 2789/5097 2794/5122
f 2794/5122 2789/5097 2793/5121
f 2669/5118 2666/5117 2675/5124
f 2675/5124 2666/5117 2682/5123
f 2677/5125 2687/5126 2671/5119
f 2671/5119 2687/5126 2673/5120
f 2795/5127 2796/5128 2791/5111
f 2791/5111 2796/5128 2792/5112
f 2675/5124 2682/5123 2679/5130
f 2679/5130 2682/5123 2696/5129
f 2683/5131 2701/5132 2677/5125
f 2677/5125 2701/5132 2687/5126
f 2794/5122 2793/5121 2798/5134
f 2798/5134 2793/5121 2797/5133
f 2679/5130 2696/5129 2685/5136
f 2685/5136 2696/5129 2710/5135
f 2689/5137 2715/5138 2683/5131
f 2683/5131 2715/5138 2701/5132
f 2799/5139 2800/5140 2795/5127
f 2795/5127 2800/5140 2796/5128
f 2685/5136 2710/5135 2691/5142
f 2691/5142 2710/5135 2724/5141
f 2693/5143 2729/5144 2689/5137
f 2689/5137 2729/5144 2715/5138
f 2798/5134 2797/5133 2802/5146
f 2802/5146 2797/5133 2801/5145
f 2691/5142 2724/5141 2697/5148
f 2697/5148 2724/5141 2738/5147
f 2803/5149 2804/5150 2799/5139
f 2799/5139 2804/5150 2800/5140
f 2699/5151 2747/5152 2693/5143
f 2693/5143 2747/5152 2729/5144
f 2697/5148 2738/5147 2703/5154
f 2703/5154 2738/5147 2758/5153
f 2802/5146 2801/5145 2806/5156
f 2806/5156 2801/5145 2805/5155
f 2705/5157 2777/5158 2699/5151
f 2699/5151 2777/5158 2747/5152
f 2807/5159 2808/5160 2803/5149
f 2803/5149 2808/5160 2804/5150
f 2703/5154 2758/5153 2707/5162
f 2707/5162 2758/5153 2780/5161
f 2806/5163 2805/5164 2810/5166
f 2810/5166 2805/5164 2809/5165
f 2711/5167 2781/5168 2705/5157
f 2705/5157 2781/5168 2777/5158
f 2811/5169 2812/5170 2807/5159
f 2807/5159 2812/5170 2808/5160
f 2707/5162 2780/5161 2713/5172
f 2713/5172 2780/5161 2784/5171
f 2810/5166 2809/5165 2814/5174
f 2814/5174 2809/5165 2813/5173
f 2717/5175 2785/5176 2711/5167
f 2711/5167 2785/5176 2781/5168
f 2815/5177 2816/5178 2811/5169
f 2811/5169 2816/5178 2812/5170
f 2713/5172 2784/5171 2719/5180
f 2719/5180 2784/5171 2788/5179
f 2814/5174 2813/5173 2818/5182
f 2818/5182 2813/5173 2817/5181
f 2721/5183 2789/5184 2717/5175
f 2717/5175 2789/5184 2785/5176
f 2819/5185 2820/5186 2815/5177
f 2815/5177 2820/5186 2816/5178
f 2719/5180 2788/5179 2725/5188
f 2725/5188 2788/5179 2792/5187
f 2818/5182 2817/5181 2822/5190
f 2822/5190 2817/5181 2821/5189
f 2823/5191 2824/5192 2819/5185
f 2819/5185 2824/5192 2820/5186
f 2727/5193 2793/5194 2721/5183
f 2721/5183 2793/5194 2789/5184
f 2822/5190 2821/5189 2826/5196
f 2826/5196 2821/5189 2825/5195
f 2725/5188 2792/5187 2731/5198
f 2731/5198 2792/5187 2796/5197
f 2827/5199 2828/5200 2823/5191
f 2823/5191 2828/5200 2824/5192
f 2826/5196 2825/5195 2830/5202
f 2830/5202 2825/5195 2829/5201
f 2831/5203 2832/5204 2827/5199
f 2827/5199 2832/5204 2828/5200
f 2830/5202 2829/5201 2834/5206
f 2834/5206 2829/5201 2833/5205
f 2733/5207 2797/5208 2727/5193
f 2727/5193 2797/5208 2793/5194
f 2834/5206 2833/5205 2831/5203
f 2831/5203 2833/5205 2832/5204
f 2731/5198 2796/5197 2735/5210
f 2735/5210 2796/5197 2800/5209
f 2739/5211 2801/5212 2733/5207
f 2733/5207 2801/5212 2797/5208
f 2735/5210 2800/5209 2741/5214
f 2741/5214 2800/5209 2804/5213
f 2743/5215 2805/5216 2739/5211
f 2739/5211 2805/5216 2801/5212
f 2741/5214 2804/5213 2745/5218
f 2745/5218 2804/5213 2808/5217
f 2749/5219 2809/5220 2743/5215
f 2743/5215 2809/5220 2805/5216
f 2745/5218 2808/5217 2751/5222
f 2751/5222 2808/5217 2812/5221
f 2753/5223 2813/5224 2749/5219
f 2749/5219 2813/5224 2809/5220
f 2751/5222 2812/5221 2755/5226
f 2755/5226 2812/5221 2816/5225
f 2759/5227 2817/5228 2753/5223
f 2753/5223 2817/5228 2813/5224
f 2755/5226 2816/5225 2761/5230
f 2761/5230 2816/5225 2820/5229
f 2763/5231 2821/5232 2759/5227
f 2759/5227 2821/5232 2817/5228
f 2761/5230 2820/5229 2765/5234
f 2765/5234 2820/5229 2824/5233
f 2767/5235 2825/5236 2763/5231
f 2763/5231 2825/5236 2821/5232
f 2765/5234 2824/5233 2769/5238
f 2769/5238 2824/5233 2828/5237
f 2771/5239 2829/5240 2767/5235
f 2767/5235 2829/5240 2825/5236
f 2769/5238 2828/5237 2773/5242
f 2773/5242 2828/5237 2832/5241
f 2775/5243 2833/5244 2771/5239
f 2771/5239 2833/5244 2829/5240
f 2773/5242 2832/5241 2775/5243
f 2775/5243 2832/5241 2833/5244
f 2076/5246 2070/5247 2025/5245
f 2102/5262 2025/5245 2096/5261
f 2070/5247 2066/5248 2025/5245
f 2096/5261 2025/5245 2090/5260
f 2090/5260 2025/5245 2084/5259
f 2066/5248 2060/5249 2025/5245
f 2060/5249 2056/5250 2025/5245
f 2084/5259 2025/5245 2078/5258
f 2056/5250 2052/5251 2025/5245
f 2078/5258 2025/5245 2074/5257
f 2052/5251 2051/5252 2025/5245
f 2074/5257 2025/5245 2068/5256
f 2051/5252 2054/5253 2025/5245
f 2068/5256 2025/5245 2062/5255
f 2054/5253 2058/5254 2025/5245
f 2025/5245 2058/5254 2062/5255
f 2344/5287 2158/5288 2340/5286
f 2340/5286 2158/5288 2334/5285
f 2334/5285 2158/5288 2330/5284
f 2330/5284 2158/5288 2324/5283
f 2324/5283 2158/5288 2318/5282
f 2318/5282 2158/5288 2312/5281
f 2028/4018 2027/4017 2025/5245
f 2025/5245 2027/4017 2076/5246
f 2076/5246 2027/4017 2082/5302
f 2082/5302 2027/4017 2088/5301
f 2088/5301 2027/4017 2092/5300
f 2092/5300 2027/4017 2098/5299
f 2098/5299 2027/4017 2104/5298
f 2027/4017 2276/5263 2104/5298
f 2276/5263 2270/5264 2104/5298
f 2270/5264 2266/5265 2104/5298
f 2266/5265 2260/5266 2104/5298
f 2260/5266 2256/5267 2104/5298
f 2256/5267 2252/5268 2104/5298
f 2104/5298 2252/5268 2110/5297
f 2252/5268 2251/5269 2110/5297
f 2110/5297 2251/5269 2116/5296
f 2251/5269 2254/5270 2116/5296
f 2312/5281 2158/5288 2306/5280
f 2116/5296 2254/5270 2120/5295
f 2254/5270 2258/5271 2120/5295
f 2306/5280 2158/5288 2302/5279
f 2120/5295 2258/5271 2126/5294
f 2258/5271 2262/5272 2126/5294
f 2302/5279 2158/5288 2296/5278
f 2126/5294 2262/5272 2132/5293
f 2296/5278 2158/5288 2290/5277
f 2262/5272 2268/5273 2132/5293
f 2132/5293 2268/5273 2138/5292
f 2268/5273 2274/5274 2138/5292
f 2138/5292 2274/5274 2142/5291
f 2290/5277 2158/5288 2284/5276
f 2158/5288 2152/5289 2284/5276
f 2274/5274 2278/5275 2142/5291
f 2284/5276 2152/5289 2278/5275
f 2152/5289 2148/5290 2278/5275
f 2278/5275 2148/5290 2142/5291
f 2786/5337 2205/5303 2782/5336
f 2086/5327 2026/5328 2072/5326
f 2782/5336 2205/5303 2778/5335
f 2072/5326 2026/5328 2048/5325
f 2778/5335 2205/5303 2748/5334
f 2048/5325 2026/5328 2044/5324
f 2748/5334 2205/5303 2730/5333
f 2730/5333 2205/5303 2716/5332
f 2044/5324 2026/5328 2040/5323
f 2716/5332 2205/5303 2702/5331
f 2040/5323 2026/5328 2036/5322
f 2702/5331 2205/5303 2688/5330
f 2036/5322 2026/5328 2033/5321
f 2033/5321 2026/5328 2037/5320
f 2037/5320 2026/5328 2041/5319
f 2205/5303 2201/5304 2688/5330
f 2688/5330 2201/5304 2502/5329
f 2201/5304 2197/5305 2502/5329
f 2197/5305 2193/5306 2502/5329
f 2193/5306 2189/5307 2502/5329
f 2041/5319 2026/5328 2045/5318
f 2189/5307 2185/5308 2502/5329
f 2045/5318 2026/5328 2063/5317
f 2185/5308 2181/5309 2502/5329
f 2063/5317 2026/5328 2079/5316
f 2181/5309 2177/5310 2502/5329
f 2079/5316 2026/5328 2093/5315
f 2026/5328 2502/5329 2093/5315
f 2093/5315 2502/5329 2107/5314
f 2107/5314 2502/5329 2121/5313
f 2121/5313 2502/5329 2135/5312
f 2135/5312 2502/5329 2155/5311
f 2177/5310 2155/5311 2502/5329
f 2209/5378 2335/5338 2213/5377
f 2213/5377 2335/5338 2217/5376
f 2217/5376 2335/5338 2221/5375
f 2221/5375 2335/5338 2225/5374
f 2225/5374 2335/5338 2229/5373
f 2030/4019 2026/5328 2029/4020
f 2026/5328 2086/5327 2029/4020
f 2086/5327 2100/5354 2029/4020
f 2100/5354 2114/5355 2029/4020
f 2114/5355 2128/5356 2029/4020
f 2128/5356 2146/5357 2029/4020
f 2029/4020 2146/5357 2286/5353
f 2286/5353 2146/5357 2272/5352
f 2272/5352 2146/5357 2248/5351
f 2248/5351 2146/5357 2244/5350
f 2244/5350 2146/5357 2240/5349
f 2146/5357 2176/5358 2240/5349
f 2240/5349 2176/5358 2236/5348
f 2176/5358 2180/5359 2236/5348
f 2229/5373 2335/5338 2232/5372
f 2236/5348 2180/5359 2233/5347
f 2180/5359 2184/5360 2233/5347
f 2232/5372 2335/5338 2228/5371
f 2233/5347 2184/5360 2237/5346
f 2184/5360 2188/5361 2237/5346
f 2228/5371 2335/5338 2224/5370
f 2237/5346 2188/5361 2241/5345
f 2188/5361 2192/5362 2241/5345
f 2224/5370 2335/5338 2220/5369
f 2241/5345 2192/5362 2245/5344
f 2192/5362 2196/5363 2245/5344
f 2335/5338 2321/5339 2220/5369
f 2220/5369 2321/5339 2216/5368
f 2245/5344 2196/5363 2263/5343
f 2196/5363 2200/5364 2263/5343
f 2321/5339 2307/5340 2216/5368
f 2216/5368 2307/5340 2212/5367
f 2263/5343 2200/5364 2279/5342
f 2200/5364 2204/5365 2279/5342
f 2307/5340 2293/5341 2212/5367
f 2279/5342 2204/5365 2293/5341
f 2204/5365 2208/5366 2293/5341
f 2293/5341 2208/5366 2212/5367
f 2286/5353 2300/5379 2029/4020
f 2300/5379 2314/5380 2029/4020
f 2314/5380 2328/5381 2029/4020
f 2205/5303 2786/5337 2209/5378
f 2209/5378 2786/5337 2335/5338
f 2335/5338 2786/5337 2355/5412
f 2355/5412 2786/5337 2377/5411
f 2377/5411 2786/5337 2381/5410
f 2381/5410 2786/5337 2385/5409
f 2385/5409 2786/5337 2389/5408
f 2389/5408 2786/5337 2393/5407
f 2393/5407 2786/5337 2397/5406
f 2397/5406 2786/5337 2401/5405
f 2328/5381 2346/5382 2029/4020
f 2401/5405 2786/5337 2405/5404
f 2346/5382 2376/5383 2029/4020
f 2405/5404 2786/5337 2409/5403
f 2409/5403 2786/5337 2413/5402
f 2376/5383 2380/5384 2029/4020
f 2413/5402 2786/5337 2417/5401
f 2380/5384 2384/5385 2029/4020
f 2417/5401 2786/5337 2421/5400
f 2827/5426 2478/4680 2831/5425
f 2421/5400 2786/5337 2425/5399
f 2384/5385 2388/5386 2029/4020
f 2831/5425 2478/4680 2834/5424
f 2425/5399 2786/5337 2429/5398
f 2834/5424 2478/4680 2830/5423
f 2388/5386 2392/5387 2029/4020
f 2429/5398 2786/5337 2432/5397
f 2830/5423 2478/4680 2826/5422
f 2432/5397 2786/5337 2428/5396
f 2392/5387 2396/5388 2029/4020
f 2786/5337 2790/5413 2428/5396
f 2826/5422 2478/4680 2822/5421
f 2396/5388 2400/5389 2029/4020
f 2428/5396 2790/5413 2424/5395
f 2790/5413 2794/5414 2424/5395
f 2822/5421 2478/4680 2818/5420
f 2400/5389 2404/5390 2029/4020
f 2424/5395 2794/5414 2420/5394
f 2794/5414 2798/5415 2420/5394
f 2818/5420 2478/4680 2814/5419
f 2404/5390 2408/5391 2029/4020
f 2029/4020 2408/5391 2478/4680
f 2408/5391 2412/5392 2478/4680
f 2412/5392 2416/5393 2478/4680
f 2416/5393 2420/5394 2478/4680
f 2798/5415 2802/5416 2420/5394
f 2814/5419 2478/4680 2810/5418
f 2478/4680 2420/5394 2810/5418
f 2810/5418 2420/5394 2806/5417
f 2420/5394 2802/5416 2806/5417
f 2722/5427 2718/5428 2025/5245
f 2718/5428 2712/5429 2025/5245
f 2712/5429 2706/5430 2025/5245
f 2706/5430 2700/5431 2025/5245
f 2700/5431 2694/5432 2025/5245
f 2694/5432 2690/5433 2025/5245
f 2690/5433 2684/5434 2025/5245
f 2684/5434 2678/5435 2025/5245
f 2477/5437 2025/5245 2484/5436
f 2678/5435 2484/5436 2025/5245
f 2026/5328 2488/5438 2502/5329
f 2025/5245 2102/5262 2722/5427
f 2102/5262 2106/5481 2722/5427
f 2106/5481 2112/5482 2722/5427
f 2112/5482 2118/5483 2722/5427
f 2118/5483 2124/5484 2722/5427
f 2124/5484 2130/5485 2722/5427
f 2130/5485 2134/5486 2722/5427
f 2134/5486 2140/5487 2722/5427
f 2276/5263 2027/4017 2282/5463
f 2140/5487 2144/5488 2722/5427
f 2282/5463 2027/4017 2288/5462
f 2144/5488 2150/5489 2722/5427
f 2288/5462 2027/4017 2292/5461
f 2752/5464 2756/5465 2433/4633
f 2150/5489 2154/5490 2722/5427
f 2292/5461 2027/4017 2298/5460
f 2756/5465 2762/5466 2433/4633
f 2154/5490 2160/5491 2722/5427
f 2298/5460 2027/4017 2304/5459
f 2762/5466 2766/5467 2433/4633
f 2160/5491 2164/5492 2722/5427
f 2304/5459 2027/4017 2310/5458
f 2766/5467 2770/5468 2433/4633
f 2164/5492 2168/5493 2722/5427
f 2310/5458 2027/4017 2316/5457
f 2158/5288 2344/5287 2162/5498
f 2770/5468 2774/5469 2433/4633
f 2168/5493 2172/5494 2722/5427
f 2172/5494 2174/5495 2722/5427
f 2162/5498 2344/5287 2166/5497
f 2316/5457 2027/4017 2320/5456
f 2774/5469 2776/5470 2433/4633
f 2320/5456 2027/4017 2326/5455
f 2174/5495 2170/5496 2722/5427
f 2166/5497 2344/5287 2170/5496
f 2170/5496 2344/5287 2722/5427
f 2344/5287 2350/5439 2722/5427
f 2350/5439 2354/5440 2722/5427
f 2354/5440 2360/5441 2722/5427
f 2360/5441 2364/5442 2722/5427
f 2364/5442 2368/5443 2722/5427
f 2776/5470 2772/5471 2433/4633
f 2368/5443 2372/5444 2722/5427
f 2326/5455 2027/4017 2332/5454
f 2772/5471 2768/5472 2433/4633
f 2372/5444 2374/5445 2722/5427
f 2332/5454 2027/4017 2338/5453
f 2768/5472 2764/5473 2433/4633
f 2374/5445 2370/5446 2722/5427
f 2338/5453 2027/4017 2342/5452
f 2764/5473 2760/5474 2433/4633
f 2370/5446 2366/5447 2722/5427
f 2722/5427 2366/5447 2728/5480
f 2342/5452 2027/4017 2348/5451
f 2027/4017 2433/4633 2348/5451
f 2348/5451 2433/4633 2352/5450
f 2352/5450 2433/4633 2358/5449
f 2358/5449 2433/4633 2362/5448
f 2362/5448 2433/4633 2366/5447
f 2760/5474 2754/5475 2433/4633
f 2728/5480 2366/5447 2734/5479
f 2754/5475 2750/5476 2433/4633
f 2433/4633 2750/5476 2366/5447
f 2750/5476 2744/5477 2366/5447
f 2744/5477 2740/5478 2366/5447
f 2366/5447 2740/5478 2734/5479
f 2484/5436 2678/5435 2490/5546
f 2678/5435 2672/5547 2490/5546
f 2490/5546 2672/5547 2494/5545
f 2672/5547 2668/5548 2494/5545
f 2494/5545 2668/5548 2500/5544
f 2668/5548 2662/5549 2500/5544
f 2500/5544 2662/5549 2506/5543
f 2662/5549 2658/5550 2506/5543
f 2506/5543 2658/5550 2512/5542
f 2658/5550 2654/5551 2512/5542
f 2028/4018 2025/5245 2031/4021
f 2512/5542 2654/5551 2518/5541
f 2654/5551 2653/5552 2518/5541
f 2518/5541 2653/5552 2522/5540
f 2653/5552 2656/5553 2522/5540
f 2522/5540 2656/5553 2528/5539
f 2656/5553 2660/5554 2528/5539
f 2528/5539 2660/5554 2534/5538
f 2660/5554 2664/5555 2534/5538
f 2433/4633 2031/4021 2752/5464
f 2752/5464 2031/4021 2746/5570
f 2746/5570 2031/4021 2742/5569
f 2742/5569 2031/4021 2736/5568
f 2736/5568 2031/4021 2732/5567
f 2732/5567 2031/4021 2726/5566
f 2726/5566 2031/4021 2720/5565
f 2720/5565 2031/4021 2714/5564
f 2714/5564 2031/4021 2708/5563
f 2534/5538 2664/5555 2540/5537
f 2664/5555 2670/5556 2540/5537
f 2708/5563 2031/4021 2704/5562
f 2540/5537 2670/5556 2544/5536
f 2670/5556 2676/5557 2544/5536
f 2704/5562 2031/4021 2698/5561
f 2544/5536 2676/5557 2550/5535
f 2676/5557 2680/5558 2550/5535
f 2698/5561 2031/4021 2692/5560
f 2477/5437 2471/5499 2025/5245
f 2550/5535 2680/5558 2554/5534
f 2680/5558 2686/5559 2554/5534
f 2692/5560 2031/4021 2686/5559
f 2471/5499 2467/5500 2025/5245
f 2554/5534 2686/5559 2560/5533
f 2467/5500 2461/5501 2025/5245
f 2560/5533 2686/5559 2564/5532
f 2564/5532 2686/5559 2568/5531
f 2461/5501 2457/5502 2025/5245
f 2457/5502 2453/5503 2025/5245
f 2568/5531 2686/5559 2572/5530
f 2453/5503 2452/5504 2025/5245
f 2572/5530 2686/5559 2576/5529
f 2686/5559 2031/4021 2576/5529
f 2576/5529 2031/4021 2574/5528
f 2574/5528 2031/4021 2570/5527
f 2570/5527 2031/4021 2566/5526
f 2566/5526 2031/4021 2562/5525
f 2562/5525 2031/4021 2556/5524
f 2556/5524 2031/4021 2552/5523
f 2552/5523 2031/4021 2546/5522
f 2546/5522 2031/4021 2542/5521
f 2542/5521 2031/4021 2536/5520
f 2536/5520 2031/4021 2532/5519
f 2532/5519 2031/4021 2526/5518
f 2526/5518 2031/4021 2520/5517
f 2520/5517 2031/4021 2514/5516
f 2514/5516 2031/4021 2508/5515
f 2508/5515 2031/4021 2504/5514
f 2504/5514 2031/4021 2498/5513
f 2498/5513 2031/4021 2492/5512
f 2492/5512 2031/4021 2486/5511
f 2452/5504 2455/5505 2025/5245
f 2025/5245 2455/5505 2031/4021
f 2455/5505 2459/5506 2031/4021
f 2459/5506 2463/5507 2031/4021
f 2463/5507 2469/5508 2031/4021
f 2469/5508 2475/5509 2031/4021
f 2475/5509 2480/5510 2031/4021
f 2031/4021 2480/5510 2486/5511
f 2688/5330 2502/5329 2674/5598
f 2502/5329 2516/5599 2674/5598
f 2674/5598 2516/5599 2650/5597
f 2516/5599 2530/5600 2650/5597
f 2650/5597 2530/5600 2646/5596
f 2530/5600 2548/5601 2646/5596
f 2646/5596 2548/5601 2642/5595
f 2548/5601 2578/5602 2642/5595
f 2642/5595 2578/5602 2638/5594
f 2578/5602 2582/5603 2638/5594
f 2638/5594 2582/5603 2635/5593
f 2582/5603 2586/5604 2635/5593
f 2635/5593 2586/5604 2639/5592
f 2586/5604 2590/5605 2639/5592
f 2639/5592 2590/5605 2643/5591
f 2590/5605 2594/5606 2643/5591
f 2030/4019 2032/4022 2026/5328
f 2643/5591 2594/5606 2647/5590
f 2594/5606 2598/5607 2647/5590
f 2647/5590 2598/5607 2665/5589
f 2598/5607 2602/5608 2665/5589
f 2827/5426 2823/5571 2478/4680
f 2665/5589 2602/5608 2681/5588
f 2602/5608 2606/5609 2681/5588
f 2681/5588 2606/5609 2695/5587
f 2606/5609 2610/5610 2695/5587
f 2823/5571 2819/5572 2478/4680
f 2488/5438 2026/5328 2473/5646
f 2695/5587 2610/5610 2709/5586
f 2610/5610 2614/5611 2709/5586
f 2819/5572 2815/5573 2478/4680
f 2478/4680 2815/5573 2032/4022
f 2815/5573 2811/5574 2032/4022
f 2811/5574 2807/5575 2032/4022
f 2807/5575 2803/5576 2032/4022
f 2803/5576 2799/5577 2032/4022
f 2799/5577 2795/5578 2032/4022
f 2795/5578 2791/5579 2032/4022
f 2791/5579 2787/5580 2032/4022
f 2787/5580 2783/5581 2032/4022
f 2783/5581 2779/5582 2032/4022
f 2779/5582 2757/5583 2032/4022
f 2757/5583 2737/5584 2032/4022
f 2737/5584 2723/5585 2032/4022
f 2723/5585 2709/5586 2032/4022
f 2614/5611 2618/5612 2709/5586
f 2473/5646 2026/5328 2449/5645
f 2618/5612 2622/5613 2709/5586
f 2449/5645 2026/5328 2445/5644
f 2622/5613 2626/5614 2709/5586
f 2445/5644 2026/5328 2441/5643
f 2441/5643 2026/5328 2437/5642
f 2626/5614 2630/5615 2709/5586
f 2437/5642 2026/5328 2434/5641
f 2630/5615 2634/5616 2709/5586
f 2434/5641 2026/5328 2438/5640
f 2634/5616 2631/5617 2709/5586
f 2709/5586 2631/5617 2032/4022
f 2631/5617 2627/5618 2032/4022
f 2627/5618 2623/5619 2032/4022
f 2623/5619 2619/5620 2032/4022
f 2619/5620 2615/5621 2032/4022
f 2615/5621 2611/5622 2032/4022
f 2611/5622 2607/5623 2032/4022
f 2607/5623 2603/5624 2032/4022
f 2603/5624 2599/5625 2032/4022
f 2599/5625 2595/5626 2032/4022
f 2595/5626 2591/5627 2032/4022
f 2591/5627 2587/5628 2032/4022
f 2587/5628 2583/5629 2032/4022
f 2583/5629 2579/5630 2032/4022
f 2579/5630 2557/5631 2032/4022
f 2557/5631 2537/5632 2032/4022
f 2537/5632 2523/5633 2032/4022
f 2523/5633 2509/5634 2032/4022
f 2438/5640 2026/5328 2442/5639
f 2509/5634 2495/5635 2032/4022
f 2442/5639 2026/5328 2446/5638
f 2026/5328 2032/4022 2446/5638
f 2446/5638 2032/4022 2464/5637
f 2464/5637 2032/4022 2481/5636
f 2495/5635 2481/5636 2032/4022
f 2433/4633 1681/4634 2478/4680
f 2478/4680 1681/4634 1684/4679
