# This file uses centimeters as units for non-parametric coordinates.

v 8.637123 -17.341597 16.615631
v 8.637123 -13.400604 15.309874
v 10.502083 -17.341597 16.615631
v 8.513681 -13.253661 15.261501
v 8.513681 -11.840692 14.799236
v 8.537125 -13.253661 15.261501
v 10.502083 -13.328945 15.286133
v 8.637123 -13.328946 15.286132
v 10.502083 -11.840693 14.799236
v 8.637123 -13.253661 15.261501
v 10.502083 -13.328945 16.158743
v 8.637123 -12.986943 16.158741
v 8.637123 -13.328946 16.158743
v 9.354136 -12.986943 16.158743
v 10.502083 -15.437340 19.984987
v 10.502083 -17.341597 19.984987
v 8.637123 -17.341597 20.663641
v 10.502083 -17.341597 20.663641
v 8.637123 -17.341597 20.915070
v 8.637123 -14.268267 18.331245
v 8.637123 -14.395515 18.478455
v 8.741825 -14.395516 18.478455
v 8.637123 -14.006461 18.185970
v 8.637123 -13.816137 17.963135
v 8.741825 -13.816137 17.963135
v 10.502083 -12.986943 16.158743
v 10.502083 -13.328946 19.984987
v 10.502083 -15.010431 19.984987
v 10.502085 -14.738964 19.974396
v 10.502085 -14.088509 19.974396
v 9.668041 -10.706712 14.799236
v 9.668041 -10.706712 15.429861
v 9.670568 -10.693470 14.799236
v 9.671101 -10.690676 14.799242
v 9.459261 -10.774549 15.429861
v 9.447359 -10.763373 15.429861
v 9.542126 -10.674382 15.429861
v 9.436953 -10.750794 15.429861
v 9.472467 -10.784145 15.429861
v 9.428205 -10.737010 15.429861
v 9.486774 -10.792009 15.429861
v 9.421255 -10.722239 15.429861
v 9.501953 -10.798019 15.429861
v 9.416210 -10.706712 15.429861
v 9.517767 -10.802080 15.429861
v 9.671101 -10.690676 15.429861
v 9.413151 -10.690676 15.429861
v 9.533962 -10.804126 15.429861
v 9.412127 -10.674382 15.429861
v 9.550289 -10.804126 15.429861
v 9.413151 -10.658089 15.429861
v 9.566484 -10.802080 15.429861
v 9.416210 -10.642053 15.429861
v 10.502085 -13.949087 19.984989
v 9.582298 -10.798019 15.429861
v 9.421255 -10.626526 15.429861
v 9.597477 -10.792009 15.429861
v 9.428205 -10.611754 15.429861
v 9.611784 -10.784145 15.429861
v 9.436953 -10.597970 15.429861
v 9.624990 -10.774549 15.429861
v 9.447359 -10.585391 15.429861
v 9.636892 -10.763373 15.429861
v 9.459261 -10.574215 15.429861
v 9.647299 -10.750794 15.429861
v 9.472467 -10.564619 15.429861
v 9.656046 -10.737010 15.429861
v 8.637123 -15.096094 20.663639
v 8.637123 -15.437341 20.663639
v 9.356672 -15.096094 20.663639
v 9.486774 -10.556755 15.429861
v 9.662996 -10.722239 15.429861
v 9.501953 -10.550745 15.429861
v 9.517767 -10.546684 15.429861
v 9.533962 -10.544639 15.429861
v 9.672125 -10.674382 15.429861
v 9.550289 -10.544639 15.429861
v 9.671101 -10.658089 15.429861
v 9.566484 -10.546684 15.429861
v 9.668041 -10.642053 15.429861
v 9.582298 -10.550745 15.429861
v 9.662996 -10.626526 15.429861
v 9.597477 -10.556755 15.429861
v 9.656046 -10.611753 15.429861
v 9.611784 -10.564619 15.429861
v 9.647299 -10.597970 15.429861
v 9.624990 -10.574215 15.429861
v 9.636892 -10.585391 15.429861
v 8.637123 -14.908964 20.112099
v 10.502083 -14.908964 20.112099
v 8.637123 -14.907881 20.112452
v 10.502083 -14.893437 20.117144
v 8.637123 -14.893437 20.117144
v 10.502083 -17.341595 24.713680
v 8.637123 -14.852303 20.332781
v 10.502083 -14.852303 20.332781
v 8.637123 -14.864882 20.343187
v 10.502083 -15.437340 20.663641
v 8.513681 -8.949303 14.801680
v 8.513681 -8.522392 14.801679
v 10.502083 -8.949303 14.801680
v 10.502083 -14.864890 20.343193
v 8.637123 -17.341597 24.713682
v 8.637123 -13.937689 20.125965
v 10.502085 -13.937689 20.125965
v 8.637123 -13.934213 20.124329
v 10.502085 -13.930629 20.122643
v 8.637123 -13.922917 20.119015
v 10.502083 -15.096094 20.663641
v 10.502083 -14.738964 19.984987
v 8.637123 -16.097094 23.131994
v 8.637123 -16.224344 23.279205
v 8.741825 -16.224344 23.279205
v 10.502083 -13.875061 20.369884
v 8.637123 -13.875061 20.369884
v 8.637123 -13.862930 20.369122
v 8.637123 -13.858768 20.368860
v 10.502083 -13.858768 20.368860
v 8.637123 -15.835289 22.986717
v 8.637123 -15.644965 22.763882
v 8.741825 -15.644965 22.763882
v 10.502083 -8.522394 14.801681
v 8.637123 -13.516598 20.663641
v 8.637123 -13.760002 20.663641
v 9.729214 -13.760002 20.663641
v 8.741825 -10.261980 17.506044
v 8.741825 -10.270140 17.516130
v 8.741825 -10.252905 17.496355
v 8.741825 -10.242897 17.487078
v 8.741825 -10.231932 17.478304
v 8.741825 -10.277380 17.526621
v 8.741825 -10.283705 17.537508
v 8.741825 -10.219954 17.470140
v 8.741825 -10.206953 17.462595
v 8.741825 -10.289104 17.548807
v 8.741825 -10.293636 17.560335
v 8.741825 -10.192940 17.455660
v 8.741825 -10.177912 17.449335
v 8.741825 -10.297338 17.571939
v 8.741825 -10.300222 17.583635
v 8.741825 -10.161863 17.443636
v 8.741825 -10.144739 17.438677
v 8.741825 -10.302284 17.595392
v 8.741825 -10.303518 17.607233
v 8.741825 -10.105095 17.539827
v 8.741825 -10.303932 17.619150
v 8.741825 -10.303347 17.634325
v 8.741825 -10.210182 17.603739
v 10.502085 -13.922917 20.119015
v 8.741825 -10.211411 17.609995
v 8.741825 -10.301594 17.649065
v 8.741825 -10.298670 17.663370
v 8.741825 -10.191538 17.573984
v 8.741825 -10.197062 17.579645
v 8.741825 -10.184792 17.568666
v 8.741825 -10.201571 17.585520
v 8.741825 -10.205261 17.591494
v 8.741825 -10.176819 17.563692
v 8.741825 -10.208130 17.597567
v 8.741825 -10.167637 17.559053
v 8.741825 -10.157227 17.554766
v 8.741825 -10.145596 17.550821
v 8.741825 -10.132530 17.547358
v 8.741825 -10.211582 17.621752
v 8.741825 -10.126463 17.434626
v 8.741825 -10.018677 17.539660
v 8.741825 -10.211815 17.616358
v 8.741825 -10.294580 17.677233
v 8.741825 -10.289326 17.690653
v 8.741825 -10.107037 17.431475
v 8.741825 -10.086464 17.429224
v 8.741825 -10.210869 17.626993
v 8.741825 -10.208006 17.636942
v 8.741825 -10.209675 17.632051
v 8.741825 -10.064739 17.427874
v 8.741825 -10.026182 17.534342
v 8.741825 -10.282898 17.703630
v 8.741825 -10.275394 17.715960
v 8.741825 -10.205858 17.641657
v 8.741825 -10.041862 17.427423
v 8.741825 -10.117805 17.544527
v 8.741825 -10.203238 17.646204
v 8.741825 -10.101809 17.542383
v 8.741825 -10.019167 17.427896
v 8.741825 -10.101452 17.542025
v 8.741825 -10.101067 17.541971
v 8.741825 -10.096554 17.545542
v 8.741825 -10.200115 17.650522
v 8.741825 -10.196457 17.654551
v 8.741825 -10.088606 17.551126
v 8.741825 -10.083027 17.540400
v 8.741825 -9.997498 17.429300
v 8.741825 -10.257381 17.738115
v 8.741825 -10.266884 17.727457
v 8.741825 -10.081608 17.556910
v 8.741825 -10.192259 17.658297
v 8.741825 -10.075569 17.562906
v 8.741825 -10.063326 17.539454
v 8.741825 -9.976864 17.431643
v 8.741825 -10.001677 17.540636
v 8.741825 -10.235394 17.756884
v 8.741825 -10.187536 17.661753
v 8.741825 -10.070477 17.569109
v 8.741825 -10.182274 17.664934
v 8.741825 -10.041964 17.539148
v 8.741825 -10.066339 17.575525
v 8.741825 -9.957270 17.434931
v 8.741825 -9.983850 17.542505
v 8.741825 -10.246883 17.747919
v 8.741825 -10.062990 17.582033
v 8.741825 -10.021219 17.539515
v 8.741825 -10.209484 17.772066
v 8.741825 -10.176476 17.667818
v 8.741825 -10.020170 17.538614
v 8.741825 -10.170120 17.670336
v 8.741825 -9.938705 17.439157
v 8.741825 -9.967539 17.545122
v 8.741825 -10.018894 17.539652
v 8.741825 -10.008850 17.548197
v 8.741825 -10.060246 17.588526
v 8.741825 -10.014242 17.543245
v 8.741825 -10.180056 17.782335
v 8.741825 -10.163177 17.672388
v 8.741825 -9.921173 17.444323
v 8.741825 -9.952740 17.548487
v 8.741825 -10.058105 17.594995
v 8.741825 -9.999043 17.559084
v 8.741825 -10.222898 17.765009
v 8.741825 -10.155636 17.673998
v 8.741825 -10.003780 17.553476
v 8.741825 -10.056581 17.601442
v 8.741825 -9.990545 17.571138
v 8.741825 -9.904663 17.450274
v 8.741825 -10.055668 17.607882
v 8.741825 -10.147181 17.787470
v 8.741825 -10.147503 17.675135
v 8.741825 -10.138783 17.675821
v 8.741825 -9.994621 17.565012
v 8.741825 -10.055361 17.614298
v 8.741825 -9.983416 17.583635
v 8.637123 -8.608177 16.161184
v 8.637123 -8.949303 16.161186
v 9.357079 -8.608177 16.161186
v 8.741825 -9.889147 17.456888
v 8.741825 -9.939449 17.552599
v 8.741825 -10.055552 17.619913
v 8.741825 -9.977671 17.596422
v 8.741825 -10.195202 17.777849
v 8.741825 -10.111395 17.787561
v 8.741825 -10.129471 17.676058
v 8.741825 -10.056128 17.625353
v 8.741825 -9.973312 17.609362
v 8.741825 -9.986809 17.577341
v 8.741825 -10.120426 17.675814
v 8.741825 -9.874628 17.464144
v 8.741825 -9.927519 17.557337
v 8.741825 -10.057076 17.630594
v 8.741825 -9.970402 17.621477
v 8.741825 -10.058414 17.635645
v 8.741825 -9.968946 17.632586
v 8.741825 -10.078678 17.783197
v 8.741825 -10.112055 17.675104
v 8.741825 -9.980373 17.589991
v 8.741825 -10.104342 17.673906
v 8.741825 -10.060129 17.640505
v 8.741825 -9.969236 17.651773
v 8.741825 -10.062222 17.645174
v 8.741825 -9.861097 17.472063
v 8.741825 -9.916773 17.562601
v 8.741825 -10.164049 17.785540
v 8.741825 -10.050478 17.774462
v 8.741825 -10.097301 17.672243
v 8.741825 -10.064768 17.649599
v 8.741825 -9.972988 17.678370
v 8.741825 -10.067829 17.653749
v 8.741825 -10.090919 17.670092
v 8.741825 -9.975311 17.602945
v 8.741825 -10.075493 17.661188
v 8.741825 -9.980497 17.703043
v 8.741825 -10.071404 17.657610
v 8.741825 -10.026752 17.761499
v 8.741825 -10.085211 17.667475
v 8.741825 -10.080097 17.664469
v 8.741825 -9.991808 17.725641
v 8.741825 -9.848574 17.480616
v 8.741825 -9.907207 17.568369
v 8.741825 -10.007208 17.745180
v 8.741825 -9.971678 17.615541
v 8.741825 -9.837036 17.489840
v 8.741825 -9.969490 17.627153
v 8.741825 -10.129450 17.788118
v 8.741825 -9.898842 17.574663
v 8.741825 -9.826477 17.499598
v 8.741825 -9.968760 17.637774
v 8.741825 -9.891657 17.581476
v 8.741825 -9.816849 17.509798
v 8.741825 -10.094471 17.785929
v 8.637123 -13.489085 20.663641
v 10.502083 -13.489081 20.663641
v 8.637123 -13.482854 20.663639
v 8.741825 -9.970642 17.665316
v 8.741825 -9.808159 17.520441
v 10.502083 -14.088509 19.984989
v 8.741825 -9.885656 17.588808
v 8.741825 -9.976271 17.690950
v 8.741825 -10.064014 17.779375
v 8.741825 -9.800407 17.531519
v 10.502083 -8.577130 15.775515
v 8.637123 -8.577130 15.775515
v 8.637123 -8.574038 15.783326
v 8.741825 -9.880705 17.596544
v 8.741825 -9.793600 17.543047
v 8.741825 -9.985657 17.714670
v 8.741825 -10.038071 17.768457
v 8.637123 -8.571121 15.790693
v 10.502083 -8.571120 15.790693
v 8.741825 -9.998995 17.735811
v 8.741825 -10.016464 17.753740
v 8.741825 -9.876656 17.604586
v 8.741825 -9.787725 17.555010
v 10.502083 -14.088509 20.120026
v 8.741825 -9.873505 17.612940
v 8.741825 -9.778725 17.579760
v 8.741825 -9.782774 17.567286
v 8.741825 -9.871256 17.621599
v 8.741825 -9.775574 17.592424
v 8.741825 -9.869904 17.630564
v 8.741825 -9.771973 17.618319
v 8.741825 -9.869450 17.639841
v 8.741825 -9.771519 17.631563
v 8.741825 -9.773325 17.605272
v 8.741825 -9.869759 17.646967
v 8.741825 -9.772028 17.648188
v 8.741825 -9.870676 17.654085
v 8.741825 -9.872208 17.661219
v 8.741825 -9.773552 17.664049
v 8.741825 -9.874359 17.668344
v 8.741825 -9.779642 17.693476
v 8.741825 -9.877117 17.675470
v 8.741825 -9.784214 17.707041
v 8.741825 -9.880484 17.682596
v 8.741825 -9.789795 17.719843
v 10.502083 -13.951473 20.134712
v 8.741825 -9.884243 17.689470
v 8.741825 -9.796070 17.731890
v 8.741825 -9.888153 17.695856
v 8.741825 -9.802711 17.743204
v 8.741825 -9.892208 17.701738
v 8.741825 -9.809711 17.753801
v 8.741825 -9.896429 17.707117
v 8.741825 -9.817078 17.763666
v 8.741825 -9.900795 17.712000
v 8.741825 -9.824808 17.772806
v 8.741825 -9.905312 17.716394
v 8.741825 -9.832897 17.781221
v 8.741825 -9.776091 17.679148
v 10.502083 -13.963938 20.145023
v 10.502085 -13.940886 20.127995
v 10.502083 -13.919608 20.117939
v 10.502083 -13.908090 20.114197
v 10.502083 -13.997257 20.196072
v 10.502083 -13.998698 20.199713
v 10.502083 -14.088509 20.150471
v 10.502085 -13.891355 20.110910
v 10.502083 -13.896228 20.111839
v 10.502083 -14.002758 20.215525
v 10.502085 -13.884459 20.110476
v 8.637123 -13.388711 20.852903
v 8.637123 -13.388711 20.675390
v 10.502085 -13.388710 20.852896
v 10.502083 -14.004805 20.231722
v 10.502085 -13.862544 20.110672
v 10.502085 -13.873183 20.110003
v 10.502083 -14.004805 20.248047
v 10.502085 -13.845420 20.113457
v 10.502085 -13.853094 20.111992
v 10.502083 -14.002758 20.264244
v 10.502085 -13.836377 20.116034
v 10.502085 -13.839735 20.114943
v 10.502085 -13.835588 20.116291
v 10.502083 -13.999584 20.276608
v 10.502081 -14.048825 20.453207
v 10.502081 -14.088509 20.453207
v 8.637123 -9.515236 17.445650
v 8.637123 -9.387986 17.592859
v 8.741825 -9.387985 17.592859
v 10.502083 -8.949303 16.161186
v 10.502083 -13.998540 20.280455
v 10.502083 -13.996688 20.285133
v 10.502081 -14.047663 20.453207
v 10.502083 -13.996472 20.285679
v 10.502083 -14.045685 20.453207
v 10.502085 -13.827205 20.119015
v 10.502085 -13.812433 20.125965
v 10.502085 -13.798649 20.134712
v 8.637123 -9.706187 17.960970
v 8.637123 -9.833436 18.108179
v 8.741825 -9.833437 18.108179
v 8.637123 -12.816930 20.496616
v 10.502083 -12.816930 20.496616
v 8.637123 -12.805698 20.498758
v 8.637123 -12.800894 20.499676
v 10.502085 -13.786070 20.145119
v 10.502083 -13.774895 20.157021
v 10.502083 -13.765298 20.170227
v 8.637123 -17.341597 25.237234
v 8.637123 -17.341597 24.746185
v 10.502085 -17.341593 25.237234
v 10.502083 -13.764194 20.172235
v 10.502083 -13.758684 20.182261
v 10.502083 -13.489082 20.208786
v 8.637123 -9.444383 17.815697
v 8.637123 -9.254059 17.592859
v 8.741825 -9.254059 17.592859
v 10.502083 -13.745494 20.230330
v 10.502083 -13.747101 20.217606
v 10.502081 -13.388707 20.663633
v 10.502083 -12.816930 20.754566
v 8.637123 -12.816930 20.754566
v 8.637123 -12.805698 20.752422
v 8.637123 -12.800894 20.751507
v 10.502083 -12.800894 20.751507
v 8.637123 -12.744232 20.720356
v 10.502083 -12.744232 20.720356
v 8.637123 -12.756811 20.730762
v 10.502083 -13.328946 20.208784
v 8.637123 -8.949303 19.158405
v 10.502083 -8.608177 16.161186
v 10.502083 -12.800894 20.499676
v 10.502083 -12.956861 20.585419
v 8.637123 -11.280316 20.035444
v 8.637123 -11.280316 19.398922
v 10.502083 -11.280319 20.035446
v 9.459261 -6.995698 15.315950
v 9.447359 -6.984523 15.315950
v 9.542126 -6.895532 15.315950
v 9.436953 -6.971944 15.315950
v 9.472467 -7.005294 15.315950
v 9.428205 -6.958159 15.315950
v 9.486774 -7.013159 15.315950
v 9.421255 -6.943388 15.315950
v 9.501953 -7.019169 15.315950
v 9.416210 -6.927861 15.315950
v 10.502083 -12.756811 20.730762
v 10.502083 -12.755373 20.729574
v 9.517767 -7.023229 15.315950
v 9.413151 -6.911825 15.315950
v 9.533962 -7.025275 15.315950
v 9.412127 -6.895532 15.315950
v 9.550289 -7.025275 15.315950
v 10.502083 -12.953583 20.577141
v 9.413151 -6.879238 15.315950
v 9.566484 -7.023229 15.315950
v 9.416210 -6.863202 15.315950
v 9.582298 -7.019169 15.315950
v 9.421255 -6.847675 15.315950
v 9.597477 -7.013159 15.315950
v 9.428205 -6.832904 15.315950
v 9.611784 -7.005294 15.315950
v 9.436953 -6.819119 15.315950
v 8.637123 -11.855982 20.532696
v 10.502083 -11.855982 20.532696
v 8.637123 -11.843403 20.522289
v 9.624990 -6.995698 15.315950
v 9.447359 -6.806540 15.315950
v 9.636892 -6.984523 15.315950
v 9.459261 -6.795365 15.315950
v 9.647299 -6.971944 15.315950
v 9.472467 -6.785769 15.315950
v 9.656046 -6.958159 15.315950
v 9.486774 -6.777904 15.315950
v 9.662996 -6.943388 15.315950
v 9.501953 -6.771894 15.315950
v 10.502083 -12.959559 20.595932
v 9.668041 -6.927861 15.315950
v 9.517767 -6.767834 15.315950
v 9.671101 -6.911825 15.315950
v 9.533962 -6.765788 15.315950
v 9.672125 -6.895532 15.315950
v 10.502083 -12.962840 20.634756
v 10.502083 -12.961185 20.647854
v 9.550289 -6.765788 15.315950
v 9.671101 -6.879238 15.315950
v 9.566484 -6.767834 15.315950
v 9.668041 -6.863202 15.315950
v 9.582298 -6.771894 15.315950
v 9.662996 -6.847675 15.315950
v 9.597477 -6.777904 15.315950
v 9.656046 -6.832903 15.315950
v 9.611784 -6.785769 15.315950
v 9.647299 -6.819119 15.315950
v 9.624990 -6.795365 15.315950
v 9.636892 -6.806540 15.315950
v 10.502083 -12.948964 20.684374
v 10.502083 -12.943198 20.694862
v 10.502081 -11.280318 20.208784
v 8.637123 -11.280317 20.112452
v 8.637123 -10.657119 19.513897
v 10.502083 -10.657119 19.513897
v 8.637123 -10.644540 19.503490
v 10.502083 -12.929950 20.712120
v 10.502083 -12.924001 20.718454
v 8.637123 -11.280316 20.208784
v 8.637123 -11.814847 20.748333
v 10.502083 -11.814847 20.748333
v 8.637123 -11.829618 20.741381
v 10.502083 -10.691765 19.648834
v 8.637123 -10.691765 19.648834
v 8.637123 -10.688415 19.657297
v 10.502083 -12.893678 20.740534
v 10.502083 -12.886140 20.744081
v 8.637123 -10.685755 19.664013
v 10.502083 -10.685755 19.664013
v 8.637123 -11.649364 20.682812
v 10.502083 -11.649364 20.682812
v 8.637123 -11.651639 20.686953
v 10.502083 -11.653814 20.690908
v 8.637123 -11.657228 20.697119
v 10.502083 -11.850545 20.528196
v 10.502083 -11.843403 20.522289
v 8.637123 -11.063998 20.208784
v 8.637123 -11.063998 20.812916
v 10.502083 -11.064002 20.208784
v 10.502083 -15.437341 24.713680
v 10.502083 -12.629813 20.852900
v 10.502083 -12.629813 20.902550
v 10.502083 -12.801864 20.852900
v 8.637123 -17.341597 19.984985
v 10.502083 -10.650082 19.508074
v 10.502083 -10.644540 19.503490
v 10.502083 -11.829618 20.741381
v 10.502083 -11.826880 20.742670
v 10.502083 -11.816756 20.747433
v 9.390471 -16.433582 26.456966
v 9.378571 -16.422407 26.456966
v 8.513681 -17.341597 26.456966
v 9.403679 -16.443178 26.456966
v 9.417986 -16.451044 26.456966
v 9.433165 -16.457054 26.456966
v 9.436434 -16.457893 26.456966
v 10.502083 -11.650851 20.208782
v 9.455063 -11.650851 20.208784
v 9.378571 -16.422407 25.827223
v 9.390471 -16.433582 25.827223
v 9.473337 -16.333416 25.827223
v 9.368164 -16.409828 25.827223
v 9.403679 -16.443178 25.827223
v 9.359417 -16.396044 25.827223
v 9.417986 -16.451044 25.827223
v 9.352465 -16.381271 25.827223
v 9.433165 -16.457054 25.827223
v 9.347422 -16.365746 25.827223
v 8.513681 -15.437341 26.456966
v 9.448977 -16.461113 25.827223
v 9.344362 -16.349709 25.827223
v 9.465174 -16.463160 25.827223
v 9.343336 -16.333416 25.827223
v 9.481501 -16.463160 25.827223
v 9.344362 -16.317123 25.827223
v 9.497696 -16.461113 25.827223
v 10.502083 -17.341593 26.456966
v 9.347422 -16.301086 25.827223
v 9.513510 -16.457054 25.827223
v 9.352465 -16.285561 25.827223
v 9.528688 -16.451044 25.827223
v 10.502083 -11.657228 20.697119
v 9.359417 -16.270788 25.827223
v 9.542994 -16.443178 25.827223
v 9.368164 -16.257004 25.827223
v 9.556202 -16.433582 25.827223
v 9.378571 -16.244425 25.827223
v 9.568102 -16.422407 25.827223
v 9.390471 -16.233250 25.827223
v 9.578508 -16.409828 25.827223
v 9.403679 -16.223654 25.827223
v 9.587255 -16.396044 25.827223
v 9.417986 -16.215788 25.827223
v 9.594208 -16.381271 25.827223
v 9.433165 -16.209778 25.827223
v 9.599253 -16.365746 25.827223
v 9.448977 -16.205719 25.827223
v 9.602312 -16.349709 25.827223
v 9.465174 -16.203672 25.827223
v 9.603336 -16.333416 25.827223
v 9.481501 -16.203672 25.827223
v 9.602312 -16.317123 25.827223
v 9.497696 -16.205719 25.827223
v 9.599253 -16.301086 25.827223
v 9.513510 -16.209778 25.827223
v 9.594208 -16.285561 25.827223
v 9.528688 -16.215788 25.827223
v 9.587255 -16.270788 25.827223
v 9.542994 -16.223654 25.827223
v 9.578508 -16.257004 25.827223
v 9.556202 -16.233250 25.827223
v 9.568102 -16.244425 25.827223
v 10.502083 -11.280315 19.356792
v 10.502083 -11.064000 20.035446
v 8.537125 -12.805698 15.261501
v 8.513681 -12.805698 15.261501
v 8.637123 -12.805698 15.261501
v 10.502083 -11.776444 20.498056
v 10.502083 -11.777756 20.498138
v 10.502083 -11.650851 20.404751
v 10.502083 -11.772517 20.497808
v 10.502083 -13.388709 24.085487
v 10.502083 -11.758098 20.498020
v 10.502083 -11.766061 20.497520
v 10.502083 -11.737913 20.500925
v 10.502083 -11.748379 20.498928
v 10.502083 -11.705068 20.513210
v 10.502083 -11.715939 20.508095
v 8.637123 -14.973623 25.005518
v 10.502083 -14.973623 25.005518
v 8.637123 -14.964401 25.003759
v 10.502083 -14.957587 25.002459
v 8.637123 -14.957587 25.002459
v 9.599394 -16.301828 26.456966
v 8.637123 -9.425483 19.505360
v 10.502083 -9.425483 19.505360
v 8.637123 -9.412904 19.515766
v 10.502083 -11.667388 20.543995
v 10.502083 -11.676486 20.534307
v 10.502083 -11.665277 20.546726
v 10.502083 -11.663003 20.549856
v 10.502083 -11.783484 20.756397
v 10.502083 -11.783336 20.756426
v 10.502083 -11.979358 20.850668
v 8.637123 -14.852303 25.036669
v 10.502083 -14.852303 25.036669
v 8.637123 -14.841127 25.048569
v 9.368164 -16.409828 26.456966
v 8.637123 -9.534225 19.736448
v 10.502083 -9.534225 19.736448
v 8.637123 -9.549751 19.731403
v 9.359417 -16.396044 26.456966
v 9.352465 -16.381271 26.456966
v 9.347422 -16.365746 26.456966
v 9.344362 -16.349709 26.456966
v 10.502083 -11.979358 20.852901
v 10.502085 -11.668967 20.852901
v 9.343336 -16.333416 26.456966
v 10.502083 -11.650726 20.569630
v 10.502083 -11.657207 20.557840
v 10.502081 -15.437341 25.234587
v 9.344362 -16.317123 26.456966
v 10.502085 -11.979358 20.902550
v 9.448977 -16.461113 26.456966
v 9.347422 -16.301086 26.456966
v 9.465174 -16.463160 26.456966
v 9.481501 -16.463160 26.456966
v 8.637123 -9.374198 19.634892
v 10.502083 -9.374198 19.634892
v 8.637123 -9.374657 19.636681
v 9.352465 -16.285561 26.456966
v 10.502083 -9.377647 19.648329
v 8.637123 -9.378258 19.650705
v 9.497696 -16.461113 26.456966
v 9.359417 -16.270788 26.456966
v 8.637123 -14.973623 25.257351
v 10.502083 -14.973623 25.257351
v 8.637123 -14.989150 25.252306
v 9.602312 -16.317123 26.456966
v 9.513510 -16.457054 26.456966
v 9.599253 -16.301086 26.456966
v 10.502083 -11.783284 20.756435
v 9.368164 -16.257004 26.456966
v 8.637123 -9.401729 19.693398
v 10.502083 -9.401729 19.693398
v 8.637123 -9.412904 19.705299
v 10.502083 -11.766991 20.757462
v 9.528688 -16.451044 26.456966
v 8.637123 -14.957587 25.260408
v 10.502083 -14.957587 25.260410
v 10.502085 -11.750697 20.756435
v 9.378571 -16.244425 26.456966
v 9.542994 -16.443178 26.456966
v 10.502085 -11.734661 20.753376
v 8.637123 -14.941294 25.261435
v 10.502083 -14.941294 25.261435
v 10.502085 -11.719134 20.748333
v 9.390471 -16.233250 26.456966
v 9.556202 -16.433582 26.456966
v 10.502085 -11.704363 20.741381
v 10.502085 -11.690578 20.732634
v 10.502085 -11.687687 20.730242
v 10.502083 -11.677999 20.722227
v 10.502083 -11.668413 20.712019
v 9.403679 -16.223654 26.456966
v 9.568102 -16.422407 26.456966
v 9.417986 -16.215788 26.456966
v 9.578508 -16.409828 26.456966
v 9.433165 -16.209778 26.456966
v 9.587255 -16.396044 26.456966
v 9.448977 -16.205719 26.456966
v 9.594208 -16.381271 26.456966
v 9.465174 -16.203672 26.456966
v 9.599253 -16.365746 26.456966
v 9.481501 -16.203672 26.456966
v 9.497696 -16.205719 26.456966
v 9.602312 -16.349709 26.456966
v 9.513510 -16.209778 26.456966
v 9.603336 -16.333416 26.456966
v 10.502083 -11.639501 20.602295
v 10.502083 -11.642448 20.590816
v 10.502083 -11.063999 20.852903
v 10.502083 -11.643081 20.666573
v 10.502083 -11.639754 20.653616
v 8.637123 -9.049112 20.035446
v 8.637123 -9.385154 20.035446
v 9.866428 -9.385154 20.035446
v 10.502083 -15.437339 26.456964
v 8.637123 -8.949304 19.356792
v 8.637123 -8.949304 19.993313
v 10.502083 -8.949325 19.356792
v 8.637123 -11.863232 23.092741
v 8.637123 -11.990480 23.239952
v 8.741825 -11.990481 23.239952
v 8.513681 -11.840692 15.261501
v 10.502083 -9.424050 19.506546
v 10.502083 -9.414794 19.514202
v 10.502083 -9.412904 19.515766
v 8.637123 -11.601426 22.947464
v 8.637123 -11.411102 22.724628
v 8.741825 -11.411102 22.724628
v 10.502083 -9.544583 19.733084
v 10.502083 -9.549751 19.731403
v 10.502083 -14.841127 25.048569
v 10.502083 -11.668964 24.085487
v 10.502083 -9.374657 19.636679
v 10.502083 -14.989150 25.252306
v 10.502083 -14.989122 25.252314
v 10.502083 -14.976180 25.256519
v 10.502083 -9.378258 19.650705
v 10.502083 -14.962946 25.259388
v 10.502083 -9.402134 19.693829
v 10.502083 -9.411243 19.703529
v 10.502083 -9.412904 19.705299
v 10.502083 -14.949644 25.260908
v 8.637123 -9.015369 20.035446
v 10.502081 -9.015378 20.035444
v 8.637123 -14.482386 17.587761
v 8.637123 -15.181471 17.587761
v 8.741825 -15.181471 17.587761
v 8.741825 -14.482386 17.587761
v 9.594208 -16.285561 26.456966
v 9.528688 -16.215788 26.456966
v 9.587255 -16.270788 26.456966
v 9.542994 -16.223654 26.456966
v 9.578508 -16.257004 26.456966
v 9.556202 -16.233250 26.456966
v 9.568102 -16.244425 26.456966
v 10.502083 -9.554573 19.491930
v 10.502083 -9.564456 19.496582
v 10.502083 -9.554271 19.356792
v 8.637123 -15.181471 18.338512
v 8.741824 -15.181471 18.338512
v 8.637123 -13.858768 25.004330
v 10.502083 -13.858768 25.004330
v 8.637123 -13.858636 25.004354
v 10.502083 -13.842731 25.007389
v 8.637123 -13.842731 25.007389
v 8.637123 -8.905614 20.211227
v 8.637123 -8.608177 20.211227
v 9.477533 -8.608177 20.211227
v 8.637123 -13.975228 25.216169
v 10.502083 -13.975227 25.216169
v 8.637123 -13.984824 25.202961
v 10.502083 -15.068912 25.156101
v 10.502083 -15.065647 25.168819
v 10.502083 -12.801866 24.085487
v 8.637123 -8.949304 20.211226
v 10.502083 -8.949312 20.211226
v 10.502083 -15.049401 25.203369
v 10.502083 -15.042417 25.212982
v 10.502083 -15.027738 25.228308
v 10.502083 -15.021152 25.233755
v 8.741825 -15.068546 18.238213
v 8.741825 -15.068546 17.688065
v 8.637123 -15.068546 18.238213
v 8.637123 -15.068546 17.688065
v 8.637123 -14.482386 17.183083
v 8.741824 -14.482386 17.183083
v 8.741825 -14.395516 17.688065
v 10.502083 -13.858768 25.262280
v 8.637123 -13.875061 25.263304
v 8.637123 -13.869982 25.262985
v 10.502083 -9.460577 19.487537
v 10.502083 -9.461922 19.487101
v 10.502083 -9.456372 19.488903
v 8.637123 -13.858768 25.262280
v 10.502083 -9.442315 19.495178
v 10.502083 -9.450235 19.491451
v 8.637123 -14.395516 17.688065
v 8.637123 -14.801273 17.775948
v 8.637123 -14.807970 17.782730
v 8.741825 -14.807970 17.782730
v 8.741825 -14.801273 17.775948
v 8.637123 -14.794287 17.769554
v 8.741825 -14.794287 17.769554
v 8.637123 -14.814377 17.789894
v 8.741825 -14.814377 17.789894
v 8.637123 -14.820494 17.797440
v 8.741825 -14.820494 17.797440
v 8.637123 -14.826328 17.805374
v 8.741825 -14.826328 17.805374
v 8.637123 -14.831873 17.813690
v 8.741825 -14.831873 17.813690
v 8.637123 -14.837080 17.822395
v 8.741825 -14.837080 17.822395
v 8.637123 -14.841873 17.831505
v 8.741825 -14.841873 17.831505
v 8.637123 -14.846273 17.841011
v 8.741825 -14.846273 17.841011
v 8.637123 -14.850266 17.850929
v 8.741825 -14.850266 17.850929
v 8.637123 -14.853859 17.861244
v 8.741825 -14.853859 17.861244
v 8.637123 -14.857038 17.871964
v 8.741825 -14.857038 17.871964
v 8.637123 -9.015368 20.732132
v 8.637123 -9.015368 20.243565
v 10.502081 -9.015371 20.732124
v 10.502083 -9.499001 19.740351
v 10.502083 -9.491306 19.739866
v 10.502083 -9.385154 19.828104
v 8.637123 -14.859783 17.883102
v 8.741825 -14.859783 17.883102
v 10.502083 -9.481978 19.738817
v 10.502083 -9.471693 19.736855
v 8.637123 -14.862024 17.894684
v 8.741825 -14.862024 17.894684
v 10.502083 -9.450171 19.729584
v 10.502083 -9.439476 19.724552
v 10.502083 -9.429484 19.718245
v 10.502083 -9.425483 19.715706
v 8.637123 -14.863770 17.906700
v 8.741825 -14.863770 17.906700
v 8.637123 -14.717045 17.826103
v 8.741825 -14.717045 17.826103
v 8.637123 -14.865011 17.919167
v 8.741825 -14.865011 17.919167
v 8.637123 -14.865755 17.932068
v 8.741825 -14.865755 17.932068
v 8.637123 -14.866011 17.945412
v 8.741825 -14.866011 17.945412
v 8.637123 -14.865520 17.962196
v 8.741825 -14.865520 17.962196
v 8.741825 -14.395516 17.447815
v 8.637123 -14.864052 17.978554
v 8.741825 -14.864052 17.978554
v 8.637123 -14.723976 17.834015
v 8.741825 -14.723976 17.834015
v 8.637123 -14.730494 17.842117
v 8.741825 -14.730494 17.842117
v 8.637123 -14.736618 17.850410
v 8.741825 -14.736618 17.850410
v 8.637123 -14.742334 17.858894
v 8.741825 -14.742334 17.858894
v 10.502083 -9.372991 19.595728
v 10.502083 -9.373150 19.594469
v 8.637123 -14.747652 17.867569
v 8.741825 -14.747652 17.867569
v 10.502083 -9.372449 19.600016
v 8.637123 -14.752563 17.876450
v 8.741825 -14.752563 17.876450
v 8.637123 -14.861610 17.994465
v 8.741825 -14.861610 17.994465
v 10.502083 -9.372151 19.615313
v 10.502083 -9.372151 19.606586
v 8.637123 -14.756887 17.885490
v 8.741825 -14.756887 17.885490
v 8.637123 -14.760418 17.894684
v 8.741825 -14.760418 17.894684
v 8.637123 -14.763170 17.904037
v 8.741825 -14.763170 17.904037
v 8.637123 -14.858191 18.009933
v 8.741825 -14.858191 18.009933
v 10.502083 -9.421252 19.712206
v 8.637123 -14.765135 17.913528
v 8.741825 -14.765135 17.913528
v 8.637123 -14.766314 17.923187
v 8.741825 -14.766314 17.923187
v 8.637123 -9.015368 20.855345
v 8.637123 -9.015368 20.739782
v 10.502085 -9.015368 20.855337
v 10.502083 -9.385154 20.035446
v 8.637123 -14.853804 18.024960
v 8.741825 -14.853804 18.024960
v 8.637123 -14.766701 17.932999
v 8.741825 -14.766701 17.932999
v 10.502083 -14.923881 25.260195
v 10.502083 -14.911808 25.257893
v 8.637123 -14.766521 17.940865
v 8.741825 -14.766521 17.940865
v 8.637123 -14.395516 17.447815
v 10.502083 -14.092397 26.456964
v 8.513681 -14.092395 26.456968
v 8.637123 -14.765976 17.948357
v 8.741825 -14.765976 17.948357
v 10.502083 -13.981596 25.207405
v 10.502083 -13.984824 25.202961
v 8.637123 -14.848425 18.039555
v 8.741825 -14.848425 18.039555
v 8.637123 -14.765066 17.955498
v 8.741825 -14.765066 17.955498
v 8.637123 -14.763790 17.962273
v 8.741825 -14.763790 17.962273
v 8.637123 -14.842129 18.053452
v 8.741825 -14.842129 18.053452
v 8.637123 -14.762156 17.968678
v 8.741825 -14.762156 17.968678
v 8.637123 -14.760149 17.974728
v 8.741825 -14.760149 17.974728
v 8.637123 -14.757784 17.980366
v 8.741825 -14.757784 17.980366
v 8.637123 -14.834942 18.066410
v 8.741825 -14.834942 18.066410
v 8.637123 -14.755058 17.985569
v 8.741825 -14.755058 17.985569
v 8.637123 -14.751963 17.990326
v 8.741825 -14.751963 17.990326
v 8.637123 -14.826874 18.078430
v 8.741825 -14.826874 18.078430
v 8.637123 -14.748507 17.994644
v 8.741825 -14.748507 17.994644
v 8.637123 -14.744680 17.998528
v 8.741825 -14.744680 17.998528
v 8.637123 -14.637735 17.880585
v 8.637123 -14.637970 17.897804
v 8.741825 -14.637970 17.897804
v 8.741825 -14.637735 17.880585
v 8.637123 -14.740494 18.001968
v 8.741825 -14.740494 18.001968
v 8.637123 -14.817928 18.089512
v 8.741825 -14.817928 18.089512
v 8.637123 -14.735956 18.004913
v 8.741825 -14.735956 18.004913
v 8.637123 -14.638659 17.913605
v 8.741825 -14.638659 17.913605
v 8.637123 -14.731073 18.007324
v 8.741825 -14.731073 18.007324
v 10.502083 -13.875061 25.263304
v 8.637123 -14.725838 18.009209
v 8.741825 -14.725838 18.009209
v 8.637123 -14.808100 18.099655
v 8.741825 -14.808100 18.099655
v 8.637123 -14.639805 17.928001
v 8.741825 -14.639805 17.928001
v 8.637123 -14.550838 17.880585
v 8.741825 -14.550838 17.880585
v 8.637123 -14.720266 18.010548
v 8.741825 -14.720266 18.010548
v 8.637123 -14.714348 18.011353
v 8.741825 -14.714348 18.011353
v 8.637123 -14.641418 17.940964
v 8.741825 -14.641418 17.940964
v 8.513681 -11.280316 15.261501
v 8.513681 -11.280316 14.799237
v 8.637123 -14.708080 18.011623
v 8.741825 -14.708080 18.011623
v 8.637123 -14.797390 18.108864
v 8.741825 -14.797390 18.108864
v 8.637123 -14.643486 17.952515
v 8.741825 -14.643486 17.952515
v 8.637123 -14.700901 18.011333
v 8.741825 -14.700901 18.011333
v 8.637123 -14.646011 17.962654
v 8.741825 -14.646011 17.962654
v 8.637123 -14.694059 18.010471
v 8.741825 -14.694059 18.010471
v 10.502083 -8.949334 20.035444
v 8.637123 -14.687563 18.009037
v 8.741825 -14.687563 18.009037
v 8.637123 -14.648983 17.971581
v 8.741825 -14.648983 17.971581
v 8.637123 -14.785852 18.116871
v 8.741825 -14.785852 18.116871
v 8.637123 -14.681417 18.007023
v 8.741825 -14.681417 18.007023
v 8.637123 -14.652376 17.979511
v 8.741825 -14.652376 17.979511
v 8.637123 -14.675611 18.004436
v 8.741825 -14.675611 18.004436
v 8.637123 -14.656183 17.986443
v 8.741825 -14.656183 17.986443
v 8.637123 -14.670149 18.001278
v 8.741825 -14.670149 18.001278
v 8.637123 -14.660418 17.992390
v 8.741825 -14.660418 17.992390
v 8.637123 -14.665073 17.997326
v 8.741825 -14.665073 17.997326
v 8.637123 -14.550611 17.894760
v 8.741825 -14.550611 17.894760
v 8.637123 -14.773521 18.123421
v 8.741825 -14.773521 18.123421
v 9.378571 -13.922975 25.870897
v 9.390471 -13.934151 25.870897
v 9.473337 -13.833983 25.870897
v 9.368164 -13.910396 25.870897
v 9.403679 -13.943747 25.870897
v 9.359417 -13.896611 25.870897
v 9.417986 -13.951611 25.870897
v 9.352465 -13.881840 25.870897
v 9.433165 -13.957621 25.870897
v 9.347422 -13.866313 25.870897
v 9.448977 -13.961681 25.870897
v 8.637123 -14.549921 17.907860
v 8.741825 -14.549921 17.907860
v 9.344362 -13.850277 25.870897
v 9.465174 -13.963727 25.870897
v 9.343336 -13.833983 25.870897
v 8.637123 -14.760410 18.128521
v 8.741825 -14.760410 18.128521
v 9.481501 -13.963727 25.870897
v 8.637123 -14.548769 17.919899
v 8.741825 -14.548769 17.919899
v 9.344362 -13.817690 25.870897
v 9.497696 -13.961681 25.870897
v 9.347422 -13.801654 25.870897
v 9.513510 -13.957621 25.870897
v 8.637123 -14.746513 18.132153
v 8.741825 -14.746513 18.132153
v 8.637123 -14.547163 17.930847
v 8.741825 -14.547163 17.930847
v 9.352465 -13.786127 25.870897
v 8.637123 -14.397045 17.783348
v 8.637123 -14.472218 17.845413
v 8.741825 -14.472218 17.845413
v 8.741825 -14.397045 17.783348
v 8.637123 -14.465590 17.853172
v 8.741825 -14.465590 17.853172
v 9.528688 -13.951611 25.870897
v 9.359417 -13.771355 25.870897
v 8.637123 -14.545094 17.940735
v 8.741825 -14.545094 17.940735
v 9.542994 -13.943747 25.870897
v 8.637123 -8.516121 20.741980
v 10.502083 -8.516121 20.741980
v 8.637123 -8.529905 20.733232
v 8.637123 -14.731831 18.134338
v 8.741825 -14.731831 18.134338
v 8.637123 -14.459501 17.860817
v 8.741825 -14.459501 17.860817
v 9.368164 -13.757571 25.870897
v 8.637123 -14.387314 17.795380
v 8.741825 -14.387314 17.795380
v 9.556202 -13.934151 25.870897
v 8.637123 -14.542562 17.949554
v 8.741825 -14.542562 17.949554
v 9.378571 -13.744992 25.870897
v 8.637123 -8.501349 20.748930
v 10.502083 -8.501349 20.748930
v 8.637123 -14.453941 17.868347
v 8.741825 -14.453941 17.868347
v 9.568102 -13.922975 25.870897
v 8.637123 -14.716356 18.135071
v 8.741825 -14.716356 18.135071
v 9.390471 -13.733816 25.870897
v 8.637123 -14.539618 17.957436
v 8.741825 -14.539618 17.957436
v 9.578508 -13.910396 25.870897
v 8.637123 -14.378348 17.807594
v 8.741825 -14.378348 17.807594
v 8.637123 -14.448929 17.875755
v 8.741825 -14.448929 17.875755
v 9.403679 -13.724220 25.870897
v 8.637123 -14.536280 17.964531
v 8.741825 -14.536280 17.964531
v 8.637123 -14.705555 18.134712
v 8.741825 -14.705555 18.134712
v 9.587255 -13.896611 25.870897
v 9.417986 -13.716356 25.870897
v 8.637123 -14.444446 17.883057
v 8.741825 -14.444446 17.883057
v 8.637123 -14.532562 17.970844
v 8.741825 -14.532562 17.970844
v 9.594208 -13.881840 25.870897
v 8.637123 -14.695211 18.133652
v 8.741825 -14.695211 18.133652
v 9.433165 -13.710346 25.870897
v 8.637123 -14.370149 17.819977
v 8.741825 -14.370149 17.819977
v 9.599253 -13.866313 25.870897
v 8.637123 -14.685328 18.131878
v 8.741825 -14.685328 18.131878
v 8.637123 -14.528465 17.976368
v 8.741825 -14.528465 17.976368
v 8.637123 -14.440494 17.890244
v 8.741825 -14.440494 17.890244
v 9.448977 -13.706285 25.870897
v 8.637123 -14.591528 18.036449
v 8.637123 -14.588079 18.036449
v 8.741825 -14.588079 18.036449
v 8.741825 -14.591528 18.036449
v 8.637123 -14.594528 18.045712
v 8.741825 -14.594528 18.045712
v 9.602312 -13.850277 25.870897
v 8.513681 -10.637581 24.963400
v 8.513681 -12.801866 24.963400
v 8.513681 -12.801866 25.514278
v 8.637123 -14.675901 18.129395
v 8.741825 -14.675901 18.129395
v 9.465174 -13.704240 25.870897
v 8.637123 -14.523983 17.981113
v 8.741825 -14.523983 17.981113
v 8.637123 -14.598003 18.054642
v 8.741825 -14.598003 18.054642
v 8.637123 -14.437128 17.897484
v 8.741825 -14.437128 17.897484
v 9.603336 -13.833983 25.870897
v 8.637123 -14.666935 18.126209
v 8.741825 -14.666935 18.126209
v 8.637123 -14.582211 18.049458
v 8.741825 -14.582211 18.049458
v 9.481501 -13.704240 25.870897
v 8.637123 -14.601963 18.063255
v 8.741825 -14.601963 18.063255
v 8.637123 -14.362721 17.832535
v 8.741825 -14.362721 17.832535
v 8.637123 -14.519114 17.985069
v 8.741825 -14.519114 17.985069
v 8.637123 -14.658424 18.122311
v 8.741825 -14.658424 18.122311
v 9.602312 -13.817690 25.870897
v 10.502083 -9.015382 20.211226
v 8.637123 -14.606398 18.071541
v 8.741825 -14.606398 18.071541
v 9.497696 -13.706285 25.870897
v 8.637123 -14.434369 17.904953
v 8.741825 -14.434369 17.904953
v 8.637123 -14.650370 18.117786
v 8.741825 -14.650370 18.117786
v 8.637123 -14.611315 18.079506
v 8.741825 -14.611315 18.079506
v 9.599253 -13.801654 25.870897
v 8.637123 -14.642756 18.112732
v 8.741825 -14.642756 18.112732
v 9.513510 -13.710346 25.870897
v 8.637123 -14.616701 18.087139
v 8.741825 -14.616701 18.087139
v 8.637123 -14.513927 17.988335
v 8.741825 -14.513927 17.988335
v 8.637123 -14.635584 18.107140
v 8.741825 -14.635584 18.107140
v 8.637123 -14.622555 18.094341
v 8.741825 -14.622555 18.094341
v 9.594208 -13.786127 25.870897
v 8.637123 -14.628853 18.101009
v 8.741825 -14.628853 18.101009
v 9.528688 -13.716356 25.870897
v 9.587255 -13.771356 25.870897
v 8.637123 -14.432218 17.912659
v 8.741825 -14.432218 17.912659
v 9.542994 -13.724220 25.870897
v 8.637123 -14.575632 18.061352
v 8.741825 -14.575632 18.061352
v 9.578508 -13.757571 25.870897
v 9.556202 -13.733816 25.870897
v 8.637123 -14.508467 17.991009
v 8.741825 -14.508467 17.991009
v 9.568102 -13.744992 25.870897
v 8.637123 -14.356052 17.845268
v 8.741825 -14.356052 17.845268
v 8.637123 -14.430687 17.920586
v 8.741825 -14.430687 17.920586
v 8.637123 -14.502735 17.993084
v 8.741825 -14.502735 17.993084
v 10.502083 -8.608177 20.211226
v 8.637123 -14.496742 17.994568
v 8.741825 -14.496742 17.994568
v 8.637123 -14.429770 17.928741
v 8.741825 -14.429770 17.928741
v 8.637123 -14.568342 18.072140
v 8.741825 -14.568342 18.072140
v 8.637123 -14.350149 17.858170
v 8.741825 -14.350149 17.858170
v 8.637123 -14.490480 17.995457
v 8.741825 -14.490480 17.995457
v 8.637123 -14.429459 17.937141
v 8.741825 -14.429459 17.937141
v 8.637123 -14.395515 18.238213
v 8.741825 -14.395516 18.238213
v 8.637123 -14.482385 18.338509
v 8.741824 -14.482386 18.338509
v 8.637123 -14.483942 17.995762
v 8.741825 -14.483942 17.995762
v 8.637123 -14.429852 17.946190
v 8.741825 -14.429852 17.946190
v 8.637123 -14.560343 18.081810
v 8.741825 -14.560343 18.081810
v 8.637123 -14.475542 17.995335
v 8.741825 -14.475542 17.995335
v 8.637123 -14.345094 17.871338
v 8.741825 -14.345094 17.871338
v 8.637123 -14.431031 17.954529
v 8.741825 -14.431031 17.954529
v 8.637123 -14.467817 17.994072
v 8.741825 -14.467817 17.994072
v 8.637123 -14.432997 17.962135
v 8.741825 -14.432997 17.962135
v 8.637123 -14.460756 17.991966
v 8.741825 -14.460756 17.991966
v 8.637123 -14.551638 18.090374
v 8.741825 -14.551638 18.090374
v 8.741825 -13.950065 17.963135
v 8.637123 -14.435749 17.969017
v 8.741825 -14.435749 17.969017
v 8.637123 -13.950065 17.963135
v 8.637123 -14.454369 17.989017
v 8.741825 -14.454369 17.989017
v 8.637123 -14.439280 17.975159
v 8.741825 -14.439280 17.975159
v 8.637123 -14.340956 17.884872
v 8.741825 -14.340956 17.884872
v 8.637123 -14.448645 17.985222
v 8.741825 -14.448645 17.985222
v 8.637123 -14.443597 17.980587
v 8.741825 -14.443597 17.980587
v 8.637123 -14.542217 18.097828
v 8.741825 -14.542217 18.097828
v 8.637123 -14.337735 17.898773
v 8.741825 -14.337735 17.898773
v 8.637123 -14.532211 18.104145
v 8.741825 -14.532211 18.104145
v 8.637123 -14.335439 17.913033
v 8.741825 -14.335439 17.913033
v 8.637123 -14.521721 18.109318
v 8.741825 -14.521721 18.109318
v 8.637123 -14.334059 17.927666
v 8.741825 -14.334059 17.927666
v 8.637123 -14.510756 18.113346
v 8.741825 -14.510756 18.113346
v 8.637123 -12.933390 15.649222
v 10.502083 -12.933390 15.649222
v 10.502083 -12.922215 15.637321
v 8.637123 -12.922215 15.637321
v 10.502083 -12.909636 15.626915
v 8.637123 -12.909636 15.626915
v 8.637123 -12.942986 15.662430
v 10.502083 -12.942986 15.662430
v 8.637123 -14.333597 17.942657
v 8.741825 -14.333597 17.942657
v 8.637123 -12.950850 15.676737
v 10.502083 -12.950850 15.676737
v 8.637123 -12.895851 15.618168
v 10.502083 -12.895851 15.618168
v 10.502083 -12.881080 15.611217
v 8.637123 -12.881080 15.611217
v 8.637123 -14.499308 18.116215
v 8.741825 -14.499308 18.116215
v 8.637123 -12.956861 15.691916
v 10.502083 -12.956861 15.691916
v 10.502083 -12.865553 15.606172
v 8.637123 -12.865553 15.606172
v 8.637123 -14.334052 17.959976
v 8.741825 -14.334052 17.959976
v 8.637123 -12.960920 15.707727
v 10.502083 -12.960920 15.707727
v 8.637123 -14.487383 18.117939
v 8.741825 -14.487383 18.117939
v 10.502083 -12.849517 15.603113
v 8.637123 -12.849517 15.603113
v 8.637123 -14.335403 17.976559
v 8.741825 -14.335403 17.976559
v 8.637123 -12.962967 15.723925
v 10.502083 -12.962967 15.723925
v 8.637123 -14.474976 18.118519
v 8.741825 -14.474976 18.118519
v 10.502083 -12.833223 15.602087
v 8.637123 -12.833223 15.602087
v 8.637123 -14.337652 17.992393
v 8.741825 -14.337652 17.992393
v 8.637123 -12.962967 15.740251
v 10.502083 -12.962967 15.740251
v 8.637123 -14.459990 18.117912
v 8.741825 -14.459990 18.117912
v 10.502083 -12.816930 15.603113
v 8.637123 -12.816930 15.603113
v 8.637123 -14.340804 18.007484
v 8.741825 -14.340804 18.007484
v 8.637123 -14.445825 18.116100
v 8.741825 -14.445825 18.116100
v 8.637123 -12.960920 15.756447
v 10.502083 -12.960920 15.756447
v 8.637123 -14.344852 18.021824
v 8.741825 -14.344852 18.021824
v 8.637123 -14.432480 18.113083
v 8.741825 -14.432480 18.113083
v 8.637123 -14.349804 18.035416
v 8.741825 -14.349804 18.035416
v 8.637123 -14.419963 18.108864
v 8.741825 -14.419963 18.108864
v 8.637123 -12.956861 15.772260
v 10.502083 -12.956861 15.772260
v 8.637123 -14.355632 18.048134
v 8.741825 -14.355632 18.048134
v 8.513681 -13.388711 26.456968
v 10.502085 -12.801866 25.514275
v 8.637123 -14.408266 18.103428
v 8.741825 -14.408266 18.103428
v 8.637123 -14.362301 18.059856
v 8.741825 -14.362301 18.059856
v 8.637123 -12.800894 15.606172
v 10.502083 -12.800894 15.606172
v 10.502083 -12.785367 15.611217
v 8.637123 -12.785367 15.611217
v 8.637123 -14.397390 18.096794
v 8.741825 -14.397390 18.096794
v 8.637123 -14.369804 18.070587
v 8.741825 -14.369804 18.070587
v 8.637123 -14.387356 18.089050
v 8.741825 -14.387356 18.089050
v 8.637123 -14.378162 18.080318
v 8.741825 -14.378162 18.080318
v 8.637123 -12.950851 15.787439
v 10.502083 -12.950850 15.787439
v 10.502083 -12.770596 15.618168
v 8.637123 -12.770596 15.618168
v 8.637123 -12.942986 15.801744
v 10.502083 -12.942986 15.801744
v 10.502083 -8.522458 20.737957
v 10.502083 -8.529905 20.733232
v 10.502083 -12.756811 15.626915
v 8.637123 -12.756811 15.626915
v 10.502083 -8.514145 20.742910
v 10.502083 -8.506622 20.746450
v 8.637123 -12.933391 15.814953
v 10.502083 -12.933390 15.814953
v 10.502083 -8.501519 20.748852
v 10.502083 -12.744232 15.637321
v 8.637123 -12.744232 15.637321
v 10.502083 -8.581190 20.603701
v 8.637123 -12.922215 15.826854
v 10.502083 -12.922215 15.826854
v 10.502083 -12.733057 15.649222
v 8.637123 -12.733057 15.649222
v 8.637123 -12.909636 15.837259
v 10.502083 -12.909636 15.837259
v 10.502083 -12.723460 15.662430
v 8.637123 -12.723460 15.662430
v 8.637123 -12.895851 15.846007
v 10.502083 -12.895851 15.846007
v 10.502083 -11.063998 24.085487
v 10.502083 -8.578588 20.593565
v 10.502083 -12.715596 15.676737
v 8.637123 -12.715596 15.676737
v 8.637123 -12.881080 15.852959
v 10.502083 -12.881080 15.852959
v 10.502083 -12.709586 15.691916
v 8.637123 -12.709586 15.691916
v 8.637123 -12.865553 15.858004
v 10.502083 -12.865553 15.858004
v 8.513681 -10.693469 15.261501
v 8.513681 -10.693469 14.799237
v 10.502083 -12.705526 15.707727
v 8.637123 -12.705526 15.707727
v 8.637123 -12.849517 15.861063
v 10.502083 -12.849517 15.861063
v 10.502083 -12.703480 15.723925
v 8.637123 -12.703480 15.723925
v 8.637123 -12.833223 15.862087
v 10.502083 -12.833223 15.862087
v 10.502083 -12.703480 15.740251
v 8.637123 -12.703480 15.740251
v 8.637123 -12.816930 15.861063
v 10.502083 -12.816930 15.861063
v 10.502083 -12.705526 15.756447
v 8.637123 -12.705526 15.756447
v 10.502083 -8.582493 20.614012
v 10.502083 -12.709586 15.772260
v 8.637123 -12.709586 15.772260
v 8.637123 -12.785367 15.852959
v 10.502083 -12.785367 15.852959
v 10.502083 -12.800894 15.858004
v 8.637123 -12.800894 15.858004
v 10.502083 -8.581020 20.653078
v 10.502083 -8.577732 20.665888
v 10.502083 -12.715596 15.787439
v 8.637123 -12.715596 15.787439
v 8.637123 -12.770596 15.846007
v 10.502083 -12.770596 15.846007
v 10.502083 -12.723461 15.801744
v 8.637123 -12.723461 15.801744
v 8.637123 -12.756811 15.837259
v 10.502083 -12.756811 15.837259
v 10.502083 -12.733057 15.814953
v 8.637123 -12.733057 15.814953
v 10.502083 -12.801866 24.729603
v 10.502083 -13.388710 24.713682
v 10.502083 -12.744232 15.826854
v 8.637123 -12.744232 15.826854
v 8.637123 -12.629813 15.477703
v 8.637123 -12.629813 15.956515
v 10.502083 -12.629813 15.956515
v 10.502083 -12.629813 15.477703
v 10.502083 -8.561131 20.700644
v 10.502083 -8.554095 20.710325
v 10.502083 -8.538918 20.725777
v 10.502083 -8.532262 20.731283
v 10.502083 -11.280317 14.799236
v 8.637123 -14.482385 18.743191
v 8.741824 -14.482386 18.743191
v 10.502083 -13.388713 26.456964
v 10.502083 -8.251047 20.855341
v 10.502083 -8.251047 20.902550
v 10.502083 -8.428521 20.855339
v 10.502081 -11.063999 24.606388
v 10.502083 -11.668965 24.729597
v 10.502083 -9.015368 24.085485
v 8.637123 -11.979358 15.956515
v 8.637123 -11.979358 15.477703
v 10.502083 -11.979358 15.477703
v 10.502083 -11.979358 15.956515
v 8.637123 -11.867157 15.651093
v 10.502083 -11.867157 15.651093
v 10.502083 -11.855982 15.639192
v 8.637123 -11.855982 15.639192
v 10.502083 -11.843403 15.628786
v 8.637123 -11.843403 15.628786
v 8.637123 -11.876754 15.664301
v 10.502083 -11.876753 15.664301
v 8.637123 -11.884618 15.678606
v 10.502083 -11.884618 15.678606
v 8.637123 -11.829618 15.620038
v 10.502083 -11.829618 15.620038
v 10.502083 -11.814847 15.613087
v 8.637123 -11.814847 15.613087
v 8.637123 -11.890628 15.693786
v 10.502083 -11.890628 15.693786
v 10.502083 -11.799320 15.608042
v 8.637123 -11.799320 15.608042
v 8.637123 -11.894688 15.709599
v 10.502083 -11.894688 15.709599
v 10.502083 -11.783284 15.604982
v 8.637123 -11.783284 15.604982
v 8.637123 -11.896734 15.725795
v 10.502083 -11.896734 15.725795
v 10.502083 -11.766991 15.603958
v 8.637123 -11.766991 15.603958
v 8.637123 -11.896734 15.742121
v 10.502083 -11.896734 15.742121
v 10.502083 -11.750697 15.604982
v 8.637123 -11.750697 15.604982
v 8.513681 -9.554270 15.261501
v 8.513681 -9.554270 14.801680
v 8.637123 -11.894688 15.758318
v 10.502083 -11.894688 15.758318
v 10.502083 -11.734661 15.608042
v 8.637123 -11.734661 15.608042
v 10.502083 -11.719134 15.613087
v 8.637123 -11.719134 15.613087
v 10.502083 -11.063998 24.729595
v 8.637123 -11.884619 15.789309
v 10.502083 -11.884618 15.789309
v 10.502083 -11.890628 15.774130
v 8.637123 -11.890628 15.774130
v 10.502083 -11.704363 15.620038
v 8.637123 -11.704363 15.620038
v 10.502085 -8.563911 25.514275
v 8.637123 -11.876754 15.803616
v 10.502083 -11.876754 15.803616
v 10.502083 -11.690578 15.628786
v 8.637123 -11.690578 15.628786
v 10.502083 -7.600591 20.855343
v 10.502083 -6.900674 20.855345
v 10.502083 -7.600591 20.902550
v 8.637123 -11.867158 15.816823
v 10.502083 -11.867157 15.816823
v 10.502083 -11.677999 15.639192
v 8.637123 -11.677999 15.639192
v 8.637123 -11.855982 15.828724
v 10.502083 -11.855982 15.828724
v 10.502083 -11.666824 15.651093
v 8.637123 -11.666824 15.651093
v 8.637123 -11.843403 15.839130
v 10.502083 -11.843403 15.839130
v 10.502083 -11.657228 15.664301
v 8.637123 -11.657228 15.664301
v 10.502083 -12.000851 15.477703
v 10.502083 -12.624658 15.477703
v 10.502083 -12.624658 15.286133
v 10.502083 -12.000851 15.286133
v 8.637123 -11.829618 15.847878
v 10.502083 -11.829618 15.847878
v 10.502083 -11.649364 15.678606
v 8.637123 -11.649364 15.678606
v 10.502083 -7.624979 20.902550
v 10.502083 -11.643353 15.693786
v 8.637123 -11.643353 15.693786
v 10.502083 -10.695840 24.477242
v 10.502083 -10.697363 24.489292
v 8.637123 -11.799320 15.859874
v 10.502083 -11.799320 15.859874
v 10.502083 -11.814847 15.854829
v 8.637123 -11.814847 15.854829
v 10.502083 -11.639294 15.709599
v 8.637123 -11.639294 15.709599
v 10.502083 -10.695309 24.527851
v 10.502083 -10.692041 24.540577
v 8.637123 -11.783284 15.862932
v 10.502083 -11.783284 15.862932
v 8.637123 -11.766991 15.863958
v 10.502083 -11.766991 15.863958
v 8.637123 -11.637247 15.725795
v 10.502083 -11.637247 15.725795
v 10.502083 -11.637247 15.742121
v 8.637123 -11.637247 15.742121
v 10.502083 -10.667939 24.584724
v 10.502083 -10.660079 24.593094
v 8.637123 -11.750697 15.862932
v 10.502083 -11.750697 15.862932
v 10.502083 -10.652483 24.600082
v 10.502083 -10.645866 24.605556
v 10.502083 -11.639294 15.758318
v 8.637123 -11.639294 15.758318
v 8.637123 -11.734661 15.859874
v 10.502083 -11.734661 15.859874
v 10.502083 -11.643353 15.774130
v 8.637123 -11.643353 15.774130
v 8.637123 -11.719134 15.854829
v 10.502083 -11.719134 15.854829
v 10.502083 -11.649364 15.789309
v 8.637123 -11.649364 15.789309
v 8.637123 -9.518188 24.632326
v 10.502083 -9.518188 24.632328
v 8.637123 -9.534225 24.629269
v 8.637123 -11.704363 15.847878
v 10.502083 -11.704363 15.847878
v 10.502083 -11.657228 15.803616
v 8.637123 -11.657228 15.803616
v 8.637123 -11.690578 15.839130
v 10.502083 -11.690578 15.839130
v 8.637123 -9.501895 24.633352
v 10.502083 -9.501895 24.633352
v 10.502083 -11.666824 15.816823
v 8.637123 -11.666824 15.816823
v 10.502083 -10.626186 24.617552
v 10.502083 -10.618476 24.621180
v 8.637123 -11.677999 15.828724
v 10.502083 -11.677999 15.828724
v 10.502083 -10.612343 24.623535
v 10.502083 -10.608558 24.624765
v 10.502083 -10.607716 24.625038
v 9.447359 -10.763373 14.799236
v 9.459261 -10.774549 14.799236
v 9.436953 -10.750794 14.799236
v 9.472467 -10.784145 14.799236
v 9.428205 -10.737010 14.799236
v 9.486774 -10.792009 14.799236
v 9.421255 -10.722239 14.799236
v 9.501953 -10.798019 14.799236
v 9.416210 -10.706712 14.799236
v 9.517767 -10.802080 14.799236
v 9.533962 -10.804126 14.799236
v 9.412127 -10.674382 14.799277
v 9.413151 -10.690676 14.799242
v 9.550289 -10.804126 14.799236
v 9.413151 -10.658089 14.799313
v 9.566484 -10.802080 14.799236
v 9.416210 -10.642053 14.799347
v 9.582298 -10.798019 14.799236
v 8.637123 -14.879240 20.123825
v 8.637123 -14.738964 20.112452
v 9.421255 -10.626526 14.799379
v 8.513681 -8.563910 25.514275
v 9.597477 -10.792009 14.799236
v 9.428205 -10.611754 14.799412
v 9.611784 -10.784145 14.799236
v 9.436953 -10.597970 14.799440
v 9.624990 -10.774549 14.799236
v 9.447359 -10.585391 14.799468
v 8.637123 -11.650851 16.158743
v 8.637123 -11.650851 15.956515
v 10.502083 -11.650851 15.956515
v 10.502083 -11.650851 16.158743
v 9.636892 -10.763373 14.799236
v 10.502083 -11.840693 15.286133
v 10.502083 -11.280317 15.286133
v 9.459261 -10.574215 14.799492
v 9.647299 -10.750794 14.799236
v 9.472467 -10.564619 14.799513
v 9.656046 -10.737010 14.799236
v 9.486774 -10.556755 14.799530
v 9.662996 -10.722239 14.799236
v 10.502083 -9.534225 24.629269
v 9.501953 -10.550745 14.799542
v 9.517767 -10.546684 14.799551
v 10.502083 -6.313828 20.855347
v 9.533962 -10.544639 14.799555
v 9.672125 -10.674382 14.799277
v 8.513681 -8.297859 24.963400
v 8.513681 -8.880856 24.963400
v 9.550289 -10.544639 14.799555
v 9.671101 -10.658089 14.799313
v 9.566484 -10.546684 14.799551
v 9.668041 -10.642053 14.799347
v 9.582298 -10.550745 14.799542
v 9.662996 -10.626526 14.799379
v 9.597477 -10.556755 14.799530
v 9.656046 -10.611753 14.799412
v 9.611784 -10.564619 14.799513
v 9.647299 -10.597970 14.799440
v 9.624990 -10.574215 14.799492
v 9.636892 -10.585391 14.799468
v 8.637123 -11.280316 16.158743
v 10.502083 -11.280315 16.158743
v 8.537125 -6.313826 15.261501
v 8.637123 -6.313826 15.261501
v 8.513681 -8.949303 15.261501
v 8.637123 -13.328946 19.984987
v 10.502083 -9.015370 24.729605
v 8.637123 -16.311214 22.388508
v 8.637123 -17.010300 22.388508
v 8.741825 -17.010300 22.388508
v 8.741825 -16.311214 22.388508
v 8.637123 -17.010300 23.139259
v 8.741824 -17.010300 23.139259
v 8.741825 -16.897375 23.038956
v 8.741825 -16.897375 22.488808
v 8.637123 -16.897375 23.038956
v 8.637123 -16.897375 22.488808
v 10.502083 -10.693470 14.799236
v 10.502083 -10.693470 15.286132
v 8.637123 -16.311214 21.983826
v 8.741824 -16.311214 21.983826
v 8.741825 -16.224344 22.488808
v 8.637123 -16.224344 22.488808
v 8.637123 -16.585875 22.602085
v 8.637123 -16.685184 22.602085
v 8.741825 -16.685184 22.602085
v 8.741825 -16.585875 22.602085
v 8.637123 -15.041460 20.155149
v 10.502083 -15.041460 20.155149
v 10.502083 -15.030285 20.143250
v 8.637123 -15.030285 20.143250
v 10.502083 -15.017706 20.132843
v 8.637123 -15.017706 20.132843
v 8.637123 -15.051057 20.168358
v 10.502083 -15.051056 20.168358
v 8.637123 -15.058921 20.182663
v 10.502083 -15.058921 20.182663
v 8.637123 -15.003922 20.124096
v 10.502083 -15.003922 20.124096
v 10.502083 -14.989150 20.117144
v 8.637123 -14.989150 20.117144
v 8.637123 -15.064931 20.197844
v 10.502083 -15.064931 20.197844
v 8.637123 -15.068991 20.213655
v 10.502083 -15.068991 20.213655
v 8.637123 -14.973623 20.112099
v 10.502083 -14.973623 20.112099
v 10.502083 -14.957587 20.109039
v 8.637123 -14.957587 20.109039
v 8.637123 -15.071037 20.229853
v 10.502083 -15.071037 20.229853
v 10.502083 -14.941294 20.108015
v 8.637123 -14.941294 20.108015
v 8.637123 -15.071037 20.246178
v 10.502083 -15.071037 20.246178
v 10.502083 -14.925000 20.109039
v 8.637123 -14.925000 20.109039
v 8.741825 -16.224344 22.248566
v 8.637123 -15.068991 20.262375
v 10.502083 -15.068991 20.262375
v 8.637123 -16.585875 22.711056
v 8.741825 -16.585875 22.711056
v 8.637123 -16.685184 22.926228
v 8.741825 -16.685184 22.926228
v 8.637123 -15.064931 20.278187
v 10.502083 -15.064931 20.278187
v 8.637123 -15.058922 20.293365
v 10.502083 -15.058921 20.293365
v 8.513681 -8.522392 15.261501
v 8.637123 -15.051057 20.307673
v 10.502083 -15.051057 20.307673
v 8.637123 -14.878666 20.124096
v 10.502083 -14.878666 20.124096
v 10.502083 -14.864882 20.132843
v 8.637123 -14.864882 20.132843
v 8.637123 -16.224344 22.248566
v 8.637123 -15.041461 20.320881
v 10.502083 -15.041460 20.320881
v 10.502083 -14.852303 20.143250
v 8.637123 -14.852303 20.143250
v 8.637123 -15.030285 20.332781
v 10.502083 -15.030285 20.332781
v 10.502083 -14.841127 20.155149
v 8.637123 -14.841127 20.155149
v 8.637123 -15.017706 20.343187
v 10.502083 -15.017706 20.343187
v 10.502083 -14.831531 20.168358
v 8.637123 -14.831531 20.168358
v 8.637123 -15.003922 20.351934
v 10.502083 -15.003922 20.351934
v 10.502083 -14.823667 20.182663
v 8.637123 -14.823667 20.182663
v 8.637123 -14.989150 20.358887
v 10.502083 -14.989150 20.358887
v 10.502083 -14.817657 20.197844
v 8.637123 -14.817657 20.197844
v 10.502083 -14.813597 20.213655
v 8.637123 -14.813597 20.213655
v 8.637123 -16.294149 22.711056
v 8.741825 -16.294149 22.711056
v 8.637123 -14.957587 20.366989
v 10.502083 -14.957587 20.366989
v 10.502083 -14.973623 20.363932
v 8.637123 -14.973623 20.363932
v 10.502083 -14.811550 20.229853
v 8.637123 -14.811550 20.229853
v 8.637123 -16.585875 22.926228
v 8.741825 -16.585875 22.926228
v 8.637123 -16.585875 22.833813
v 8.741825 -16.585875 22.833813
v 8.637123 -14.941294 20.368015
v 10.502083 -14.941294 20.368015
v 10.502083 -14.811550 20.246178
v 8.637123 -14.811550 20.246178
v 8.637123 -14.925000 20.366989
v 10.502083 -14.925000 20.366989
v 10.502083 -14.813597 20.262375
v 8.637123 -14.813597 20.262375
v 8.637123 -14.908964 20.363930
v 10.502083 -14.908964 20.363930
v 10.502083 -14.817657 20.278187
v 8.637123 -14.817657 20.278187
v 8.637123 -14.893437 20.358887
v 10.502083 -14.893437 20.358887
v 10.502083 -14.823667 20.293365
v 8.637123 -14.823667 20.293365
v 8.637123 -14.878666 20.351934
v 10.502083 -14.878666 20.351934
v 10.502083 -14.831532 20.307673
v 8.637123 -14.831532 20.307673
v 10.502083 -14.841127 20.320881
v 8.637123 -14.841127 20.320881
v 8.637123 -16.218287 22.616573
v 8.637123 -16.294149 22.616573
v 8.741825 -16.294149 22.616573
v 8.741825 -16.218287 22.616573
v 10.502083 -9.554271 14.801680
v 8.637123 -16.215666 22.630024
v 8.741825 -16.215666 22.630024
v 8.637123 -16.212852 22.642811
v 8.741825 -16.212852 22.642811
v 8.637123 -16.209839 22.654926
v 8.741825 -16.209839 22.654926
v 8.637123 -14.088509 19.974396
v 8.637123 -14.738964 19.974396
v 8.637123 -16.206646 22.666378
v 8.741825 -16.206646 22.666378
v 8.637123 -16.171391 22.833813
v 8.741825 -16.171391 22.833813
v 8.637123 -16.203253 22.677151
v 8.741825 -16.203253 22.677151
v 8.513681 -8.245013 15.261501
v 8.513681 -8.245013 14.801680
v 8.637123 -16.224344 23.038956
v 8.741825 -16.224344 23.038956
v 8.637123 -16.311214 23.139259
v 8.741824 -16.311214 23.139259
v 8.637123 -16.199667 22.687260
v 8.741825 -16.199667 22.687260
v 8.637123 -16.195818 22.696957
v 8.741825 -16.195818 22.696957
v 8.741825 -15.778893 22.763882
v 8.637123 -15.778893 22.763882
v 8.637123 -16.191626 22.706532
v 8.741825 -16.191626 22.706532
v 8.637123 -16.187080 22.715961
v 8.741825 -16.187080 22.715961
v 8.637123 -16.182198 22.725269
v 8.741825 -16.182198 22.725269
v 10.502083 -10.693469 16.158743
v 8.637123 -16.176970 22.734432
v 8.741825 -16.176970 22.734432
v 8.637123 -16.171391 22.743465
v 8.741825 -16.171391 22.743465
v 10.502083 -9.554271 15.288574
v 8.513681 -7.621206 15.261501
v 8.513681 -7.621206 14.801680
v 8.637123 -9.920307 17.217485
v 8.637123 -10.619392 17.217485
v 8.741825 -10.619392 17.217485
v 8.741825 -9.920307 17.217485
v 8.637123 -10.619392 17.968241
v 8.741824 -10.619392 17.968241
v 8.637123 -16.311214 23.543938
v 8.741824 -16.311214 23.543938
v 8.741825 -10.506468 17.867937
v 8.741825 -10.506468 17.317789
v 8.637123 -10.506468 17.867937
v 8.637123 -10.506468 17.317789
v 8.637123 -14.002758 20.215525
v 8.637123 -13.998698 20.199713
v 8.637123 -9.920307 16.812807
v 8.741824 -9.920307 16.812807
v 8.637123 -14.004805 20.231722
v 8.741825 -9.833437 17.317789
v 8.637123 -14.004805 20.248047
v 8.637123 -14.002758 20.264244
v 8.637123 -9.833437 17.317789
v 8.637123 -13.827205 20.119015
v 8.637123 -13.812433 20.125965
v 8.637123 -13.798649 20.134712
v 8.637123 -13.786070 20.145119
v 10.502083 -8.245014 14.801681
v 8.637123 -10.252905 17.496355
v 8.637123 -10.261980 17.506044
v 8.637123 -10.242897 17.487078
v 8.637123 -10.270140 17.516130
v 8.637123 -10.231932 17.478304
v 8.637123 -10.277380 17.526621
v 8.637123 -10.219954 17.470140
v 8.637123 -13.774895 20.157021
v 8.637123 -10.283705 17.537508
v 8.637123 -10.206953 17.462595
v 8.637123 -10.289104 17.548807
v 8.637123 -10.192940 17.455660
v 8.637123 -10.293636 17.560335
v 8.637123 -10.177912 17.449335
v 8.637123 -10.297338 17.571939
v 8.637123 -13.765298 20.170227
v 8.637123 -10.161863 17.443636
v 8.637123 -10.300222 17.583635
v 8.741825 -9.833437 17.077539
v 8.637123 -10.144739 17.438677
v 8.637123 -10.302284 17.595392
v 8.637123 -10.303518 17.607233
v 8.637123 -10.126463 17.434626
v 8.637123 -10.303932 17.619150
v 8.513681 -7.461049 15.261501
v 8.513681 -7.461049 14.801680
v 8.637123 -10.107037 17.431475
v 8.637123 -10.303347 17.634325
v 8.637123 -13.907391 20.365801
v 10.502083 -13.907391 20.365801
v 10.502083 -13.922917 20.360756
v 8.637123 -13.922917 20.360756
v 8.637123 -10.086464 17.429224
v 8.637123 -10.301594 17.649065
v 8.637123 -13.891355 20.368860
v 10.502083 -13.891355 20.368860
v 8.637123 -10.064739 17.427874
v 8.637123 -10.298670 17.663370
v 8.637123 -11.280316 19.356791
v 8.637123 -9.833437 17.077539
v 8.637123 -10.294580 17.677233
v 8.637123 -10.041862 17.427423
v 8.637123 -13.745317 20.231722
v 10.502083 -13.745317 20.231722
v 10.502083 -13.745317 20.248047
v 8.637123 -13.745317 20.248047
v 8.637123 -10.197062 17.579645
v 8.637123 -10.191538 17.573984
v 8.637123 -10.184792 17.568666
v 8.637123 -10.201571 17.585520
v 8.637123 -10.205261 17.591494
v 8.637123 -10.176819 17.563692
v 8.637123 -10.208130 17.597567
v 8.637123 -10.167637 17.559053
v 10.502083 -13.747364 20.264244
v 8.637123 -13.747364 20.264244
v 8.637123 -10.210182 17.603739
v 8.637123 -10.289326 17.690653
v 8.637123 -10.157227 17.554766
v 8.637123 -10.211411 17.609995
v 8.637123 -13.842731 20.365801
v 10.502083 -13.842731 20.365801
v 8.637123 -10.019167 17.427896
v 8.637123 -10.145596 17.550821
v 8.637123 -10.211815 17.616358
v 10.502083 -13.751424 20.280058
v 8.637123 -13.751424 20.280058
v 8.637123 -10.211582 17.621752
v 8.637123 -13.827205 20.360756
v 10.502083 -13.827205 20.360756
v 8.637123 -10.132530 17.547358
v 8.637123 -10.282898 17.703630
v 10.502083 -9.554271 16.161186
v 8.637123 -10.210869 17.626993
v 10.502083 -13.757434 20.295237
v 8.637123 -13.757434 20.295237
v 8.637123 -13.812433 20.353806
v 10.502083 -13.812433 20.353806
v 8.637123 -10.209675 17.632051
v 8.637123 -9.997498 17.429300
v 8.637123 -10.117805 17.544527
v 10.502083 -13.765299 20.309542
v 8.637123 -13.765299 20.309542
v 8.637123 -13.798649 20.345057
v 10.502083 -13.798649 20.345057
v 8.637123 -10.208006 17.636942
v 10.502083 -13.774895 20.322750
v 8.637123 -13.774895 20.322750
v 8.637123 -13.786070 20.334652
v 10.502083 -13.786070 20.334652
v 8.637123 -10.275394 17.715960
v 8.637123 -10.205858 17.641657
v 8.637123 -10.101809 17.542383
v 8.637123 -10.101452 17.542025
v 8.637123 -10.105095 17.539827
v 8.637123 -10.203238 17.646204
v 8.637123 -10.101067 17.541971
v 8.637123 -9.976864 17.431643
v 8.637123 -10.096554 17.545542
v 8.637123 -10.200115 17.650522
v 8.637123 -10.083027 17.540400
v 8.637123 -10.266884 17.727457
v 8.637123 -10.196457 17.654551
v 8.637123 -10.088606 17.551126
v 8.637123 -10.192259 17.658297
v 8.637123 -9.957270 17.434931
v 8.637123 -10.063326 17.539454
v 8.637123 -10.081608 17.556910
v 8.637123 -10.187536 17.661753
v 8.637123 -10.257381 17.738115
v 8.637123 -10.026182 17.534342
v 8.637123 -10.182274 17.664934
v 8.637123 -10.075569 17.562906
v 8.637123 -10.041964 17.539148
v 8.637123 -10.176476 17.667818
v 8.637123 -9.938705 17.439157
v 8.637123 -10.246883 17.747919
v 8.637123 -10.070477 17.569109
v 8.637123 -10.170120 17.670336
v 8.637123 -10.066339 17.575525
v 8.637123 -10.163177 17.672388
v 8.637123 -10.021219 17.539515
v 8.637123 -10.235394 17.756884
v 8.637123 -9.921173 17.444323
v 8.637123 -10.020170 17.538614
v 8.637123 -10.155636 17.673998
v 8.637123 -10.062990 17.582033
v 8.637123 -10.018894 17.539652
v 8.637123 -10.147503 17.675135
v 8.637123 -10.060246 17.588526
v 8.637123 -10.014242 17.543245
v 8.637123 -10.018677 17.539660
v 8.637123 -10.001677 17.540636
v 8.637123 -10.222898 17.765009
v 8.637123 -10.138783 17.675821
v 8.637123 -10.058105 17.594995
v 8.637123 -10.008850 17.548197
v 8.637123 -9.904663 17.450274
v 8.637123 -10.056581 17.601442
v 8.637123 -10.129471 17.676058
v 8.637123 -10.003780 17.553476
v 8.637123 -10.055668 17.607882
v 8.637123 -9.983850 17.542505
v 8.637123 -10.120426 17.675814
v 8.637123 -10.209484 17.772066
v 8.637123 -9.999043 17.559084
v 8.637123 -10.055361 17.614298
v 8.637123 -9.889147 17.456888
v 8.637123 -10.112055 17.675104
v 8.637123 -10.055552 17.619913
v 8.637123 -9.994621 17.565012
v 8.637123 -10.104342 17.673906
v 8.637123 -10.056128 17.625353
v 8.637123 -9.967539 17.545122
v 8.637123 -10.057076 17.630594
v 8.637123 -10.097301 17.672243
v 8.637123 -10.195202 17.777849
v 8.637123 -10.058414 17.635645
v 8.637123 -9.990545 17.571138
v 8.637123 -10.090919 17.670092
v 8.637123 -9.874628 17.464144
v 8.637123 -10.060129 17.640505
v 8.637123 -10.085211 17.667475
v 8.637123 -10.062222 17.645174
v 8.637123 -10.080097 17.664469
v 8.637123 -10.064768 17.649599
v 8.637123 -10.075493 17.661188
v 8.637123 -10.067829 17.653749
v 8.637123 -9.986809 17.577341
v 8.637123 -10.071404 17.657610
v 8.637123 -9.952740 17.548487
v 8.637123 -10.180056 17.782335
v 8.637123 -9.983416 17.583635
v 8.637123 -9.861097 17.472063
v 8.637123 -9.939449 17.552599
v 8.637123 -9.980373 17.589991
v 10.502083 -8.949303 15.288576
v 8.637123 -10.164049 17.785540
v 8.637123 -9.977671 17.596422
v 8.637123 -9.927519 17.557337
v 8.637123 -9.848574 17.480616
v 8.637123 -9.975311 17.602945
v 8.637123 -10.147181 17.787470
v 8.637123 -9.973312 17.609362
v 8.637123 -9.916773 17.562601
v 8.637123 -9.971678 17.615541
v 8.637123 -9.837036 17.489840
v 8.637123 -9.970402 17.621477
v 8.637123 -10.129450 17.788118
v 8.637123 -9.907207 17.568369
v 8.637123 -9.969490 17.627153
v 8.637123 -9.968946 17.632586
v 8.637123 -13.388711 20.663639
v 8.637123 -13.400604 20.663639
v 8.637123 -9.826477 17.499598
v 8.637123 -9.968760 17.637774
v 8.637123 -10.111395 17.787561
v 8.637123 -9.898842 17.574663
v 8.513681 -6.900673 15.261501
v 8.513681 -6.900673 14.801680
v 8.637123 -9.969236 17.651773
v 8.637123 -9.891657 17.581476
v 8.637123 -9.816849 17.509798
v 8.637123 -10.094471 17.785929
v 10.502083 -7.621207 14.801680
v 8.637123 -9.970642 17.665316
v 8.637123 -9.885656 17.588808
v 8.637123 -9.833436 17.867937
v 8.741825 -9.833437 17.867937
v 8.637123 -10.078678 17.783197
v 8.637123 -9.920306 17.968233
v 8.741824 -9.920307 17.968233
v 8.637123 -9.972988 17.678370
v 8.637123 -9.808159 17.520441
v 8.637123 -9.880705 17.596544
v 8.637123 -10.064014 17.779375
v 8.637123 -9.976271 17.690950
v 8.637123 -9.980497 17.703043
v 8.637123 -10.050478 17.774462
v 8.637123 -9.800407 17.531519
v 8.637123 -9.876656 17.604586
v 8.637123 -9.985657 17.714670
v 8.637123 -10.038071 17.768457
v 8.637123 -9.991808 17.725641
v 8.637123 -10.026752 17.761499
v 8.637123 -9.873505 17.612940
v 8.637123 -9.998995 17.735811
v 8.637123 -10.016464 17.753740
v 8.637123 -10.007208 17.745180
v 8.637123 -9.793600 17.543047
v 8.637123 -9.871256 17.621599
v 8.637123 -9.869904 17.630564
v 8.637123 -9.787725 17.555010
v 8.637123 -9.869450 17.639841
v 8.637123 -9.869759 17.646967
v 8.637123 -9.782774 17.567286
v 8.637123 -9.870676 17.654085
v 8.637123 -9.872208 17.661219
v 8.637123 -9.874359 17.668344
v 8.637123 -9.778725 17.579760
v 8.637123 -9.877117 17.675470
v 8.637123 -9.880484 17.682596
v 8.637123 -9.884243 17.689470
v 8.637123 -9.888153 17.695856
v 8.637123 -9.892208 17.701738
v 8.637123 -9.775574 17.592424
v 8.637123 -9.896429 17.707117
v 8.637123 -9.900795 17.712000
v 8.637123 -9.905312 17.716394
v 8.637123 -9.773325 17.605272
v 8.637123 -9.771973 17.618319
v 8.637123 -9.771519 17.631563
v 8.637123 -9.772028 17.648188
v 8.637123 -9.832897 17.781221
v 8.637123 -9.773552 17.664049
v 8.637123 -9.776091 17.679148
v 8.637123 -9.779642 17.693476
v 8.637123 -9.784214 17.707041
v 8.637123 -9.789795 17.719843
v 10.502083 -13.967057 20.148319
v 10.502083 -13.974184 20.155909
v 10.502083 -14.088509 20.142534
v 10.502083 -14.088509 20.141306
v 8.637123 -13.328946 20.208784
v 8.637123 -12.986943 20.208784
v 10.502083 -12.986943 20.208784
v 8.637123 -9.796070 17.731890
v 8.637123 -9.802711 17.743204
v 10.502083 -13.992865 20.184978
v 10.502083 -14.088509 20.148104
v 8.637123 -9.809711 17.753801
v 8.637123 -9.817078 17.763666
v 8.637123 -9.824808 17.772806
v 8.637123 -8.553659 15.652477
v 10.502083 -8.553659 15.652477
v 10.502083 -8.542484 15.640575
v 8.637123 -8.542484 15.640575
v 10.502083 -13.907391 20.113970
v 10.502083 -8.529905 15.630170
v 8.637123 -8.529905 15.630170
v 8.637123 -8.563256 15.665685
v 10.502083 -8.563255 15.665685
v 8.637123 -8.571120 15.679991
v 10.502083 -8.571120 15.679991
v 8.637123 -8.516121 15.621422
v 10.502083 -8.516121 15.621422
v 10.502083 -8.501349 15.614471
v 8.637123 -8.501349 15.614471
v 8.637123 -8.577130 15.695169
v 10.502083 -8.577130 15.695169
v 10.502085 -13.875061 20.109884
v 10.502083 -8.485823 15.609426
v 8.637123 -8.485823 15.609426
v 8.637123 -8.581190 15.710982
v 10.502083 -8.581190 15.710982
v 10.502083 -8.469787 15.606367
v 8.637123 -8.469787 15.606367
v 10.502085 -13.858768 20.110910
v 8.637123 -8.583237 15.727179
v 10.502083 -8.583237 15.727179
v 10.502083 -8.453493 15.605342
v 8.637123 -8.453493 15.605342
v 10.502085 -13.842731 20.113970
v 8.637123 -8.583237 15.743505
v 10.502083 -8.583237 15.743505
v 10.502083 -8.437200 15.606367
v 8.637123 -8.437200 15.606367
v 8.637123 -8.581190 15.759702
v 10.502083 -8.581190 15.759702
v 10.502083 -8.421164 15.609426
v 8.637123 -8.421164 15.609426
v 10.502083 -8.405637 15.614471
v 8.637123 -8.405637 15.614471
v 10.502083 -7.461051 14.801680
v 10.502083 -8.390865 15.621422
v 8.637123 -8.390865 15.621422
v 8.637123 -8.563256 15.804999
v 10.502083 -8.563256 15.804999
v 10.502083 -8.522394 15.288576
v 10.502083 -8.377081 15.630170
v 8.637123 -8.377081 15.630170
v 8.637123 -15.437341 24.713680
v 8.637123 -8.553660 15.818207
v 10.502083 -8.553659 15.818207
v 10.502083 -8.364502 15.640575
v 8.637123 -8.364502 15.640575
v 10.502083 -13.999461 20.277086
v 10.502081 -14.048685 20.453207
v 8.637123 -8.542484 15.830109
v 10.502083 -8.542484 15.830109
v 10.502083 -13.993443 20.293329
v 10.502083 -14.042686 20.453207
v 10.502083 -8.353327 15.652477
v 8.637123 -8.353327 15.652477
v 8.637123 -8.529905 15.840514
v 10.502083 -8.529905 15.840514
v 10.502083 -8.343730 15.665685
v 8.637123 -8.343730 15.665685
v 10.502083 -13.983519 20.311340
v 10.502083 -13.976627 20.320824
v 10.502083 -14.027165 20.453207
v 10.502083 -14.033444 20.453207
v 8.637123 -12.986943 20.404751
v 10.502083 -12.986943 20.404751
v 8.637123 -8.516121 15.849262
v 10.502083 -8.516121 15.849262
v 10.502083 -8.335866 15.679991
v 8.637123 -8.335866 15.679991
v 8.637123 -8.501349 15.856213
v 10.502083 -8.501349 15.856213
v 10.502083 -13.949000 20.346626
v 10.502083 -13.937989 20.353615
v 10.502083 -13.992443 20.453207
v 10.502083 -14.002288 20.453207
v 8.637123 -8.485823 15.861258
v 10.502083 -8.485823 15.861258
v 8.513681 -6.313826 15.261501
v 8.513681 -6.313826 14.801680
v 8.637123 -9.920306 18.372919
v 8.741824 -9.920307 18.372919
v 8.637123 -8.329856 15.695169
v 10.502083 -8.329856 15.695169
v 10.502083 -8.325796 15.710982
v 8.637123 -8.325796 15.710982
v 8.637123 -8.469787 15.864317
v 10.502083 -8.469787 15.864317
v 10.502083 -8.323750 15.727179
v 8.637123 -8.323750 15.727179
v 8.637123 -8.453493 15.865342
v 10.502083 -8.453493 15.865342
v 10.502083 -8.323750 15.743505
v 8.637123 -8.323750 15.743505
v 8.637123 -8.437200 15.864317
v 10.502083 -8.437200 15.864317
v 10.502083 -8.325796 15.759702
v 8.637123 -8.325796 15.759702
v 8.637123 -8.421164 15.861258
v 10.502083 -8.421164 15.861258
v 10.502083 -13.753957 20.193316
v 10.502083 -13.757434 20.184534
v 10.502083 -8.329856 15.775515
v 8.637123 -8.329856 15.775515
v 8.637123 -8.405637 15.856213
v 10.502083 -8.405637 15.856213
v 10.502083 -13.750019 20.205185
v 10.502083 -13.751424 20.199713
v 10.502083 -8.335866 15.790693
v 8.637123 -8.335866 15.790693
v 8.637123 -8.390865 15.849262
v 10.502083 -8.390865 15.849262
v 10.502083 -8.343731 15.804999
v 8.637123 -8.343731 15.804999
v 10.502083 -13.747364 20.215525
v 8.637123 -8.377081 15.840514
v 10.502083 -8.377081 15.840514
v 10.502083 -8.353327 15.818207
v 8.637123 -8.353327 15.818207
v 10.502083 -8.364502 15.830109
v 8.637123 -8.364502 15.830109
v 8.637123 -8.251047 15.477703
v 8.637123 -8.251047 15.956515
v 10.502083 -8.251047 15.956515
v 10.502083 -8.251047 15.477703
v 10.502083 -8.245014 15.288576
v 8.637123 -12.933390 20.542727
v 10.502083 -12.933390 20.542727
v 10.502083 -12.922215 20.530825
v 8.637123 -12.922215 20.530825
v 10.502083 -12.909636 20.520418
v 8.637123 -12.909636 20.520418
v 8.637123 -12.942986 20.555933
v 10.502083 -12.942986 20.555933
v 10.502083 -12.895851 20.511671
v 8.637123 -12.895851 20.511671
v 10.502083 -12.881080 20.504721
v 8.637123 -12.881080 20.504721
v 10.502083 -12.865553 20.499676
v 8.637123 -12.865553 20.499676
v 10.502083 -12.849517 20.496616
v 8.637123 -12.849517 20.496616
v 10.502083 -12.833223 20.495590
v 8.637123 -12.833223 20.495590
v 10.502083 -10.693469 19.356792
v 10.502083 -12.785367 20.504721
v 8.637123 -12.785367 20.504721
v 10.502083 -12.770596 20.511671
v 8.637123 -12.770596 20.511671
v 10.502083 -12.756811 20.520418
v 8.637123 -12.756811 20.520418
v 10.502083 -12.744232 20.530825
v 8.637123 -12.744232 20.530825
v 10.502083 -12.733057 20.542727
v 8.637123 -12.733057 20.542727
v 8.637123 -12.723460 20.555933
v 10.502083 -12.723460 20.555933
v 10.502083 -12.715596 20.570240
v 8.637123 -12.715596 20.570240
v 10.502083 -12.709586 20.585419
v 8.637123 -12.709586 20.585419
v 10.502083 -12.705526 20.601231
v 8.637123 -12.705526 20.601231
v 8.637123 -12.849517 20.754566
v 10.502083 -12.849517 20.754566
v 10.502083 -12.865553 20.751507
v 8.637123 -12.865553 20.751507
v 10.502083 -12.703480 20.617428
v 8.637123 -12.703480 20.617428
v 8.637123 -12.833223 20.755590
v 10.502083 -12.833223 20.755590
v 10.502083 -12.703480 20.633753
v 8.637123 -12.703480 20.633753
v 10.502083 -12.705526 20.649950
v 8.637123 -12.705526 20.649950
v 10.502083 -12.709586 20.665764
v 8.637123 -12.709586 20.665764
v 9.447359 -6.984523 14.801680
v 9.459261 -6.995698 14.801680
v 9.436953 -6.971944 14.801680
v 9.472467 -7.005294 14.801680
v 8.637123 -12.785367 20.746462
v 10.502083 -12.785367 20.746462
v 9.428205 -6.958159 14.801680
v 9.486774 -7.013159 14.801680
v 10.502083 -12.715596 20.680943
v 8.637123 -12.715596 20.680943
v 9.421255 -6.943388 14.801680
v 8.637123 -12.770596 20.739511
v 10.502083 -12.770596 20.739511
v 9.501953 -7.019169 14.801680
v 10.502083 -12.723461 20.695248
v 8.637123 -12.723461 20.695248
v 9.416210 -6.927861 14.801680
v 10.502083 -12.733057 20.708456
v 8.637123 -12.733057 20.708456
v 9.517767 -7.023229 14.801680
v 9.413151 -6.911825 14.801680
v 9.533962 -7.025275 14.801680
v 9.550289 -7.025275 14.801680
v 9.413151 -6.879238 14.801680
v 9.412127 -6.895532 14.801680
v 9.566484 -7.023229 14.801680
v 9.416210 -6.863202 14.801680
v 9.582298 -7.019169 14.801680
v 10.502083 -7.621207 15.288576
v 9.421255 -6.847675 14.801680
v 9.597477 -7.013159 14.801680
v 9.428205 -6.832904 14.801680
v 9.611784 -7.005294 14.801680
v 9.436953 -6.819119 14.801680
v 9.624990 -6.995698 14.801680
v 8.637123 -7.600591 15.956515
v 8.637123 -7.600591 15.477703
v 10.502083 -7.600591 15.477703
v 10.502083 -7.600591 15.956515
v 9.447359 -6.806540 14.801680
v 9.636892 -6.984523 14.801680
v 9.459261 -6.795365 14.801680
v 9.647299 -6.971944 14.801680
v 9.472467 -6.785769 14.801680
v 8.637123 -7.487427 15.654346
v 10.502083 -7.487427 15.654346
v 10.502083 -7.476252 15.642447
v 8.637123 -7.476252 15.642447
v 10.502083 -7.463673 15.632040
v 8.637123 -7.463673 15.632040
v 8.637123 -7.497023 15.667555
v 10.502083 -7.497023 15.667555
v 8.637123 -7.504888 15.681861
v 10.502083 -7.504888 15.681861
v 9.656046 -6.958159 14.801680
v 8.637123 -7.449888 15.623293
v 10.502083 -7.449888 15.623293
v 10.502083 -7.435117 15.616341
v 8.637123 -7.435117 15.616341
v 8.637123 -7.510898 15.697041
v 10.502083 -7.510898 15.697041
v 10.502083 -7.419590 15.611296
v 8.637123 -7.419590 15.611296
v 9.486774 -6.777904 14.801680
v 8.637123 -7.514958 15.712852
v 10.502083 -7.514958 15.712852
v 9.662996 -6.943388 14.801680
v 10.502083 -7.403554 15.608237
v 8.637123 -7.403554 15.608237
v 8.637123 -7.517004 15.729050
v 10.502083 -7.517004 15.729050
v 9.501953 -6.771894 14.801680
v 10.502083 -7.387260 15.607212
v 8.637123 -7.387260 15.607212
v 9.668041 -6.927861 14.801680
v 8.637123 -7.517004 15.745375
v 10.502083 -7.517004 15.745375
v 10.502083 -7.370967 15.608237
v 8.637123 -7.370967 15.608237
v 9.517767 -6.767834 14.801680
v 8.637123 -7.514958 15.761572
v 10.502083 -7.514958 15.761572
v 9.671101 -6.911825 14.801680
v 10.502083 -7.354931 15.611296
v 8.637123 -7.354931 15.611296
v 9.533962 -6.765788 14.801680
v 9.550289 -6.765788 14.801680
v 10.502083 -7.339404 15.616341
v 8.637123 -7.339404 15.616341
v 9.672125 -6.895532 14.801680
v 9.671101 -6.879238 14.801680
v 8.637123 -7.504888 15.792563
v 10.502083 -7.504888 15.792563
v 10.502083 -7.510898 15.777384
v 8.637123 -7.510898 15.777384
v 9.566484 -6.767834 14.801680
v 9.668041 -6.863202 14.801680
v 10.502083 -7.324632 15.623293
v 8.637123 -7.324633 15.623293
v 9.582298 -6.771894 14.801680
v 8.637123 -7.497023 15.806870
v 10.502083 -7.497023 15.806870
v 9.662996 -6.847675 14.801680
v 9.597477 -6.777904 14.801680
v 9.656046 -6.832903 14.801680
v 10.502083 -7.310848 15.632040
v 8.637123 -7.310848 15.632040
v 9.611784 -6.785769 14.801680
v 9.647299 -6.819119 14.801680
v 9.624990 -6.795365 14.801680
v 9.636892 -6.806540 14.801680
v 8.637123 -7.487427 15.820078
v 10.502083 -7.487427 15.820078
v 10.502083 -7.298269 15.642447
v 8.637123 -7.298269 15.642447
v 8.637123 -7.476252 15.831978
v 10.502083 -7.476252 15.831978
v 10.502083 -7.287094 15.654346
v 8.637123 -7.287094 15.654346
v 8.637123 -7.463673 15.842384
v 10.502083 -7.463673 15.842384
v 10.502083 -12.948150 20.565325
v 10.502083 -12.950850 20.570240
v 10.502083 -7.277498 15.667555
v 8.637123 -7.277498 15.667555
v 10.502083 -7.621207 15.477703
v 10.502083 -8.245014 15.477703
v 8.637123 -7.449889 15.851131
v 10.502083 -7.449888 15.851131
v 10.502083 -7.269633 15.681861
v 8.637123 -7.269633 15.681861
v 10.502083 -7.263623 15.697041
v 8.637123 -7.263623 15.697041
v 8.637123 -7.419590 15.863129
v 10.502083 -7.419590 15.863129
v 10.502083 -7.435117 15.858084
v 8.637123 -7.435117 15.858084
v 10.502083 -7.461051 15.288576
v 10.502083 -7.259563 15.712852
v 8.637123 -7.259563 15.712852
v 8.637123 -7.403554 15.866187
v 10.502083 -7.403554 15.866187
v 10.502083 -7.257517 15.729050
v 8.637123 -7.257517 15.729050
v 8.637123 -7.387260 15.867212
v 10.502083 -7.387260 15.867212
v 10.502083 -7.257517 15.745375
v 8.637123 -7.257517 15.745375
v 8.637123 -11.650851 20.208784
v 10.502083 -12.960920 20.601231
v 10.502083 -12.961844 20.608543
v 8.637123 -7.370967 15.866187
v 10.502083 -7.370967 15.866187
v 10.502083 -12.962967 20.617428
v 10.502083 -12.962967 20.621567
v 10.502083 -12.962967 20.633753
v 8.637123 -7.354931 15.863129
v 10.502083 -7.354931 15.863129
v 8.637123 -7.259563 15.761572
v 10.502083 -7.259563 15.761572
v 10.502083 -7.263623 15.777384
v 8.637123 -7.263623 15.777384
v 8.637123 -7.339404 15.858084
v 10.502083 -7.339404 15.858084
v 10.502083 -7.269633 15.792563
v 8.637123 -7.269633 15.792563
v 10.502083 -12.960920 20.649950
v 10.502083 -12.958176 20.660641
v 8.637123 -7.324633 15.851131
v 10.502083 -7.324633 15.851131
v 10.502083 -7.277498 15.806870
v 8.637123 -7.277498 15.806870
v 8.637123 -7.310848 15.842384
v 10.502083 -7.310848 15.842384
v 10.502083 -7.287094 15.820078
v 8.637123 -7.287094 15.820078
v 8.637123 -7.298269 15.831978
v 10.502083 -7.298269 15.831978
v 10.502083 -12.956861 20.665764
v 10.502083 -12.954038 20.672894
v 10.502083 -12.950850 20.680943
v 8.637123 -11.063998 20.035444
v 8.637123 -11.063998 20.112452
v 8.637123 -11.063998 20.198023
v 10.502083 -12.942986 20.695248
v 10.502083 -12.936487 20.704193
v 10.502083 -12.933390 20.708456
v 8.513681 -15.437341 25.626259
v 8.513681 -17.341597 25.626259
v 8.637123 -12.629813 20.902550
v 8.637123 -11.979358 20.902550
v 10.502083 -12.922215 20.720356
v 10.502083 -12.918943 20.723063
v 8.637123 -11.876754 20.557804
v 10.502083 -11.876753 20.557804
v 10.502083 -11.867157 20.544596
v 8.637123 -11.867157 20.544596
v 10.502083 -12.902039 20.735584
v 10.502083 -12.895851 20.739511
v 8.637123 -11.884618 20.572109
v 10.502083 -11.884618 20.572109
v 8.637123 -11.829618 20.513542
v 10.502083 -11.829618 20.513542
v 10.502083 -11.814847 20.506590
v 8.637123 -11.814847 20.506590
v 8.637123 -11.890628 20.587290
v 10.502083 -11.890628 20.587290
v 10.502083 -12.881080 20.746462
v 10.502083 -12.880986 20.746492
v 10.502083 -11.799320 20.501545
v 8.637123 -11.799320 20.501545
v 10.502083 -11.783284 20.498486
v 8.637123 -11.783284 20.498486
v 8.637123 -11.896734 20.619299
v 10.502083 -11.896734 20.619299
v 10.502083 -11.894688 20.603102
v 8.637123 -11.894688 20.603102
v 8.637123 -11.896734 20.635624
v 10.502083 -11.896734 20.635624
v 8.637123 -11.894688 20.651821
v 10.502083 -11.894688 20.651821
v 8.637123 -11.890628 20.667633
v 10.502083 -11.890628 20.667633
v 8.637123 -7.272085 16.161186
v 8.637123 -7.272085 15.956515
v 10.502083 -7.272085 15.956515
v 10.502083 -7.272085 16.161186
v 8.637123 -11.884619 20.682812
v 10.502083 -11.884618 20.682812
v 10.502083 -6.900674 14.801680
v 10.502083 -6.900674 15.288574
v 8.637123 -11.876754 20.697119
v 10.502083 -11.876754 20.697119
v 8.637123 -10.668294 19.525797
v 10.502083 -10.668294 19.525797
v 8.637123 -10.677891 19.539005
v 10.502083 -10.677891 19.539005
v 10.502083 -10.630755 19.494743
v 8.637123 -10.630755 19.494743
v 8.637123 -10.685755 19.553310
v 10.502083 -10.685755 19.553310
v 10.502083 -10.615984 19.487791
v 8.637123 -10.615984 19.487791
v 8.637123 -10.691765 19.568491
v 10.502083 -10.691765 19.568491
v 10.502083 -10.600457 19.482746
v 8.637123 -10.600457 19.482746
v 8.637123 -10.695825 19.584303
v 10.502083 -10.695825 19.584303
v 10.502083 -10.584421 19.479687
v 8.637123 -10.584421 19.479687
v 8.637123 -10.697871 19.600500
v 10.502083 -10.697871 19.600500
v 10.502083 -10.568128 19.478662
v 8.637123 -10.568128 19.478662
v 8.637123 -10.697871 19.616825
v 10.502083 -10.697871 19.616825
v 10.502083 -10.551834 19.479687
v 8.637123 -10.551834 19.479687
v 8.637123 -10.695825 19.633022
v 10.502083 -10.695825 19.633022
v 8.637123 -11.649364 20.572109
v 10.502083 -11.649364 20.572109
v 10.502083 -11.643353 20.587290
v 8.637123 -11.643353 20.587290
v 10.502083 -10.535798 19.482746
v 8.637123 -10.535798 19.482746
v 10.502083 -10.520271 19.487791
v 8.637123 -10.520271 19.487791
v 10.502083 -10.505500 19.494743
v 8.637123 -10.505500 19.494743
v 8.637123 -11.766991 20.757462
v 8.637123 -11.783284 20.756435
v 8.637123 -10.677891 19.678320
v 10.502083 -10.677891 19.678320
v 8.637123 -11.750697 20.756435
v 10.502083 -10.491715 19.503490
v 8.637123 -10.491715 19.503490
v 8.637123 -10.668295 19.691528
v 10.502083 -10.668294 19.691528
v 8.637123 -11.734661 20.753376
v 10.502083 -10.479136 19.513897
v 8.637123 -10.479136 19.513897
v 8.637123 -11.719134 20.748333
v 8.637123 -11.704363 20.741381
v 8.637123 -10.657119 19.703428
v 10.502083 -10.657119 19.703428
v 8.637123 -11.690578 20.732634
v 8.637123 -12.077351 22.349255
v 8.637123 -12.776436 22.349255
v 8.741825 -12.776436 22.349255
v 8.741825 -12.077351 22.349255
v 10.502083 -10.467960 19.525797
v 8.637123 -10.467961 19.525797
v 8.637123 -10.644540 19.713835
v 10.502083 -10.644540 19.713835
v 8.637123 -12.776436 23.100006
v 8.741824 -12.776436 23.100006
v 10.502083 -10.458364 19.539005
v 8.637123 -10.458364 19.539005
v 8.637123 -6.900673 16.161186
v 10.502083 -6.900674 16.161186
v 8.637123 -13.388711 24.085487
v 8.637123 -10.630755 19.722582
v 10.502083 -10.630755 19.722582
v 10.502083 -10.450500 19.553310
v 8.637123 -10.450500 19.553310
v 8.637123 -10.615984 19.729534
v 10.502083 -10.615984 19.729534
v 8.637123 -10.600457 19.734579
v 10.502083 -10.600457 19.734579
v 8.637123 -10.444490 19.568491
v 10.502083 -10.444490 19.568491
v 10.502083 -10.440431 19.584303
v 8.637123 -10.440431 19.584303
v 8.637123 -10.721246 20.035444
v 10.502083 -10.721246 20.035446
v 8.637123 -10.584421 19.737637
v 10.502083 -10.584421 19.737637
v 10.502083 -10.438384 19.600500
v 8.637123 -10.438384 19.600500
v 8.637123 -10.568128 19.738663
v 10.502083 -10.568128 19.738663
v 10.502083 -10.438384 19.616825
v 8.637123 -10.438384 19.616825
v 8.741825 -12.663511 22.999702
v 8.741825 -12.663511 22.449551
v 8.637123 -10.551834 19.737637
v 10.502083 -10.551834 19.737637
v 8.637123 -12.663511 22.999702
v 8.637123 -12.663511 22.449551
v 10.502083 -10.440431 19.633022
v 8.637123 -10.440431 19.633022
v 8.637123 -12.077351 21.944569
v 8.741824 -12.077351 21.944569
v 8.637123 -10.535798 19.734579
v 10.502083 -10.535798 19.734579
v 8.741825 -11.990481 22.449551
v 10.502083 -10.444490 19.648834
v 8.637123 -10.444490 19.648834
v 8.637123 -10.520271 19.729534
v 10.502083 -10.520271 19.729534
v 10.502083 -10.450500 19.664013
v 8.637123 -10.450500 19.664013
v 8.637123 -10.721246 19.828104
v 10.502083 -10.721246 19.828104
v 8.637123 -10.505500 19.722582
v 10.502083 -10.505500 19.722582
v 10.502083 -10.458365 19.678320
v 8.637123 -10.458365 19.678320
v 8.637123 -10.491715 19.713835
v 10.502083 -10.491715 19.713835
v 10.502083 -10.467961 19.691528
v 8.637123 -10.467961 19.691528
v 10.502083 -10.479136 19.703428
v 8.637123 -10.479136 19.703428
v 8.637123 -11.990481 22.449551
v 8.637123 -12.380976 22.557278
v 8.637123 -12.451321 22.557278
v 8.741825 -12.451321 22.557278
v 8.741825 -12.380976 22.557278
v 8.537125 -17.341597 25.626259
v 8.537125 -13.400604 25.626259
v 8.637123 -13.400604 25.626259
v 8.637123 -17.341597 25.626259
v 8.637123 -9.713660 19.349291
v 8.637123 -10.364116 19.349291
v 10.502083 -10.364116 19.349291
v 10.502083 -9.713660 19.349291
v 8.637123 -12.361666 22.578213
v 8.741825 -12.361666 22.578213
v 8.637123 -12.342817 22.598270
v 8.741825 -12.342817 22.598270
v 10.502083 -6.313828 14.801680
v 10.502083 -6.313828 15.288574
v 8.741825 -11.990481 22.209309
v 8.637123 -12.324425 22.617451
v 8.741825 -12.324425 22.617451
v 8.637123 -12.451321 22.913139
v 8.741825 -12.451321 22.913139
v 8.637123 -6.313826 15.288576
v 8.637123 -6.313826 16.161186
v 10.502083 -6.313828 16.161186
v 8.637123 -12.306494 22.635738
v 8.741825 -12.306494 22.635738
v 8.637123 -15.096094 24.713680
v 10.502083 -15.096094 24.713680
v 8.637123 -11.990481 22.209309
v 8.637123 -12.805698 15.605255
v 8.637123 -12.289024 22.653149
v 8.741825 -12.289024 22.653149
v 8.637123 -12.272011 22.669689
v 8.741825 -12.272011 22.669689
v 8.637123 -12.353872 22.741768
v 8.637123 -12.354769 22.735210
v 8.741825 -12.354769 22.735210
v 8.741825 -12.353872 22.741768
v 8.637123 -12.353010 22.748573
v 8.741825 -12.353010 22.748573
v 8.637123 -12.341314 22.748196
v 8.741825 -12.341314 22.748196
v 8.637123 -12.352182 22.755638
v 8.741825 -12.352182 22.755638
v 8.637123 -12.351404 22.762947
v 8.741825 -12.351404 22.762947
v 8.637123 -12.255417 22.685184
v 8.741825 -12.255417 22.685184
v 8.637123 -12.350651 22.770504
v 8.741825 -12.350651 22.770504
v 8.637123 -12.327610 22.760952
v 8.741825 -12.327610 22.760952
v 8.637123 -12.349941 22.778313
v 8.741825 -12.349941 22.778313
v 8.637123 -12.349314 22.786057
v 8.741825 -12.349314 22.786057
v 8.637123 -12.348797 22.793442
v 8.741825 -12.348797 22.793442
v 10.502083 -11.859448 20.536386
v 10.502083 -11.909496 20.404751
v 8.637123 -12.239176 22.699497
v 8.741825 -12.239176 22.699497
v 10.502083 -11.841096 20.520824
v 8.637123 -12.313652 22.773483
v 8.741825 -12.313652 22.773483
v 8.637123 -12.348389 22.800465
v 8.741825 -12.348389 22.800465
v 8.637123 -12.348106 22.807117
v 8.741825 -12.348106 22.807117
v 8.637123 -12.347935 22.813416
v 8.741825 -12.347935 22.813416
v 8.637123 -12.347872 22.819347
v 8.741825 -12.347872 22.819347
v 8.637123 -12.299444 22.785782
v 8.741825 -12.299444 22.785782
v 8.637123 -12.223307 22.712620
v 8.741825 -12.223307 22.712620
v 8.637123 -11.063998 20.852903
v 8.637123 -12.284990 22.797852
v 8.741825 -12.284990 22.797852
v 8.637123 -12.207796 22.724552
v 8.741825 -12.207796 22.724552
v 8.637123 -12.347872 22.913139
v 8.741825 -12.347872 22.913139
v 8.637123 -12.270287 22.809692
v 8.741825 -12.270287 22.809692
v 8.637123 -12.192659 22.735298
v 8.741825 -12.192659 22.735298
v 8.637123 -12.007873 22.551067
v 8.637123 -12.074080 22.617962
v 8.741825 -12.074080 22.617962
v 8.741825 -12.007873 22.551067
v 10.502083 -11.766991 20.497461
v 8.637123 -12.067562 22.624233
v 8.741825 -12.067562 22.624233
v 8.637123 -12.255424 22.821056
v 8.741825 -12.255424 22.821056
v 8.637123 -12.177872 22.744865
v 8.741825 -12.177872 22.744865
v 8.637123 -11.994906 22.563740
v 8.741825 -11.994906 22.563740
v 10.502083 -11.750697 20.498486
v 8.637123 -12.061321 22.630642
v 8.741825 -12.061321 22.630642
v 8.637123 -17.341597 20.112452
v 8.637123 -12.055376 22.637188
v 8.741825 -12.055376 22.637188
v 10.502083 -11.727007 20.504032
v 10.502083 -11.734661 20.501545
v 8.637123 -12.163458 22.753078
v 8.741825 -12.163458 22.753078
v 8.637123 -12.240479 22.831718
v 8.741825 -12.240479 22.831718
v 8.637123 -11.983128 22.576466
v 8.741825 -11.983128 22.576466
v 8.637123 -12.049713 22.643864
v 8.741825 -12.049713 22.643864
v 10.502083 -11.719134 20.506590
v 8.637123 -15.096094 24.901443
v 10.502083 -15.096094 24.901443
v 8.637123 -12.149410 22.759804
v 8.741825 -12.149410 22.759804
v 8.637123 -12.044342 22.650677
v 8.741825 -12.044342 22.650677
v 8.637123 -12.225458 22.841671
v 8.741825 -12.225458 22.841671
v 8.637123 -11.972528 22.589252
v 8.741825 -11.972528 22.589252
v 10.502083 -11.694923 20.519531
v 10.502083 -11.704363 20.513542
v 8.637123 -12.039251 22.657619
v 8.741825 -12.039251 22.657619
v 8.637123 -12.135721 22.765038
v 8.741825 -12.135721 22.765038
v 8.637123 -12.034727 22.664776
v 8.741825 -12.034727 22.664776
v 8.637123 -11.963127 22.602100
v 8.741825 -11.963127 22.602100
v 8.637123 -12.210369 22.850914
v 8.741825 -12.210369 22.850914
v 8.637123 -12.031017 22.672215
v 8.741825 -12.031017 22.672215
v 8.637123 -12.122396 22.768768
v 8.741825 -12.122396 22.768768
v 8.637123 -12.028134 22.679943
v 8.741825 -12.028134 22.679943
v 8.637123 -11.954906 22.615002
v 8.741825 -11.954906 22.615002
v 8.637123 -12.195196 22.859451
v 8.741825 -12.195196 22.859451
v 8.637123 -12.109438 22.771008
v 8.741825 -12.109438 22.771008
v 8.637123 -12.026073 22.687969
v 8.741825 -12.026073 22.687969
v 8.637123 -12.024837 22.696270
v 8.741825 -12.024837 22.696270
v 8.637123 -12.096838 22.771759
v 8.741825 -12.096838 22.771759
v 8.637123 -11.947872 22.627964
v 8.741825 -11.947872 22.627964
v 8.637123 -11.990480 22.999702
v 8.741825 -11.990481 22.999702
v 8.637123 -12.077350 23.100006
v 8.741824 -12.077351 23.100006
v 10.502083 -11.864962 20.712666
v 10.502083 -11.856477 20.721701
v 10.502083 -11.979358 20.848124
v 10.502083 -11.979358 20.847431
v 8.637123 -12.179941 22.867279
v 8.741825 -12.179941 22.867279
v 8.637123 -12.024424 22.704861
v 8.741825 -12.024424 22.704861
v 8.637123 -12.089224 22.771542
v 8.741825 -12.089224 22.771542
v 10.502083 -11.677999 20.532696
v 10.502083 -11.686564 20.525610
v 8.637123 -12.024658 22.711597
v 8.741825 -12.024658 22.711597
v 8.637123 -12.082010 22.770878
v 8.741825 -12.082010 22.770878
v 8.637123 -11.941976 22.641376
v 8.741825 -11.941976 22.641376
v 8.637123 -12.025349 22.718044
v 8.741825 -12.025349 22.718044
v 8.637123 -12.075203 22.769775
v 8.741825 -12.075203 22.769775
v 8.637123 -12.026493 22.724171
v 8.741825 -12.026493 22.724171
v 8.637123 -12.068796 22.768230
v 8.741825 -12.068796 22.768230
v 8.741825 -11.545030 22.724628
v 8.637123 -12.164707 22.874126
v 8.741825 -12.164707 22.874126
v 8.637123 -11.545030 22.724628
v 8.637123 -12.028107 22.729996
v 8.741825 -12.028107 22.729996
v 8.637123 -12.062790 22.766251
v 8.741825 -12.062790 22.766251
v 8.637123 -12.030176 22.735512
v 8.741825 -12.030176 22.735512
v 10.502083 -11.666824 20.544596
v 8.637123 -12.057182 22.763828
v 8.741825 -12.057182 22.763828
v 8.637123 -12.032700 22.740726
v 8.741825 -12.032700 22.740726
v 8.637123 -12.052004 22.760983
v 8.741825 -12.052004 22.760983
v 8.637123 -11.937148 22.655659
v 8.741825 -11.937148 22.655659
v 8.637123 -12.035679 22.745583
v 8.741825 -12.035679 22.745583
v 10.502083 -11.979358 20.849974
v 10.502083 -11.979358 20.849644
v 8.637123 -12.047266 22.757732
v 8.741825 -12.047266 22.757732
v 8.637123 -12.039100 22.750038
v 8.741825 -12.039100 22.750038
v 8.637123 -12.042961 22.754086
v 8.741825 -12.042961 22.754086
v 8.637123 -12.149563 22.879726
v 8.741825 -12.149563 22.879726
v 10.502083 -11.798426 20.753548
v 10.502083 -11.790936 20.754976
v 10.502083 -11.979358 20.850546
v 10.502083 -11.979358 20.850414
v 8.637123 -11.933390 22.670811
v 8.741825 -11.933390 22.670811
v 10.502083 -11.785956 20.755926
v 10.502083 -11.979358 20.850628
v 8.637123 -12.805698 15.858920
v 8.637123 -12.134514 22.884087
v 8.741825 -12.134514 22.884087
v 8.637123 -11.930714 22.686817
v 8.741825 -11.930714 22.686817
v 8.637123 -12.119562 22.887196
v 8.741825 -12.119562 22.887196
v 8.637123 -11.929100 22.703686
v 8.741825 -11.929100 22.703686
v 10.502083 -11.657228 20.557804
v 8.637123 -12.104708 22.889065
v 8.741825 -12.104708 22.889065
v 8.637123 -11.928562 22.721416
v 8.741825 -11.928562 22.721416
v 8.637123 -12.089941 22.889690
v 8.741825 -12.089941 22.889690
v 8.637123 -11.929121 22.737637
v 8.741825 -11.929121 22.737637
v 10.502083 -12.908098 15.625940
v 8.637123 -9.602061 19.527668
v 10.502083 -9.602061 19.527668
v 10.502083 -9.590886 19.515766
v 8.637123 -9.590886 19.515766
v 10.502083 -9.578307 19.505360
v 8.637123 -9.578307 19.505360
v 8.637123 -12.073977 22.889091
v 8.741825 -12.073977 22.889091
v 8.637123 -9.611658 19.540874
v 10.502083 -9.611658 19.540874
v 10.502083 -9.564523 19.496613
v 8.637123 -9.564523 19.496613
v 8.637123 -9.619522 19.555182
v 10.502083 -9.619522 19.555182
v 8.637123 -11.930790 22.753216
v 8.741825 -11.930790 22.753216
v 8.637123 -9.625532 19.570360
v 10.502083 -9.625532 19.570360
v 8.637123 -12.058722 22.887314
v 8.741825 -12.058722 22.887314
v 8.637123 -11.933562 22.768139
v 8.741825 -11.933562 22.768139
v 8.637123 -9.629592 19.586174
v 10.502083 -9.629592 19.586174
v 8.637123 -12.044168 22.884346
v 8.741825 -12.044168 22.884346
v 8.637123 -11.937451 22.782410
v 8.741825 -11.937451 22.782410
v 8.637123 -9.631639 19.602369
v 10.502083 -9.631639 19.602369
v 8.637123 -12.030328 22.880188
v 8.741825 -12.030328 22.880188
v 8.637123 -11.942451 22.796028
v 8.741825 -11.942451 22.796028
v 8.637123 -9.518188 19.481558
v 10.502083 -9.518188 19.481558
v 10.502083 -9.501895 19.480534
v 8.637123 -9.501895 19.480534
v 8.637123 -12.017197 22.874844
v 8.741825 -12.017197 22.874844
v 8.637123 -11.948562 22.809002
v 8.741825 -11.948562 22.809002
v 8.637123 -9.631639 19.618696
v 10.502083 -9.631639 19.618696
v 8.637123 -12.004769 22.868313
v 8.741825 -12.004769 22.868313
v 8.637123 -11.955679 22.821182
v 8.741825 -11.955679 22.821182
v 8.637123 -11.993155 22.860725
v 8.741825 -11.993155 22.860725
v 8.637123 -11.963700 22.832451
v 8.741825 -11.963700 22.832451
v 10.502083 -9.485601 19.481558
v 8.637123 -9.485601 19.481558
v 8.637123 -11.982438 22.852215
v 8.741825 -11.982438 22.852215
v 8.637123 -11.972617 22.842796
v 8.741825 -11.972617 22.842796
v 8.637123 -9.629592 19.634892
v 10.502083 -9.629592 19.634892
v 10.502083 -9.469565 19.484617
v 8.637123 -9.469565 19.484617
v 8.637123 -15.041460 25.048569
v 10.502083 -15.041460 25.048569
v 10.502083 -15.030285 25.036669
v 8.637123 -15.030285 25.036669
v 10.502083 -15.017706 25.026262
v 8.637123 -15.017706 25.026262
v 8.637123 -15.051057 25.061777
v 10.502083 -15.051056 25.061777
v 10.502083 -15.003922 25.017513
v 8.637123 -15.003922 25.017513
v 10.502083 -14.989150 25.010563
v 8.637123 -14.989150 25.010563
v 8.637123 -9.619522 19.665884
v 10.502083 -9.619522 19.665884
v 10.502083 -9.625532 19.650705
v 8.637123 -9.625532 19.650705
v 10.502083 -14.941294 25.001434
v 8.637123 -14.941294 25.001434
v 8.637123 -9.611658 19.680191
v 10.502083 -9.611658 19.680191
v 10.502083 -14.925000 25.002459
v 8.637123 -14.925000 25.002459
v 8.637123 -9.602062 19.693398
v 10.502083 -9.602061 19.693398
v 10.502083 -14.908964 25.005518
v 8.637123 -14.908964 25.005518
v 8.637123 -9.590886 19.705299
v 10.502083 -9.590886 19.705299
v 10.502083 -11.637856 20.614483
v 10.502083 -11.639294 20.603102
v 10.502083 -14.893437 25.010563
v 8.637123 -14.893437 25.010563
v 10.502083 -11.637247 20.627293
v 10.502083 -11.637247 20.619299
v 8.637123 -9.578307 19.715706
v 10.502083 -9.578307 19.715706
v 10.502083 -11.637854 20.640427
v 10.502083 -11.637247 20.635624
v 10.502083 -14.878666 25.017513
v 8.637123 -14.878666 25.017513
v 10.502083 -11.639294 20.651821
v 8.637123 -12.986943 15.956515
v 10.502083 -12.986943 15.956515
v 8.637123 -9.564523 19.724453
v 10.502083 -9.564523 19.724453
v 10.502083 -11.647874 20.679050
v 10.502083 -11.643353 20.667633
v 10.502083 -14.864882 25.026262
v 8.637123 -14.864882 25.026262
v 10.502083 -11.660742 20.701954
v 8.637123 -9.392132 19.540874
v 10.502083 -9.392132 19.540874
v 10.502083 -9.384268 19.555182
v 8.637123 -9.384268 19.555182
v 10.502083 -11.666824 20.710327
v 10.502083 -9.378258 19.570360
v 8.637123 -9.378258 19.570360
v 10.502083 -9.374198 19.586174
v 8.637123 -9.374198 19.586174
v 10.502083 -14.831531 25.061777
v 8.637123 -14.831531 25.061777
v 8.513681 -14.092396 25.626259
v 8.637123 -9.501895 19.740532
v 10.502083 -9.501895 19.740532
v 10.502083 -9.518188 19.739508
v 8.637123 -9.518188 19.739508
v 8.637123 -15.003922 25.245354
v 10.502083 -15.003922 25.245354
v 10.502083 -15.017706 25.236607
v 8.637123 -15.017706 25.236607
v 10.502083 -14.823667 25.076082
v 8.637123 -14.823667 25.076082
v 10.502083 -14.817657 25.091263
v 8.637123 -14.817657 25.091263
v 10.502083 -14.813597 25.107075
v 8.637123 -14.813597 25.107075
v 10.502083 -14.811550 25.123272
v 8.637123 -14.811550 25.123272
v 10.502083 -14.811550 25.139597
v 8.637123 -14.811550 25.139597
v 10.502083 -14.813597 25.155794
v 8.637123 -14.813597 25.155794
v 8.637123 -12.077350 23.504684
v 8.741824 -12.077351 23.504684
v 10.502083 -14.817657 25.171606
v 8.637123 -14.817657 25.171606
v 8.637123 -14.893437 25.252304
v 10.502083 -14.893437 25.252304
v 10.502083 -14.908964 25.257351
v 8.637123 -14.908964 25.257351
v 10.502083 -14.823667 25.186785
v 8.637123 -14.823667 25.186785
v 10.502083 -14.831532 25.201092
v 8.637123 -14.831532 25.201092
v 8.637123 -14.864882 25.236607
v 10.502083 -14.864882 25.236607
v 10.502083 -14.878666 25.245354
v 8.637123 -14.878666 25.245354
v 10.502083 -14.841127 25.214300
v 8.637123 -14.841127 25.214300
v 10.502083 -14.852303 25.226200
v 8.637123 -14.852303 25.226200
v 10.502083 -12.756572 15.837061
v 8.637123 -9.015369 20.211227
v 8.637123 -9.015369 20.112452
v 8.637123 -9.015369 20.046358
v 8.637123 -8.949305 20.035444
v 8.637123 -8.949305 20.112452
v 8.637123 -8.949305 20.200314
v 10.502083 -15.055987 25.070745
v 10.502083 -15.058921 25.076082
v 10.502083 -15.061476 25.082535
v 10.502083 -9.543781 19.487722
v 10.502083 -9.549751 19.489662
v 10.502083 -9.532397 19.484268
v 10.502083 -9.534225 19.484617
v 10.502083 -15.068510 25.105202
v 10.502083 -15.068991 25.107075
v 10.502083 -15.070290 25.117355
v 10.502083 -15.071037 25.123272
v 10.502083 -15.071037 25.130079
v 10.502083 -15.071037 25.139597
v 10.502083 -15.070597 25.143084
v 10.502083 -15.068991 25.155794
v 10.502083 -15.064931 25.171606
v 10.502083 -15.061180 25.181080
v 10.502083 -15.058921 25.186785
v 10.502083 -15.055689 25.192665
v 10.502083 -15.051057 25.201092
v 8.637123 -13.388711 24.713680
v 10.502083 -15.041460 25.214300
v 10.502083 -15.034852 25.221336
v 10.502083 -15.030285 25.226200
v 8.637123 -13.760002 24.901443
v 8.637123 -13.760002 24.713680
v 10.502083 -13.760002 24.713682
v 10.502083 -13.760002 24.901443
v 10.502083 -9.454039 19.489662
v 8.637123 -13.964052 25.038538
v 10.502083 -13.964052 25.038538
v 10.502083 -13.951473 25.028131
v 8.637123 -13.951473 25.028131
v 8.637123 -13.984824 25.063646
v 10.502083 -13.984823 25.063646
v 10.502083 -13.975227 25.050440
v 8.637123 -13.975227 25.050440
v 10.502083 -9.433544 19.500244
v 10.502083 -9.439267 19.496613
v 10.502083 -13.937689 25.019384
v 8.637123 -13.937689 25.019384
v 8.637123 -13.992688 25.077953
v 10.502083 -13.992688 25.077953
v 10.502083 -13.922917 25.012434
v 8.637123 -13.922917 25.012434
v 8.637123 -13.998698 25.093132
v 10.502083 -13.998698 25.093132
v 10.502083 -13.907391 25.007389
v 8.637123 -13.907391 25.007389
v 8.637123 -14.002758 25.108944
v 10.502083 -14.002758 25.108944
v 10.502083 -13.891355 25.004330
v 8.637123 -13.891355 25.004330
v 8.637123 -14.004805 25.125141
v 10.502083 -14.004805 25.125141
v 10.502083 -9.406010 19.523108
v 10.502083 -13.875061 25.003304
v 8.637123 -13.875061 25.003304
v 8.637123 -14.004805 25.141468
v 10.502083 -14.004805 25.141468
v 10.502083 -9.397797 19.533079
v 10.502083 -9.401728 19.527668
v 10.502083 -9.554911 19.728975
v 10.502083 -9.556206 19.828104
v 8.637123 -11.893122 15.764418
v 8.637123 -14.002758 25.157663
v 10.502083 -14.002758 25.157663
v 10.502083 -9.533726 19.736544
v 8.637123 -13.998698 25.173477
v 10.502083 -13.998698 25.173477
v 10.502083 -13.827205 25.012434
v 8.637123 -13.827205 25.012434
v 8.637123 -13.992689 25.188656
v 10.502083 -13.992688 25.188656
v 10.502083 -13.812433 25.019384
v 8.637123 -13.812433 25.019384
v 8.537125 -12.805698 24.963400
v 8.637123 -12.805698 24.963400
v 10.502083 -13.798649 25.028131
v 8.637123 -13.798649 25.028131
v 10.502083 -9.485601 19.739508
v 10.502083 -13.786070 25.038538
v 8.637123 -13.786070 25.038538
v 10.502083 -9.469565 19.736448
v 10.502083 -9.461054 19.733683
v 10.502083 -9.454039 19.731403
v 8.637123 -13.964052 25.228069
v 10.502083 -13.964052 25.228069
v 10.502083 -9.439267 19.724453
v 10.502083 -13.774895 25.050440
v 8.637123 -13.774895 25.050440
v 8.637123 -13.951473 25.238476
v 10.502083 -13.951473 25.238476
v 10.502083 -13.765298 25.063646
v 8.637123 -13.765298 25.063646
v 8.637123 -13.937689 25.247225
v 10.502083 -13.937689 25.247225
v 8.637123 -13.922917 25.254175
v 10.502083 -13.922917 25.254175
v 8.637123 -13.757434 25.077953
v 10.502083 -13.757434 25.077953
v 10.502083 -13.751424 25.093132
v 8.637123 -13.751424 25.093132
v 8.637123 -13.907391 25.259220
v 10.502083 -13.907391 25.259220
v 10.502083 -13.747364 25.108944
v 8.637123 -13.747364 25.108944
v 10.502083 -9.372151 19.602369
v 8.637123 -13.891355 25.262280
v 10.502083 -13.891355 25.262280
v 10.502083 -13.745317 25.125141
v 8.637123 -13.745317 25.125141
v 10.502083 -9.372998 19.625397
v 10.502083 -9.372151 19.618696
v 10.502083 -13.745317 25.141468
v 8.637123 -13.745317 25.141468
v 10.502083 -9.381972 19.660086
v 10.502083 -9.387512 19.671785
v 10.502083 -9.384268 19.665884
v 10.502083 -9.394258 19.683115
v 10.502083 -9.392133 19.680191
v 10.502083 -13.747364 25.157663
v 8.637123 -13.747364 25.157663
v 8.637123 -11.063998 24.085485
v 8.637123 -13.842731 25.259220
v 10.502083 -13.842731 25.259220
v 10.502083 -13.751424 25.173477
v 8.637123 -13.751424 25.173477
v 8.637123 -13.827205 25.254175
v 10.502083 -13.827205 25.254175
v 10.502083 -14.936532 25.261135
v 10.502083 -13.757434 25.188656
v 8.637123 -13.757434 25.188656
v 8.637123 -13.812433 25.247225
v 10.502083 -13.812433 25.247225
v 10.502083 -13.765299 25.202961
v 8.637123 -13.765299 25.202961
v 10.502083 -14.925000 25.260408
v 8.637123 -13.798649 25.238476
v 10.502083 -13.798649 25.238476
v 10.502083 -13.774895 25.216169
v 8.637123 -13.774895 25.216169
v 8.637123 -13.786070 25.228069
v 10.502083 -13.786070 25.228069
v 8.637123 -11.638133 15.718786
v 10.502083 -11.831856 15.621458
v 9.413683 -10.693469 14.799236
v 10.502083 -11.819862 15.852468
v 8.637123 -8.553659 20.545195
v 10.502083 -8.553659 20.545195
v 10.502083 -8.542484 20.533295
v 8.637123 -8.542484 20.533295
v 10.502083 -8.529905 20.522888
v 8.637123 -8.529905 20.522888
v 10.502083 -8.516121 20.514139
v 8.637123 -8.516121 20.514139
v 10.502083 -8.501349 20.507189
v 8.637123 -8.501349 20.507189
v 10.502083 -8.485823 20.502144
v 8.637123 -8.485823 20.502144
v 10.502083 -8.469787 20.499084
v 8.637123 -8.469787 20.499084
v 10.502083 -8.453493 20.498060
v 8.637123 -8.453493 20.498060
v 9.390471 -13.934151 26.456966
v 9.378571 -13.922975 26.456966
v 9.368164 -13.910396 26.456966
v 9.403679 -13.943747 26.456966
v 10.502083 -8.437200 20.499084
v 8.637123 -8.437200 20.499084
v 9.359417 -13.896611 26.456966
v 9.417986 -13.951611 26.456966
v 9.352465 -13.881840 26.456966
v 9.433165 -13.957621 26.456966
v 9.347422 -13.866313 26.456966
v 10.502083 -8.421164 20.502144
v 8.637123 -8.421164 20.502144
v 9.448977 -13.961681 26.456966
v 9.344362 -13.850277 26.456966
v 9.465174 -13.963727 26.456966
v 10.502083 -8.405637 20.507189
v 8.637123 -8.405637 20.507189
v 9.343336 -13.833983 26.456966
v 9.481501 -13.963727 26.456966
v 9.344362 -13.817690 26.456966
v 10.502083 -8.390865 20.514139
v 8.637123 -8.390865 20.514139
v 9.497696 -13.961681 26.456966
v 9.347422 -13.801654 26.456966
v 10.502083 -8.377081 20.522888
v 8.637123 -8.377081 20.522888
v 9.513510 -13.957621 26.456966
v 10.502083 -11.821221 15.956515
v 9.352465 -13.786127 26.456966
v 10.502083 -8.364502 20.533295
v 8.637123 -8.364502 20.533295
v 9.528688 -13.951611 26.456966
v 9.359417 -13.771355 26.456966
v 10.502083 -8.353327 20.545195
v 8.637123 -8.353327 20.545195
v 9.542994 -13.943747 26.456966
v 9.368164 -13.757571 26.456966
v 9.556202 -13.934151 26.456966
v 9.378571 -13.744992 26.456966
v 8.637123 -8.343730 20.558403
v 10.502083 -8.343730 20.558403
v 10.502083 -8.335866 20.572708
v 8.637123 -8.335866 20.572708
v 9.568102 -13.922975 26.456966
v 9.390471 -13.733816 26.456966
v 10.502083 -8.329856 20.587887
v 8.637123 -8.329856 20.587887
v 9.578508 -13.910396 26.456966
v 9.403679 -13.724220 26.456966
v 10.502083 -8.325796 20.603701
v 8.637123 -8.325796 20.603701
v 9.587255 -13.896611 26.456966
v 8.637123 -8.469787 20.757034
v 10.502083 -8.469787 20.757034
v 10.502083 -8.485823 20.753975
v 8.637123 -8.485823 20.753975
v 9.417986 -13.716356 26.456966
v 10.502083 -8.323750 20.619898
v 8.637123 -8.323750 20.619898
v 9.594208 -13.881840 26.456966
v 8.637123 -8.453493 20.758060
v 10.502083 -8.453493 20.758060
v 10.502083 -8.323750 20.636223
v 8.637123 -8.323750 20.636223
v 9.433165 -13.710346 26.456966
v 9.599253 -13.866313 26.456966
v 10.502083 -8.325796 20.652420
v 8.637123 -8.325796 20.652420
v 8.637123 -8.421164 20.753975
v 10.502083 -8.421164 20.753975
v 10.502083 -8.437200 20.757034
v 8.637123 -8.437200 20.757034
v 9.448977 -13.706285 26.456966
v 10.502083 -8.329856 20.668232
v 8.637123 -8.329856 20.668232
v 9.602312 -13.850277 26.456966
v 8.637123 -8.405637 20.748930
v 10.502083 -8.405637 20.748930
v 9.465174 -13.704240 26.456966
v 8.637123 -8.390865 20.741980
v 10.502083 -8.390865 20.741980
v 8.637123 -8.335866 20.683411
v 10.502083 -8.335866 20.683411
v 10.502083 -8.343731 20.697718
v 8.637123 -8.343731 20.697718
v 8.637123 -8.377081 20.733232
v 10.502083 -8.377081 20.733232
v 9.603336 -13.833983 26.456966
v 10.502083 -8.353327 20.710924
v 8.637123 -8.353327 20.710924
v 10.502083 -8.364502 20.722826
v 8.637123 -8.364502 20.722826
v 9.481501 -13.704240 26.456966
v 9.602312 -13.817690 26.456966
v 9.497696 -13.706285 26.456966
v 9.599253 -13.801654 26.456966
v 9.513510 -13.710346 26.456966
v 9.594208 -13.786127 26.456966
v 9.528688 -13.716356 26.456966
v 9.587255 -13.771356 26.456966
v 9.542994 -13.724220 26.456966
v 9.578508 -13.757571 26.456966
v 9.556202 -13.733816 26.456966
v 9.568102 -13.744992 26.456966
v 10.502083 -6.313828 20.211226
v 10.502083 -6.900674 20.211227
v 10.502083 -8.569221 20.569252
v 10.502083 -8.571120 20.572708
v 10.502083 -8.574528 20.581314
v 10.502083 -8.577130 20.587887
v 10.502083 -8.583237 20.619898
v 10.502083 -8.583237 20.626867
v 10.502083 -8.583237 20.636223
v 10.502083 -8.582763 20.639975
v 10.502083 -8.581190 20.652420
v 10.502083 -8.577130 20.668232
v 10.502083 -8.573174 20.678223
v 10.502083 -8.571120 20.683411
v 10.502083 -8.567566 20.689877
v 10.502083 -8.563256 20.697718
v 10.502083 -8.553659 20.710924
v 10.502083 -8.546318 20.718742
v 10.502083 -8.542484 20.722826
v 8.637123 -7.272085 20.404751
v 8.637123 -7.272085 20.211227
v 10.502083 -7.272085 20.211227
v 10.502083 -7.272085 20.404751
v 8.637123 -7.476252 20.535164
v 10.502083 -7.476252 20.535164
v 10.502083 -7.463673 20.524757
v 8.637123 -7.463673 20.524757
v 8.637123 -7.497023 20.560272
v 10.502083 -7.497023 20.560272
v 10.502083 -7.487427 20.547066
v 8.637123 -7.487427 20.547066
v 10.502083 -7.449888 20.516010
v 8.637123 -7.449888 20.516010
v 8.637123 -7.504888 20.574579
v 10.502083 -7.504888 20.574579
v 10.502083 -7.435117 20.509060
v 8.637123 -7.435117 20.509060
v 8.637123 -7.510898 20.589758
v 10.502083 -7.510898 20.589758
v 10.502083 -8.498198 20.749954
v 10.502083 -7.419590 20.504015
v 8.637123 -7.419590 20.504015
v 10.502083 -7.403554 20.500956
v 8.637123 -7.403554 20.500956
v 8.637123 -7.517004 20.621767
v 10.502083 -7.517004 20.621767
v 10.502083 -7.514958 20.605570
v 8.637123 -7.514958 20.605570
v 10.502083 -7.387260 20.499929
v 8.637123 -7.387260 20.499929
v 8.637123 -7.517004 20.638092
v 10.502083 -7.517004 20.638092
v 8.637123 -14.974707 20.112452
v 10.502083 -7.370967 20.500956
v 8.637123 -7.370967 20.500956
v 8.637123 -6.900673 20.211227
v 8.637123 -7.514958 20.654289
v 10.502083 -7.514958 20.654289
v 10.502083 -7.354931 20.504015
v 8.637123 -7.354931 20.504015
v 8.637123 -7.510898 20.670103
v 10.502083 -7.510898 20.670103
v 10.502083 -7.339404 20.509060
v 8.637123 -7.339404 20.509060
v 8.637123 -7.504888 20.685282
v 10.502083 -7.504888 20.685282
v 10.502083 -7.324632 20.516010
v 8.637123 -7.324633 20.516010
v 8.637123 -7.497023 20.699587
v 10.502083 -7.497023 20.699587
v 8.637123 -10.721246 24.085485
v 10.502083 -10.721246 24.085487
v 10.502083 -7.310848 20.524757
v 8.637123 -7.310848 20.524757
v 10.502083 -7.298269 20.535164
v 8.637123 -7.298269 20.535164
v 8.637123 -7.476252 20.724695
v 10.502083 -7.476252 20.724695
v 10.502083 -7.487427 20.712795
v 8.637123 -7.487427 20.712795
v 10.502083 -7.287094 20.547066
v 8.637123 -7.287094 20.547066
v 8.637123 -7.463673 20.735102
v 10.502083 -7.463673 20.735102
v 10.502083 -7.277498 20.560272
v 8.637123 -7.277498 20.560272
v 8.637123 -7.449889 20.743851
v 10.502083 -7.449888 20.743851
v 8.637123 -7.435117 20.750801
v 10.502083 -7.435117 20.750801
v 8.637123 -7.269633 20.574579
v 10.502083 -7.269633 20.574579
v 10.502083 -7.263623 20.589758
v 8.637123 -7.263623 20.589758
v 8.637123 -7.419590 20.755846
v 10.502083 -7.419590 20.755846
v 10.502083 -7.259563 20.605570
v 8.637123 -7.259563 20.605570
v 8.637123 -7.403554 20.758905
v 10.502083 -7.403554 20.758905
v 10.502083 -7.257517 20.621767
v 8.637123 -7.257517 20.621767
v 8.637123 -7.387260 20.759930
v 10.502083 -7.387260 20.759930
v 10.502083 -7.257517 20.638092
v 8.637123 -7.257517 20.638092
v 8.637123 -7.370967 20.758905
v 10.502083 -7.370967 20.758905
v 10.502083 -7.259563 20.654289
v 8.637123 -7.259563 20.654289
v 8.637123 -7.354931 20.755846
v 10.502083 -7.354931 20.755846
v 10.502083 -7.263623 20.670103
v 8.637123 -7.263623 20.670103
v 8.637123 -7.339404 20.750801
v 10.502083 -7.339404 20.750801
v 10.502083 -7.269633 20.685282
v 8.637123 -7.269633 20.685282
v 8.637123 -7.324633 20.743851
v 10.502083 -7.324633 20.743851
v 10.502083 -7.277498 20.699587
v 8.637123 -7.277498 20.699587
v 8.637123 -7.310848 20.735102
v 10.502083 -7.310848 20.735102
v 10.502083 -7.287094 20.712795
v 8.637123 -7.287094 20.712795
v 8.637123 -7.298269 20.724695
v 10.502083 -7.298269 20.724695
v 8.637123 -8.297859 24.963400
v 8.537125 -8.297859 24.963400
v 8.637123 -9.015368 24.085485
v 8.637123 -10.721246 24.276340
v 10.502083 -10.721246 24.276340
v 8.637123 -14.982858 20.360931
v 8.637123 -13.907391 20.113970
v 8.637123 -13.899433 20.112452
v 8.637123 -14.088509 20.112452
v 10.502083 -15.015972 20.131742
v 8.637123 -10.668294 24.418617
v 10.502083 -10.668294 24.418617
v 10.502083 -10.657119 24.406715
v 8.637123 -10.657119 24.406715
v 10.502083 -10.644540 24.396309
v 8.637123 -10.644540 24.396309
v 8.637123 -10.677891 24.431824
v 10.502083 -10.677891 24.431824
v 10.502083 -10.630755 24.387562
v 8.637123 -10.630755 24.387562
v 10.502083 -10.615984 24.380611
v 8.637123 -10.615984 24.380611
v 10.502083 -10.600457 24.375565
v 8.637123 -10.600457 24.375565
v 8.637123 -10.695825 24.477121
v 10.502083 -10.695825 24.477121
v 10.502083 -10.691765 24.461309
v 8.637123 -10.691765 24.461309
v 10.502083 -10.584421 24.372507
v 8.637123 -10.584421 24.372507
v 10.502083 -10.568128 24.371481
v 8.637123 -10.568128 24.371481
v 10.502083 -10.551834 24.372507
v 8.637123 -10.551834 24.372507
v 10.502083 -10.535798 24.375566
v 8.637123 -10.535798 24.375566
v 10.502083 -10.520271 24.380611
v 8.637123 -10.520271 24.380611
v 10.502083 -10.505500 24.387562
v 8.637123 -10.505500 24.387562
v 8.637123 -15.096094 20.453207
v 10.502083 -15.096094 20.453207
v 10.502083 -10.491715 24.396309
v 8.637123 -10.491715 24.396309
v 10.502083 -10.479136 24.406715
v 8.637123 -10.479136 24.406715
v 10.502083 -10.467960 24.418617
v 8.637123 -10.467961 24.418617
v 8.637123 -10.458364 24.431824
v 10.502083 -10.458364 24.431824
v 10.502083 -10.450500 24.446131
v 8.637123 -10.450500 24.446131
v 10.502083 -10.444490 24.461309
v 8.637123 -10.444490 24.461309
v 10.502083 -10.440431 24.477121
v 8.637123 -10.440431 24.477121
v 8.637123 -10.584421 24.630457
v 10.502083 -10.584421 24.630457
v 10.502083 -10.600457 24.627398
v 8.637123 -10.600457 24.627398
v 10.502083 -10.438384 24.493319
v 8.637123 -10.438384 24.493319
v 8.637123 -10.568128 24.631481
v 10.502083 -10.568128 24.631481
v 10.502083 -10.438384 24.509644
v 8.637123 -10.438384 24.509644
v 8.637123 -10.551834 24.630457
v 10.502083 -10.551834 24.630457
v 10.502083 -10.440431 24.525841
v 8.637123 -10.440431 24.525841
v 8.637123 -10.535798 24.627398
v 10.502083 -10.535798 24.627398
v 10.502083 -10.444490 24.541655
v 8.637123 -10.444490 24.541655
v 8.637123 -10.520271 24.622353
v 10.502083 -10.520271 24.622353
v 8.637123 -10.505500 24.615402
v 10.502083 -10.505500 24.615402
v 8.637123 -10.450500 24.556833
v 10.502083 -10.450500 24.556833
v 10.502083 -10.458365 24.571138
v 8.637123 -10.458365 24.571138
v 10.502083 -10.467961 24.584347
v 8.637123 -10.467961 24.584347
v 10.502083 -10.479136 24.596247
v 8.637123 -10.479136 24.596247
v 8.637123 -6.313827 20.211227
v 8.637123 -6.313828 20.855347
v 8.637123 -14.738964 20.453207
v 10.502083 -14.858045 20.453207
v 10.502083 -14.738964 20.453207
v 10.502083 -10.683399 24.441845
v 10.502083 -10.685755 24.446131
v 10.502083 -10.688761 24.453722
v 10.502083 -10.697871 24.493319
v 10.502083 -10.697871 24.501934
v 10.502083 -10.697871 24.509644
v 10.502083 -10.697210 24.514877
v 10.502083 -10.695825 24.525841
v 10.502083 -10.691765 24.541655
v 10.502083 -10.687346 24.552814
v 10.502083 -10.685755 24.556833
v 10.502083 -10.681602 24.564388
v 8.637123 -10.364116 24.774137
v 8.637123 -9.713660 24.774137
v 10.502083 -9.713660 24.774137
v 10.502083 -10.364116 24.774137
v 10.502083 -10.677891 24.571138
v 10.502083 -10.675019 24.575090
v 10.502083 -10.668294 24.584347
v 10.502083 -10.657119 24.596247
v 8.637123 -9.385154 24.276340
v 8.637123 -9.385154 24.085485
v 10.502083 -9.385154 24.085485
v 10.502083 -9.385154 24.276340
v 8.637123 -9.590886 24.408587
v 10.502083 -9.590886 24.408587
v 10.502083 -9.578307 24.398180
v 8.637123 -9.578307 24.398180
v 8.637123 -9.611658 24.433695
v 10.502083 -9.611658 24.433695
v 10.502083 -9.602061 24.420486
v 8.637123 -9.602061 24.420486
v 10.502083 -9.564523 24.389431
v 8.637123 -9.564523 24.389431
v 8.637123 -9.619522 24.448000
v 10.502083 -9.619522 24.448000
v 10.502083 -9.549751 24.382481
v 8.637123 -9.549751 24.382481
v 8.637123 -9.625532 24.463181
v 10.502083 -9.625532 24.463181
v 10.502083 -10.635102 24.612642
v 10.502083 -10.630755 24.615402
v 10.502083 -9.534225 24.377436
v 8.637123 -9.534225 24.377436
v 10.502083 -9.518188 24.374376
v 8.637123 -9.518188 24.374376
v 10.502083 -10.615984 24.622353
v 8.637123 -9.631639 24.495190
v 10.502083 -9.631639 24.495190
v 10.502083 -9.629592 24.478992
v 8.637123 -9.629592 24.478992
v 10.502083 -9.501895 24.373352
v 8.637123 -9.501895 24.373352
v 8.637123 -9.631639 24.511515
v 10.502083 -9.631639 24.511515
v 10.502083 -9.485601 24.374376
v 8.637123 -9.485601 24.374376
v 8.637123 -9.629592 24.527712
v 10.502083 -9.629592 24.527712
v 10.502083 -9.469565 24.377436
v 8.637123 -9.469565 24.377436
v 8.637123 -9.625532 24.543524
v 10.502083 -9.625532 24.543524
v 10.502083 -9.454039 24.382481
v 8.637123 -9.454039 24.382481
v 8.637123 -9.619522 24.558702
v 10.502083 -9.619522 24.558702
v 10.502083 -9.439267 24.389431
v 8.637123 -9.439267 24.389431
v 8.637123 -9.611658 24.573009
v 10.502083 -9.611658 24.573009
v 10.502083 -9.425483 24.398180
v 8.637123 -9.425483 24.398180
v 10.502083 -9.412904 24.408587
v 8.637123 -9.412904 24.408587
v 8.637123 -9.590886 24.598118
v 10.502083 -9.590886 24.598118
v 10.502083 -9.602061 24.586218
v 8.637123 -9.602062 24.586218
v 10.502083 -9.401728 24.420486
v 8.637123 -9.401729 24.420486
v 8.637123 -9.578307 24.608524
v 10.502083 -9.578307 24.608524
v 10.502083 -9.392132 24.433695
v 8.637123 -9.392132 24.433695
v 8.637123 -9.564523 24.617271
v 10.502083 -9.564523 24.617271
v 8.637123 -9.549751 24.624224
v 10.502083 -9.549751 24.624224
v 8.637123 -9.384268 24.448000
v 10.502083 -9.384268 24.448000
v 10.502083 -9.378258 24.463181
v 8.637123 -9.378258 24.463181
v 10.502083 -10.496277 24.609549
v 10.502083 -10.491715 24.606653
v 10.502083 -10.491238 24.606258
v 10.502083 -10.364116 24.608955
v 10.502083 -9.374198 24.478992
v 8.637123 -9.374198 24.478992
v 10.502083 -9.372151 24.495190
v 8.637123 -9.372151 24.495190
v 8.637123 -9.485601 24.632326
v 10.502083 -9.485601 24.632326
v 8.637123 -9.372151 24.511515
v 10.502083 -9.372151 24.511515
v 10.502083 -9.374198 24.527712
v 8.637123 -9.374198 24.527712
v 8.637123 -9.469565 24.629269
v 10.502083 -9.469565 24.629269
v 10.502083 -9.378258 24.543524
v 8.637123 -9.378258 24.543524
v 8.637123 -9.454039 24.624222
v 10.502083 -9.454039 24.624222
v 10.502083 -9.384268 24.558702
v 8.637123 -9.384268 24.558702
v 8.637123 -9.439267 24.617271
v 10.502083 -9.439267 24.617271
v 10.502083 -9.392133 24.573009
v 8.637123 -9.392133 24.573009
v 8.637123 -9.425483 24.608524
v 10.502083 -9.425483 24.608524
v 10.502083 -9.401729 24.586218
v 8.637123 -9.401729 24.586218
v 8.637123 -9.412904 24.598118
v 10.502083 -9.412904 24.598118
v 8.637123 -13.964052 20.145119
v 10.502083 -13.964052 20.145119
v 8.637123 -13.951473 20.134712
v 8.637123 -13.984824 20.170227
v 10.502083 -13.984823 20.170227
v 10.502083 -13.980829 20.164730
v 10.502083 -13.975227 20.157021
v 8.637123 -13.975227 20.157021
v 8.637123 -13.992688 20.184534
v 10.502083 -13.992688 20.184534
v 10.502083 -13.987176 20.174505
v 8.637123 -13.891355 20.110910
v 8.637123 -13.875061 20.109884
v 8.637123 -13.984824 20.309544
v 10.502083 -13.984824 20.309544
v 10.502083 -13.989065 20.301828
v 10.502083 -13.992688 20.295237
v 8.637123 -13.992689 20.295237
v 8.637123 -13.964052 20.334652
v 10.502083 -13.964052 20.334652
v 10.502083 -13.968460 20.329958
v 10.502083 -13.975227 20.322750
v 8.637123 -13.975228 20.322750
v 8.637123 -13.951473 20.345057
v 10.502083 -13.951473 20.345057
v 10.502083 -13.959208 20.338657
v 8.637123 -13.328946 20.112452
v 10.502083 -13.928267 20.358238
v 10.502083 -13.937689 20.353806
v 8.637123 -13.937689 20.353806
v 8.637123 -13.757434 20.184534
v 8.637123 -13.751424 20.199713
v 8.637123 -13.747364 20.215525
v 8.637123 -13.760002 20.453207
v 10.502083 -13.760002 20.453207
v 10.502083 -13.760002 20.663641
v 10.502083 -14.088509 20.144085
v 10.502083 -14.088509 20.145952
v 8.637123 -8.330554 15.693406
v 10.502083 -13.998698 20.280058
v 10.502083 -14.038617 20.453207
v 10.502083 -8.528469 15.629259
v 10.502083 -14.019816 20.453207
v 10.502083 -14.011478 20.453207
v 10.502083 -13.929508 20.453207
v 8.637123 -8.608177 15.956515
v 10.502083 -8.608177 15.956515
v 10.502083 -8.376876 15.840344
v 10.502083 -8.369646 15.956515
v 8.637123 -12.950850 20.570240
v 8.637123 -12.956861 20.585419
v 8.637123 -12.960920 20.601231
v 8.637123 -12.962967 20.617428
v 8.637123 -12.962967 20.633753
v 8.637123 -12.956861 20.665764
v 8.637123 -12.960920 20.649950
v 8.637123 -12.950851 20.680943
v 9.412449 -6.900673 14.801680
v 8.637123 -12.933391 20.708456
v 8.637123 -12.942986 20.695248
v 8.637123 -12.909636 20.730762
v 10.502083 -12.909636 20.730762
v 8.637123 -12.922215 20.720356
v 10.502083 -12.732629 20.543316
v 8.637123 -12.895851 20.739511
v 8.637123 -12.881080 20.746462
v 8.637123 -7.513673 15.766577
v 10.502083 -12.828223 20.755276
v 9.671803 -6.900674 14.801680
v 8.637123 -7.257691 15.746757
v 10.502083 -7.452190 15.624754
v 8.637123 -11.891066 20.588993
v 10.502083 -7.440229 15.855678
v 8.637123 -11.650851 20.404751
v 10.502083 -7.441546 15.956515
v 8.637123 -11.979358 20.404751
v 10.502083 -11.979358 20.404751
v 8.637123 -12.805698 15.956515
v 10.502083 -12.749138 15.956515
v 8.637123 -10.448065 19.559464
v 8.637123 -11.734661 20.501545
v 8.637123 -11.719134 20.506590
v 8.637123 -11.704363 20.513542
v 10.502083 -11.690578 20.522289
v 8.637123 -11.690578 20.522289
v 8.637123 -11.867158 20.710327
v 10.502083 -11.867157 20.710327
v 10.502083 -11.872899 20.702425
v 8.637123 -11.677999 20.532696
v 8.637123 -11.843403 20.732634
v 10.502083 -11.843403 20.732634
v 10.502083 -11.846992 20.729664
v 10.502083 -11.855982 20.722227
v 8.637123 -11.855982 20.722227
v 10.502083 -11.837018 20.736685
v 8.637123 -11.799320 20.753378
v 10.502083 -11.799320 20.753378
v 10.502083 -11.806904 20.750914
v 8.637123 -11.639294 20.603102
v 8.637123 -11.637247 20.619299
v 8.637123 -11.637247 20.635624
v 8.637123 -11.639294 20.651821
v 8.637123 -11.643353 20.667633
v 8.637123 -11.666824 20.710327
v 8.637123 -11.677999 20.722227
v 8.637123 -10.364116 19.828104
v 10.502083 -10.364116 19.828104
v 10.502083 -10.364116 19.356792
v 10.502083 -10.491624 19.713758
v 10.502083 -10.484509 19.828104
v 10.502083 -12.902038 15.286134
v 10.502083 -11.979358 20.731085
v 10.502083 -11.979358 20.848724
v 10.502083 -11.979358 20.849230
v 8.637123 -9.628151 19.640507
v 10.502083 -11.979358 20.850227
v 8.637123 -9.713660 19.828104
v 10.502083 -9.713660 19.356792
v 10.502083 -9.713660 19.828104
v 8.637123 -9.549751 19.489662
v 8.637123 -9.534225 19.484617
v 8.637123 -14.738964 24.901443
v 10.502083 -14.738964 24.901443
v 10.502083 -14.793898 24.901443
v 8.637123 -15.058921 25.076082
v 8.637123 -15.064931 25.091263
v 10.502083 -15.064931 25.091263
v 8.637123 -15.068991 25.107075
v 8.637123 -15.071037 25.123272
v 8.637123 -15.071037 25.139597
v 8.637123 -9.439267 19.496613
v 8.637123 -15.068991 25.155794
v 8.637123 -9.401729 19.527668
v 8.637123 -15.058922 25.186785
v 8.637123 -15.064931 25.171606
v 8.637123 -15.051057 25.201092
v 8.637123 -15.030285 25.226200
v 8.637123 -15.041461 25.214300
v 8.637123 -9.372151 19.618696
v 8.637123 -9.454039 19.731403
v 8.637123 -9.469565 19.736448
v 8.637123 -9.384268 19.665884
v 8.637123 -9.385154 19.828104
v 8.637123 -9.392133 19.680191
v 8.637123 -9.425483 19.715706
v 8.637123 -9.439267 19.724453
v 10.502083 -14.886253 25.248924
v 10.502083 -14.862337 25.234501
v 8.637123 -14.738964 25.399242
v 10.502083 -14.738964 25.399242
v 10.502083 -14.738964 25.237118
v 8.637123 -13.400604 24.713680
v 8.637123 -14.088509 24.901443
v 10.502083 -14.021013 24.901443
v 10.502083 -14.088509 24.901443
v 8.513681 -13.400604 25.626259
v 8.513681 -13.388711 25.613007
v 8.513681 -12.805698 24.963400
v 8.637123 -14.088509 25.399242
v 10.502083 -14.088509 25.399242
v 10.502083 -14.092400 25.399242
v 10.502083 -13.967496 25.042206
v 10.502083 -14.088509 25.236185
v 8.637123 -6.900673 20.112452
v 10.502083 -13.761271 25.070974
v 8.637123 -8.608177 20.404751
v 10.502083 -8.608177 20.404751
v 8.637123 -6.313827 20.112452
v 8.637123 -8.331314 20.671915
v 8.637123 -8.563256 20.558403
v 10.502083 -8.563255 20.558403
v 10.502083 -8.553992 20.545652
v 8.637123 -8.571120 20.572708
v 8.637123 -8.251047 20.404751
v 10.502083 -8.251047 20.404751
v 10.502083 -8.307709 20.404751
v 8.637123 -8.581190 20.603701
v 8.637123 -8.577130 20.587887
v 8.637123 -8.583237 20.619898
v 8.637123 -8.583237 20.636223
v 8.637123 -8.581190 20.652420
v 8.637123 -8.571121 20.683411
v 8.637123 -8.577130 20.668232
v 8.637123 -8.563256 20.697718
v 8.637123 -8.542484 20.722826
v 8.637123 -8.553660 20.710924
v 10.502083 -8.352964 20.545692
v 10.502083 -8.438024 20.757086
v 10.502083 -8.375612 20.732018
v 8.637123 -7.511347 20.591507
v 8.637123 -7.600591 20.404751
v 10.502083 -7.530783 20.404751
v 10.502083 -7.600591 20.404751
v 8.637123 -8.251047 20.902550
v 8.637123 -7.600591 20.902550
v 8.637123 -7.296080 20.722364
v 10.502083 -7.479774 20.538916
v 10.502083 -7.493197 20.704853
v 10.502083 -7.273057 20.568352
v 8.637123 -13.858768 20.110910
v 8.637123 -13.998698 20.280058
v 8.637123 -10.449032 24.553123
v 8.637123 -10.685755 24.446131
v 8.637123 -10.364116 24.276340
v 10.502083 -10.364116 24.276340
v 10.502083 -10.421547 24.276340
v 8.637123 -10.697871 24.509644
v 8.637123 -10.697871 24.493319
v 8.637123 -10.695825 24.525841
v 8.637123 -10.685755 24.556833
v 8.637123 -10.691765 24.541655
v 8.637123 -10.677891 24.571138
v 8.637123 -10.668295 24.584347
v 10.502083 -10.467455 24.419313
v 8.637123 -10.630755 24.615402
v 10.502083 -10.644540 24.606653
v 8.637123 -10.644540 24.606653
v 8.637123 -10.491715 24.606653
v 8.637123 -9.625998 24.464994
v 8.637123 -9.713660 24.276340
v 10.502083 -9.646494 24.276340
v 10.502083 -9.713660 24.276340
v 8.637123 -9.372151 24.498989
v 10.502083 -9.594679 24.412624
v 10.502083 -9.607333 24.578962
v 8.637123 -12.805698 20.404751
v 8.637123 -12.629813 20.404751
v 10.502083 -12.629813 20.404751
v 10.502083 -12.688137 20.404751
v 10.502083 -9.387410 24.442284
v 10.502083 -12.629813 20.732237
v 8.637123 -11.766991 20.497461
v 8.637123 -11.750697 20.498486
v 8.637123 -11.666824 20.544596
v 8.637123 -11.657228 20.557804
v 8.637123 -14.925000 25.260408
v 8.637123 -14.936018 25.261103
v 8.637123 -9.454039 19.489662
v 8.637123 -9.372151 19.602369
v 8.637123 -9.485601 19.739508
v 8.637123 -8.572746 20.576815
v 8.637123 -13.842731 20.113970
v 8.637123 -13.850689 20.112452
v 10.502083 -8.251047 20.734659
v 10.502083 -7.600591 20.733761
v 8.637123 -10.687232 24.449862
v 8.637123 -10.657119 24.596247
v 8.637123 -10.615984 24.622353
v 10.502083 -10.364116 24.729599
v 10.502083 -9.713660 24.607584
v 10.502083 -9.713660 24.729603
v 8.637123 -14.088509 20.453207
v 8.637123 -13.400604 20.112452
vt 0.236638 0.099391
vt 0.236374 0.128305
vt 0.236638 0.099391
vt 0.236355 0.130381
vt 0.236089 0.159492
vt 0.236355 0.130381
vt 0.236369 0.128830
vt 0.236369 0.128830
vt 0.236089 0.159492
vt 0.236355 0.130381
vt 0.253022 0.128103
vt 0.253022 0.137218
vt 0.253022 0.128103
vt 0.253022 0.137218
vt 0.253022 0.099641
vt 0.253022 0.099641
vt 0.253022 0.099641
vt 0.253022 0.099641
vt 0.257746 0.099713
vt 0.500000 0.993257
vt 0.500000 0.990561
vt 0.500000 0.990561
vt 0.333333 0.997303
vt 0.333333 1.000000
vt 0.333333 1.000000
vt 0.253022 0.137218
vt 0.320016 0.128103
vt 0.253022 0.099641
vt 0.253170 0.099759
vt 0.262376 0.099996
vt 0.940000 0.541568
vt 0.940000 0.250000
vt 0.956515 0.541567
vt 0.960000 0.541565
vt 0.183168 0.221314
vt 0.137395 0.210568
vt 0.501881 0.125000
vt 0.097371 0.198473
vt 0.233966 0.230541
vt 0.063726 0.185219
vt 0.288990 0.238103
vt 0.036991 0.171016
vt 0.347371 0.243882
vt 0.017588 0.156086
vt 0.408189 0.247786
vt 0.960000 0.250000
vt 0.005822 0.140667
vt 0.470485 0.249753
vt 0.001879 0.125000
vt 0.533275 0.249753
vt 0.005822 0.109333
vt 0.595571 0.247786
vt 0.017588 0.093914
vt 0.319710 0.100656
vt 0.656388 0.243882
vt 0.036991 0.078984
vt 0.714769 0.238103
vt 0.063726 0.064781
vt 0.769793 0.230541
vt 0.097371 0.051527
vt 0.820592 0.221314
vt 0.137395 0.039432
vt 0.866364 0.210568
vt 0.183167 0.028686
vt 0.906388 0.198473
vt 0.233966 0.019459
vt 0.940033 0.185219
vt 0.253022 0.137198
vt 0.253022 0.128103
vt 0.253022 0.137198
vt 0.288990 0.011897
vt 0.966768 0.171016
vt 0.347371 0.006118
vt 0.986171 0.156086
vt 0.408189 0.002214
vt 0.997937 0.140667
vt 0.470484 0.000247
vt 1.001880 0.125000
vt 0.533275 0.000247
vt 0.997937 0.109333
vt 0.595570 0.002214
vt 0.986172 0.093914
vt 0.656388 0.006118
vt 0.966768 0.078984
vt 0.714769 0.011896
vt 0.940033 0.064781
vt 0.769793 0.019459
vt 0.906388 0.051527
vt 0.820592 0.028686
vt 0.866364 0.039431
vt 0.520000 0.687187
vt 0.520000 0.408070
vt 0.521396 0.687187
vt 0.540000 0.408070
vt 0.540000 0.687187
vt 0.329112 0.100800
vt 0.860000 0.687187
vt 0.860000 0.408070
vt 0.880000 0.687187
vt 0.253022 0.128103
vt 0.236369 0.128830
vt 0.236288 0.137681
vt 0.236369 0.128830
vt 0.880013 0.408070
vt 0.329112 0.100800
vt 0.400000 0.687187
vt 0.400000 0.408070
vt 0.404706 0.687187
vt 0.409559 0.408070
vt 0.420000 0.687187
vt 0.253022 0.137198
vt 0.253022 0.099641
vt 0.500000 0.993257
vt 0.500000 0.990561
vt 0.500000 0.990561
vt 0.980000 0.408070
vt 0.980000 0.687187
vt 0.965109 0.687187
vt 0.960000 0.687187
vt 0.960000 0.408070
vt 0.333333 0.997303
vt 0.333333 1.000000
vt 0.333333 1.000000
vt 0.236288 0.137681
vt 0.253022 0.173083
vt 0.253022 0.164413
vt 0.253022 0.164413
vt 0.059064 0.357837
vt 0.066383 0.363760
vt 0.052030 0.351249
vt 0.045296 0.343985
vt 0.038923 0.336025
vt 0.073997 0.369016
vt 0.081902 0.373607
vt 0.033001 0.327329
vt 0.027524 0.317892
vt 0.090103 0.377527
vt 0.098473 0.380816
vt 0.022488 0.307719
vt 0.017897 0.296811
vt 0.106899 0.383505
vt 0.115384 0.385597
vt 0.013757 0.285161
vt 0.010157 0.272730
vt 0.123920 0.387094
vt 0.132516 0.387990
vt 0.083588 0.243952
vt 0.141167 0.388291
vt 0.152186 0.387865
vt 0.129978 0.320236
vt 0.420000 0.408070
vt 0.134521 0.321128
vt 0.162884 0.386594
vt 0.173267 0.384471
vt 0.108379 0.306702
vt 0.112489 0.310712
vt 0.104519 0.301805
vt 0.116752 0.313985
vt 0.121091 0.316665
vt 0.100907 0.296017
vt 0.125500 0.318747
vt 0.097545 0.289352
vt 0.094431 0.281796
vt 0.091567 0.273352
vt 0.089052 0.263868
vt 0.143059 0.321252
vt 0.007219 0.259464
vt 0.083464 0.181221
vt 0.139138 0.321422
vt 0.183330 0.381502
vt 0.193072 0.377687
vt 0.004931 0.245361
vt 0.003299 0.230427
vt 0.146859 0.320734
vt 0.154082 0.318657
vt 0.150530 0.319867
vt 0.002317 0.214658
vt 0.079603 0.186668
vt 0.202494 0.373022
vt 0.211445 0.367575
vt 0.157504 0.317098
vt 0.001992 0.198052
vt 0.086999 0.253178
vt 0.160807 0.315195
vt 0.085440 0.241567
vt 0.002332 0.181576
vt 0.085183 0.241307
vt 0.085143 0.241028
vt 0.087737 0.237751
vt 0.163940 0.312929
vt 0.166864 0.310274
vt 0.091786 0.231983
vt 0.084002 0.227933
vt 0.003354 0.165846
vt 0.227525 0.354498
vt 0.219791 0.361397
vt 0.095986 0.226902
vt 0.169584 0.307225
vt 0.100339 0.222519
vt 0.083315 0.213631
vt 0.005056 0.150867
vt 0.084175 0.168880
vt 0.241152 0.338538
vt 0.172094 0.303798
vt 0.104842 0.218823
vt 0.174401 0.299977
vt 0.083090 0.198125
vt 0.109500 0.215819
vt 0.007439 0.136645
vt 0.085532 0.155939
vt 0.234644 0.346879
vt 0.114222 0.213388
vt 0.083359 0.183066
vt 0.252171 0.319730
vt 0.176498 0.295768
vt 0.082707 0.182304
vt 0.178321 0.291156
vt 0.010508 0.123168
vt 0.087429 0.144099
vt 0.083459 0.181378
vt 0.089662 0.174087
vt 0.118934 0.211396
vt 0.086068 0.178002
vt 0.259626 0.298368
vt 0.179815 0.286115
vt 0.014257 0.110442
vt 0.089872 0.133355
vt 0.123632 0.209842
vt 0.097562 0.166968
vt 0.247050 0.329467
vt 0.180981 0.280640
vt 0.093492 0.170407
vt 0.128314 0.208736
vt 0.106313 0.160800
vt 0.018578 0.098457
vt 0.132986 0.208073
vt 0.263350 0.274503
vt 0.181808 0.274737
vt 0.182306 0.268406
vt 0.101867 0.163759
vt 0.137644 0.207849
vt 0.115384 0.155623
vt 0.253022 0.137194
vt 0.253022 0.128103
vt 0.253022 0.137194
vt 0.023379 0.087192
vt 0.092856 0.123708
vt 0.141724 0.207988
vt 0.124671 0.151453
vt 0.256366 0.309362
vt 0.263420 0.248525
vt 0.182475 0.261647
vt 0.145669 0.208407
vt 0.134063 0.148289
vt 0.110819 0.158087
vt 0.182301 0.255081
vt 0.028645 0.076654
vt 0.096295 0.115048
vt 0.149474 0.209094
vt 0.142854 0.146177
vt 0.153141 0.210066
vt 0.150919 0.145120
vt 0.260251 0.224775
vt 0.181783 0.249004
vt 0.120000 0.153416
vt 0.180916 0.243405
vt 0.156667 0.211311
vt 0.164852 0.145331
vt 0.160060 0.212830
vt 0.034393 0.066832
vt 0.100115 0.107248
vt 0.261953 0.286748
vt 0.253908 0.204305
vt 0.179706 0.238295
vt 0.163272 0.214678
vt 0.184156 0.148054
vt 0.166286 0.216900
vt 0.178146 0.233662
vt 0.129402 0.149741
vt 0.171681 0.222464
vt 0.202068 0.153506
vt 0.169086 0.219495
vt 0.244502 0.187083
vt 0.176249 0.229517
vt 0.174067 0.225806
vt 0.218469 0.161716
vt 0.040606 0.057741
vt 0.104306 0.100304
vt 0.232657 0.172895
vt 0.138548 0.147103
vt 0.047299 0.049365
vt 0.146979 0.145516
vt 0.263821 0.261632
vt 0.108876 0.094231
vt 0.054383 0.041700
vt 0.154684 0.144985
vt 0.113817 0.089015
vt 0.061787 0.034712
vt 0.262234 0.236240
vt 0.253022 0.174063
vt 0.253022 0.174063
vt 0.258333 0.171251
vt 0.174679 0.146352
vt 0.069512 0.028404
vt 0.261656 0.099772
vt 0.119139 0.084659
vt 0.193287 0.150437
vt 0.257478 0.214132
vt 0.077557 0.022777
vt 0.180000 0.408070
vt 0.180000 0.687187
vt 0.169707 0.687187
vt 0.124756 0.081065
vt 0.085922 0.017835
vt 0.210504 0.157251
vt 0.249553 0.195298
vt 0.160000 0.687187
vt 0.160000 0.408070
vt 0.225853 0.166933
vt 0.238869 0.179614
vt 0.130594 0.078126
vt 0.094608 0.013570
vt 0.242367 0.157208
vt 0.236102 0.158080
vt 0.236089 0.159492
vt 0.136661 0.075838
vt 0.112571 0.007037
vt 0.103520 0.009976
vt 0.142944 0.074206
vt 0.121767 0.004749
vt 0.149452 0.073225
vt 0.140566 0.002136
vt 0.156186 0.072895
vt 0.150178 0.001805
vt 0.131094 0.003117
vt 0.161357 0.073120
vt 0.162248 0.002176
vt 0.166529 0.073786
vt 0.171705 0.074897
vt 0.173763 0.003282
vt 0.176877 0.076459
vt 0.195120 0.007703
vt 0.182048 0.078462
vt 0.204967 0.011022
vt 0.187225 0.080905
vt 0.214259 0.015072
vt 0.242723 0.161195
vt 0.192216 0.083633
vt 0.223005 0.019628
vt 0.196847 0.086472
vt 0.231220 0.024449
vt 0.201117 0.089415
vt 0.238915 0.029530
vt 0.205022 0.092479
vt 0.246074 0.034877
vt 0.208566 0.095648
vt 0.252707 0.040489
vt 0.211755 0.098927
vt 0.258815 0.046361
vt 0.184721 0.005124
vt 0.243206 0.160970
vt 0.242403 0.161410
vt 0.242330 0.161653
vt 0.242263 0.161827
vt 0.242255 0.161907
vt 0.242184 0.162165
vt 0.244253 0.160270
vt 0.244322 0.160215
vt 0.243477 0.157498
vt 0.242102 0.162531
vt 0.242137 0.162430
vt 0.244618 0.160043
vt 0.242094 0.162685
vt 0.351921 0.143663
vt 0.339395 0.129685
vt 0.351921 0.143663
vt 0.244921 0.159935
vt 0.242017 0.163139
vt 0.242050 0.162922
vt 0.245224 0.159891
vt 0.241914 0.163448
vt 0.241979 0.163321
vt 0.245523 0.159912
vt 0.241707 0.163529
vt 0.241826 0.163521
vt 0.241544 0.163467
vt 0.245750 0.159980
vt 0.249068 0.157942
vt 0.249099 0.156683
vt 0.333333 0.986514
vt 0.333333 0.981121
vt 0.333333 0.981121
vt 0.253022 0.128103
vt 0.236030 0.165971
vt 0.245823 0.160110
vt 0.245911 0.160188
vt 0.249068 0.158038
vt 0.245921 0.160197
vt 0.249069 0.158122
vt 0.241574 0.163604
vt 0.241742 0.163894
vt 0.242020 0.164215
vt 0.500000 0.993257
vt 0.500000 0.990561
vt 0.500000 0.990561
vt 0.500000 0.687187
vt 0.500000 0.408070
vt 0.514008 0.687187
vt 0.520000 0.687187
vt 0.242403 0.164562
vt 0.242885 0.164931
vt 0.243459 0.165314
vt 0.337646 0.100930
vt 0.329642 0.100808
vt 0.337646 0.100930
vt 0.243551 0.165369
vt 0.243758 0.165513
vt 0.241714 0.168678
vt 0.333333 0.997303
vt 0.333333 1.000000
vt 0.333333 1.000000
vt 0.244684 0.165835
vt 0.244445 0.165799
vt 0.338565 0.128760
vt 0.960000 0.408070
vt 0.960000 0.687187
vt 0.945992 0.687187
vt 0.940000 0.687187
vt 0.940000 0.408070
vt 0.860000 0.687187
vt 0.860000 0.408070
vt 0.880000 0.687187
vt 0.329112 0.128103
vt 0.329112 0.128103
vt 0.241714 0.168678
vt 0.302037 0.128103
vt 0.253022 0.137194
vt 0.520000 0.408071
vt 0.336208 0.136496
vt 0.253022 0.128103
vt 0.237403 0.128785
vt 0.253022 0.128103
vt 0.183168 0.221314
vt 0.137395 0.210568
vt 0.501881 0.125000
vt 0.097371 0.198473
vt 0.233966 0.230541
vt 0.063726 0.185219
vt 0.288990 0.238103
vt 0.036991 0.171016
vt 0.347371 0.243882
vt 0.017588 0.156086
vt 0.880000 0.408070
vt 0.877714 0.408070
vt 0.408189 0.247786
vt 0.005822 0.140667
vt 0.470485 0.249753
vt 0.001879 0.125000
vt 0.533275 0.249753
vt 0.336032 0.136524
vt 0.005822 0.109333
vt 0.595571 0.247786
vt 0.017588 0.093914
vt 0.656388 0.243882
vt 0.036991 0.078984
vt 0.714769 0.238103
vt 0.063726 0.064781
vt 0.769793 0.230541
vt 0.097371 0.051527
vt 0.360000 0.687187
vt 0.360000 0.408070
vt 0.380000 0.687187
vt 0.820592 0.221314
vt 0.137395 0.039432
vt 0.866364 0.210568
vt 0.183167 0.028686
vt 0.906388 0.198473
vt 0.233966 0.019459
vt 0.940033 0.185219
vt 0.288990 0.011897
vt 0.966768 0.171016
vt 0.347371 0.006118
vt 0.336429 0.136486
vt 0.986171 0.156086
vt 0.408189 0.002214
vt 0.997937 0.140667
vt 0.470484 0.000247
vt 1.001880 0.125000
vt 0.337154 0.136405
vt 0.337401 0.136443
vt 0.533275 0.000247
vt 0.997937 0.109333
vt 0.595570 0.002214
vt 0.986172 0.093914
vt 0.656388 0.006118
vt 0.966768 0.078984
vt 0.714769 0.011896
vt 0.940033 0.064781
vt 0.769793 0.019459
vt 0.906388 0.051527
vt 0.820592 0.028686
vt 0.866364 0.039431
vt 0.338092 0.136726
vt 0.338292 0.136864
vt 0.329112 0.170303
vt 0.286825 0.146851
vt 0.360000 0.687187
vt 0.360000 0.408070
vt 0.380000 0.687187
vt 0.338628 0.137184
vt 0.338756 0.137338
vt 0.329112 0.170303
vt 0.040000 0.687187
vt 0.040000 0.408070
vt 0.060000 0.687187
vt 0.180000 0.408070
vt 0.180000 0.687187
vt 0.168850 0.687187
vt 0.339772 0.138925
vt 0.339941 0.139256
vt 0.160000 0.687187
vt 0.160000 0.408070
vt 0.800000 0.687187
vt 0.800000 0.408070
vt 0.805786 0.687187
vt 0.811317 0.408070
vt 0.820000 0.687187
vt 0.368645 0.408070
vt 0.380000 0.408070
vt 0.329112 0.174063
vt 0.351102 0.189954
vt 0.329112 0.174063
vt 0.329112 0.128103
vt 0.352215 0.165561
vt 0.350521 0.163711
vt 0.352142 0.160119
vt 0.253022 0.099641
vt 0.371189 0.408070
vt 0.380000 0.408070
vt 0.060000 0.408070
vt 0.056293 0.408070
vt 0.042586 0.408070
vt 0.351621 0.121415
vt 0.351624 0.121665
vt 0.351348 0.101138
vt 0.351618 0.121201
vt 0.351616 0.121025
vt 0.351614 0.120891
vt 0.351614 0.120872
vt 0.329112 0.163971
vt 0.329112 0.163971
vt 0.866364 0.210568
vt 0.820592 0.221314
vt 0.501881 0.125000
vt 0.906388 0.198473
vt 0.769793 0.230541
vt 0.940033 0.185219
vt 0.714769 0.238103
vt 0.966768 0.171016
vt 0.656388 0.243882
vt 0.986171 0.156086
vt 0.351921 0.143663
vt 0.595571 0.247786
vt 0.997937 0.140667
vt 0.533275 0.249753
vt 1.001880 0.125000
vt 0.470485 0.249753
vt 0.997937 0.109333
vt 0.408189 0.247786
vt 0.351348 0.101138
vt 0.986172 0.093914
vt 0.347371 0.243882
vt 0.966768 0.078984
vt 0.288990 0.238103
vt 0.820000 0.408070
vt 0.940033 0.064781
vt 0.233966 0.230541
vt 0.906388 0.051527
vt 0.183168 0.221314
vt 0.866364 0.039431
vt 0.137395 0.210568
vt 0.820592 0.028686
vt 0.097371 0.198473
vt 0.769793 0.019459
vt 0.063726 0.185219
vt 0.714769 0.011896
vt 0.036991 0.171016
vt 0.656388 0.006118
vt 0.017588 0.156086
vt 0.595570 0.002214
vt 0.005822 0.140667
vt 0.533275 0.000247
vt 0.001879 0.125000
vt 0.470484 0.000247
vt 0.005822 0.109333
vt 0.408189 0.002214
vt 0.017588 0.093914
vt 0.347371 0.006118
vt 0.036991 0.078984
vt 0.288990 0.011897
vt 0.063726 0.064781
vt 0.233966 0.019459
vt 0.097371 0.051527
vt 0.183167 0.028686
vt 0.137395 0.039432
vt 0.236369 0.128830
vt 0.253022 0.132019
vt 0.500000 0.625000
vt 0.529304 0.625000
vt 0.529304 0.634087
vt 0.500000 0.634087
vt 0.375000 0.634087
vt 0.375000 0.625000
vt 0.334547 0.162689
vt 0.334548 0.162621
vt 0.332793 0.164798
vt 0.334542 0.162810
vt 0.258558 0.174063
vt 0.285669 0.199383
vt 0.317912 0.174063
vt 0.334545 0.163181
vt 0.334536 0.162981
vt 0.334600 0.163659
vt 0.334563 0.163412
vt 0.334831 0.164404
vt 0.334735 0.164162
vt 0.440000 0.687187
vt 0.440000 0.408070
vt 0.451502 0.687187
vt 0.460000 0.408070
vt 0.460000 0.687187
vt 0.440000 0.250000
vt 0.460000 0.250000
vt 0.440925 0.538018
vt 0.580000 0.687187
vt 0.580000 0.408070
vt 0.600000 0.687187
vt 0.335409 0.165243
vt 0.335227 0.165038
vt 0.335461 0.165290
vt 0.335519 0.165345
vt 0.341911 0.168946
vt 0.342309 0.169924
vt 0.352252 0.185610
vt 0.600000 0.687187
vt 0.600000 0.408070
vt 0.620000 0.687187
vt 0.351628 0.121946
vt 0.020000 0.687187
vt 0.020000 0.408070
vt 0.040000 0.687187
vt 0.351632 0.122253
vt 0.351637 0.122583
vt 0.351641 0.122930
vt 0.351646 0.123288
vt 0.352491 0.186022
vt 0.352521 0.188246
vt 0.351651 0.123652
vt 0.335891 0.165622
vt 0.335669 0.165477
vt 0.338565 0.128760
vt 0.351656 0.124016
vt 0.351298 0.184720
vt 0.271619 0.099924
vt 0.340740 0.172030
vt 0.351613 0.120800
vt 0.351661 0.124374
vt 0.351612 0.120755
vt 0.351612 0.120755
vt 0.760000 0.687187
vt 0.760000 0.408070
vt 0.762261 0.687187
vt 0.351666 0.124721
vt 0.776993 0.408070
vt 0.780000 0.687187
vt 0.351613 0.120800
vt 0.351670 0.125051
vt 0.020000 0.687187
vt 0.020000 0.408070
vt 0.040000 0.687187
vt 0.460000 0.538018
vt 0.351614 0.120891
vt 0.440000 0.538018
vt 0.342310 0.169926
vt 0.351674 0.125358
vt 0.840000 0.687187
vt 0.840000 0.408070
vt 0.860000 0.687187
vt 0.342464 0.170332
vt 0.351616 0.121025
vt -0.000000 0.687187
vt -0.000000 0.408070
vt 0.342417 0.170402
vt 0.351678 0.125639
vt 0.351618 0.121201
vt 0.342187 0.170177
vt 0.980000 0.687187
vt 0.980000 0.408070
vt 1.000000 0.687187
vt 0.341812 0.169741
vt 0.351681 0.125889
vt 0.351621 0.121415
vt 0.341368 0.169260
vt 0.340880 0.168789
vt 0.340730 0.168614
vt 0.339960 0.167381
vt 0.338980 0.165798
vt 0.351684 0.126103
vt 0.351624 0.121665
vt 0.351687 0.126279
vt 0.351628 0.121946
vt 0.351688 0.126413
vt 0.351632 0.122253
vt 0.351690 0.126504
vt 0.351637 0.122583
vt 0.351690 0.126549
vt 0.351642 0.122930
vt 0.351690 0.126549
vt 0.351690 0.126504
vt 0.351646 0.123288
vt 0.351688 0.126413
vt 0.351651 0.123652
vt 0.351656 0.124016
vt 0.351661 0.124357
vt 0.336931 0.166459
vt 0.336752 0.166432
vt 0.352558 0.191005
vt 0.338070 0.166306
vt 0.337827 0.166381
vt 0.253022 0.170127
vt 0.253022 0.162316
vt 0.253022 0.162316
vt 0.351921 0.143663
vt 0.236030 0.165971
vt 0.251967 0.173561
vt 0.236030 0.165971
vt 0.500000 0.993257
vt 0.500000 0.990561
vt 0.500000 0.990561
vt 0.236269 0.139799
vt 0.236089 0.159492
vt 0.582277 0.408070
vt 0.596994 0.408070
vt 0.600000 0.408070
vt 0.333333 0.997303
vt 0.333333 1.000000
vt 0.333333 1.000000
vt 0.033343 0.408070
vt 0.040000 0.408070
vt 0.619999 0.408070
vt 0.329112 0.100800
vt 0.762260 0.408071
vt 0.040000 0.408070
vt 0.039964 0.408071
vt 0.023294 0.408070
vt 0.780000 0.408070
vt 0.006683 0.408070
vt 0.840725 0.408070
vt 0.857028 0.408070
vt 0.860000 0.408070
vt 0.990250 0.408071
vt 1.000000 0.408071
vt 0.253022 0.170912
vt 0.253022 0.170912
vt 0.351661 0.124374
vt 0.128233 -0.042744
vt 0.000000 0.000000
vt 0.000000 0.000000
vt 0.128233 -0.042744
vt 0.351666 0.124721
vt 0.351687 0.126279
vt 0.351670 0.125051
vt 0.351684 0.126103
vt 0.351674 0.125358
vt 0.351681 0.125889
vt 0.351678 0.125639
vt 0.242217 0.161614
vt 0.242261 0.161367
vt 0.236089 0.159492
vt 0.000000 -0.103301
vt 0.000000 0.000000
vt 0.000000 0.000000
vt 0.000000 -0.103301
vt 0.500000 0.687187
vt 0.500000 0.408070
vt 0.500164 0.687187
vt 0.520000 0.408070
vt 0.520000 0.687187
vt 0.329112 0.131071
vt 0.329112 0.136848
vt 0.329112 0.136848
vt 0.120000 0.687187
vt 0.120000 0.408070
vt 0.140000 0.687187
vt 0.337407 0.136402
vt 0.337646 0.136475
vt 0.335284 0.200245
vt 0.329112 0.130222
vt 0.329112 0.130222
vt 0.338293 0.136843
vt 0.338472 0.137003
vt 0.338756 0.137342
vt 0.338854 0.137496
vt 1.000000 0.000000
vt 1.000000 -0.103301
vt 1.000000 0.000000
vt 1.000000 -0.103301
vt 0.000000 1.000000
vt 0.000000 1.318371
vt 0.000000 1.318371
vt 0.000000 1.000000
vt 0.333333 1.000000
vt 0.461566 0.957256
vt 0.960000 0.408070
vt 0.980000 0.687187
vt 0.973765 0.687187
vt 0.242318 0.163148
vt 0.242229 0.162938
vt 0.242407 0.163385
vt 0.960000 0.687187
vt 0.242613 0.163902
vt 0.242506 0.163639
vt 0.243036 0.164667
vt 0.242876 0.164423
vt 0.333333 1.000000
vt 0.461566 0.957256
vt 0.006948 0.801697
vt 0.012393 0.801697
vt 0.012393 0.717215
vt 0.006948 0.717215
vt 0.001819 0.801697
vt 0.001819 0.717215
vt 0.018141 0.801697
vt 0.018141 0.717215
vt 0.024194 0.801697
vt 0.024194 0.717215
vt 0.030557 0.801697
vt 0.030557 0.717215
vt 0.037230 0.801697
vt 0.037230 0.717215
vt 0.044212 0.801697
vt 0.044212 0.717215
vt 0.051521 0.801697
vt 0.051521 0.717215
vt 0.059151 0.801697
vt 0.059151 0.717215
vt 0.067107 0.801697
vt 0.067107 0.717215
vt 0.075379 0.801697
vt 0.075379 0.717215
vt 0.083983 0.801697
vt 0.083983 0.717215
vt 0.338565 0.128760
vt 0.329699 0.128144
vt 0.338565 0.128760
vt 0.247354 0.162661
vt 0.247359 0.162895
vt 0.248533 0.163115
vt 0.092918 0.801697
vt 0.092918 0.717215
vt 0.247349 0.163147
vt 0.247319 0.163409
vt 0.102208 0.801697
vt 0.102208 0.717215
vt 0.247190 0.163926
vt 0.247095 0.164166
vt 0.246977 0.164390
vt 0.246968 0.164598
vt 0.111852 0.801697
vt 0.111852 0.717215
vt 0.216985 0.629087
vt 0.171615 0.629087
vt 0.171615 0.713569
vt 0.216985 0.713569
vt 0.121850 0.801697
vt 0.121850 0.717215
vt 0.132202 0.801697
vt 0.132202 0.717215
vt 0.142908 0.801697
vt 0.142908 0.717215
vt 0.156375 0.801697
vt 0.156375 0.717215
vt 1.000000 1.318371
vt 1.000000 1.000000
vt 0.271435 0.128103
vt 0.169493 0.801697
vt 0.169493 0.717215
vt 0.223331 0.629087
vt 0.223331 0.713569
vt 0.229832 0.629087
vt 0.229832 0.713569
vt 0.236488 0.629087
vt 0.236488 0.713569
vt 0.243293 0.629087
vt 0.243293 0.713569
vt 0.244761 0.165754
vt 0.244737 0.165694
vt 0.250254 0.629087
vt 0.250254 0.713569
vt 0.244841 0.165811
vt 0.257375 0.629087
vt 0.257375 0.713569
vt 0.182258 0.801697
vt 0.182258 0.717215
vt 0.245129 0.165880
vt 0.244964 0.165853
vt 0.264628 0.629087
vt 0.264628 0.713569
vt 0.272003 0.629087
vt 0.272003 0.713569
vt 0.245749 0.165803
vt 0.245530 0.165859
vt 0.339080 0.138395
vt 0.339159 0.138686
vt 0.279506 0.629087
vt 0.279506 0.713569
vt 0.194668 0.801697
vt 0.194668 0.717215
vt 0.246949 0.164840
vt 0.246787 0.165067
vt 0.246604 0.165271
vt 0.287125 0.629087
vt 0.287125 0.713569
vt 0.294871 0.629087
vt 0.294871 0.713569
vt 0.351921 0.143663
vt 0.339395 0.129685
vt 0.351921 0.143663
vt 0.253022 0.162316
vt 0.206724 0.801697
vt 0.206724 0.717215
vt 0.302744 0.629087
vt 0.302744 0.713569
vt 0.339198 0.139907
vt 0.339139 0.140201
vt 0.309052 0.629087
vt 0.309052 0.713569
vt 1.000000 1.318371
vt 1.000000 1.000000
vt 0.352490 0.185988
vt 0.352490 0.185988
vt 0.315066 0.629087
vt 0.315066 0.713569
vt 0.133272 0.408070
vt 0.140000 0.408070
vt 0.218431 0.801697
vt 0.218431 0.717215
vt 0.320792 0.629087
vt 0.320792 0.713569
vt 0.326226 0.629087
vt 0.326226 0.713569
vt 0.229580 0.801697
vt 0.229580 0.717215
vt 0.331366 0.629087
vt 0.331366 0.713569
vt 0.336218 0.629087
vt 0.336218 0.713569
vt 0.340744 0.629087
vt 0.340744 0.713569
vt 0.239976 0.801697
vt 0.239976 0.717215
vt 0.344916 0.629087
vt 0.344916 0.713569
vt 0.353004 0.629087
vt 0.350519 0.629087
vt 0.350519 0.713569
vt 0.353004 0.713569
vt 0.245874 0.801697
vt 0.252347 0.801697
vt 0.252347 0.717215
vt 0.245874 0.717215
vt 0.355776 0.629087
vt 0.355776 0.713569
vt 0.358846 0.629087
vt 0.358846 0.713569
vt 0.435448 0.517257
vt 0.449264 0.517257
vt 0.449264 0.432776
vt 0.435448 0.432776
vt 0.362205 0.629087
vt 0.362205 0.713569
vt 0.259524 0.801697
vt 0.259524 0.717215
vt 0.365846 0.629087
vt 0.365846 0.713569
vt 0.461940 0.517257
vt 0.461940 0.432776
vt 0.369763 0.629087
vt 0.369763 0.713569
vt 0.980000 0.408070
vt 0.373962 0.629087
vt 0.373962 0.713569
vt 0.267408 0.801697
vt 0.267408 0.717215
vt 0.473487 0.517257
vt 0.473487 0.432776
vt 0.595690 0.629087
vt 0.525976 0.629087
vt 0.525976 0.713569
vt 0.595690 0.713569
vt 0.378433 0.629087
vt 0.378433 0.713569
vt 0.383180 0.629087
vt 0.383180 0.713569
vt 0.483888 0.517257
vt 0.483888 0.432776
vt 0.236030 0.165971
vt 0.236030 0.165971
vt 0.388209 0.629087
vt 0.388209 0.713569
vt 0.276000 0.801697
vt 0.276000 0.717215
vt 0.493156 0.517257
vt 0.493156 0.432776
vt 0.393969 0.629087
vt 0.393969 0.713569
vt 0.501289 0.517257
vt 0.501289 0.432776
vt 0.399458 0.629087
vt 0.399458 0.713569
vt 0.253022 0.174063
vt 0.404670 0.629087
vt 0.404670 0.713569
vt 0.508449 0.517257
vt 0.508449 0.432776
vt 0.285257 0.801697
vt 0.285257 0.717215
vt 0.409600 0.629087
vt 0.409600 0.713569
vt 0.514812 0.517257
vt 0.514812 0.432776
vt 0.414258 0.629087
vt 0.414258 0.713569
vt 0.520372 0.517257
vt 0.520372 0.432776
vt 0.418640 0.629087
vt 0.418640 0.713569
vt 0.429844 0.629087
vt 0.426447 0.629087
vt 0.426447 0.713569
vt 0.429844 0.713569
vt 0.422712 0.629087
vt 0.422712 0.713569
vt 0.612664 0.482743
vt 0.601294 0.482743
vt 0.601294 0.567224
vt 0.612664 0.567224
vt 0.295150 0.801697
vt 0.295150 0.717215
vt 0.866364 0.210568
vt 0.820592 0.221314
vt 0.501881 0.125000
vt 0.906388 0.198473
vt 0.769793 0.230541
vt 0.940033 0.185219
vt 0.714769 0.238103
vt 0.966768 0.171016
vt 0.656388 0.243882
vt 0.986171 0.156086
vt 0.595571 0.247786
vt 0.623177 0.482743
vt 0.623177 0.567224
vt 0.997937 0.140667
vt 0.533275 0.249753
vt 1.001880 0.125000
vt 0.305668 0.801697
vt 0.305668 0.717215
vt 0.470485 0.249753
vt 0.632831 0.482743
vt 0.632831 0.567224
vt 0.997937 0.109333
vt 0.408189 0.247786
vt 0.986172 0.093914
vt 0.347371 0.243882
vt 0.316816 0.801697
vt 0.316816 0.717215
vt 0.641618 0.482743
vt 0.641618 0.567224
vt 0.966768 0.078984
vt 0.757668 0.370913
vt 0.807464 0.370913
vt 0.807464 0.286431
vt 0.757668 0.286431
vt 0.813688 0.370913
vt 0.813688 0.286431
vt 0.288990 0.238103
vt 0.940033 0.064781
vt 0.649552 0.482743
vt 0.649552 0.567224
vt 0.233966 0.230541
vt 0.060000 0.687187
vt 0.060000 0.408070
vt 0.080000 0.687187
vt 0.328596 0.801697
vt 0.328596 0.717215
vt 0.819819 0.370913
vt 0.819819 0.286431
vt 0.906388 0.051527
vt 0.609773 0.198304
vt 0.600118 0.198304
vt 0.600118 0.282785
vt 0.609773 0.282785
vt 0.183168 0.221314
vt 0.656623 0.482743
vt 0.656623 0.567224
vt 0.866364 0.039431
vt 0.040000 0.687187
vt 0.040000 0.408070
vt 0.825861 0.370913
vt 0.825861 0.286431
vt 0.137395 0.210568
vt 0.341012 0.801697
vt 0.341012 0.717215
vt 0.820592 0.028686
vt 0.662947 0.482743
vt 0.662947 0.567224
vt 0.097371 0.198473
vt 0.619572 0.198304
vt 0.619572 0.282785
vt 0.831808 0.370913
vt 0.831808 0.286431
vt 0.769793 0.019459
vt 0.668640 0.482743
vt 0.668640 0.567224
vt 0.000000 0.981121
vt 0.000000 0.981121
vt 0.349676 0.801697
vt 0.349676 0.717215
vt 0.063726 0.185219
vt 0.714769 0.011896
vt 0.837662 0.370913
vt 0.837662 0.286431
vt 0.677226 0.482743
vt 0.674244 0.482743
vt 0.674244 0.567224
vt 0.677226 0.567224
vt 0.036991 0.171016
vt 0.357975 0.801697
vt 0.357975 0.717215
vt 0.656388 0.006118
vt 0.629509 0.198304
vt 0.629509 0.282785
vt 0.017588 0.156086
vt 0.365904 0.801697
vt 0.365904 0.717215
vt 0.680513 0.482743
vt 0.680513 0.567224
vt 0.843427 0.370913
vt 0.843427 0.286431
vt 0.595570 0.002214
vt 0.470169 0.801696
vt 0.472936 0.801696
vt 0.472936 0.717215
vt 0.470169 0.717215
vt 0.443778 0.913526
vt 0.436347 0.913526
vt 0.436347 0.998008
vt 0.443778 0.998008
vt 0.005822 0.140667
vt 0.352533 0.190277
vt 0.347299 0.200405
vt 0.352633 0.200383
vt 0.373468 0.801697
vt 0.373468 0.717215
vt 0.533275 0.000247
vt 0.684109 0.482743
vt 0.684109 0.567224
vt 0.450943 0.913526
vt 0.450943 0.998008
vt 0.849237 0.370913
vt 0.849237 0.286431
vt 0.001879 0.125000
vt 0.380660 0.801697
vt 0.380660 0.717215
vt 0.479070 0.801696
vt 0.489505 0.801696
vt 0.489505 0.717215
vt 0.479070 0.717215
vt 0.470484 0.000247
vt 0.457853 0.913526
vt 0.457853 0.998008
vt 0.639584 0.198304
vt 0.639584 0.282785
vt 0.688015 0.482743
vt 0.688015 0.567224
vt 0.387488 0.801697
vt 0.387488 0.717215
vt 0.005822 0.109333
vt 0.329112 0.128103
vt 0.464498 0.913526
vt 0.464498 0.998008
vt 0.408189 0.002214
vt 0.855229 0.370913
vt 0.855229 0.286431
vt 0.393950 0.801697
vt 0.393950 0.717215
vt 0.425283 0.801697
vt 0.429228 0.801697
vt 0.429228 0.717215
vt 0.425283 0.717215
vt 0.017588 0.093914
vt 0.400059 0.801697
vt 0.400058 0.717215
vt 0.347371 0.006118
vt 0.420962 0.801697
vt 0.420962 0.717215
vt 0.692176 0.482743
vt 0.692176 0.567224
vt 0.405813 0.801697
vt 0.405813 0.717215
vt 0.416264 0.801697
vt 0.416264 0.717215
vt 0.036991 0.078984
vt 0.411213 0.801697
vt 0.411213 0.717215
vt 0.288990 0.011897
vt 0.063726 0.064781
vt 0.861409 0.370913
vt 0.861409 0.286431
vt 0.233966 0.019459
vt 0.499049 0.801696
vt 0.499049 0.717215
vt 0.097371 0.051527
vt 0.183167 0.028686
vt 0.696558 0.482743
vt 0.696558 0.567224
vt 0.137395 0.039432
vt 0.649798 0.198304
vt 0.649798 0.282785
vt 0.867772 0.370913
vt 0.867772 0.286431
vt 0.701156 0.482743
vt 0.701156 0.567224
vt 0.329112 0.136848
vt 0.705964 0.482743
vt 0.705964 0.567224
vt 0.874317 0.370913
vt 0.874317 0.286431
vt 0.505772 0.801696
vt 0.511620 0.801696
vt 0.511620 0.717215
vt 0.505772 0.717215
vt 0.660150 0.198304
vt 0.660150 0.282785
vt 0.710988 0.482743
vt 0.710988 0.567224
vt 0.881051 0.370913
vt 0.881051 0.286431
vt 1.128233 1.000000
vt 1.128233 0.000000
vt 1.128233 0.000000
vt 1.128233 1.000000
vt 1.000000 0.000000
vt 1.000000 1.000000
vt 1.000000 1.000000
vt 1.000000 0.000000
vt 0.716233 0.482743
vt 0.716233 0.567224
vt 0.888315 0.370913
vt 0.888315 0.286431
vt 0.518038 0.801696
vt 0.518038 0.717215
vt 0.722972 0.482743
vt 0.722972 0.567224
vt 0.670712 0.198304
vt 0.670712 0.282785
vt 0.895005 0.370913
vt 0.895005 0.286431
vt 0.729169 0.482743
vt 0.729169 0.567224
vt 0.901108 0.370913
vt 0.901107 0.286431
vt 0.734835 0.482743
vt 0.734835 0.567224
vt 0.525020 0.801696
vt 0.525020 0.717215
vt 0.333333 1.000000
vt 0.333333 0.981121
vt 0.906624 0.370913
vt 0.906624 0.286431
vt 0.333333 1.000000
vt 0.333333 0.981121
vt 0.739958 0.482743
vt 0.739958 0.567224
vt 0.911554 0.370913
vt 0.911554 0.286431
vt 0.681573 0.198304
vt 0.681573 0.282785
vt 0.744550 0.482743
vt 0.744550 0.567224
vt 0.752064 0.482743
vt 0.748600 0.482743
vt 0.748600 0.567224
vt 0.752064 0.567224
vt 0.532578 0.801696
vt 0.532578 0.717215
vt 0.692722 0.198304
vt 0.692722 0.282785
vt 0.540607 0.801696
vt 0.540607 0.717215
vt 0.704164 0.198304
vt 0.704164 0.282785
vt 0.549022 0.801696
vt 0.549022 0.717215
vt 0.715899 0.198304
vt 0.715899 0.282785
vt 0.557819 0.801696
vt 0.557819 0.717215
vt 0.340000 0.687187
vt 0.340000 0.408070
vt 0.360000 0.408070
vt 0.360000 0.687187
vt 0.380000 0.408070
vt 0.380000 0.687187
vt 0.320000 0.687187
vt 0.320000 0.408070
vt 0.727927 0.198304
vt 0.727927 0.282785
vt 0.300000 0.687187
vt 0.300000 0.408070
vt 0.400000 0.687187
vt 0.400000 0.408070
vt 0.420000 0.408070
vt 0.420000 0.687187
vt 0.567004 0.801696
vt 0.567004 0.717215
vt 0.280000 0.687187
vt 0.280000 0.408070
vt 0.440000 0.408070
vt 0.440000 0.687187
vt 0.741826 0.198304
vt 0.741826 0.282785
vt 0.260000 0.687187
vt 0.260000 0.408070
vt 0.576570 0.801696
vt 0.576570 0.717215
vt 0.460000 0.408071
vt 0.460000 0.687187
vt 0.755127 0.198304
vt 0.755127 0.282785
vt 0.240000 0.687187
vt 0.240000 0.408071
vt 0.586524 0.801696
vt 0.586524 0.717215
vt 0.480000 0.408070
vt 0.480000 0.687187
vt 0.767830 0.198304
vt 0.767830 0.282785
vt 0.220000 0.687187
vt 0.220000 0.408070
vt 0.598547 0.801696
vt 0.598547 0.717215
vt 0.500000 0.408070
vt 0.500000 0.687187
vt 0.779936 0.198304
vt 0.779936 0.282785
vt 0.609911 0.801696
vt 0.609911 0.717215
vt 0.200000 0.687187
vt 0.200000 0.408070
vt 0.791439 0.198304
vt 0.791439 0.282785
vt 0.620617 0.801696
vt 0.620617 0.717215
vt 0.802345 0.198304
vt 0.802345 0.282785
vt 0.630660 0.801696
vt 0.630660 0.717215
vt 0.180000 0.687187
vt 0.180000 0.408071
vt 0.812547 0.198304
vt 0.812547 0.282785
vt 0.352558 0.191005
vt 0.352633 0.200383
vt 0.640043 0.801696
vt 0.640043 0.717215
vt 0.821953 0.198304
vt 0.821953 0.282785
vt 0.520000 0.687187
vt 0.520000 0.408071
vt 0.540000 0.408070
vt 0.540000 0.687187
vt 0.648769 0.801696
vt 0.648769 0.717215
vt 0.670900 0.801696
vt 0.676920 0.801696
vt 0.676920 0.717215
vt 0.670900 0.717215
vt 0.656819 0.801696
vt 0.656819 0.717215
vt 0.664194 0.801696
vt 0.664194 0.717215
vt 0.160000 0.687187
vt 0.160000 0.408070
vt 0.560000 0.408070
vt 0.560000 0.687187
vt 0.140000 0.687187
vt 0.140000 0.408070
vt 0.069195 0.408070
vt 0.080000 0.408070
vt 0.580000 0.408070
vt 0.580000 0.687187
vt 0.057325 0.408070
vt 0.047139 0.408070
vt 0.120000 0.687187
vt 0.120000 0.408071
vt 0.040230 0.408070
vt 0.600000 0.408070
vt 0.600000 0.687187
vt 0.336477 0.136441
vt 0.100000 0.687187
vt 0.100000 0.408070
vt 0.620000 0.408070
vt 0.620000 0.687187
vt 0.080000 0.687187
vt 0.080000 0.408070
vt 0.640000 0.408070
vt 0.640000 0.687187
vt 0.060000 0.687187
vt 0.060000 0.408070
vt 0.329112 0.128103
vt 0.336294 0.136475
vt 0.660000 0.408070
vt 0.660000 0.687187
vt 0.040000 0.687187
vt 0.040000 0.408070
vt 0.680000 0.408071
vt 0.680000 0.687187
vt 0.020000 0.687187
vt 0.020000 0.408070
vt 0.235732 0.198515
vt 0.235732 0.198515
vt 0.700000 0.408070
vt 0.700000 0.687187
vt -0.000000 0.687187
vt -0.000000 0.408070
vt 0.720000 0.408070
vt 0.720000 0.687187
vt 0.980000 0.687187
vt 0.980000 0.408070
vt 1.000000 0.408071
vt 1.000000 0.687187
vt 0.740000 0.408070
vt 0.740000 0.687187
vt 0.960000 0.687187
vt 0.960000 0.408070
vt 0.760000 0.408071
vt 0.760000 0.687187
vt 0.336663 0.136431
vt 0.780000 0.408070
vt 0.780000 0.687187
vt 0.920000 0.687187
vt 0.920000 0.408070
vt 0.940000 0.408070
vt 0.940000 0.687187
vt 0.337399 0.136457
vt 0.337639 0.136530
vt 0.800000 0.408070
vt 0.800000 0.687187
vt 0.900000 0.687187
vt 0.900000 0.408070
vt 0.820000 0.408070
vt 0.820000 0.687187
vt 0.880000 0.687187
vt 0.880000 0.408070
vt 0.840000 0.408070
vt 0.840000 0.687187
vt 0.345036 0.200414
vt 0.329112 0.174063
vt 0.860000 0.408070
vt 0.860000 0.687187
vt 1.000000 1.212247
vt 1.000000 1.000000
vt 1.000000 1.000000
vt 1.000000 1.212247
vt 0.557401 0.682912
vt 0.557401 0.682912
vt 0.406491 0.682912
vt 0.406491 0.682912
vt 0.338291 0.136913
vt 0.338471 0.137081
vt 0.338758 0.137446
vt 0.338858 0.137615
vt 0.339765 0.138922
vt 0.339933 0.139254
vt 0.340125 0.139601
vt 0.500000 1.000000
vt 0.500000 1.000000
vt 0.236030 0.165971
vt 0.333333 1.000000
vt 0.333333 1.212247
vt 0.333333 1.212247
vt 0.333333 1.000000
vt 0.352558 0.191005
vt 0.333333 0.990561
vt 0.333333 0.990561
vt 0.335097 0.200241
vt 0.334384 0.199848
vt 0.345036 0.200414
vt 0.338565 0.128760
vt 0.344497 0.101034
vt 0.274326 0.174063
vt 0.329112 0.174063
vt 0.557401 0.560104
vt 0.557401 0.560104
vt 0.406491 0.560104
vt 0.406491 0.560104
vt 0.340000 0.687187
vt 0.340000 0.408070
vt 0.360000 0.408070
vt 0.360000 0.687187
vt 0.380000 0.408070
vt 0.380000 0.687187
vt 0.320000 0.687187
vt 0.320000 0.408070
vt 0.300000 0.687187
vt 0.300000 0.408070
vt 0.400000 0.687187
vt 0.400000 0.408070
vt 0.420000 0.408070
vt 0.420000 0.687187
vt 0.280000 0.687187
vt 0.280000 0.408070
vt 0.440000 0.408070
vt 0.440000 0.687187
vt 0.260000 0.687187
vt 0.260000 0.408070
vt 0.460000 0.408071
vt 0.460000 0.687187
vt 0.240000 0.687187
vt 0.240000 0.408071
vt 0.480000 0.408070
vt 0.480000 0.687187
vt 0.220000 0.687187
vt 0.220000 0.408070
vt 0.500000 0.408070
vt 0.500000 0.687187
vt 0.236638 0.099391
vt 0.236638 0.099391
vt 0.200000 0.687187
vt 0.200000 0.408070
vt 0.520000 0.408071
vt 0.520000 0.687187
vt 0.540000 0.408070
vt 0.540000 0.687187
vt 0.351921 0.143663
vt 0.160000 0.687187
vt 0.160000 0.408070
vt 0.180000 0.408071
vt 0.180000 0.687187
vt 0.560000 0.408070
vt 0.560000 0.687187
vt 0.345036 0.200414
vt 0.140000 0.687187
vt 0.140000 0.408070
vt 0.580000 0.408070
vt 0.580000 0.687187
vt 0.298882 0.199612
vt 0.298882 0.199612
vt 0.299324 0.199239
vt 0.120000 0.687187
vt 0.120000 0.408071
vt 0.600000 0.408070
vt 0.600000 0.687187
vt 0.100000 0.687187
vt 0.100000 0.408070
vt 0.620000 0.408070
vt 0.620000 0.687187
vt 0.080000 0.687187
vt 0.080000 0.408070
vt 0.640000 0.408070
vt 0.640000 0.687187
vt 0.240053 0.157320
vt 0.240099 0.144301
vt 0.236231 0.143872
vt 0.236104 0.157870
vt 0.060000 0.687187
vt 0.060000 0.408070
vt 0.660000 0.408070
vt 0.660000 0.687187
vt 0.299324 0.199239
vt 0.680000 0.408071
vt 0.680000 0.687187
vt 0.336452 0.136401
vt 0.336680 0.136364
vt 0.020000 0.687187
vt 0.020000 0.408070
vt 0.040000 0.408070
vt 0.040000 0.687187
vt 0.700000 0.408070
vt 0.700000 0.687187
vt 0.337406 0.136407
vt 0.337645 0.136480
vt -0.000000 0.687187
vt -0.000000 0.408070
vt 0.980000 0.687187
vt 0.980000 0.408070
vt 1.000000 0.408071
vt 1.000000 0.687187
vt 0.720000 0.687187
vt 0.720000 0.408070
vt 0.740000 0.408070
vt 0.740000 0.687187
vt 0.338472 0.137027
vt 0.338628 0.137206
vt 0.960000 0.687187
vt 0.960000 0.408070
vt 0.338757 0.137382
vt 0.338855 0.137537
vt 0.760000 0.408071
vt 0.760000 0.687187
vt 0.940000 0.687187
vt 0.940000 0.408070
vt 0.780000 0.408070
vt 0.780000 0.687187
vt 0.920000 0.687187
vt 0.920000 0.408070
vt 0.800000 0.408070
vt 0.800000 0.687187
vt -0.000000 0.687187
vt -0.000000 0.408070
vt 0.020000 0.687187
vt 0.900000 0.687187
vt 0.900000 0.408070
vt 0.820000 0.408070
vt 0.820000 0.687187
vt 0.880000 0.687187
vt 0.880000 0.408070
vt 0.980000 0.687187
vt 0.980000 0.408070
vt 1.000000 0.687187
vt 0.840000 0.408070
vt 0.840000 0.687187
vt 0.339805 0.138938
vt 0.339984 0.139272
vt 0.860000 0.687187
vt 0.860000 0.408070
vt 0.340171 0.139617
vt 0.340378 0.139970
vt 0.340614 0.140325
vt 0.600000 0.541567
vt 0.600000 0.250000
vt 0.620000 0.250000
vt 0.620000 0.541567
vt 0.580000 0.541567
vt 0.580000 0.250000
vt 0.640000 0.250000
vt 0.640000 0.541567
vt 0.560000 0.541567
vt 0.560000 0.250000
vt 0.660000 0.250000
vt 0.660000 0.541567
vt 0.540000 0.541567
vt 0.540000 0.250000
vt 0.680000 0.250000
vt 0.680000 0.541567
vt 0.520000 0.541567
vt 0.520000 0.250000
vt 0.700000 0.250000
vt 0.700000 0.541567
vt 0.720000 0.250000
vt 0.720000 0.541567
vt 0.480000 0.541549
vt 0.480000 0.250000
vt 0.500000 0.250000
vt 0.500000 0.541565
vt 0.740000 0.250000
vt 0.740000 0.541567
vt 0.460000 0.541533
vt 0.460000 0.250000
vt 0.760000 0.250000
vt 0.760000 0.541567
vt 0.440000 0.541517
vt 0.440000 0.250000
vt 0.780000 0.250000
vt 0.780000 0.541567
vt 0.250000 0.082357
vt 0.250106 0.082650
vt 0.250258 0.082938
vt 0.250000 0.085784
vt 0.420000 0.541501
vt 0.420000 0.250000
vt 0.345036 0.200414
vt 0.800000 0.250000
vt 0.800000 0.541567
vt 0.400000 0.541487
vt 0.400000 0.250000
vt 0.820000 0.250000
vt 0.820000 0.541567
vt 0.380000 0.541473
vt 0.380000 0.250000
vt 0.840000 0.250000
vt 0.840000 0.541568
vt 0.360000 0.541461
vt 0.360000 0.250000
vt 0.557401 0.488634
vt 0.557401 0.500000
vt 0.406491 0.500000
vt 0.406491 0.488634
vt 0.860000 0.250000
vt 0.860000 0.541567
vt 0.236089 0.159492
vt 0.236030 0.165971
vt 0.340000 0.541449
vt 0.340000 0.250000
vt 0.880000 0.250000
vt 0.880000 0.541567
vt 0.320000 0.541440
vt 0.320000 0.250000
vt 0.900000 0.250000
vt 0.900000 0.541568
vt 0.300000 0.541432
vt 0.300000 0.250000
vt 0.920000 0.250000
vt 0.920000 0.541568
vt 0.020000 0.408070
vt 0.280000 0.541426
vt 0.280000 0.250000
vt 1.000000 0.408071
vt 0.260000 0.541422
vt 0.260000 0.250000
vt 0.298882 0.199612
vt 0.240000 0.541420
vt 0.240000 0.250000
vt 0.980000 0.250000
vt 0.980000 0.541549
vt 0.339578 0.200319
vt 0.350317 0.193809
vt 0.220000 0.541420
vt 0.220000 0.250000
vt 1.000000 0.250000
vt 1.000000 0.541533
vt 0.200000 0.541422
vt 0.200000 0.250000
vt -0.000000 0.541533
vt 0.000000 0.250000
vt 0.020000 0.250000
vt 0.020000 0.541517
vt 0.180000 0.541426
vt 0.180000 0.250000
vt 0.040000 0.250000
vt 0.040000 0.541501
vt 0.160000 0.541432
vt 0.160000 0.250000
vt 0.060000 0.250000
vt 0.060000 0.541487
vt 0.140000 0.541440
vt 0.140000 0.250000
vt 0.080000 0.250000
vt 0.080000 0.541473
vt 0.120000 0.541449
vt 0.120000 0.250000
vt 0.100000 0.250000
vt 0.100000 0.541461
vt 0.253022 0.174063
vt 0.253022 0.163302
vt 0.253022 0.163302
vt 0.253022 0.174063
vt 0.500000 0.535019
vt 0.375000 0.535019
vt 0.236369 0.128830
vt 0.320016 0.128103
vt 0.352558 0.191005
vt 0.128233 -0.042744
vt 0.000000 0.000000
vt 0.000000 0.000000
vt 0.128233 -0.042744
vt 0.236638 0.099391
vt 0.236369 0.128830
vt 0.000000 -0.103301
vt 0.000000 0.000000
vt 0.000000 0.000000
vt 0.000000 -0.103301
vt 1.000000 0.000000
vt 1.000000 -0.103301
vt 1.000000 0.000000
vt 1.000000 -0.103301
vt 0.235732 0.198515
vt 0.235732 0.198515
vt 0.000000 1.000000
vt 0.000000 1.318371
vt 0.000000 1.318371
vt 0.000000 1.000000
vt 0.333333 1.000000
vt 0.461566 0.957256
vt 0.333333 1.000000
vt 0.461566 0.957256
vt 0.255862 0.627076
vt 0.174976 0.627076
vt 0.174976 0.709236
vt 0.255862 0.709236
vt 0.340000 0.687187
vt 0.340000 0.408070
vt 0.360000 0.408070
vt 0.360000 0.687187
vt 0.380000 0.408070
vt 0.380000 0.687187
vt 0.320000 0.687187
vt 0.320000 0.408070
vt 0.300000 0.687187
vt 0.300000 0.408070
vt 0.400000 0.687187
vt 0.400000 0.408070
vt 0.420000 0.408070
vt 0.420000 0.687187
vt 0.280000 0.687187
vt 0.280000 0.408070
vt 0.260000 0.687187
vt 0.260000 0.408070
vt 0.440000 0.687187
vt 0.440000 0.408070
vt 0.460000 0.408071
vt 0.460000 0.687187
vt 0.240000 0.687187
vt 0.240000 0.408071
vt 0.480000 0.408070
vt 0.480000 0.687187
vt 0.220000 0.687187
vt 0.220000 0.408070
vt 0.500000 0.408070
vt 0.500000 0.687187
vt 1.000000 1.318371
vt 1.000000 1.000000
vt 0.200000 0.687187
vt 0.200000 0.408070
vt 0.350307 0.627076
vt 0.261557 0.627076
vt 0.261557 0.709236
vt 0.350307 0.709236
vt 0.001849 0.795101
vt 0.265852 0.795101
vt 0.265852 0.712941
vt 0.001849 0.712941
vt 0.180000 0.687187
vt 0.180000 0.408071
vt 0.160000 0.687187
vt 0.160000 0.408070
vt 0.236288 0.137681
vt 0.140000 0.687187
vt 0.140000 0.408070
vt 0.560000 0.687187
vt 0.560000 0.408070
vt 0.580000 0.408070
vt 0.580000 0.687187
vt 1.000000 1.318371
vt 1.000000 1.000000
vt 0.120000 0.687187
vt 0.120000 0.408071
vt 0.600000 0.408070
vt 0.600000 0.687187
vt 0.100000 0.687187
vt 0.100000 0.408070
vt 0.620000 0.408070
vt 0.620000 0.687187
vt 0.080000 0.687187
vt 0.080000 0.408070
vt 0.640000 0.408070
vt 0.640000 0.687187
vt 0.060000 0.687187
vt 0.060000 0.408070
vt 0.660000 0.408070
vt 0.660000 0.687187
vt 0.040000 0.687187
vt 0.040000 0.408070
vt 0.680000 0.408071
vt 0.680000 0.687187
vt 0.700000 0.408070
vt 0.700000 0.687187
vt 0.593604 0.627076
vt 0.356002 0.627076
vt 0.356002 0.709236
vt 0.593604 0.709236
vt -0.000000 0.687187
vt -0.000000 0.408070
vt 0.020000 0.408070
vt 0.020000 0.687187
vt 0.720000 0.408070
vt 0.720000 0.687187
vt 0.271579 0.795101
vt 0.352465 0.795101
vt 0.352465 0.712941
vt 0.271579 0.712941
vt 0.433682 0.915848
vt 0.358413 0.915848
vt 0.358413 0.998008
vt 0.433682 0.998008
vt 0.980000 0.687187
vt 0.980000 0.408070
vt 1.000000 0.408071
vt 1.000000 0.687187
vt 0.740000 0.408070
vt 0.740000 0.687187
vt 0.960000 0.687187
vt 0.960000 0.408070
vt 0.760000 0.408071
vt 0.760000 0.687187
vt 0.940000 0.687187
vt 0.940000 0.408070
vt 0.780000 0.408070
vt 0.780000 0.687187
vt 0.920000 0.687187
vt 0.920000 0.408070
vt 0.800000 0.408070
vt 0.800000 0.687187
vt 0.900000 0.687187
vt 0.900000 0.408070
vt 0.820000 0.408070
vt 0.820000 0.687187
vt 0.840000 0.408070
vt 0.840000 0.687187
vt 0.743736 0.546190
vt 0.681948 0.546190
vt 0.681948 0.628350
vt 0.743736 0.628350
vt 0.236638 0.099391
vt 0.599299 0.425444
vt 0.676253 0.425444
vt 0.676253 0.343283
vt 0.599299 0.343283
vt 0.000000 0.981121
vt 0.000000 0.981121
vt 0.760390 0.546190
vt 0.749431 0.546190
vt 0.749431 0.628350
vt 0.760390 0.628350
vt 0.770804 0.546190
vt 0.770804 0.628350
vt 0.780673 0.546190
vt 0.780673 0.628350
vt 0.557401 0.560104
vt 0.557401 0.682912
vt 0.406491 0.682912
vt 0.406491 0.560104
vt 0.789997 0.546190
vt 0.789997 0.628350
vt 0.745843 0.001992
vt 0.745843 0.339579
vt 0.828003 0.339579
vt 0.828003 0.001992
vt 0.798771 0.546190
vt 0.798771 0.628350
vt 0.236231 0.143872
vt 0.236231 0.143872
vt 1.128233 1.000000
vt 1.128233 0.000000
vt 1.128233 0.000000
vt 1.128233 1.000000
vt 1.000000 0.000000
vt 1.000000 1.000000
vt 1.000000 1.000000
vt 1.000000 0.000000
vt 0.807006 0.546190
vt 0.807006 0.628350
vt 0.814904 0.546190
vt 0.814904 0.628350
vt 0.333333 1.000000
vt 0.333333 0.981121
vt 0.333333 1.000000
vt 0.333333 0.981121
vt 0.822700 0.546190
vt 0.822700 0.628350
vt 0.830384 0.546190
vt 0.830384 0.628350
vt 0.837962 0.546190
vt 0.837962 0.628350
vt 0.281101 0.199304
vt 0.845427 0.546190
vt 0.845427 0.628350
vt 0.852785 0.546190
vt 0.852785 0.628350
vt 0.926369 0.546190
vt 0.926369 0.628350
vt 0.236638 0.099391
vt 0.236104 0.157870
vt 0.236104 0.157870
vt 1.000000 1.212247
vt 1.000000 1.000000
vt 1.000000 1.000000
vt 1.000000 1.212247
vt 0.128233 -0.042744
vt 0.000000 0.000000
vt 0.000000 0.000000
vt 0.128233 -0.042744
vt 0.000000 -0.103301
vt 0.000000 0.000000
vt 0.000000 0.000000
vt 0.000000 -0.103301
vt 0.500000 1.000000
vt 0.500000 1.000000
vt 0.333333 1.000000
vt 0.333333 1.212247
vt 0.333333 1.212247
vt 0.333333 1.000000
vt 1.000000 0.000000
vt 1.000000 -0.103301
vt 1.000000 0.000000
vt 1.000000 -0.103301
vt 0.260000 0.687187
vt 0.260000 0.408070
vt 0.280000 0.408070
vt 0.280000 0.687187
vt 0.000000 1.000000
vt 0.000000 1.318371
vt 0.000000 1.318371
vt 0.000000 1.000000
vt 0.240000 0.687187
vt 0.240000 0.408071
vt 0.333333 1.000000
vt 0.461566 0.957256
vt 0.220000 0.687187
vt 0.220000 0.408071
vt 0.200000 0.687187
vt 0.200000 0.408071
vt 0.333333 1.000000
vt 0.461566 0.957256
vt 0.333333 0.990561
vt 0.540000 0.687187
vt 0.540000 0.408070
vt 0.560000 0.408070
vt 0.560000 0.687187
vt 0.333333 0.990561
vt 0.580000 0.408070
vt 0.580000 0.687187
vt 0.600000 0.408070
vt 0.600000 0.687187
vt 0.236231 0.143872
vt 0.616539 0.024163
vt 0.616539 0.017575
vt 0.540098 0.017575
vt 0.540098 0.024163
vt 0.616539 0.031427
vt 0.540098 0.031427
vt 0.616539 0.011653
vt 0.540098 0.011653
vt 0.616539 0.039387
vt 0.540098 0.039387
vt 0.616539 0.006396
vt 0.540098 0.006396
vt 0.616539 0.048083
vt 0.540098 0.048083
vt 0.620000 0.408070
vt 0.620000 0.687187
vt 0.616539 0.001805
vt 0.540098 0.001805
vt 0.616539 0.057520
vt 0.540098 0.057520
vt 0.877417 0.336307
vt 0.885617 0.336307
vt 0.885617 0.259866
vt 0.877417 0.259866
vt 0.616539 0.067693
vt 0.540098 0.067693
vt 0.893987 0.336307
vt 0.893987 0.259866
vt 0.616539 0.078602
vt 0.540098 0.078602
vt 0.902413 0.336307
vt 0.902413 0.259866
vt 0.640000 0.408070
vt 0.640000 0.687187
vt 0.616539 0.090251
vt 0.540098 0.090251
vt 0.910899 0.336307
vt 0.910899 0.259866
vt 1.000000 1.318371
vt 1.000000 1.000000
vt 0.616539 0.102682
vt 0.540098 0.102682
vt 0.919434 0.336307
vt 0.919434 0.259866
vt 0.928030 0.336307
vt 0.928030 0.259866
vt 0.616539 0.115949
vt 0.540098 0.115949
vt 0.936681 0.336307
vt 0.936681 0.259866
vt 0.236089 0.159492
vt 0.236089 0.159492
vt 0.616539 0.130051
vt 0.540098 0.130051
vt 0.947700 0.336307
vt 0.947700 0.259866
vt 0.020000 0.687187
vt 0.020000 0.408070
vt 0.040000 0.408070
vt 0.040000 0.687187
vt 0.616539 0.144985
vt 0.540098 0.144985
vt 0.958398 0.336307
vt 0.958398 0.259866
vt -0.000000 0.687187
vt -0.000000 0.408070
vt 0.616539 0.160755
vt 0.540098 0.160755
vt 0.968781 0.336307
vt 0.968781 0.259866
vt 0.310870 0.174063
vt 0.310870 0.174063
vt 1.000000 1.318371
vt 1.000000 1.000000
vt 1.000000 0.408071
vt 1.000000 0.687187
vt 0.978844 0.336307
vt 0.978844 0.259866
vt 0.616539 0.177361
vt 0.540098 0.177361
vt 0.720000 0.687187
vt 0.720000 0.408070
vt 0.740000 0.408070
vt 0.740000 0.687187
vt 0.007945 0.726784
vt 0.011955 0.726784
vt 0.011955 0.650343
vt 0.007945 0.650343
vt 0.016851 0.726784
vt 0.016851 0.650343
vt 0.004672 0.726784
vt 0.004672 0.650343
vt 0.001992 0.726784
vt 0.001992 0.650343
vt 0.022639 0.726784
vt 0.022639 0.650343
vt 0.064349 0.569910
vt 0.059941 0.569910
vt 0.059941 0.646351
vt 0.064349 0.646351
vt 0.029304 0.726784
vt 0.029304 0.650343
vt 0.760000 0.408071
vt 0.760000 0.687187
vt 0.068827 0.569910
vt 0.068827 0.646351
vt 0.988586 0.336307
vt 0.988586 0.259866
vt 0.036861 0.726784
vt 0.036861 0.650343
vt 0.073370 0.569910
vt 0.073370 0.646351
vt 0.940000 0.687187
vt 0.940000 0.408070
vt 0.616539 0.193836
vt 0.540098 0.193836
vt 0.045304 0.726784
vt 0.045304 0.650343
vt 0.077988 0.569910
vt 0.077988 0.646351
vt 0.780000 0.408070
vt 0.780000 0.687187
vt 0.081908 0.569910
vt 0.081908 0.646351
vt 0.920000 0.687187
vt 0.920000 0.408070
vt 0.054788 0.726784
vt 0.054788 0.650343
vt 0.998008 0.336307
vt 0.998008 0.259866
vt 0.253022 0.099641
vt 0.085709 0.569910
vt 0.085709 0.646351
vt 0.800000 0.408070
vt 0.800000 0.687187
vt 0.900000 0.687187
vt 0.900000 0.408070
vt 0.089380 0.569910
vt 0.089380 0.646351
vt 0.616539 0.209566
vt 0.540098 0.209566
vt 0.065478 0.726784
vt 0.065478 0.650343
vt 0.820000 0.408070
vt 0.820000 0.687187
vt 0.880000 0.687187
vt 0.880000 0.408070
vt 0.092931 0.569910
vt 0.092931 0.646351
vt 0.840000 0.408070
vt 0.840000 0.687187
vt 0.860000 0.687187
vt 0.860000 0.408070
vt 0.659976 0.438010
vt 0.665423 0.438010
vt 0.665423 0.361568
vt 0.659976 0.361568
vt 0.096354 0.569910
vt 0.096354 0.646351
vt 0.077090 0.726784
vt 0.077090 0.650343
vt 0.112024 0.827970
vt 0.109379 0.827970
vt 0.109379 0.904411
vt 0.112024 0.904411
vt 0.099656 0.569910
vt 0.099656 0.646351
vt 0.112303 0.827970
vt 0.112303 0.904411
vt 0.616539 0.224545
vt 0.540098 0.224545
vt 0.080905 0.726784
vt 0.080905 0.650343
vt 0.108058 0.569910
vt 0.105791 0.569910
vt 0.105791 0.646351
vt 0.108058 0.646351
vt 0.125399 0.827970
vt 0.125399 0.904411
vt 0.671601 0.438010
vt 0.671601 0.361568
vt 0.110713 0.569910
vt 0.110713 0.646351
vt 0.086673 0.726784
vt 0.086673 0.650343
vt 0.113761 0.569910
vt 0.113761 0.646351
vt 0.616539 0.238768
vt 0.540098 0.238768
vt 0.139700 0.827970
vt 0.139700 0.904411
vt 0.091754 0.726784
vt 0.091754 0.650343
vt 0.117189 0.569910
vt 0.117189 0.646351
vt 0.678499 0.438010
vt 0.678499 0.361568
vt 0.179542 0.726784
vt 0.236826 0.726784
vt 0.236826 0.650343
vt 0.179542 0.650343
vt 0.121009 0.569910
vt 0.121009 0.646351
vt 0.096138 0.726784
vt 0.096138 0.650343
vt 0.155207 0.827970
vt 0.155207 0.904411
vt 0.125218 0.569910
vt 0.125218 0.646351
vt 0.616539 0.252245
vt 0.540098 0.252245
vt 0.686119 0.438010
vt 0.686119 0.361568
vt 0.099834 0.726784
vt 0.099834 0.650343
vt 0.129831 0.569910
vt 0.129831 0.646351
vt 0.102838 0.726784
vt 0.102838 0.650343
vt 0.134872 0.569910
vt 0.134872 0.646351
vt 0.170265 0.827970
vt 0.170265 0.904411
vt 0.694459 0.438010
vt 0.694459 0.361568
vt 0.616539 0.264971
vt 0.540098 0.264971
vt 0.241190 0.726784
vt 0.241190 0.650343
vt 0.140346 0.569910
vt 0.140346 0.646351
vt 0.212443 0.468723
vt 0.217166 0.468723
vt 0.217166 0.392282
vt 0.212443 0.392282
vt 0.171954 0.827970
vt 0.171954 0.904411
vt 0.242116 0.726784
vt 0.242116 0.650343
vt 0.146249 0.569910
vt 0.146249 0.646351
vt 0.221878 0.468723
vt 0.221878 0.392282
vt 0.521439 0.569910
vt 0.518836 0.569910
vt 0.518836 0.646351
vt 0.521439 0.646351
vt 0.412545 0.468723
vt 0.424886 0.468723
vt 0.424886 0.392282
vt 0.412545 0.392282
vt 0.703531 0.438010
vt 0.703531 0.361568
vt 0.152580 0.569910
vt 0.152580 0.646351
vt 0.226575 0.468723
vt 0.226575 0.392282
vt 0.525034 0.569910
vt 0.525034 0.646351
vt 0.616539 0.276956
vt 0.540098 0.276956
vt 0.231258 0.468723
vt 0.231258 0.392282
vt 0.159340 0.569910
vt 0.159340 0.646351
vt 0.528864 0.569910
vt 0.528864 0.646351
vt 0.235930 0.468723
vt 0.235930 0.392282
vt 0.437827 0.468723
vt 0.437827 0.392282
vt 0.165905 0.569910
vt 0.165905 0.646351
vt 0.713268 0.438010
vt 0.713268 0.361568
vt 0.532934 0.569910
vt 0.532934 0.646351
vt 0.240588 0.468723
vt 0.240588 0.392282
vt 0.616539 0.288220
vt 0.540098 0.288220
vt 0.171982 0.569910
vt 0.171982 0.646351
vt 0.244667 0.468723
vt 0.244667 0.392282
vt 0.537239 0.569910
vt 0.537239 0.646351
vt 0.177581 0.569910
vt 0.177581 0.646351
vt 0.248612 0.468723
vt 0.248612 0.392282
vt 0.449667 0.468723
vt 0.449667 0.392282
vt 0.252418 0.468723
vt 0.252418 0.392282
vt 0.182692 0.569910
vt 0.182692 0.646351
vt 0.723636 0.438010
vt 0.723636 0.361568
vt 0.256084 0.468723
vt 0.256084 0.392282
vt 0.541685 0.569910
vt 0.541685 0.646351
vt 0.187325 0.569910
vt 0.187325 0.646351
vt 0.616539 0.298758
vt 0.540098 0.298758
vt 0.259611 0.468723
vt 0.259611 0.392282
vt 0.191469 0.569910
vt 0.191469 0.646351
vt 0.263003 0.468723
vt 0.263003 0.392282
vt 0.195180 0.569910
vt 0.195180 0.646351
vt 0.266216 0.468723
vt 0.266216 0.392282
vt 0.198522 0.569910
vt 0.198522 0.646351
vt 0.206308 0.569910
vt 0.204087 0.569910
vt 0.204087 0.646351
vt 0.206308 0.646351
vt 0.546190 0.569910
vt 0.546190 0.646351
vt 0.201491 0.569910
vt 0.201491 0.646351
vt 0.460410 0.468723
vt 0.460410 0.392282
vt 0.734630 0.438010
vt 0.734630 0.361568
vt 0.550756 0.569910
vt 0.550756 0.646351
vt 0.616539 0.308580
vt 0.540098 0.308580
vt 0.470057 0.468723
vt 0.470057 0.392282
vt 0.555372 0.569910
vt 0.555372 0.646351
vt 0.236369 0.128830
vt 0.746249 0.438010
vt 0.746249 0.361568
vt 0.560043 0.569910
vt 0.560043 0.646351
vt 0.000000 0.981121
vt 0.000000 0.981121
vt 0.478718 0.468723
vt 0.478718 0.392282
vt 0.616539 0.317672
vt 0.540098 0.317672
vt 0.564774 0.569910
vt 0.564774 0.646351
vt 0.758495 0.438010
vt 0.758495 0.361568
vt 0.569435 0.569910
vt 0.569435 0.646351
vt 0.486518 0.468723
vt 0.486518 0.392282
vt 0.573920 0.569910
vt 0.573920 0.646351
vt 0.616539 0.326047
vt 0.540098 0.326047
vt 0.578226 0.569910
vt 0.578226 0.646351
vt 0.771366 0.438010
vt 0.771366 0.361568
vt 0.493462 0.468723
vt 0.493462 0.392282
vt 0.582351 0.569910
vt 0.582351 0.646351
vt 0.333333 1.000000
vt 0.333333 1.000000
vt 0.586291 0.569910
vt 0.586291 0.646351
vt 0.338565 0.128760
vt 0.328429 0.134128
vt 0.616539 0.333712
vt 0.540098 0.333712
vt 0.590056 0.569910
vt 0.590056 0.646351
vt 0.784472 0.438010
vt 0.784472 0.361568
vt 0.499534 0.468723
vt 0.499534 0.392282
vt 0.236030 0.165971
vt 0.236030 0.165971
vt 0.600223 0.569910
vt 0.600223 0.646351
vt 0.504751 0.468723
vt 0.504751 0.392282
vt 0.616539 0.340701
vt 0.540098 0.340701
vt 0.796758 0.438010
vt 0.796758 0.361568
vt 0.236104 0.157870
vt 0.610051 0.569910
vt 0.610051 0.646351
vt 0.509106 0.468723
vt 0.509106 0.392282
vt 1.128233 1.000000
vt 1.128233 0.000000
vt 1.128233 0.000000
vt 1.128233 1.000000
vt 0.808222 0.438010
vt 0.808222 0.361568
vt 1.000000 0.000000
vt 1.000000 1.000000
vt 1.000000 1.000000
vt 1.000000 0.000000
vt 0.619528 0.569910
vt 0.619528 0.646351
vt 0.616539 0.347009
vt 0.540098 0.347009
vt 0.512701 0.468723
vt 0.512701 0.392282
vt 0.818865 0.438010
vt 0.818865 0.361568
vt 0.628659 0.569910
vt 0.628659 0.646351
vt 0.637440 0.569910
vt 0.637440 0.646351
vt 0.828693 0.438010
vt 0.828693 0.361568
vt 0.616539 0.352636
vt 0.540098 0.352636
vt 0.272351 0.468723
vt 0.278189 0.468723
vt 0.278189 0.392282
vt 0.272351 0.392282
vt 0.645876 0.569910
vt 0.645876 0.646351
vt 0.837699 0.438010
vt 0.837699 0.361568
vt 0.653841 0.569910
vt 0.653841 0.646351
vt 0.845914 0.438010
vt 0.845914 0.361568
vt 0.284256 0.468723
vt 0.284256 0.392282
vt 0.866065 0.438010
vt 0.871281 0.438010
vt 0.871281 0.361568
vt 0.866065 0.361568
vt 0.853384 0.438010
vt 0.853384 0.361568
vt 0.860102 0.438010
vt 0.860102 0.361568
vt 0.616539 0.357577
vt 0.540098 0.357577
vt 0.290539 0.468723
vt 0.290539 0.392282
vt 0.297047 0.468723
vt 0.297047 0.392282
vt 0.809943 0.179433
vt 0.801257 0.179433
vt 0.801257 0.255874
vt 0.809943 0.255874
vt 0.303781 0.468723
vt 0.303781 0.392282
vt 0.308952 0.468723
vt 0.308952 0.392282
vt 0.818855 0.179433
vt 0.818855 0.255874
vt 0.314124 0.468723
vt 0.314124 0.392282
vt 0.319300 0.468723
vt 0.319300 0.392282
vt 0.324472 0.468723
vt 0.324472 0.392282
vt 0.827906 0.179433
vt 0.827906 0.255874
vt 0.329643 0.468723
vt 0.329643 0.392282
vt 0.334820 0.468723
vt 0.334820 0.392282
vt 0.339811 0.468723
vt 0.339811 0.392282
vt 0.344442 0.468723
vt 0.344442 0.392282
vt 0.348712 0.468723
vt 0.348712 0.392282
vt 0.837102 0.179433
vt 0.837102 0.255874
vt 0.352617 0.468723
vt 0.352617 0.392282
vt 0.356162 0.468723
vt 0.356162 0.392282
vt 0.359351 0.468723
vt 0.359351 0.392282
vt 0.846429 0.179433
vt 0.846429 0.255874
vt 0.855901 0.179433
vt 0.855901 0.255874
vt 0.865513 0.179433
vt 0.865513 0.255874
vt 0.877583 0.179433
vt 0.877583 0.255874
vt 0.406410 0.468723
vt 0.406410 0.392282
vt 0.889098 0.179433
vt 0.889098 0.255874
vt 0.900056 0.179433
vt 0.900056 0.255874
vt 0.910455 0.179433
vt 0.910455 0.255874
vt 0.920302 0.179433
vt 0.920302 0.255874
vt 0.929594 0.179433
vt 0.929594 0.255874
vt 0.243359 0.160922
vt 0.243501 0.160774
vt 0.243332 0.157468
vt 0.243309 0.157459
vt 0.329112 0.128103
vt 0.329112 0.135776
vt 0.329112 0.135776
vt 0.938340 0.179433
vt 0.938340 0.255874
vt 0.946555 0.179433
vt 0.946555 0.255874
vt 0.244045 0.160369
vt 0.243433 0.157492
vt 0.954250 0.179433
vt 0.954250 0.255874
vt 0.961408 0.179433
vt 0.961408 0.255874
vt 0.968042 0.179433
vt 0.968042 0.255874
vt 0.974150 0.179433
vt 0.974149 0.255874
vt 0.242365 0.161482
vt 0.340000 0.687187
vt 0.340000 0.408070
vt 0.360000 0.408070
vt 0.360000 0.687187
vt 0.242177 0.162180
vt 0.380000 0.408070
vt 0.380000 0.687187
vt 0.320000 0.687187
vt 0.320000 0.408070
vt 0.300000 0.687187
vt 0.300000 0.408070
vt 0.400000 0.687187
vt 0.400000 0.408070
vt 0.420000 0.408070
vt 0.420000 0.687187
vt 0.280000 0.687187
vt 0.280000 0.408070
vt 0.242048 0.162880
vt 0.440000 0.408070
vt 0.440000 0.687187
vt 0.260000 0.687187
vt 0.260000 0.408070
vt 0.460000 0.408071
vt 0.460000 0.687187
vt 0.241986 0.163206
vt 0.240000 0.687187
vt 0.240000 0.408071
vt 0.480000 0.408070
vt 0.480000 0.687187
vt 0.241859 0.163478
vt 0.220000 0.687187
vt 0.220000 0.408070
vt 0.500000 0.408070
vt 0.500000 0.687187
vt 0.200000 0.687187
vt 0.200000 0.408070
vt 0.520000 0.408071
vt 0.520000 0.687187
vt 0.540000 0.408070
vt 0.540000 0.687187
vt 0.236089 0.159492
vt 0.560000 0.408070
vt 0.560000 0.687187
vt 0.140000 0.687187
vt 0.140000 0.408070
vt 0.236288 0.137681
vt 0.580000 0.408070
vt 0.580000 0.687187
vt 0.329112 0.128103
vt 0.120000 0.687187
vt 0.120000 0.408071
vt 0.600000 0.408070
vt 0.600000 0.687187
vt 0.245760 0.160041
vt 0.249069 0.157979
vt 1.000000 1.212247
vt 1.000000 1.000000
vt 1.000000 1.000000
vt 1.000000 1.212247
vt 0.100000 0.687187
vt 0.100000 0.408070
vt 0.246065 0.160293
vt 0.249068 0.158230
vt 0.620000 0.408070
vt 0.620000 0.687187
vt 0.080000 0.687187
vt 0.080000 0.408070
vt 0.640000 0.408070
vt 0.640000 0.687187
vt 0.246403 0.160555
vt 0.246581 0.160722
vt 0.249068 0.158711
vt 0.249068 0.158525
vt 0.557401 0.988986
vt 0.557401 1.000000
vt 0.406491 1.000000
vt 0.406491 0.988986
vt 0.060000 0.687187
vt 0.060000 0.408070
vt 0.660000 0.408070
vt 0.660000 0.687187
vt 0.040000 0.687187
vt 0.040000 0.408070
vt 0.500000 1.000000
vt 0.500000 1.000000
vt 0.247066 0.161359
vt 0.247197 0.161605
vt 0.249068 0.159649
vt 0.249068 0.159394
vt 0.020000 0.687187
vt 0.020000 0.408070
vt 0.235732 0.198515
vt 0.235732 0.198515
vt 0.333333 1.000000
vt 0.333333 1.212247
vt 0.333333 1.212247
vt 0.333333 1.000000
vt 0.680000 0.687187
vt 0.680000 0.408071
vt 0.700000 0.408070
vt 0.700000 0.687187
vt -0.000000 0.687187
vt -0.000000 0.408070
vt 0.720000 0.408070
vt 0.720000 0.687187
vt 0.980000 0.687187
vt 0.980000 0.408070
vt 1.000000 0.408071
vt 1.000000 0.687187
vt 0.740000 0.408070
vt 0.740000 0.687187
vt 0.960000 0.687187
vt 0.960000 0.408070
vt 0.760000 0.408071
vt 0.760000 0.687187
vt 0.940000 0.687187
vt 0.940000 0.408070
vt 0.243978 0.165634
vt 0.243800 0.165541
vt 0.780000 0.408070
vt 0.780000 0.687187
vt 0.920000 0.687187
vt 0.920000 0.408070
vt 0.244209 0.165731
vt 0.244098 0.165691
vt 0.800000 0.408070
vt 0.800000 0.687187
vt 0.900000 0.687187
vt 0.900000 0.408070
vt 0.820000 0.408070
vt 0.820000 0.687187
vt 0.244403 0.165790
vt 0.880000 0.687187
vt 0.880000 0.408070
vt 0.840000 0.408070
vt 0.840000 0.687187
vt 0.860000 0.408070
vt 0.860000 0.687187
vt 0.557401 0.682912
vt 0.557401 0.682912
vt 0.406491 0.682912
vt 0.406491 0.682912
vt 0.333333 0.990561
vt 0.333333 0.990561
vt 0.236231 0.143872
vt 0.340000 0.687187
vt 0.340000 0.408070
vt 0.360000 0.408070
vt 0.360000 0.687187
vt 0.380000 0.408070
vt 0.380000 0.687187
vt 0.320000 0.687187
vt 0.320000 0.408070
vt 0.400000 0.408070
vt 0.400000 0.687187
vt 0.420000 0.408070
vt 0.420000 0.687187
vt 0.440000 0.408070
vt 0.440000 0.687187
vt 0.460000 0.408071
vt 0.460000 0.687187
vt 0.480000 0.408070
vt 0.480000 0.687187
vt 0.329801 0.200149
vt 0.540000 0.408070
vt 0.540000 0.687187
vt 0.560000 0.408070
vt 0.560000 0.687187
vt 0.580000 0.408070
vt 0.580000 0.687187
vt 0.600000 0.408070
vt 0.600000 0.687187
vt 0.620000 0.408070
vt 0.620000 0.687187
vt 0.640000 0.687187
vt 0.640000 0.408070
vt 0.660000 0.408070
vt 0.660000 0.687187
vt 0.680000 0.408071
vt 0.680000 0.687187
vt 0.700000 0.408070
vt 0.700000 0.687187
vt -0.000000 0.687187
vt -0.000000 0.408070
vt 0.020000 0.408070
vt 0.020000 0.687187
vt 0.720000 0.408070
vt 0.720000 0.687187
vt 0.980000 0.687187
vt 0.980000 0.408070
vt 1.000000 0.408071
vt 1.000000 0.687187
vt 0.740000 0.408070
vt 0.740000 0.687187
vt 0.760000 0.408071
vt 0.760000 0.687187
vt 0.780000 0.408070
vt 0.780000 0.687187
vt 0.600000 0.484964
vt 0.600000 0.250000
vt 0.620000 0.250000
vt 0.620000 0.484964
vt 0.580000 0.484964
vt 0.580000 0.250000
vt 0.640000 0.250000
vt 0.640000 0.484964
vt 0.920000 0.687187
vt 0.920000 0.408070
vt 0.560000 0.484964
vt 0.560000 0.250000
vt 0.660000 0.250000
vt 0.660000 0.484964
vt 0.800000 0.408070
vt 0.800000 0.687187
vt 0.540000 0.484964
vt 0.540000 0.250000
vt 0.900000 0.687187
vt 0.900000 0.408070
vt 0.680000 0.250000
vt 0.680000 0.484964
vt 0.820000 0.408070
vt 0.820000 0.687187
vt 0.520000 0.484964
vt 0.520000 0.250000
vt 0.840000 0.408070
vt 0.840000 0.687187
vt 0.700000 0.250000
vt 0.700000 0.484964
vt 0.500000 0.484964
vt 0.500000 0.250000
vt 0.720000 0.250000
vt 0.720000 0.484964
vt 0.740000 0.250000
vt 0.740000 0.484964
vt 0.460000 0.484964
vt 0.460000 0.250000
vt 0.480000 0.250000
vt 0.480000 0.484964
vt 0.760000 0.250000
vt 0.760000 0.484964
vt 0.440000 0.484964
vt 0.440000 0.250000
vt 0.780000 0.250000
vt 0.780000 0.484964
vt 0.236104 0.157870
vt 0.420000 0.484964
vt 0.420000 0.250000
vt 0.800000 0.250000
vt 0.800000 0.484964
vt 0.400000 0.484964
vt 0.400000 0.250000
vt 0.820000 0.250000
vt 0.820000 0.484964
vt 0.380000 0.484964
vt 0.380000 0.250000
vt 0.840000 0.250000
vt 0.840000 0.484964
vt 0.557401 0.560104
vt 0.557401 0.560104
vt 0.406491 0.560104
vt 0.406491 0.560104
vt 0.360000 0.484964
vt 0.360000 0.250000
vt 0.860000 0.250000
vt 0.860000 0.484964
vt 0.340000 0.484964
vt 0.340000 0.250000
vt 0.880000 0.250000
vt 0.880000 0.484964
vt 0.320000 0.484964
vt 0.320000 0.250000
vt 0.340000 0.687187
vt 0.340000 0.408070
vt 0.360000 0.408070
vt 0.360000 0.687187
vt 0.380000 0.408070
vt 0.380000 0.687187
vt 0.320000 0.687187
vt 0.320000 0.408070
vt 0.300000 0.687187
vt 0.300000 0.408070
vt 0.900000 0.250000
vt 0.900000 0.484964
vt 0.400000 0.687187
vt 0.400000 0.408070
vt 0.420000 0.408070
vt 0.420000 0.687187
vt 0.280000 0.687187
vt 0.280000 0.408070
vt 0.440000 0.408070
vt 0.440000 0.687187
vt 0.300000 0.484964
vt 0.300000 0.250000
vt 0.260000 0.687187
vt 0.260000 0.408070
vt 0.920000 0.250000
vt 0.920000 0.484964
vt 0.460000 0.408071
vt 0.460000 0.687187
vt 0.240000 0.687187
vt 0.240000 0.408071
vt 0.280000 0.484964
vt 0.280000 0.250000
vt 0.480000 0.408070
vt 0.480000 0.687187
vt 0.940000 0.250000
vt 0.940000 0.484964
vt 0.220000 0.687187
vt 0.220000 0.408070
vt 0.500000 0.408070
vt 0.500000 0.687187
vt 0.260000 0.484964
vt 0.260000 0.250000
vt 0.200000 0.687187
vt 0.200000 0.408070
vt 0.960000 0.250000
vt 0.960000 0.484964
vt 0.520000 0.408071
vt 0.520000 0.687187
vt 0.240000 0.484964
vt 0.240000 0.250000
vt 0.236369 0.128830
vt 0.220000 0.484964
vt 0.220000 0.250000
vt 0.540000 0.408070
vt 0.540000 0.687187
vt 0.980000 0.484964
vt 0.980000 0.250000
vt 1.000000 0.250000
vt 1.000000 0.484964
vt 0.160000 0.687187
vt 0.160000 0.408070
vt 0.180000 0.408071
vt 0.180000 0.687187
vt 0.200000 0.484964
vt 0.200000 0.250000
vt -0.000000 0.484964
vt 0.000000 0.250000
vt 0.020000 0.250000
vt 0.020000 0.484964
vt 0.560000 0.408070
vt 0.560000 0.687187
vt 0.180000 0.484964
vt 0.180000 0.250000
vt 0.140000 0.687187
vt 0.140000 0.408070
vt 0.040000 0.250000
vt 0.040000 0.484964
vt 0.160000 0.484964
vt 0.160000 0.250000
vt 0.060000 0.250000
vt 0.060000 0.484964
vt 0.580000 0.408070
vt 0.580000 0.687187
vt 0.140000 0.484964
vt 0.140000 0.250000
vt 0.080000 0.250000
vt 0.080000 0.484964
vt 0.120000 0.484964
vt 0.120000 0.250000
vt 0.100000 0.250000
vt 0.100000 0.484964
vt 0.120000 0.687187
vt 0.120000 0.408071
vt 0.600000 0.408070
vt 0.600000 0.687187
vt 0.100000 0.687187
vt 0.100000 0.408070
vt 0.620000 0.408070
vt 0.620000 0.687187
vt 0.080000 0.687187
vt 0.080000 0.408070
vt 0.335810 0.136646
vt 0.335903 0.136586
vt 0.640000 0.408070
vt 0.640000 0.687187
vt 0.240003 0.157327
vt 0.240049 0.144295
vt 0.060000 0.687187
vt 0.060000 0.408070
vt 0.660000 0.408070
vt 0.660000 0.687187
vt 0.680000 0.408071
vt 0.680000 0.687187
vt 0.020000 0.687187
vt 0.020000 0.408070
vt 0.040000 0.408070
vt 0.040000 0.687187
vt 0.236089 0.159492
vt 0.700000 0.408070
vt 0.700000 0.687187
vt -0.000000 0.687187
vt -0.000000 0.408070
vt 0.720000 0.408070
vt 0.720000 0.687187
vt 0.980000 0.687187
vt 0.980000 0.408070
vt 1.000000 0.408071
vt 1.000000 0.687187
vt 0.740000 0.408070
vt 0.740000 0.687187
vt 0.329112 0.163971
vt 0.336528 0.136456
vt 0.336663 0.136431
vt 0.960000 0.687187
vt 0.960000 0.408070
vt 0.336831 0.136405
vt 0.336907 0.136403
vt 0.337136 0.136403
vt 0.940000 0.687187
vt 0.940000 0.408070
vt 0.760000 0.687187
vt 0.760000 0.408071
vt 0.780000 0.408070
vt 0.780000 0.687187
vt 0.920000 0.687187
vt 0.920000 0.408070
vt 0.800000 0.408070
vt 0.800000 0.687187
vt 0.337441 0.136450
vt 0.337642 0.136511
vt 0.900000 0.687187
vt 0.900000 0.408070
vt 0.820000 0.408070
vt 0.820000 0.687187
vt 0.880000 0.687187
vt 0.880000 0.408070
vt 0.840000 0.408070
vt 0.840000 0.687187
vt 0.860000 0.687187
vt 0.860000 0.408070
vt 0.337739 0.136544
vt 0.337874 0.136607
vt 0.338027 0.136684
vt 0.253022 0.132019
vt 0.286825 0.150697
vt 0.324388 0.171453
vt 0.338300 0.136869
vt 0.338472 0.137024
vt 0.338557 0.137103
vt 0.342845 0.133535
vt 0.342016 0.100996
vt 0.557401 0.067088
vt 0.557401 0.189896
vt 0.406491 0.189896
vt 0.406491 0.067088
vt 0.338797 0.137390
vt 0.338853 0.137476
vt 0.320000 0.687187
vt 0.320000 0.408070
vt 0.340000 0.408070
vt 0.340000 0.687187
vt 0.339596 0.138607
vt 0.339741 0.138858
vt 0.300000 0.687187
vt 0.300000 0.408070
vt 0.400000 0.687187
vt 0.400000 0.408070
vt 0.420000 0.408070
vt 0.420000 0.687187
vt 0.280000 0.687187
vt 0.280000 0.408070
vt 0.340131 0.139599
vt 0.340133 0.139604
vt 0.440000 0.408070
vt 0.440000 0.687187
vt 0.460000 0.408071
vt 0.460000 0.687187
vt 0.240000 0.687187
vt 0.240000 0.408071
vt 0.260000 0.408070
vt 0.260000 0.687187
vt 0.220000 0.687187
vt 0.220000 0.408070
vt 0.200000 0.687187
vt 0.200000 0.408070
vt 0.180000 0.687187
vt 0.180000 0.408071
vt 0.557401 0.488497
vt 0.557401 0.500000
vt 0.406491 0.500000
vt 0.406491 0.488497
vt 0.160000 0.687187
vt 0.160000 0.408070
vt 0.236030 0.165971
vt 0.236030 0.165971
vt 0.140000 0.687187
vt 0.140000 0.408070
vt 0.340000 0.687187
vt 0.340000 0.408070
vt 0.320000 0.687187
vt 0.320000 0.408070
vt 0.400000 0.408070
vt 0.400000 0.687187
vt 0.300000 0.687187
vt 0.300000 0.408070
vt 0.420000 0.408070
vt 0.420000 0.687187
vt 0.280000 0.687187
vt 0.280000 0.408070
vt 0.440000 0.408070
vt 0.440000 0.687187
vt 0.260000 0.687187
vt 0.260000 0.408070
vt 0.460000 0.408071
vt 0.460000 0.687187
vt 0.240000 0.687187
vt 0.240000 0.408071
vt 0.480000 0.408070
vt 0.480000 0.687187
vt 0.220000 0.687187
vt 0.220000 0.408070
vt 0.500000 0.408070
vt 0.500000 0.687187
vt 0.200000 0.687187
vt 0.200000 0.408070
vt 0.660000 0.687187
vt 0.660000 0.408070
vt 0.680000 0.408071
vt 0.680000 0.687187
vt 0.520000 0.408071
vt 0.520000 0.687187
vt 0.540000 0.408070
vt 0.540000 0.687187
vt 0.560000 0.408070
vt 0.560000 0.687187
vt 0.980000 0.687187
vt 0.980000 0.408070
vt 1.000000 0.408071
vt 1.000000 0.687187
vt 0.140000 0.687187
vt 0.140000 0.408070
vt 0.960000 0.687187
vt 0.960000 0.408070
vt 0.580000 0.408070
vt 0.580000 0.687187
vt 0.120000 0.687187
vt 0.120000 0.408071
vt 0.940000 0.687187
vt 0.940000 0.408070
vt 0.600000 0.408070
vt 0.600000 0.687187
vt 0.920000 0.687187
vt 0.920000 0.408070
vt 0.900000 0.687187
vt 0.900000 0.408070
vt 0.100000 0.687187
vt 0.100000 0.408070
vt 0.880000 0.687187
vt 0.880000 0.408070
vt 0.128233 -0.042744
vt 0.000000 0.000000
vt 0.000000 0.000000
vt 0.128233 -0.042744
vt 0.620000 0.408070
vt 0.620000 0.687187
vt 0.080000 0.687187
vt 0.080000 0.408070
vt 0.000000 -0.103301
vt 0.000000 0.000000
vt 0.000000 0.000000
vt 0.000000 -0.103301
vt 0.640000 0.408070
vt 0.640000 0.687187
vt 0.253022 0.174063
vt 0.253022 0.163276
vt 0.253022 0.163276
vt 0.253022 0.174063
vt 0.317912 0.174063
vt 0.258558 0.174063
vt 0.060000 0.687187
vt 0.060000 0.408070
vt 0.660000 0.408070
vt 0.660000 0.687187
vt 0.040000 0.687187
vt 0.040000 0.408070
vt 0.020000 0.687187
vt 0.020000 0.408070
vt 0.680000 0.687187
vt 0.680000 0.408071
vt 0.700000 0.408070
vt 0.700000 0.687187
vt 0.253022 0.138888
vt 0.253022 0.138888
vt -0.000000 0.687187
vt -0.000000 0.408070
vt 0.720000 0.408070
vt 0.720000 0.687187
vt 0.980000 0.687187
vt 0.980000 0.408070
vt 1.000000 0.408071
vt 1.000000 0.687187
vt 0.740000 0.408070
vt 0.740000 0.687187
vt 1.000000 0.000000
vt 1.000000 -0.103301
vt 0.960000 0.687187
vt 0.960000 0.408070
vt 1.000000 0.000000
vt 1.000000 -0.103301
vt 0.760000 0.408071
vt 0.760000 0.687187
vt 0.000000 1.000000
vt 0.000000 1.318371
vt 0.000000 1.318371
vt 0.000000 1.000000
vt 0.940000 0.687187
vt 0.940000 0.408070
vt 0.333333 1.000000
vt 0.461566 0.957256
vt 0.780000 0.408070
vt 0.780000 0.687187
vt 0.920000 0.687187
vt 0.920000 0.408070
vt 0.800000 0.408070
vt 0.800000 0.687187
vt 0.557401 0.750000
vt 0.557401 0.761653
vt 0.406491 0.761653
vt 0.406491 0.750000
vt 0.900000 0.687187
vt 0.900000 0.408070
vt 0.820000 0.408070
vt 0.820000 0.687187
vt 0.880000 0.687187
vt 0.880000 0.408070
vt 0.840000 0.408070
vt 0.840000 0.687187
vt 0.860000 0.408070
vt 0.860000 0.687187
vt 0.333333 1.000000
vt 0.461566 0.957256
vt 0.651963 0.055787
vt 0.651963 0.001890
vt 0.571281 0.001890
vt 0.571281 0.055787
vt 0.500000 0.032989
vt 0.500000 0.112932
vt 0.375000 0.112932
vt 0.375000 0.032989
vt 0.557401 0.560104
vt 0.557401 0.682912
vt 0.406491 0.682912
vt 0.406491 0.560104
vt 0.651963 0.070582
vt 0.571281 0.070582
vt 0.651963 0.085023
vt 0.571281 0.085023
vt 0.235732 0.198515
vt 0.235732 0.198515
vt 1.000000 1.318371
vt 1.000000 1.000000
vt 0.651963 0.099116
vt 0.571281 0.099116
vt 0.536227 0.679065
vt 0.536227 0.406410
vt 0.455545 0.406410
vt 0.455545 0.679065
vt 0.235732 0.198515
vt 0.281101 0.199304
vt 0.281101 0.199304
vt 0.651963 0.112854
vt 0.571281 0.112854
vt 0.305282 0.128103
vt 0.305312 0.100437
vt 0.329112 0.135759
vt 0.329112 0.135759
vt 1.000000 1.318371
vt 1.000000 1.000000
vt 0.514008 0.687187
vt 0.651963 0.126238
vt 0.571281 0.126238
vt 0.651963 0.139274
vt 0.571281 0.139274
vt 0.007017 0.866047
vt 0.001992 0.866047
vt 0.001992 0.946729
vt 0.007017 0.946729
vt 0.012233 0.866047
vt 0.012233 0.946729
vt 0.917326 0.326621
vt 0.917326 0.336930
vt 0.998008 0.336930
vt 0.998008 0.326621
vt 0.017643 0.866047
vt 0.017643 0.946729
vt 0.023244 0.866047
vt 0.023244 0.946729
vt 0.840000 0.538018
vt 0.840000 0.250000
vt 0.860000 0.250000
vt 0.860000 0.538018
vt 0.880000 0.250000
vt 0.880000 0.538018
vt 0.820000 0.538018
vt 0.820000 0.250000
vt 0.900000 0.250000
vt 0.900000 0.538018
vt 0.651963 0.151988
vt 0.571281 0.151988
vt 0.029036 0.866047
vt 0.029036 0.946729
vt 0.800000 0.538018
vt 0.800000 0.250000
vt 0.920000 0.250000
vt 0.920000 0.538018
vt 0.917326 0.347430
vt 0.998008 0.347430
vt 0.035017 0.866047
vt 0.035017 0.946729
vt 0.780000 0.538018
vt 0.780000 0.250000
vt 0.940000 0.250000
vt 0.940000 0.538018
vt 0.040951 0.866047
vt 0.040951 0.946729
vt 0.305282 0.128103
vt 0.046610 0.866047
vt 0.046610 0.946729
vt 0.960000 0.250000
vt 0.960000 0.538018
vt 0.335113 0.161272
vt 0.335197 0.161156
vt 0.335266 0.161082
vt 0.332793 0.159955
vt 0.651963 0.164431
vt 0.571281 0.164431
vt 0.334974 0.161484
vt 0.335002 0.161432
vt 0.917326 0.358124
vt 0.998008 0.358124
vt 0.740000 0.538018
vt 0.740000 0.250000
vt 0.760000 0.250000
vt 0.760000 0.538018
vt 0.051989 0.866047
vt 0.051989 0.946729
vt 0.980000 0.250000
vt 0.980000 0.538018
vt 0.057089 0.866047
vt 0.057089 0.946729
vt 0.061913 0.866047
vt 0.061913 0.946729
vt 0.720000 0.538018
vt 0.720000 0.250000
vt 0.066457 0.866047
vt 0.066457 0.946729
vt 1.000000 0.250000
vt 1.000000 0.538018
vt 0.917326 0.369009
vt 0.998008 0.369009
vt 0.651963 0.176590
vt 0.571281 0.176590
vt 0.700000 0.538018
vt 0.700000 0.250000
vt -0.000000 0.538018
vt 0.000000 0.250000
vt 0.020000 0.250000
vt 0.020000 0.538018
vt 0.352558 0.191005
vt 0.680000 0.538018
vt 0.680000 0.250000
vt 0.917326 0.380085
vt 0.998008 0.380085
vt 0.651963 0.188474
vt 0.571281 0.188474
vt 0.040000 0.250000
vt 0.040000 0.538018
vt 0.014946 0.487092
vt 0.094206 0.487092
vt 0.094206 0.406410
vt 0.014946 0.406410
vt 0.138320 0.866047
vt 0.138320 0.946729
vt 0.660000 0.538018
vt 0.660000 0.250000
vt 0.917326 0.391350
vt 0.998008 0.391350
vt 0.651963 0.200072
vt 0.571281 0.200072
vt 0.060000 0.250000
vt 0.060000 0.538018
vt 0.640000 0.538018
vt 0.640000 0.250000
vt 0.100342 0.487092
vt 0.151597 0.487092
vt 0.151597 0.406410
vt 0.100342 0.406410
vt 0.334535 0.162955
vt 0.156400 0.487092
vt 0.156400 0.406410
vt 0.080000 0.250000
vt 0.080000 0.538018
vt 0.917326 0.402737
vt 0.998008 0.402737
vt 0.651963 0.211401
vt 0.571281 0.211401
vt 0.261494 0.593892
vt 0.251787 0.593892
vt 0.251787 0.674574
vt 0.261494 0.674574
vt 0.334554 0.163355
vt 0.161309 0.487092
vt 0.161309 0.406410
vt 0.620000 0.538018
vt 0.620000 0.250000
vt 0.239715 0.099438
vt 0.236638 0.099391
vt 0.100000 0.250000
vt 0.100000 0.538018
vt 0.166323 0.487092
vt 0.166323 0.406410
vt 0.334659 0.163910
vt 0.334612 0.163732
vt 0.651963 0.222445
vt 0.571281 0.222445
vt 0.917326 0.414188
vt 0.998008 0.414188
vt 0.271248 0.593892
vt 0.271248 0.674574
vt 0.600000 0.538018
vt 0.600000 0.250000
vt 0.171438 0.487092
vt 0.171438 0.406410
vt 0.334707 0.164087
vt 0.000000 0.981121
vt 0.000000 0.981121
vt 0.557401 0.989447
vt 0.557401 1.000000
vt 0.406491 1.000000
vt 0.406491 0.989447
vt 0.120000 0.250000
vt 0.120000 0.538018
vt 0.651963 0.233208
vt 0.571281 0.233208
vt 0.176659 0.487092
vt 0.176659 0.406410
vt 0.917326 0.425696
vt 0.998008 0.425696
vt 0.281045 0.593892
vt 0.281045 0.674574
vt 0.580000 0.538018
vt 0.580000 0.250000
vt 0.334950 0.164631
vt 0.334838 0.164419
vt 0.181980 0.487092
vt 0.181980 0.406410
vt 0.651963 0.243697
vt 0.571281 0.243697
vt 0.140000 0.250000
vt 0.140000 0.538018
vt 0.187459 0.487092
vt 0.187459 0.406410
vt 0.290889 0.593892
vt 0.290889 0.674574
vt 0.917326 0.437258
vt 0.998008 0.437258
vt 0.560000 0.538018
vt 0.560000 0.250000
vt 0.193161 0.487092
vt 0.193161 0.406410
vt 0.651963 0.253906
vt 0.571281 0.253906
vt 0.160000 0.250000
vt 0.160000 0.538018
vt 0.199084 0.487092
vt 0.199084 0.406410
vt 0.300770 0.593892
vt 0.300770 0.674574
vt 0.917326 0.448883
vt 0.998008 0.448883
vt 0.651963 0.263834
vt 0.571281 0.263834
vt 0.540000 0.538018
vt 0.540000 0.250000
vt 0.205229 0.487092
vt 0.205229 0.406410
vt 0.180000 0.250000
vt 0.180000 0.538018
vt 0.211591 0.487092
vt 0.211591 0.406410
vt 0.651963 0.273488
vt 0.571281 0.273488
vt 0.310704 0.593892
vt 0.310704 0.674574
vt 1.128233 1.000000
vt 1.128233 0.000000
vt 1.128233 0.000000
vt 1.128233 1.000000
vt 1.000000 0.000000
vt 1.000000 1.000000
vt 1.000000 1.000000
vt 1.000000 0.000000
vt 0.339736 0.163793
vt 0.339906 0.163983
vt 0.352032 0.185187
vt 0.351993 0.185123
vt 0.917326 0.460571
vt 0.998008 0.460571
vt 0.520000 0.538018
vt 0.520000 0.250000
vt 0.218175 0.487092
vt 0.218175 0.406410
vt 0.651963 0.279322
vt 0.571281 0.279322
vt 0.335197 0.165003
vt 0.335064 0.164811
vt 0.223338 0.487092
vt 0.223338 0.406410
vt 0.651963 0.284849
vt 0.571281 0.284849
vt 0.200000 0.250000
vt 0.200000 0.538018
vt 0.320982 0.593892
vt 0.320982 0.674574
vt 0.228273 0.487092
vt 0.228273 0.406410
vt 0.651963 0.290064
vt 0.571281 0.290064
vt 0.232970 0.487092
vt 0.232970 0.406410
vt 0.500000 0.538018
vt 0.500000 0.250000
vt 0.651963 0.294973
vt 0.571281 0.294973
vt 0.333333 1.000000
vt 0.333333 0.981121
vt 0.917326 0.472243
vt 0.998008 0.472243
vt 0.333333 1.000000
vt 0.333333 0.981121
vt 0.237430 0.487092
vt 0.237430 0.406410
vt 0.651963 0.299575
vt 0.571281 0.299575
vt 0.241657 0.487092
vt 0.241657 0.406410
vt 0.335420 0.165255
vt 0.220000 0.250000
vt 0.220000 0.538018
vt 0.651963 0.303871
vt 0.571281 0.303871
vt 0.245652 0.487092
vt 0.245652 0.406410
vt 0.651963 0.307840
vt 0.571281 0.307840
vt 0.331925 0.593892
vt 0.331925 0.674574
vt 0.651963 0.322630
vt 0.651963 0.320347
vt 0.571281 0.320347
vt 0.571281 0.322630
vt 0.340404 0.164904
vt 0.340585 0.165356
vt 0.352160 0.185416
vt 0.352133 0.185365
vt 0.651963 0.311470
vt 0.571281 0.311470
vt 0.651963 0.317726
vt 0.571281 0.317726
vt 0.651963 0.314767
vt 0.571281 0.314767
vt 0.480000 0.538018
vt 0.480000 0.250000
vt 0.917326 0.483847
vt 0.998008 0.483847
vt 0.240000 0.250000
vt 0.240000 0.538018
vt 0.340998 0.166498
vt 0.341234 0.167180
vt 0.352220 0.185536
vt 0.352203 0.185501
vt 0.343528 0.593892
vt 0.343528 0.674574
vt 0.341544 0.168010
vt 0.352234 0.185567
vt 0.260000 0.250000
vt 0.260000 0.538018
vt 0.945992 0.687187
vt 0.917326 0.495377
vt 0.998008 0.495377
vt 0.355793 0.593892
vt 0.355793 0.674574
vt 0.280000 0.250000
vt 0.280000 0.538018
vt 0.420000 0.538018
vt 0.420000 0.250000
vt 0.917326 0.506833
vt 0.998008 0.506833
vt 0.300000 0.250000
vt 0.300000 0.538018
vt 0.400000 0.538018
vt 0.400000 0.250000
vt 0.368717 0.593892
vt 0.368717 0.674574
vt 0.320000 0.250000
vt 0.320000 0.538018
vt 0.335669 0.165477
vt 0.380000 0.538018
vt 0.380000 0.250000
vt 0.340000 0.250000
vt 0.340000 0.538018
vt 0.360000 0.538018
vt 0.360000 0.250000
vt 0.917326 0.518214
vt 0.998008 0.518214
vt 0.382303 0.593892
vt 0.382303 0.674574
vt 0.917326 0.529527
vt 0.998008 0.529527
vt 0.394731 0.593892
vt 0.394731 0.674574
vt 0.382231 0.408070
vt 0.340000 0.687187
vt 0.340000 0.408070
vt 0.360000 0.408070
vt 0.360000 0.687187
vt 0.380000 0.408070
vt 0.380000 0.687187
vt 0.917326 0.541760
vt 0.998008 0.541760
vt 0.320000 0.687187
vt 0.320000 0.408070
vt 0.400000 0.408070
vt 0.400000 0.687187
vt 0.300000 0.687187
vt 0.300000 0.408070
vt 0.406667 0.593892
vt 0.406667 0.674574
vt 0.280000 0.687187
vt 0.280000 0.408070
vt 0.917326 0.553448
vt 0.998008 0.553448
vt 0.418102 0.593892
vt 0.418102 0.674574
vt 0.260000 0.687187
vt 0.260000 0.408070
vt 0.917326 0.564597
vt 0.998008 0.564597
vt 0.429034 0.593892
vt 0.429034 0.674574
vt 0.240000 0.687187
vt 0.240000 0.408071
vt 0.917326 0.575202
vt 0.998008 0.575202
vt 0.439470 0.593892
vt 0.439470 0.674574
vt 0.460000 0.687187
vt 0.460000 0.408071
vt 0.480000 0.408070
vt 0.480000 0.687187
vt 0.917326 0.585263
vt 0.998008 0.585263
vt 0.449410 0.593892
vt 0.449410 0.674574
vt 0.220000 0.687187
vt 0.220000 0.408070
vt 0.917326 0.594785
vt 0.998008 0.594785
vt 0.917326 0.632397
vt 0.917326 0.637850
vt 0.998008 0.637850
vt 0.998008 0.632397
vt 0.917326 0.603683
vt 0.998008 0.603683
vt 0.917326 0.626251
vt 0.998008 0.626251
vt 0.500000 0.408070
vt 0.500000 0.687187
vt 0.917326 0.611895
vt 0.998008 0.611895
vt 0.917326 0.619419
vt 0.998008 0.619419
vt 0.200000 0.687187
vt 0.200000 0.408070
vt 0.520000 0.408071
vt 0.520000 0.687187
vt 0.340000 0.687187
vt 0.340000 0.408070
vt 0.360000 0.408070
vt 0.360000 0.687187
vt 0.380000 0.408070
vt 0.380000 0.687187
vt 0.320000 0.687187
vt 0.320000 0.408070
vt 0.400000 0.408070
vt 0.400000 0.687187
vt 0.420000 0.408070
vt 0.420000 0.687187
vt 0.160000 0.687187
vt 0.160000 0.408070
vt 0.180000 0.408071
vt 0.180000 0.687187
vt 0.480000 0.408070
vt 0.480000 0.687187
vt 0.140000 0.687187
vt 0.140000 0.408070
vt 0.500000 0.408070
vt 0.500000 0.687187
vt 0.120000 0.687187
vt 0.120000 0.408071
vt 0.520000 0.408071
vt 0.520000 0.687187
vt 0.100000 0.687187
vt 0.100000 0.408070
vt 0.337128 0.166462
vt 0.336946 0.166464
vt 0.540000 0.408070
vt 0.540000 0.687187
vt 0.337349 0.166454
vt 0.337218 0.166476
vt 0.080000 0.687187
vt 0.080000 0.408070
vt 0.337583 0.166428
vt 0.337505 0.166454
vt 0.560000 0.408070
vt 0.560000 0.687187
vt 0.337798 0.166396
vt 0.557401 0.750000
vt 0.557401 0.761366
vt 0.499381 0.761366
vt 0.406491 0.761366
vt 0.406491 0.750000
vt 0.060000 0.687187
vt 0.060000 0.408070
vt 0.338308 0.166202
vt 0.338093 0.166303
vt 0.580000 0.408070
vt 0.580000 0.687187
vt 0.338540 0.166079
vt 0.338388 0.166178
vt 0.338764 0.165941
vt 0.338673 0.166020
vt 0.640000 0.687187
vt 0.640000 0.408071
vt 0.660000 0.408070
vt 0.660000 0.687187
vt 0.338948 0.165833
vt 0.680000 0.408071
vt 0.680000 0.687187
vt 0.700000 0.408071
vt 0.700000 0.687187
vt 0.640000 0.408070
vt 0.640000 0.687187
vt 0.343267 0.167115
vt 0.980000 0.687187
vt 0.980000 0.408070
vt 1.000000 0.408071
vt 1.000000 0.687187
vt 0.060000 0.687187
vt 0.060000 0.408070
vt 0.080000 0.408071
vt 0.080000 0.687187
vt 0.660000 0.408070
vt 0.660000 0.687187
vt 1.000000 1.212247
vt 1.000000 1.000000
vt 1.000000 1.000000
vt 1.000000 1.212247
vt 0.680000 0.408071
vt 0.680000 0.687187
vt 0.700000 0.408070
vt 0.700000 0.687187
vt 0.720000 0.408070
vt 0.720000 0.687187
vt 0.740000 0.408070
vt 0.740000 0.687187
vt 0.500000 1.000000
vt 0.500000 1.000000
vt 0.760000 0.408071
vt 0.760000 0.687187
vt 0.333333 1.000000
vt 0.333333 1.212247
vt 0.333333 1.212247
vt 0.333333 1.000000
vt 0.780000 0.408070
vt 0.780000 0.687187
vt 0.920000 0.687187
vt 0.920000 0.408070
vt 0.940000 0.408070
vt 0.940000 0.687187
vt 0.800000 0.408070
vt 0.800000 0.687187
vt 0.820000 0.408070
vt 0.820000 0.687187
vt 0.880000 0.687187
vt 0.880000 0.408070
vt 0.900000 0.408070
vt 0.900000 0.687187
vt 0.840000 0.408070
vt 0.840000 0.687187
vt 0.860000 0.408070
vt 0.860000 0.687187
vt 0.333333 0.990561
vt 0.879619 0.408070
vt 0.333333 0.990561
vt 0.329112 0.128103
vt 0.286355 0.152158
vt 0.257746 0.168254
vt 0.253022 0.174063
vt 0.286355 0.154857
vt 0.324388 0.132944
vt 0.335820 0.136659
vt 0.335920 0.136593
vt 0.336041 0.136536
vt 0.242161 0.161870
vt 0.242174 0.161722
vt 0.242102 0.162130
vt 0.242102 0.162085
vt 0.336448 0.136415
vt 0.336484 0.136405
vt 0.336678 0.136373
vt 0.336789 0.136356
vt 0.336918 0.136355
vt 0.337096 0.136355
vt 0.337162 0.136364
vt 0.337401 0.136400
vt 0.337698 0.136491
vt 0.337877 0.136575
vt 0.337983 0.136627
vt 0.338093 0.136700
vt 0.338250 0.136806
vt 0.329112 0.174063
vt 0.338496 0.137026
vt 0.338628 0.137176
vt 0.338717 0.137283
vt 0.557401 0.250000
vt 0.557401 0.260553
vt 0.406491 0.260553
vt 0.406491 0.250000
vt 0.242436 0.163470
vt 0.360000 0.687187
vt 0.360000 0.408070
vt 0.380000 0.408070
vt 0.380000 0.687187
vt 0.320000 0.687187
vt 0.320000 0.408070
vt 0.340000 0.408070
vt 0.340000 0.687187
vt 0.242739 0.164166
vt 0.242646 0.163984
vt 0.400000 0.408070
vt 0.400000 0.687187
vt 0.300000 0.687187
vt 0.300000 0.408070
vt 0.420000 0.408070
vt 0.420000 0.687187
vt 0.280000 0.687187
vt 0.280000 0.408070
vt 0.242849 0.164379
vt 0.440000 0.408070
vt 0.440000 0.687187
vt 0.260000 0.687187
vt 0.260000 0.408070
vt 0.460000 0.408071
vt 0.460000 0.687187
vt 0.240000 0.687187
vt 0.240000 0.408071
vt 0.243216 0.164892
vt 0.243066 0.164710
vt 0.480000 0.408070
vt 0.480000 0.687187
vt 0.220000 0.687187
vt 0.220000 0.408070
vt 0.243411 0.165093
vt 0.243302 0.164988
vt 0.247264 0.161719
vt 0.247310 0.161835
vt 0.247342 0.161959
vt 0.249127 0.160606
vt 0.192284 0.687187
vt 0.200000 0.687187
vt 0.200000 0.408070
vt 0.247405 0.162192
vt 0.247407 0.162204
vt 0.180000 0.687187
vt 0.180000 0.408071
vt 0.540000 0.408070
vt 0.540000 0.687187
vt 0.160000 0.687187
vt 0.160000 0.408070
vt 0.560000 0.408070
vt 0.560000 0.687187
vt 0.500000 0.125000
vt 0.375000 0.125000
vt 0.580000 0.408070
vt 0.580000 0.687187
vt 0.247357 0.163042
vt 0.600000 0.408070
vt 0.600000 0.687187
vt 0.247311 0.163457
vt 0.247265 0.163671
vt 0.247222 0.163829
vt 0.100000 0.687187
vt 0.100000 0.408070
vt 0.247093 0.164170
vt 0.620000 0.408070
vt 0.620000 0.687187
vt 0.080000 0.687187
vt 0.080000 0.408070
vt 0.640000 0.408070
vt 0.640000 0.687187
vt 0.060000 0.687187
vt 0.060000 0.408070
vt 0.040000 0.687187
vt 0.040000 0.408070
vt 0.660000 0.687187
vt 0.660000 0.408070
vt 0.680000 0.408071
vt 0.680000 0.687187
vt 0.020000 0.687187
vt 0.020000 0.408070
vt 0.700000 0.408070
vt 0.700000 0.687187
vt 0.244885 0.165827
vt -0.000000 0.687187
vt -0.000000 0.408070
vt 0.720000 0.408070
vt 0.720000 0.687187
vt 0.245318 0.165882
vt 0.245192 0.165884
vt 1.000000 0.408071
vt 1.000000 0.687187
vt 0.245497 0.165865
vt 0.740000 0.408070
vt 0.740000 0.687187
vt 0.245970 0.165714
vt 0.245794 0.165789
vt 0.246190 0.165595
vt 0.246079 0.165663
vt 0.339172 0.138748
vt 0.339210 0.138988
vt 0.246402 0.165447
vt 0.246347 0.165492
vt 0.760000 0.408071
vt 0.760000 0.687187
vt 0.271435 0.128103
vt 0.329112 0.128103
vt 0.246596 0.165280
vt 0.246820 0.165028
vt 0.940000 0.687187
vt 0.940000 0.408070
vt 0.339224 0.139116
vt 0.339233 0.139294
vt 0.780000 0.408070
vt 0.780000 0.687187
vt 0.920000 0.687187
vt 0.920000 0.408070
vt 0.339234 0.139495
vt 0.339229 0.139602
vt 0.800000 0.408070
vt 0.800000 0.687187
vt 0.900000 0.687187
vt 0.900000 0.408070
vt 0.820000 0.408070
vt 0.820000 0.687187
vt 0.339202 0.139882
vt 0.880000 0.687187
vt 0.880000 0.408070
vt 0.840000 0.408070
vt 0.840000 0.687187
vt 0.860000 0.687187
vt 0.860000 0.408070
vt 0.711346 0.687187
vt 0.396754 0.408070
vt 0.503484 0.541567
vt 0.046790 0.408071
vt 0.340000 0.687187
vt 0.340000 0.408070
vt 0.360000 0.408070
vt 0.360000 0.687187
vt 0.380000 0.408070
vt 0.380000 0.687187
vt 0.400000 0.408070
vt 0.400000 0.687187
vt 0.420000 0.408070
vt 0.420000 0.687187
vt 0.440000 0.408070
vt 0.440000 0.687187
vt 0.460000 0.408071
vt 0.460000 0.687187
vt 0.480000 0.408070
vt 0.480000 0.687187
vt 0.840000 0.525639
vt 0.840000 0.250000
vt 0.860000 0.250000
vt 0.860000 0.525639
vt 0.880000 0.250000
vt 0.880000 0.525640
vt 0.820000 0.525639
vt 0.820000 0.250000
vt 0.500000 0.408070
vt 0.500000 0.687187
vt 0.900000 0.250000
vt 0.900000 0.525640
vt 0.800000 0.525639
vt 0.800000 0.250000
vt 0.920000 0.250000
vt 0.920000 0.525640
vt 0.780000 0.525639
vt 0.780000 0.250000
vt 0.940000 0.250000
vt 0.940000 0.525640
vt 0.520000 0.408071
vt 0.520000 0.687187
vt 0.760000 0.525639
vt 0.760000 0.250000
vt 0.960000 0.250000
vt 0.960000 0.525640
vt 0.740000 0.525639
vt 0.740000 0.250000
vt 0.540000 0.408070
vt 0.540000 0.687187
vt 0.980000 0.250000
vt 0.980000 0.525640
vt 0.720000 0.525639
vt 0.720000 0.250000
vt 1.000000 0.250000
vt 1.000000 0.525640
vt 0.560000 0.408070
vt 0.560000 0.687187
vt 0.700000 0.525639
vt 0.700000 0.250000
vt -0.000000 0.525640
vt 0.000000 0.250000
vt 0.020000 0.250000
vt 0.020000 0.525640
vt 0.580000 0.408070
vt 0.580000 0.687187
vt 0.680000 0.525639
vt 0.680000 0.250000
vt 0.406491 0.531171
vt 0.040000 0.250000
vt 0.040000 0.525640
vt 0.600000 0.408070
vt 0.600000 0.687187
vt 0.660000 0.525639
vt 0.660000 0.250000
vt 0.060000 0.250000
vt 0.060000 0.525640
vt 0.620000 0.408070
vt 0.620000 0.687187
vt 0.640000 0.525639
vt 0.640000 0.250000
vt 0.080000 0.250000
vt 0.080000 0.525640
vt 0.620000 0.525639
vt 0.620000 0.250000
vt 0.100000 0.250000
vt 0.100000 0.525640
vt 0.640000 0.687187
vt 0.640000 0.408070
vt 0.660000 0.408070
vt 0.660000 0.687187
vt 0.600000 0.525639
vt 0.600000 0.250000
vt 0.120000 0.250000
vt 0.120000 0.525640
vt 0.680000 0.408071
vt 0.680000 0.687187
vt 0.580000 0.525639
vt 0.580000 0.250000
vt 0.140000 0.250000
vt 0.140000 0.525640
vt 0.700000 0.408070
vt 0.700000 0.687187
vt 0.560000 0.525639
vt 0.560000 0.250000
vt -0.000000 0.687187
vt -0.000000 0.408070
vt 0.020000 0.408070
vt 0.020000 0.687187
vt 0.160000 0.250000
vt 0.160000 0.525640
vt 0.720000 0.408070
vt 0.720000 0.687187
vt 0.540000 0.525639
vt 0.540000 0.250000
vt 0.980000 0.687187
vt 0.980000 0.408070
vt 1.000000 0.408071
vt 1.000000 0.687187
vt 0.740000 0.408070
vt 0.740000 0.687187
vt 0.180000 0.250000
vt 0.180000 0.525640
vt 0.520000 0.525639
vt 0.520000 0.250000
vt 0.760000 0.408071
vt 0.760000 0.687187
vt 0.940000 0.687187
vt 0.940000 0.408070
vt 0.960000 0.408070
vt 0.960000 0.687187
vt 0.200000 0.250000
vt 0.200000 0.525640
vt 0.780000 0.408070
vt 0.780000 0.687187
vt 0.500000 0.525639
vt 0.500000 0.250000
vt 0.920000 0.687187
vt 0.920000 0.408070
vt 0.220000 0.250000
vt 0.220000 0.525640
vt 0.900000 0.687187
vt 0.900000 0.408070
vt 0.800000 0.687187
vt 0.800000 0.408070
vt 0.820000 0.408070
vt 0.820000 0.687187
vt 0.880000 0.687187
vt 0.880000 0.408070
vt 0.480000 0.525639
vt 0.480000 0.250000
vt 0.840000 0.408070
vt 0.840000 0.687187
vt 0.860000 0.408070
vt 0.860000 0.687187
vt 0.240000 0.250000
vt 0.240000 0.525640
vt 0.460000 0.525639
vt 0.460000 0.250000
vt 0.260000 0.250000
vt 0.260000 0.525640
vt 0.440000 0.525639
vt 0.440000 0.250000
vt 0.280000 0.250000
vt 0.280000 0.525639
vt 0.420000 0.525639
vt 0.420000 0.250000
vt 0.300000 0.250000
vt 0.300000 0.525639
vt 0.400000 0.525639
vt 0.400000 0.250000
vt 0.320000 0.250000
vt 0.320000 0.525639
vt 0.380000 0.525639
vt 0.380000 0.250000
vt 0.340000 0.250000
vt 0.340000 0.525639
vt 0.360000 0.525639
vt 0.360000 0.250000
vt 0.345036 0.200414
vt 0.329112 0.174063
vt 0.335838 0.136682
vt 0.335903 0.136640
vt 0.336065 0.136564
vt 0.336188 0.136508
vt 0.336774 0.136414
vt 0.336906 0.136410
vt 0.337081 0.136410
vt 0.337152 0.136418
vt 0.337386 0.136453
vt 0.337683 0.136545
vt 0.337871 0.136634
vt 0.337968 0.136684
vt 0.338089 0.136763
vt 0.338236 0.136866
vt 0.338482 0.137091
vt 0.338628 0.137264
vt 0.338703 0.137361
vt 0.557401 0.250000
vt 0.557401 0.260877
vt 0.406491 0.260877
vt 0.406491 0.250000
vt 0.360000 0.687187
vt 0.360000 0.408070
vt 0.380000 0.408070
vt 0.380000 0.687187
vt 0.339589 0.138605
vt 0.339737 0.138861
vt 0.320000 0.687187
vt 0.320000 0.408070
vt 0.340000 0.408070
vt 0.340000 0.687187
vt 0.400000 0.408070
vt 0.400000 0.687187
vt 0.300000 0.687187
vt 0.300000 0.408070
vt 0.420000 0.408070
vt 0.420000 0.687187
vt 0.280000 0.687187
vt 0.280000 0.408070
vt 0.340138 0.139624
vt 0.340319 0.139951
vt 0.440000 0.408070
vt 0.440000 0.687187
vt 0.460000 0.408071
vt 0.460000 0.687187
vt 0.240000 0.687187
vt 0.240000 0.408071
vt 0.260000 0.408070
vt 0.260000 0.687187
vt 0.480000 0.408070
vt 0.480000 0.687187
vt 0.220000 0.687187
vt 0.220000 0.408070
vt 0.438604 0.687187
vt 0.500000 0.408070
vt 0.500000 0.687187
vt 0.329112 0.165731
vt 0.329112 0.174063
vt 0.329112 0.165731
vt 0.200000 0.687187
vt 0.200000 0.408070
vt 0.520000 0.408071
vt 0.520000 0.687187
vt 0.180000 0.687187
vt 0.180000 0.408071
vt 0.540000 0.408070
vt 0.540000 0.687187
vt 0.160000 0.687187
vt 0.160000 0.408070
vt 0.560000 0.408070
vt 0.560000 0.687187
vt 0.140000 0.687187
vt 0.140000 0.408070
vt 0.329112 0.135793
vt 0.329112 0.135793
vt 0.580000 0.408070
vt 0.580000 0.687187
vt 0.600000 0.408070
vt 0.600000 0.687187
vt 0.100000 0.687187
vt 0.100000 0.408070
vt 0.120000 0.408071
vt 0.120000 0.687187
vt 0.620000 0.408070
vt 0.620000 0.687187
vt 0.080000 0.687187
vt 0.080000 0.408070
vt 0.640000 0.408070
vt 0.640000 0.687187
vt 0.559223 0.687187
vt 0.060000 0.687187
vt 0.060000 0.408070
vt 0.040000 0.687187
vt 0.040000 0.408070
vt 0.660000 0.687187
vt 0.660000 0.408070
vt 0.680000 0.408071
vt 0.680000 0.687187
vt 0.020000 0.687187
vt 0.020000 0.408070
vt 0.700000 0.408070
vt 0.700000 0.687187
vt -0.000000 0.687187
vt -0.000000 0.408070
vt 0.720000 0.408070
vt 0.720000 0.687187
vt 0.980000 0.687187
vt 0.980000 0.408070
vt 1.000000 0.408071
vt 1.000000 0.687187
vt 0.740000 0.408070
vt 0.740000 0.687187
vt 0.960000 0.687187
vt 0.960000 0.408070
vt 0.760000 0.408071
vt 0.760000 0.687187
vt 0.940000 0.687187
vt 0.940000 0.408070
vt 0.780000 0.408070
vt 0.780000 0.687187
vt 0.920000 0.687187
vt 0.920000 0.408070
vt 0.800000 0.408070
vt 0.800000 0.687187
vt 0.900000 0.687187
vt 0.900000 0.408070
vt 0.820000 0.408070
vt 0.820000 0.687187
vt 0.880000 0.687187
vt 0.880000 0.408070
vt 0.840000 0.408070
vt 0.840000 0.687187
vt 0.860000 0.687187
vt 0.860000 0.408070
vt 0.375000 0.187481
vt 0.500000 0.187481
vt 0.329112 0.174063
vt 0.274326 0.174063
vt 0.557401 0.989274
vt 0.557401 1.000000
vt 0.406491 1.000000
vt 0.406491 0.989274
vt 0.031895 0.687187
vt 0.250269 0.102108
vt 0.250149 0.102337
vt 0.250034 0.102652
vt 0.250000 0.102814
vt 0.250000 0.098978
vt 0.382516 0.408071
vt 0.340000 0.687187
vt 0.340000 0.408070
vt 0.360000 0.408070
vt 0.360000 0.687187
vt 0.380000 0.408070
vt 0.380000 0.687187
vt 0.320000 0.687187
vt 0.320000 0.408070
vt 0.400000 0.408070
vt 0.400000 0.687187
vt 0.420000 0.408070
vt 0.420000 0.687187
vt 0.440000 0.408070
vt 0.440000 0.687187
vt 0.260000 0.687187
vt 0.260000 0.408070
vt 0.280000 0.408070
vt 0.280000 0.687187
vt 0.460000 0.408071
vt 0.460000 0.687187
vt 0.480000 0.408070
vt 0.480000 0.687187
vt 0.500000 0.408070
vt 0.500000 0.687187
vt 0.520000 0.408071
vt 0.520000 0.687187
vt 0.540000 0.408070
vt 0.540000 0.687187
vt 0.560000 0.408070
vt 0.560000 0.687187
vt 0.557401 0.750000
vt 0.557401 0.761827
vt 0.499176 0.761827
vt 0.406491 0.761827
vt 0.406491 0.750000
vt 0.580000 0.408070
vt 0.580000 0.687187
vt 0.600000 0.408070
vt 0.600000 0.687187
vt 0.620000 0.408070
vt 0.620000 0.687187
vt 0.640000 0.687187
vt 0.640000 0.408070
vt 0.660000 0.408070
vt 0.660000 0.687187
vt 0.680000 0.408071
vt 0.680000 0.687187
vt 0.700000 0.408070
vt 0.700000 0.687187
vt -0.000000 0.687187
vt -0.000000 0.408070
vt 0.020000 0.408070
vt 0.020000 0.687187
vt 0.720000 0.408070
vt 0.720000 0.687187
vt 0.980000 0.687187
vt 0.980000 0.408070
vt 1.000000 0.408071
vt 1.000000 0.687187
vt 0.740000 0.408070
vt 0.740000 0.687187
vt 0.960000 0.687187
vt 0.960000 0.408070
vt 0.760000 0.408071
vt 0.760000 0.687187
vt 0.940000 0.687187
vt 0.940000 0.408070
vt 0.780000 0.408070
vt 0.780000 0.687187
vt 0.920000 0.687187
vt 0.920000 0.408070
vt 0.900000 0.687187
vt 0.900000 0.408070
vt 0.800000 0.687187
vt 0.800000 0.408070
vt 0.820000 0.408070
vt 0.820000 0.687187
vt 0.840000 0.408070
vt 0.840000 0.687187
vt 0.860000 0.408070
vt 0.860000 0.687187
vt 0.345036 0.200414
vt 0.352633 0.200383
vt 0.352633 0.200383
vt 0.557401 0.682912
vt 0.406491 0.705282
vt 0.406491 0.682912
vt 0.335807 0.136642
vt 0.335887 0.136589
vt 0.336030 0.136522
vt 0.336756 0.136353
vt 0.336919 0.136351
vt 0.337063 0.136351
vt 0.337162 0.136365
vt 0.337368 0.136396
vt 0.337665 0.136487
vt 0.337876 0.136586
vt 0.337950 0.136622
vt 0.338092 0.136715
vt 0.557401 0.067088
vt 0.557401 0.189896
vt 0.406491 0.189896
vt 0.406491 0.067088
vt 0.338218 0.136800
vt 0.338292 0.136865
vt 0.338465 0.137019
vt 0.338686 0.137275
vt 0.557401 0.250000
vt 0.557401 0.260726
vt 0.406491 0.260726
vt 0.406491 0.250000
vt 0.360000 0.687187
vt 0.360000 0.408070
vt 0.380000 0.408070
vt 0.380000 0.687187
vt 0.320000 0.687187
vt 0.320000 0.408070
vt 0.340000 0.408070
vt 0.340000 0.687187
vt 0.400000 0.408070
vt 0.400000 0.687187
vt 0.300000 0.687187
vt 0.300000 0.408070
vt 0.420000 0.408070
vt 0.420000 0.687187
vt 0.280000 0.687187
vt 0.280000 0.408070
vt 0.339633 0.138623
vt 0.339738 0.138797
vt 0.440000 0.408070
vt 0.440000 0.687187
vt 0.460000 0.408071
vt 0.460000 0.687187
vt 0.340079 0.139435
vt 0.240000 0.687187
vt 0.240000 0.408071
vt 0.260000 0.408070
vt 0.260000 0.687187
vt 0.352558 0.191005
vt 0.480000 0.408070
vt 0.480000 0.687187
vt 0.220000 0.687187
vt 0.220000 0.408070
vt 0.500000 0.408070
vt 0.500000 0.687187
vt 0.329112 0.165767
vt 0.329112 0.165768
vt 0.200000 0.687187
vt 0.200000 0.408070
vt 0.520000 0.408071
vt 0.520000 0.687187
vt 0.180000 0.687187
vt 0.180000 0.408071
vt 0.540000 0.408070
vt 0.540000 0.687187
vt 0.160000 0.687187
vt 0.160000 0.408070
vt 0.560000 0.408070
vt 0.560000 0.687187
vt 0.140000 0.687187
vt 0.140000 0.408070
vt 0.580000 0.408070
vt 0.580000 0.687187
vt 0.600000 0.408070
vt 0.600000 0.687187
vt 0.100000 0.687187
vt 0.100000 0.408070
vt 0.120000 0.408071
vt 0.120000 0.687187
vt 0.620000 0.408070
vt 0.620000 0.687187
vt 0.080000 0.687187
vt 0.080000 0.408070
vt 0.640000 0.408070
vt 0.640000 0.687187
vt 0.060000 0.687187
vt 0.060000 0.408070
vt 0.040000 0.687187
vt 0.040000 0.408070
vt 0.660000 0.687187
vt 0.660000 0.408070
vt 0.680000 0.408071
vt 0.680000 0.687187
vt 0.338957 0.140840
vt 0.338903 0.140942
vt 0.338896 0.140952
vt 0.338946 0.143805
vt 0.700000 0.408070
vt 0.700000 0.687187
vt 0.720000 0.408070
vt 0.720000 0.687187
vt 0.960000 0.687187
vt 0.960000 0.408070
vt 0.740000 0.687187
vt 0.740000 0.408070
vt 0.760000 0.408071
vt 0.760000 0.687187
vt 0.940000 0.687187
vt 0.940000 0.408070
vt 0.780000 0.408070
vt 0.780000 0.687187
vt 0.920000 0.687187
vt 0.920000 0.408070
vt 0.800000 0.408070
vt 0.800000 0.687187
vt 0.900000 0.687187
vt 0.900000 0.408070
vt 0.820000 0.408070
vt 0.820000 0.687187
vt 0.880000 0.687187
vt 0.880000 0.408070
vt 0.840000 0.408070
vt 0.840000 0.687187
vt 0.860000 0.687187
vt 0.860000 0.408070
vt 0.360000 0.687187
vt 0.360000 0.408070
vt 0.360182 0.408070
vt 0.380000 0.408070
vt 0.380000 0.687187
vt 0.320000 0.687187
vt 0.320000 0.408070
vt 0.328325 0.408071
vt 0.340000 0.408070
vt 0.340000 0.687187
vt 0.395362 0.408070
vt 0.300000 0.687187
vt 0.300000 0.408070
vt 0.314019 0.408070
vt 0.460000 0.687187
vt 0.460000 0.408070
vt 0.468464 0.408070
vt 0.480000 0.408070
vt 0.480000 0.687187
vt 0.140000 0.687187
vt 0.140000 0.408070
vt 0.150784 0.408070
vt 0.160000 0.408070
vt 0.160000 0.687187
vt 0.100000 0.687187
vt 0.100000 0.408070
vt 0.107888 0.408071
vt 0.120000 0.408071
vt 0.120000 0.687187
vt 0.080000 0.687187
vt 0.080000 0.408070
vt 0.092299 0.408071
vt 0.241714 0.168678
vt 0.291492 0.145568
vt 0.047243 0.408070
vt 0.060000 0.408070
vt 0.060000 0.687187
vt 0.660000 0.687187
vt 0.660000 0.408070
vt 0.671571 0.408070
vt 0.680000 0.408071
vt 0.680000 0.687187
vt 0.686922 0.408070
vt 0.700000 0.408070
vt 0.700000 0.687187
vt 0.557401 0.488173
vt 0.557401 0.500000
vt 0.406491 0.500000
vt 0.406491 0.488173
vt 0.469030 0.488173
vt 0.243211 0.160968
vt 0.243360 0.157476
vt 0.243521 0.160750
vt 0.243665 0.160634
vt 0.243394 0.157484
vt 0.243768 0.160545
vt 0.243848 0.160497
vt 0.244036 0.160372
vt 0.253022 0.164413
vt 0.677676 0.687187
vt 0.245815 0.160099
vt 0.249069 0.158365
vt 0.246100 0.160313
vt 0.246225 0.160415
vt 0.382083 0.408070
vt 0.246369 0.160520
vt 0.249068 0.158920
vt 0.246617 0.160753
vt 0.246753 0.160914
vt 0.249069 0.159149
vt 0.246841 0.161013
vt 0.246917 0.161127
vt 0.247037 0.161301
vt 0.249068 0.160641
vt 0.247201 0.161608
vt 0.247284 0.161707
vt 0.557401 0.750000
vt 0.557401 0.761503
vt 0.499143 0.761503
vt 0.406491 0.761503
vt 0.406491 0.750000
vt 0.879673 0.408070
vt 0.406491 0.705191
vt 0.300000 0.687187
vt 0.300000 0.408070
vt 0.306870 0.408070
vt 0.280000 0.687187
vt 0.280000 0.408070
vt 0.290908 0.408070
vt 0.260000 0.687187
vt 0.260000 0.408070
vt 0.266702 0.408071
vt 0.240000 0.687187
vt 0.240000 0.408071
vt 0.250972 0.408070
vt 0.220000 0.687187
vt 0.220000 0.408070
vt 0.234929 0.408071
vt 0.180000 0.687187
vt 0.180000 0.408071
vt 0.186478 0.408071
vt 0.200000 0.408070
vt 0.200000 0.687187
vt 0.160000 0.687187
vt 0.160000 0.408070
vt 0.170606 0.408071
vt 0.486312 0.484964
vt 0.120000 0.687187
vt 0.120000 0.408071
vt 0.126456 0.408070
vt 0.140000 0.408070
vt 0.140000 0.687187
vt 0.080000 0.687187
vt 0.080000 0.408070
vt 0.094800 0.408071
vt 0.100000 0.408071
vt 0.100000 0.687187
vt 0.620893 0.408070
vt 0.060000 0.687187
vt 0.060000 0.408070
vt 0.068977 0.408070
vt 0.039880 0.408070
vt 0.040000 0.408070
vt 0.040000 0.687187
vt 0.193669 0.687187
vt 0.973862 0.408070
vt 0.973688 0.484964
vt 0.741706 0.687187
vt 0.396660 0.408071
vt 0.277845 0.687187
vt 0.339319 0.138162
vt 0.046922 0.408070
vt 0.557401 0.250000
vt 0.557401 0.261014
vt 0.491214 0.261014
vt 0.406491 0.261014
vt 0.406491 0.250000
vt 0.406491 0.531005
vt 0.557401 0.189896
vt 0.406491 0.202678
vt 0.406491 0.189896
vt 0.557401 0.715953
vt 0.406491 0.705327
vt 0.353795 0.408070
vt 0.383348 0.408070
vt 0.668106 0.687187
vt 0.520000 0.687187
vt 0.520000 0.408071
vt 0.529859 0.408070
vt 0.540000 0.408070
vt 0.540000 0.687187
vt 0.560000 0.687187
vt 0.560000 0.408070
vt 0.573696 0.408070
vt 0.580000 0.408071
vt 0.580000 0.687187
vt 0.120000 0.687187
vt 0.120000 0.408071
vt 0.131966 0.408070
vt 0.586382 0.408070
vt 0.600000 0.408070
vt 0.600000 0.687187
vt 0.080000 0.687187
vt 0.080000 0.408070
vt 0.085708 0.408070
vt 0.100000 0.408070
vt 0.100000 0.687187
vt 0.070736 0.408070
vt 0.020000 0.687187
vt 0.020000 0.408070
vt 0.029769 0.408070
vt 0.700000 0.687187
vt 0.700000 0.408070
vt 0.714052 0.408070
vt 0.720000 0.408070
vt 0.720000 0.687187
vt 0.729793 0.408070
vt 0.740000 0.408070
vt 0.740000 0.687187
vt 0.745929 0.408070
vt 0.760000 0.408071
vt 0.760000 0.687187
vt 0.780000 0.687187
vt 0.780000 0.408070
vt 0.795042 0.408070
vt 0.406491 0.681939
vt 0.406491 0.564162
vt 0.827322 0.408070
vt 0.840000 0.408070
vt 0.840000 0.687187
vt 0.860000 0.687187
vt 0.860000 0.408070
vt 0.875402 0.408070
vt 0.842844 0.408070
vt 0.557401 0.682912
vt 0.406491 0.682912
vt 0.406491 0.682912
vt 0.879854 0.408070
vt 0.406491 0.705528
vt 0.236288 0.137681
vt 0.775866 0.538018
vt 0.338924 0.158380
vt 0.338386 0.160769
vt 0.339418 0.163070
vt 0.352069 0.185250
vt 0.339921 0.164007
vt 0.340061 0.164208
vt 0.352103 0.185310
vt 0.340150 0.164370
vt 0.340226 0.164513
vt 0.340380 0.164842
vt 0.192900 0.687187
vt 0.352183 0.185461
vt 0.340641 0.165493
vt 0.340767 0.165861
vt 0.340985 0.166454
vt 0.557401 0.560104
vt 0.406491 0.560104
vt 0.406491 0.560104
vt 0.420000 0.687187
vt 0.420000 0.408070
vt 0.427690 0.408070
vt 0.440000 0.408070
vt 0.440000 0.687187
vt 0.442279 0.408070
vt 0.557401 0.000000
vt 0.557401 0.067088
vt 0.406491 0.067088
vt 0.406491 0.056769
vt 0.406491 0.000000
vt 0.300000 0.687187
vt 0.300000 0.408070
vt 0.307461 0.408070
vt 0.280000 0.687187
vt 0.280000 0.408070
vt 0.291499 0.408070
vt 0.260000 0.687187
vt 0.260000 0.408070
vt 0.262369 0.408070
vt 0.240000 0.687187
vt 0.240000 0.408071
vt 0.247305 0.408071
vt 0.220000 0.687187
vt 0.220000 0.408070
vt 0.231659 0.408071
vt 0.560000 0.687187
vt 0.560000 0.408070
vt 0.568304 0.408070
vt 0.200000 0.687187
vt 0.200000 0.408070
vt 0.215695 0.408070
vt 0.612337 0.408070
vt 0.620000 0.408070
vt 0.620000 0.687187
vt 0.160000 0.687187
vt 0.160000 0.408070
vt 0.167518 0.408071
vt 0.180000 0.408071
vt 0.180000 0.687187
vt 0.628194 0.408070
vt 0.140000 0.687187
vt 0.140000 0.408070
vt 0.151779 0.408071
vt 0.046985 0.408070
vt 0.100000 0.687187
vt 0.100000 0.408071
vt 0.108173 0.408071
vt 0.120000 0.408071
vt 0.120000 0.687187
vt -0.000000 0.687187
vt -0.000000 0.408070
vt 0.019378 0.408070
vt 0.740000 0.687187
vt 0.740000 0.408070
vt 0.748276 0.408071
vt 0.920000 0.687187
vt 0.920000 0.408070
vt 0.929036 0.408070
vt 0.940000 0.408070
vt 0.940000 0.687187
vt 0.792361 0.408071
vt 0.800000 0.408070
vt 0.800000 0.687187
vt 0.557401 0.500000
vt 0.406491 0.531296
vt 0.406491 0.500000
vt 0.808249 0.408071
vt 0.820000 0.408070
vt 0.820000 0.687187
vt 0.880000 0.687187
vt 0.880000 0.408071
vt 0.885805 0.408070
vt 0.900000 0.408070
vt 0.900000 0.687187
vt 0.824429 0.408070
vt 0.873274 0.408070
vt 0.910273 0.408070
vt 0.875954 0.408070
vt 0.557401 0.067088
vt 0.406491 0.067088
vt 0.406491 0.067088
vt 0.557401 0.488347
vt 0.406491 0.488347
vt 0.457927 0.488347
vt 0.336198 0.136474
vt 0.329112 0.165734
vt 0.329112 0.165734
vt 0.329112 0.173796
vt 0.557401 0.189896
vt 0.406491 0.202245
vt 0.406491 0.189896
vt 0.529304 0.112932
vt 0.529304 0.113174
vt 0.529304 0.125000
vt 0.341207 0.182803
vt 0.341419 0.182674
vt 0.557401 0.189896
vt 0.406491 0.189896
vt 0.406491 0.189162
vt 0.353837 0.408070
vt 0.406491 0.189896
vt 0.347206 0.200257
vt 0.327256 0.174063
vt 0.650243 0.408070
vt 0.557401 0.989123
vt 0.557401 1.000000
vt 0.406491 1.000000
vt 0.406491 0.989123
vt 0.489396 0.989124
vt 0.557401 0.682912
vt 0.406491 0.682912
vt 0.343476 0.200387
vt 0.784853 0.687187
vt 0.320000 0.687187
vt 0.320000 0.408070
vt 0.339306 0.408071
vt 0.300000 0.687187
vt 0.300000 0.408070
vt 0.304833 0.408070
vt 0.557401 0.000000
vt 0.557401 0.067088
vt 0.406491 0.067088
vt 0.406491 0.056444
vt 0.406491 0.000000
vt 0.260000 0.687187
vt 0.260000 0.408071
vt 0.272818 0.408070
vt 0.280000 0.408070
vt 0.280000 0.687187
vt 0.240000 0.687187
vt 0.240000 0.408071
vt 0.247268 0.408070
vt 0.220000 0.687187
vt 0.220000 0.408070
vt 0.231461 0.408071
vt 0.200000 0.687187
vt 0.200000 0.408070
vt 0.215366 0.408070
vt 0.160000 0.687187
vt 0.160000 0.408070
vt 0.166835 0.408070
vt 0.180000 0.408071
vt 0.180000 0.687187
vt 0.140000 0.687187
vt 0.140000 0.408070
vt 0.150961 0.408071
vt 0.100000 0.687187
vt 0.100000 0.408071
vt 0.106861 0.408071
vt 0.120000 0.408071
vt 0.120000 0.687187
vt 0.620755 0.408071
vt 0.035940 0.408070
vt 0.961011 0.408070
vt 0.877665 0.408070
vt 0.335394 0.137052
vt 0.335634 0.136830
vt 0.277786 0.687187
vt 0.339071 0.137895
vt 0.557401 0.189896
vt 0.406491 0.202668
vt 0.406491 0.189896
vt 0.440000 0.687187
vt 0.440000 0.408070
vt 0.453923 0.408070
vt 0.449925 0.687187
vt 0.557401 0.067088
vt 0.557401 0.189896
vt 0.406491 0.189896
vt 0.406491 0.185292
vt 0.406491 0.067088
vt 0.856082 0.687187
vt 0.353695 0.408070
vt 0.132027 0.408070
vt 0.651294 0.408070
vt 0.341867 0.408070
vt 0.354622 0.408070
vt 0.284797 0.408070
vt 0.299414 0.408070
vt 0.424263 0.408070
vt 0.439099 0.408070
vt 0.482305 0.408070
vt 0.495364 0.408070
vt 0.500000 0.408070
vt 0.500000 0.687187
vt 0.180000 0.687187
vt 0.180000 0.408071
vt 0.183757 0.408071
vt 0.184364 0.408071
vt 0.122916 0.408071
vt 0.137279 0.408070
vt 0.060436 0.408071
vt 0.076412 0.408070
vt 0.642808 0.408070
vt 0.656821 0.408070
vt 0.795113 0.687187
vt 0.300000 0.687187
vt 0.300000 0.408070
vt 0.305992 0.408070
vt 0.557401 0.000000
vt 0.557401 0.067088
vt 0.406491 0.067088
vt 0.406491 0.056299
vt 0.406491 0.000000
vt 0.702568 0.408071
vt 0.718280 0.408070
vt 0.220000 0.687187
vt 0.220000 0.408070
vt 0.229444 0.408071
vt 0.240000 0.408071
vt 0.240000 0.687187
vt 0.200000 0.687187
vt 0.200000 0.408070
vt 0.213538 0.408070
vt 0.160000 0.687187
vt 0.160000 0.408070
vt 0.165294 0.408071
vt 0.180000 0.408071
vt 0.180000 0.687187
vt 0.140000 0.687187
vt 0.140000 0.408070
vt 0.149436 0.408070
vt 0.120000 0.687187
vt 0.120000 0.408071
vt 0.134016 0.408070
vt 0.621055 0.408070
vt 0.060000 0.687187
vt 0.060000 0.408070
vt 0.066308 0.408070
vt 0.080000 0.408071
vt 0.080000 0.687187
vt 0.880000 0.687187
vt 0.880000 0.408070
vt 0.886619 0.408070
vt 0.879240 0.408070
vt 0.277704 0.687187
vt 0.338976 0.137698
vt 0.557401 0.189896
vt 0.406491 0.202185
vt 0.406491 0.189896
vt 0.724655 0.687187
vt 0.353212 0.408070
vt 0.130986 0.408070
vt 0.406491 0.000000
vt 0.557401 0.000000
vt 0.557401 0.034047
vt 0.557401 0.067088
vt 0.406491 0.067088
vt 0.406491 0.056132
vt 0.652008 0.408070
vt 0.406491 0.681773
vt 0.406491 0.563996
vt 0.202589 0.408070
vt 0.218762 0.408070
vt 0.140539 0.408070
vt 0.155202 0.408070
vt 0.103197 0.408071
vt 0.113843 0.408071
vt 0.046851 0.408070
vt 0.057057 0.408070
vt 0.406491 0.067088
vt 0.406491 0.067088
vt 0.480000 0.687187
vt 0.480000 0.408070
vt 0.481141 0.408070
vt 0.490916 0.408070
vt 0.500000 0.408070
vt 0.500000 0.687187
vt 0.502892 0.408070
vt 0.515944 0.408071
vt 0.544326 0.408070
vt 0.559045 0.408070
vt 0.100885 0.408070
vt 0.116069 0.408071
vt 0.602709 0.408070
vt 0.618991 0.408070
vt 0.620000 0.408070
vt 0.620000 0.687187
vt 0.623227 0.408071
vt 0.627964 0.408071
vt 0.640000 0.408070
vt 0.640000 0.687187
vt 0.640052 0.408070
vt 0.656533 0.408070
vt 0.684461 0.408071
vt 0.698979 0.408070
vt 0.762270 0.408070
vt 0.778657 0.408070
vt 0.529304 0.032989
vt 0.529304 0.071617
vt 0.529304 0.098899
vt 0.335002 0.164723
vt 0.336614 0.166312
vt 0.335996 0.165729
vt 0.400091 0.408070
vt 0.413472 0.408070
vt 0.960000 0.687187
vt 0.960000 0.408070
vt 0.974154 0.408070
vt 0.973524 0.687187
vt 0.540000 0.687187
vt 0.540000 0.408070
vt 0.545149 0.408070
vt 0.555873 0.408070
vt 0.183526 0.408071
vt 0.199611 0.408070
vt 0.121994 0.408071
vt 0.136551 0.408071
vt 0.085480 0.408071
vt 0.095950 0.408071
vt 0.720000 0.687187
vt 0.720000 0.408071
vt 0.725167 0.408071
vt 0.735855 0.408070
vt 0.960000 0.687187
vt 0.960000 0.408070
vt 0.967002 0.408070
vt 0.976447 0.408070
vt 0.942653 0.408070
vt 0.955481 0.408070
vt 0.900283 0.408070
vt 0.914764 0.408070
vt 0.943546 0.408070
vt 0.958604 0.408070
vt 0.247406 0.162391
vt 0.247368 0.162616
vt 0.338946 0.143771
vt 0.340679 0.146727
vt 0.339047 0.140738
vt 0.339010 0.140841
vt 0.338919 0.140985
vt 0.338897 0.141003
vt 0.288661 0.408070
vt 0.294589 0.687187
vt 0.507076 0.408070
vt 0.516647 0.408070
vt 0.520000 0.408070
vt 0.520000 0.687187
vt 0.510075 0.687187
vt 0.182964 0.408071
vt 0.199166 0.408070
vt 0.120908 0.408071
vt 0.135570 0.408070
vt 0.083747 0.408071
vt 0.094329 0.408071
vt 0.523860 0.408070
vt 0.528185 0.408070
vt 0.529202 0.408070
vt 0.406491 0.067088
vt 0.406491 0.067088
vt 0.406491 0.189896
vt 0.406491 0.189896
vt 0.289997 0.408070
vt 0.295084 0.687187
vt 0.244971 0.408071
vt 0.259851 0.408070
vt 0.181362 0.408071
vt 0.197458 0.408070
vt 0.100000 0.687187
vt 0.100000 0.408071
vt 0.105299 0.408071
vt 0.119364 0.408071
vt 0.082110 0.408071
vt 0.092629 0.408071
vt 0.342016 0.100996
vt 0.342016 0.100996
vt 0.040000 0.687187
vt 0.040000 0.408070
vt 0.043374 0.408070
vt 0.053814 0.408070
vt 0.406491 0.067088
vt 0.406491 0.067088
vt 0.336166 0.136468
vt 0.336450 0.136401
vt 0.235732 0.198515
vt 0.235732 0.198515
vt 0.406491 0.189896
vt 0.406491 0.189896
vt 0.340704 0.140899
vt 0.341054 0.141875
vt 0.341176 0.142508
vt 0.341142 0.142594
vt 0.466786 0.408070
vt 0.468396 0.408070
vt 0.473216 0.408070
vt 0.529846 0.408071
vt 0.531577 0.408071
vt 0.536994 0.408070
vt 0.710243 0.408071
vt 0.711798 0.408071
vt 0.717092 0.408070
vt 0.338888 0.137603
vt 0.338993 0.138000
vt 0.339080 0.138395
vt 0.162512 0.408070
vt 0.172593 0.408071
vt 0.173311 0.408071
vt 0.179476 0.408071
vt 0.352159 0.161336
vt 0.340774 0.141059
vt 0.341124 0.142102
vt 0.341245 0.142780
vt 0.341142 0.143068
vt 0.529304 0.125053
vt 0.529304 0.155051
vt 0.529304 0.179401
vt 0.529304 0.187481
vt 0.029349 0.408070
vt 0.030435 0.408070
vt 0.035310 0.408070
vt 0.236102 0.158069
vt 0.236430 0.158172
vt 0.239056 0.145652
vt 0.237467 0.144615
vt 0.334555 0.162519
vt 0.334612 0.162225
vt 0.334707 0.161945
vt 0.334838 0.161683
vt 0.298882 0.199612
vt 0.339578 0.200319
vt 0.339578 0.200319
vt 0.242112 0.162809
vt 0.241970 0.162580
vt 0.241923 0.162386
vt 0.241973 0.162231
vt 0.244543 0.165624
vt 0.244185 0.165481
vt 0.243857 0.165333
vt 0.243562 0.165182
vt 0.339134 0.140267
vt 0.339082 0.140600
vt 0.340747 0.161957
vt 0.327793 0.053891
vt 0.318619 0.053891
vt 0.318619 0.039710
vt 0.301599 0.039710
vt 0.301599 0.053891
vt 0.292425 0.053891
vt 0.268196 0.032989
vt 0.354312 0.032989
vt 0.355048 0.032989
vt 0.366181 0.032989
vt 0.311694 0.056727
vt 0.311694 0.048319
vt 0.313789 0.048319
vt 0.313789 0.046305
vt 0.306441 0.046305
vt 0.303873 0.042000
vt 0.316345 0.042000
vt 0.316345 0.055653
vt 0.321791 0.055653
vt 0.318454 0.058234
vt -0.000000 0.687187
vt -0.000000 0.408070
vt 0.000064 0.408070
vt 0.000250 0.408070
vt 0.003333 0.408070
vt 0.009543 0.408070
vt 0.018884 0.408070
vt 0.183708 0.162432
vt 0.183765 0.162482
vt 0.183764 0.162488
vt 0.183723 0.162738
vt 0.183699 0.163011
vt 0.183691 0.163307
vt 0.183700 0.163595
vt 0.183704 0.163627
vt 0.183677 0.163609
vt 0.183567 0.163526
vt 0.338946 0.143788
vt 0.341142 0.142893
vt 0.340972 0.143063
vt 0.340599 0.142904
vt 0.339939 0.142248
vt 0.339023 0.141137
vt 0.338896 0.140971
vt 0.338946 0.143768
vt 0.352230 0.166645
vt 0.341143 0.143091
vt 0.340968 0.143246
vt 0.340598 0.143064
vt 0.339942 0.142352
vt 0.339026 0.141155
vt 0.338896 0.140973
vt 0.352217 0.165688
vt 0.351982 0.167774
vt 0.352178 0.186456
vt 0.352491 0.186027
vt 0.250000 0.032989
vt 0.250000 0.081002
vt 0.249991 0.081024
vt 0.249912 0.081349
vt 0.249886 0.081679
vt 0.200358 0.100643
vt 0.214717 0.090988
vt 0.204289 0.090988
vt 0.204289 0.076807
vt 0.184943 0.076807
vt 0.184943 0.090988
vt 0.174516 0.090988
vt 0.126246 0.112932
vt 0.159893 0.032989
vt 0.246715 0.032989
vt 0.406491 0.560104
vt 0.557401 0.560104
vt 0.557401 0.560104
vt 0.406491 0.560104
vt 0.406491 0.560104
vt 0.406491 0.560104
vt 0.406491 0.560104
vt 0.406491 0.560104
vt 0.406491 0.560104
vt 0.406491 0.560104
vt 0.406491 0.560104
vt 0.529304 0.535019
vt 0.529304 0.543153
vt 0.529304 0.550920
vt 0.529304 0.553140
vt 0.529304 0.561786
vt 0.529304 0.565631
vt 0.529304 0.571548
vt 0.529304 0.579933
vt 0.529304 0.595723
vt 0.529304 0.603857
vt 0.529304 0.611624
vt 0.340877 0.140804
vt 0.341219 0.141579
vt 0.341339 0.142090
vt 0.341233 0.142329
vt 0.340903 0.142293
vt 0.340355 0.141983
vt 0.339597 0.141403
vt 0.249912 0.082010
vt 0.249991 0.082335
vt 0.246443 0.085784
vt 0.246443 0.098978
vt 0.249960 0.102977
vt 0.249934 0.103308
vt 0.249960 0.103638
vt 0.250000 0.103802
vt 0.250000 0.112932
vt 0.194616 0.104503
vt 0.406491 0.552843
vt 0.406491 0.552818
vt 0.406491 0.552631
vt 0.406491 0.552269
vt 0.406491 0.551720
vt 0.406491 0.550976
vt 0.406491 0.550029
vt 0.406491 0.548880
vt 0.406491 0.547536
vt 0.406491 0.546010
vt 0.406491 0.544329
vt 0.406491 0.542528
vt 0.406491 0.531013
vt 0.335421 0.160908
vt 0.335669 0.160691
vt 0.335938 0.160511
vt 0.336223 0.160373
vt 0.336520 0.160281
vt 0.336824 0.160235
vt 0.337131 0.160235
vt 0.337435 0.160280
vt 0.337732 0.160371
vt 0.338018 0.160506
vt 0.338286 0.160683
vt 0.332794 0.158381
vt 0.332793 0.142480
vt 0.332794 0.143788
vt 0.338723 0.141221
vt 0.338499 0.141471
vt 0.338251 0.141687
vt 0.337982 0.141863
vt 0.337697 0.141998
vt 0.337400 0.142089
vt 0.337096 0.142135
vt 0.336789 0.142135
vt 0.336485 0.142089
vt 0.336188 0.141998
vt 0.335902 0.141864
vt 0.335634 0.141687
vt 0.335396 0.141482
vt 0.406491 0.189896
vt 0.406491 0.189896
vt 0.406491 0.189896
vt 0.406491 0.189896
vt 0.406491 0.189896
vt 0.406491 0.189896
vt 0.406491 0.189896
vt 0.406491 0.189896
vt 0.406491 0.189896
vt 0.406491 0.189896
vt 0.406491 0.189896
vt 0.406491 0.189896
vt 0.406491 0.189896
vt 0.335284 0.161090
vt 0.335438 0.160915
vt 0.335687 0.160698
vt 0.335955 0.160518
vt 0.336241 0.160380
vt 0.336538 0.160288
vt 0.336842 0.160242
vt 0.337149 0.160242
vt 0.337453 0.160288
vt 0.337750 0.160379
vt 0.338035 0.160514
vt 0.338304 0.160690
vt 0.338388 0.160762
vt 0.338928 0.158363
vt 0.332639 0.158364
vt 0.332639 0.159885
vt 0.332639 0.142539
vt 0.332639 0.143771
vt 0.338741 0.141228
vt 0.338517 0.141479
vt 0.338269 0.141694
vt 0.338000 0.141871
vt 0.337715 0.142005
vt 0.337418 0.142097
vt 0.337113 0.142142
vt 0.336807 0.142143
vt 0.336502 0.142097
vt 0.336205 0.142006
vt 0.335920 0.141871
vt 0.335651 0.141695
vt 0.335403 0.141479
vt 0.335268 0.161082
vt 0.335421 0.160910
vt 0.335669 0.160693
vt 0.335938 0.160513
vt 0.336223 0.160375
vt 0.336520 0.160283
vt 0.336825 0.160237
vt 0.337131 0.160236
vt 0.337436 0.160282
vt 0.337733 0.160373
vt 0.338018 0.160508
vt 0.338287 0.160685
vt 0.338386 0.160771
vt 0.338929 0.158361
vt 0.332748 0.158362
vt 0.332747 0.159934
vt 0.335258 0.161078
vt 0.335405 0.160911
vt 0.335653 0.160694
vt 0.335922 0.160514
vt 0.336208 0.160377
vt 0.336505 0.160284
vt 0.336809 0.160238
vt 0.337116 0.160238
vt 0.337420 0.160284
vt 0.337717 0.160375
vt 0.338002 0.160510
vt 0.338271 0.160686
vt 0.338383 0.160783
vt 0.338921 0.158397
vt 0.332698 0.158398
vt 0.332697 0.159911
vt 0.332747 0.142497
vt 0.332748 0.143768
vt 0.338723 0.141223
vt 0.338500 0.141473
vt 0.338252 0.141689
vt 0.337983 0.141865
vt 0.337698 0.142000
vt 0.337401 0.142091
vt 0.337096 0.142137
vt 0.336790 0.142137
vt 0.336485 0.142091
vt 0.336188 0.142000
vt 0.335903 0.141866
vt 0.335634 0.141689
vt 0.335395 0.141482
vt 0.332697 0.142516
vt 0.332698 0.143805
vt 0.338708 0.141224
vt 0.338484 0.141475
vt 0.338236 0.141690
vt 0.337967 0.141867
vt 0.337682 0.142001
vt 0.337385 0.142093
vt 0.337080 0.142139
vt 0.336774 0.142139
vt 0.336469 0.142093
vt 0.336172 0.142002
vt 0.335887 0.141867
vt 0.335618 0.141691
vt 0.335383 0.141487
vt 0.190583 0.339578
vt 0.190583 0.001992
vt 0.116999 0.001992
vt 0.109641 0.006536
vt 0.102176 0.010794
vt 0.094598 0.014771
vt 0.086914 0.018473
vt 0.079118 0.021888
vt 0.071220 0.025022
vt 0.062985 0.027943
vt 0.054211 0.030706
vt 0.044887 0.033307
vt 0.035018 0.035762
vt 0.024604 0.038054
vt 0.013645 0.040188
vt 0.013645 0.101976
vt 0.090599 0.101976
vt 0.090599 0.339578
vt 0.001849 0.339578
vt 0.001849 0.420464
vt 0.265852 0.420464
vt 0.265852 0.339578
vt 0.255633 0.080836
vt 0.255587 0.080709
vt 0.255429 0.080409
vt 0.255231 0.080129
vt 0.254995 0.079874
vt 0.254725 0.079648
vt 0.254426 0.079453
vt 0.254101 0.079293
vt 0.253757 0.079171
vt 0.253399 0.079089
vt 0.253032 0.079048
vt 0.252661 0.079048
vt 0.252294 0.079089
vt 0.251936 0.079171
vt 0.251592 0.079293
vt 0.251267 0.079453
vt 0.250968 0.079648
vt 0.250698 0.079874
vt 0.250462 0.080129
vt 0.250264 0.080409
vt 0.250106 0.080709
vt 0.262496 0.032989
vt 0.310109 0.064689
vt 0.298426 0.055653
vt 0.303873 0.055653
vt 0.306441 0.048319
vt 0.308911 0.048319
vt 0.308911 0.054237
vt 0.306769 0.054237
vt 0.306769 0.055776
vt 0.307074 0.055829
vt 0.307364 0.055886
vt 0.307639 0.055947
vt 0.307899 0.056012
vt 0.308143 0.056081
vt 0.308372 0.056153
vt 0.308592 0.056231
vt 0.308809 0.056316
vt 0.309023 0.056409
vt 0.309234 0.056508
vt 0.309441 0.056614
vt 0.309646 0.056727
vt 0.335385 0.141472
vt 0.335162 0.141221
vt 0.334966 0.140939
vt 0.334802 0.140630
vt 0.334672 0.140298
vt 0.334577 0.139950
vt 0.334519 0.139590
vt 0.334500 0.139225
vt 0.334519 0.138859
vt 0.334577 0.138499
vt 0.334672 0.138151
vt 0.334802 0.137819
vt 0.334967 0.137510
vt 0.335162 0.137228
vt 0.335386 0.136977
vt 0.335634 0.136762
vt 0.332794 0.135776
vt 0.242892 0.161559
vt 0.243032 0.161265
vt 0.243229 0.160950
vt 0.243453 0.160673
vt 0.243702 0.160432
vt 0.243972 0.160231
vt 0.244259 0.160073
vt 0.244558 0.159960
vt 0.244865 0.159897
vt 0.245174 0.159884
vt 0.245481 0.159922
vt 0.245781 0.160011
vt 0.246069 0.160148
vt 0.246340 0.160330
vt 0.246590 0.160554
vt 0.246815 0.160817
vt 0.247013 0.161117
vt 0.247179 0.161459
vt 0.247268 0.161717
vt 0.249223 0.160548
vt 0.249258 0.156534
vt 0.240037 0.157746
vt 0.335180 0.141228
vt 0.334984 0.140946
vt 0.334820 0.140637
vt 0.334689 0.140305
vt 0.334594 0.139957
vt 0.334537 0.139597
vt 0.334518 0.139232
vt 0.334537 0.138866
vt 0.334595 0.138506
vt 0.334689 0.138158
vt 0.334820 0.137827
vt 0.334984 0.137517
vt 0.335180 0.137235
vt 0.335403 0.136985
vt 0.335652 0.136769
vt 0.332640 0.135759
vt 0.335825 0.165705
vt 0.335687 0.165615
vt 0.335439 0.165399
vt 0.335215 0.165148
vt 0.335020 0.164866
vt 0.334855 0.164557
vt 0.334725 0.164226
vt 0.334630 0.163879
vt 0.334572 0.163519
vt 0.334553 0.163154
vt 0.334572 0.162788
vt 0.334630 0.162429
vt 0.334725 0.162081
vt 0.334855 0.161751
vt 0.335019 0.161444
vt 0.335215 0.161166
vt 0.332639 0.165734
vt 0.247321 0.161816
vt 0.247394 0.162153
vt 0.247437 0.162512
vt 0.247443 0.162885
vt 0.247412 0.163264
vt 0.247344 0.163639
vt 0.247238 0.164005
vt 0.247098 0.164352
vt 0.246924 0.164673
vt 0.246719 0.164964
vt 0.246485 0.165218
vt 0.246226 0.165433
vt 0.245946 0.165605
vt 0.245650 0.165734
vt 0.245343 0.165817
vt 0.245029 0.165854
vt 0.244710 0.165840
vt 0.248732 0.164885
vt 0.335386 0.141475
vt 0.335162 0.141239
vt 0.334967 0.140967
vt 0.334803 0.140668
vt 0.334672 0.140346
vt 0.334577 0.140008
vt 0.334520 0.139658
vt 0.334500 0.139301
vt 0.334520 0.138944
vt 0.334577 0.138590
vt 0.334672 0.138245
vt 0.334803 0.137916
vt 0.334967 0.137606
vt 0.335162 0.137321
vt 0.335386 0.137060
vt 0.332748 0.136388
vt 0.335821 0.165709
vt 0.335670 0.165609
vt 0.335421 0.165393
vt 0.335198 0.165142
vt 0.335002 0.164860
vt 0.334838 0.164552
vt 0.334707 0.164221
vt 0.334612 0.163873
vt 0.334555 0.163514
vt 0.334536 0.163148
vt 0.334555 0.162783
vt 0.334612 0.162424
vt 0.334707 0.162076
vt 0.334838 0.161746
vt 0.335002 0.161439
vt 0.335197 0.161160
vt 0.332748 0.165732
vt 0.235732 0.198515
vt 0.235739 0.197781
vt 0.235747 0.196920
vt 0.235754 0.196101
vt 0.235761 0.195336
vt 0.235768 0.194639
vt 0.235773 0.194019
vt 0.235778 0.193487
vt 0.235782 0.193051
vt 0.235785 0.192718
vt 0.235787 0.192492
vt 0.235788 0.192379
vt 0.235788 0.192379
vt 0.235787 0.192492
vt 0.235785 0.192718
vt 0.235782 0.193051
vt 0.235778 0.193487
vt 0.235773 0.194019
vt 0.235768 0.194639
vt 0.235761 0.195336
vt 0.235754 0.196101
vt 0.235747 0.196920
vt 0.235739 0.197781
vt 0.235732 0.198515
vt 0.257725 0.105642
vt 0.255819 0.103554
vt 0.255836 0.103308
vt 0.255813 0.102977
vt 0.255744 0.102652
vt 0.255629 0.102337
vt 0.255472 0.102038
vt 0.255273 0.101758
vt 0.255037 0.101503
vt 0.254768 0.101276
vt 0.254468 0.101081
vt 0.254144 0.100922
vt 0.253800 0.100800
vt 0.253441 0.100718
vt 0.253074 0.100676
vt 0.252704 0.100676
vt 0.252337 0.100718
vt 0.251978 0.100800
vt 0.251634 0.100922
vt 0.251310 0.101081
vt 0.251010 0.101276
vt 0.250741 0.101503
vt 0.250505 0.101758
vt 0.250306 0.102038
vt 0.257725 0.098978
vt 0.335815 0.165717
vt 0.335654 0.165611
vt 0.335406 0.165395
vt 0.335182 0.165144
vt 0.334987 0.164862
vt 0.334822 0.164553
vt 0.334692 0.164223
vt 0.334597 0.163875
vt 0.334539 0.163515
vt 0.334520 0.163150
vt 0.334539 0.162785
vt 0.334597 0.162425
vt 0.334691 0.162078
vt 0.334822 0.161747
vt 0.334986 0.161440
vt 0.335182 0.161161
vt 0.332698 0.165768
vt 0.148120 0.146143
vt 0.136783 0.141183
vt 0.136964 0.141195
vt 0.137385 0.141195
vt 0.137802 0.141167
vt 0.138209 0.141111
vt 0.138601 0.141028
vt 0.138969 0.140918
vt 0.139310 0.140786
vt 0.139616 0.140631
vt 0.139884 0.140456
vt 0.140110 0.140265
vt 0.140289 0.140060
vt 0.140419 0.139845
vt 0.140498 0.139623
vt 0.140524 0.139397
vt 0.140498 0.139171
vt 0.140419 0.138949
vt 0.140289 0.138734
vt 0.140110 0.138529
vt 0.139884 0.138338
vt 0.139616 0.138164
vt 0.139310 0.138009
vt 0.138969 0.137876
vt 0.138601 0.137767
vt 0.138209 0.137683
vt 0.137959 0.137649
vt 0.142909 0.136454
vt 0.142909 0.141007
vt 0.148120 0.141007
vt 0.242910 0.161564
vt 0.243048 0.161272
vt 0.243245 0.160958
vt 0.243470 0.160681
vt 0.243719 0.160440
vt 0.243988 0.160239
vt 0.244275 0.160080
vt 0.244574 0.159967
vt 0.244880 0.159902
vt 0.245190 0.159888
vt 0.245496 0.159925
vt 0.245796 0.160012
vt 0.246084 0.160148
vt 0.246355 0.160328
vt 0.246605 0.160550
vt 0.246831 0.160812
vt 0.247028 0.161111
vt 0.247195 0.161453
vt 0.247282 0.161708
vt 0.249177 0.160576
vt 0.249213 0.156520
vt 0.239987 0.157734
vt 0.335370 0.141475
vt 0.335147 0.141224
vt 0.334951 0.140942
vt 0.334787 0.140633
vt 0.334656 0.140301
vt 0.334561 0.139953
vt 0.334504 0.139593
vt 0.334485 0.139228
vt 0.334504 0.138862
vt 0.334562 0.138502
vt 0.334656 0.138154
vt 0.334787 0.137823
vt 0.334951 0.137513
vt 0.335147 0.137231
vt 0.335370 0.136981
vt 0.335619 0.136765
vt 0.332698 0.135793
vt 0.249130 0.156567
vt 0.242261 0.161366
vt 0.242416 0.161111
vt 0.242608 0.160856
vt 0.242832 0.160614
vt 0.243086 0.160397
vt 0.243367 0.160214
vt 0.243672 0.160067
vt 0.243998 0.159964
vt 0.244340 0.159905
vt 0.244692 0.159895
vt 0.245048 0.159935
vt 0.245400 0.160024
vt 0.245740 0.160160
vt 0.246061 0.160341
vt 0.246358 0.160563
vt 0.246628 0.160824
vt 0.246873 0.161124
vt 0.247109 0.161465
vt 0.246979 0.141110
vt 0.246783 0.141423
vt 0.246557 0.141697
vt 0.246307 0.141927
vt 0.246036 0.142114
vt 0.245749 0.142255
vt 0.245450 0.142348
vt 0.245143 0.142390
vt 0.244834 0.142382
vt 0.244528 0.142323
vt 0.244229 0.142215
vt 0.243942 0.142061
vt 0.243672 0.141865
vt 0.243422 0.141630
vt 0.243197 0.141361
vt 0.243001 0.141062
vt 0.242835 0.140738
vt 0.242704 0.140393
vt 0.242609 0.140033
vt 0.242551 0.139663
vt 0.242531 0.139288
vt 0.242550 0.138913
vt 0.242608 0.138544
vt 0.242704 0.138184
vt 0.242837 0.137839
vt 0.242987 0.137545
vt 0.240097 0.144175
vt 0.249256 0.145188
vt 0.249223 0.142143
vt 0.247002 0.141120
vt 0.246658 0.141430
vt 0.246338 0.141696
vt 0.246019 0.141920
vt 0.245684 0.142100
vt 0.245333 0.142234
vt 0.244971 0.142320
vt 0.244605 0.142356
vt 0.244243 0.142341
vt 0.243892 0.142278
vt 0.243558 0.142167
vt 0.243244 0.142012
vt 0.242954 0.141816
vt 0.242689 0.141583
vt 0.242450 0.141317
vt 0.242241 0.141021
vt 0.242064 0.140701
vt 0.241922 0.140361
vt 0.241820 0.140005
vt 0.241760 0.139639
vt 0.241744 0.139269
vt 0.241774 0.138898
vt 0.241851 0.138533
vt 0.241979 0.138179
vt 0.242168 0.137839
vt 0.242411 0.137557
vt 0.236288 0.137681
vt 0.236233 0.143740
vt 0.249089 0.145149
vt 0.249069 0.142072
vt 0.130571 0.188130
vt 0.136129 0.187028
vt 0.136175 0.187038
vt 0.136582 0.187094
vt 0.137000 0.187123
vt 0.137420 0.187123
vt 0.137838 0.187094
vt 0.138245 0.187038
vt 0.138636 0.186955
vt 0.139005 0.186846
vt 0.139345 0.186713
vt 0.139652 0.186558
vt 0.139920 0.186383
vt 0.140145 0.186192
vt 0.140325 0.185988
vt 0.140455 0.185772
vt 0.140533 0.185550
vt 0.140560 0.185324
vt 0.140533 0.185098
vt 0.140455 0.184876
vt 0.140325 0.184661
vt 0.140145 0.184456
vt 0.139920 0.184265
vt 0.139652 0.184091
vt 0.139345 0.183936
vt 0.139005 0.183803
vt 0.138636 0.183694
vt 0.138446 0.183653
vt 0.142909 0.183180
vt 0.142909 0.188130
vt 0.248016 0.177536
vt 0.237740 0.172556
vt 0.238102 0.172506
vt 0.238493 0.172423
vt 0.238861 0.172314
vt 0.239202 0.172181
vt 0.239508 0.172026
vt 0.239777 0.171852
vt 0.240002 0.171661
vt 0.240181 0.171456
vt 0.240311 0.171241
vt 0.240390 0.171019
vt 0.240416 0.170793
vt 0.240390 0.170567
vt 0.240311 0.170345
vt 0.240181 0.170129
vt 0.240002 0.169925
vt 0.239777 0.169734
vt 0.239508 0.169559
vt 0.239202 0.169404
vt 0.238861 0.169271
vt 0.238493 0.169162
vt 0.238102 0.169079
vt 0.237839 0.169043
vt 0.242673 0.167858
vt 0.242673 0.172411
vt 0.248016 0.172411
vt 0.248016 0.177069
vt 0.243005 0.137514
vt 0.243204 0.137258
vt 0.243429 0.137024
vt 0.243679 0.136817
vt 0.243948 0.136647
vt 0.244235 0.136517
vt 0.244533 0.136430
vt 0.244838 0.136388
vt 0.245146 0.136392
vt 0.245451 0.136443
vt 0.245749 0.136539
vt 0.246035 0.136680
vt 0.246304 0.136864
vt 0.246553 0.137087
vt 0.246778 0.137348
vt 0.246974 0.137641
vt 0.247139 0.137962
vt 0.247270 0.138306
vt 0.247365 0.138665
vt 0.247423 0.139035
vt 0.247443 0.139409
vt 0.247425 0.139779
vt 0.247368 0.140142
vt 0.247274 0.140489
vt 0.247145 0.140814
vt 0.246983 0.141105
vt 0.249194 0.136569
vt 0.262496 0.112932
vt 0.250034 0.103964
vt 0.250149 0.104279
vt 0.250306 0.104578
vt 0.250505 0.104858
vt 0.250741 0.105113
vt 0.251010 0.105340
vt 0.251310 0.105535
vt 0.251634 0.105694
vt 0.251978 0.105816
vt 0.252337 0.105898
vt 0.252704 0.105940
vt 0.253074 0.105940
vt 0.253441 0.105898
vt 0.253800 0.105816
vt 0.254144 0.105694
vt 0.254468 0.105535
vt 0.254768 0.105340
vt 0.255037 0.105113
vt 0.255273 0.104858
vt 0.255472 0.104578
vt 0.255629 0.104279
vt 0.255744 0.103964
vt 0.255813 0.103638
vt 0.262496 0.105642
vt 0.262496 0.110579
vt 0.262496 0.111138
vt 0.262496 0.111264
vt 0.236030 0.165971
vt 0.236031 0.165842
vt 0.236032 0.165657
vt 0.236034 0.165477
vt 0.236036 0.165307
vt 0.236037 0.165147
vt 0.236038 0.165002
vt 0.236040 0.164873
vt 0.236041 0.164762
vt 0.236041 0.164671
vt 0.236042 0.164601
vt 0.236043 0.164554
vt 0.236043 0.164531
vt 0.236043 0.164531
vt 0.236043 0.164554
vt 0.236042 0.164601
vt 0.236041 0.164671
vt 0.236041 0.164762
vt 0.236040 0.164873
vt 0.236038 0.165002
vt 0.236037 0.165147
vt 0.236036 0.165307
vt 0.236034 0.165477
vt 0.236032 0.165657
vt 0.236031 0.165842
vt 0.236030 0.165971
vt 0.235735 0.198272
vt 0.235748 0.196855
vt 0.235760 0.195437
vt 0.235773 0.194042
vt 0.235786 0.192690
vt 0.235797 0.191405
vt 0.235808 0.190206
vt 0.235818 0.189111
vt 0.235827 0.188139
vt 0.235835 0.187304
vt 0.235841 0.186620
vt 0.235846 0.186097
vt 0.235849 0.185743
vt 0.235851 0.185565
vt 0.235851 0.185565
vt 0.235849 0.185743
vt 0.235846 0.186097
vt 0.235841 0.186620
vt 0.235835 0.187304
vt 0.235827 0.188139
vt 0.235818 0.189111
vt 0.235808 0.190206
vt 0.235797 0.191405
vt 0.235786 0.192690
vt 0.235773 0.194042
vt 0.235760 0.195437
vt 0.235748 0.196855
vt 0.235735 0.198272
vt 0.230335 0.158842
vt 0.235751 0.157678
vt 0.235983 0.157728
vt 0.236391 0.157784
vt 0.236808 0.157812
vt 0.237229 0.157812
vt 0.237646 0.157784
vt 0.238053 0.157728
vt 0.238445 0.157644
vt 0.238813 0.157535
vt 0.239154 0.157402
vt 0.239460 0.157248
vt 0.239728 0.157073
vt 0.239954 0.156882
vt 0.240133 0.156677
vt 0.240263 0.156462
vt 0.240342 0.156240
vt 0.240368 0.156014
vt 0.240342 0.155788
vt 0.240263 0.155566
vt 0.240133 0.155351
vt 0.239954 0.155146
vt 0.239728 0.154955
vt 0.239460 0.154781
vt 0.239154 0.154626
vt 0.238813 0.154493
vt 0.238445 0.154384
vt 0.238272 0.154347
vt 0.242673 0.153892
vt 0.242673 0.158842
vt 0.360901 0.103641
vt 0.360970 0.103964
vt 0.361084 0.104279
vt 0.361242 0.104578
vt 0.361440 0.104858
vt 0.361676 0.105113
vt 0.361946 0.105340
vt 0.362245 0.105535
vt 0.362570 0.105694
vt 0.362914 0.105816
vt 0.363272 0.105898
vt 0.363639 0.105940
vt 0.364010 0.105940
vt 0.364377 0.105898
vt 0.364735 0.105816
vt 0.365079 0.105694
vt 0.365404 0.105534
vt 0.365703 0.105340
vt 0.365973 0.105113
vt 0.366209 0.104858
vt 0.366407 0.104578
vt 0.366565 0.104279
vt 0.366679 0.103964
vt 0.366748 0.103638
vt 0.366764 0.103411
vt 0.354312 0.112932
vt 0.354312 0.105642
vt 0.358568 0.105642
vt 0.242439 0.137522
vt 0.242715 0.137267
vt 0.242997 0.137033
vt 0.243285 0.136827
vt 0.243587 0.136656
vt 0.243902 0.136526
vt 0.244227 0.136440
vt 0.244558 0.136398
vt 0.244888 0.136403
vt 0.245215 0.136453
vt 0.245532 0.136550
vt 0.245835 0.136692
vt 0.246120 0.136876
vt 0.246383 0.137101
vt 0.246620 0.137362
vt 0.246827 0.137657
vt 0.247003 0.137980
vt 0.247145 0.138325
vt 0.247252 0.138686
vt 0.247323 0.139057
vt 0.247356 0.139430
vt 0.247352 0.139801
vt 0.247310 0.140162
vt 0.247233 0.140508
vt 0.247126 0.140832
vt 0.248502 0.136524
vt 0.125698 0.214981
vt 0.137504 0.201899
vt 0.137886 0.201873
vt 0.138293 0.201817
vt 0.138684 0.201733
vt 0.139053 0.201624
vt 0.139393 0.201491
vt 0.139700 0.201336
vt 0.139968 0.201162
vt 0.140194 0.200971
vt 0.140373 0.200766
vt 0.140503 0.200551
vt 0.140582 0.200329
vt 0.140608 0.200103
vt 0.140582 0.199877
vt 0.140503 0.199655
vt 0.140373 0.199440
vt 0.140194 0.199235
vt 0.139968 0.199044
vt 0.139700 0.198869
vt 0.139393 0.198714
vt 0.139053 0.198581
vt 0.138684 0.198472
vt 0.138293 0.198389
vt 0.138015 0.198351
vt 0.142909 0.197146
vt 0.142909 0.201699
vt 0.148183 0.201699
vt 0.148183 0.206847
vt 0.250000 0.206847
vt 0.250000 0.214981
vt 0.148183 0.214981
vt 0.236027 0.166257
vt 0.236019 0.167160
vt 0.236011 0.168049
vt 0.236003 0.168910
vt 0.235995 0.169730
vt 0.235988 0.170494
vt 0.235982 0.171192
vt 0.235976 0.171811
vt 0.235971 0.172344
vt 0.235967 0.172780
vt 0.235964 0.173113
vt 0.235962 0.173338
vt 0.235961 0.173452
vt 0.235961 0.173452
vt 0.235962 0.173338
vt 0.235964 0.173113
vt 0.235967 0.172780
vt 0.235971 0.172344
vt 0.235976 0.171811
vt 0.235982 0.171192
vt 0.235988 0.170494
vt 0.235995 0.169730
vt 0.236003 0.168910
vt 0.236011 0.168049
vt 0.236019 0.167160
vt 0.236027 0.166257
vt 0.360888 0.081211
vt 0.360858 0.081349
vt 0.360835 0.081679
vt 0.360858 0.082010
vt 0.360928 0.082335
vt 0.361042 0.082650
vt 0.361200 0.082950
vt 0.361398 0.083229
vt 0.361634 0.083485
vt 0.361904 0.083711
vt 0.362203 0.083906
vt 0.362527 0.084066
vt 0.362871 0.084187
vt 0.363230 0.084270
vt 0.363597 0.084311
vt 0.363967 0.084311
vt 0.364334 0.084270
vt 0.364693 0.084187
vt 0.365037 0.084066
vt 0.365361 0.083906
vt 0.365661 0.083711
vt 0.365931 0.083485
vt 0.366167 0.083229
vt 0.366365 0.082950
vt 0.366522 0.082650
vt 0.366637 0.082335
vt 0.366706 0.082010
vt 0.366722 0.081786
vt 0.369853 0.085784
vt 0.358568 0.085784
vt 0.358568 0.078539
vt 0.246995 0.141117
vt 0.246798 0.141432
vt 0.246572 0.141706
vt 0.246322 0.141936
vt 0.246051 0.142122
vt 0.245764 0.142262
vt 0.245465 0.142354
vt 0.245158 0.142396
vt 0.244849 0.142386
vt 0.244543 0.142326
vt 0.244244 0.142217
vt 0.243957 0.142063
vt 0.243687 0.141866
vt 0.243438 0.141630
vt 0.243213 0.141361
vt 0.243017 0.141062
vt 0.242851 0.140737
vt 0.242720 0.140393
vt 0.242625 0.140033
vt 0.242567 0.139663
vt 0.242548 0.139288
vt 0.242567 0.138913
vt 0.242625 0.138544
vt 0.242720 0.138186
vt 0.242853 0.137841
vt 0.243004 0.137545
vt 0.240047 0.144148
vt 0.249210 0.145160
vt 0.249177 0.142121
vt 0.352517 0.187947
vt 0.352515 0.187831
vt 0.352514 0.187715
vt 0.352512 0.187600
vt 0.352511 0.187490
vt 0.352509 0.187384
vt 0.352508 0.187286
vt 0.352507 0.187196
vt 0.352506 0.187117
vt 0.352505 0.187048
vt 0.352504 0.186992
vt 0.352503 0.186949
vt 0.352503 0.186920
vt 0.352503 0.186906
vt 0.352503 0.186906
vt 0.352503 0.186920
vt 0.352503 0.186949
vt 0.352504 0.186992
vt 0.352505 0.187048
vt 0.352506 0.187117
vt 0.352507 0.187196
vt 0.352508 0.187286
vt 0.352509 0.187384
vt 0.352511 0.187490
vt 0.352512 0.187600
vt 0.352514 0.187715
vt 0.352515 0.187831
vt 0.352518 0.188061
vt 0.352520 0.188172
vt 0.352521 0.188277
vt 0.352523 0.188376
vt 0.352524 0.188465
vt 0.352525 0.188545
vt 0.352526 0.188613
vt 0.352527 0.188669
vt 0.352527 0.188712
vt 0.352527 0.188741
vt 0.352528 0.188756
vt 0.352528 0.188756
vt 0.352527 0.188741
vt 0.352527 0.188712
vt 0.352526 0.188669
vt 0.352526 0.188613
vt 0.352525 0.188545
vt 0.352524 0.188465
vt 0.352523 0.188376
vt 0.352521 0.188277
vt 0.352520 0.188172
vt 0.352518 0.188061
vt 0.352517 0.187947
vt 0.261966 0.183671
vt 0.261860 0.183694
vt 0.261491 0.183803
vt 0.261151 0.183936
vt 0.260844 0.184091
vt 0.260576 0.184265
vt 0.260351 0.184456
vt 0.260172 0.184661
vt 0.260042 0.184876
vt 0.259963 0.185098
vt 0.259936 0.185324
vt 0.259963 0.185550
vt 0.260042 0.185772
vt 0.260172 0.185988
vt 0.260351 0.186192
vt 0.260576 0.186383
vt 0.260844 0.186558
vt 0.261151 0.186713
vt 0.261491 0.186846
vt 0.261860 0.186955
vt 0.262251 0.187038
vt 0.262659 0.187094
vt 0.263076 0.187123
vt 0.263497 0.187123
vt 0.263914 0.187094
vt 0.264321 0.187038
vt 0.264416 0.187018
vt 0.270359 0.188130
vt 0.257532 0.188130
vt 0.257532 0.183180
vt 0.246979 0.141110
vt 0.246635 0.141425
vt 0.246316 0.141697
vt 0.245998 0.141923
vt 0.245665 0.142106
vt 0.245314 0.142244
vt 0.244951 0.142333
vt 0.244584 0.142373
vt 0.244219 0.142363
vt 0.243865 0.142305
vt 0.243527 0.142200
vt 0.243209 0.142052
vt 0.242913 0.141864
vt 0.242643 0.141640
vt 0.242400 0.141385
vt 0.242187 0.141101
vt 0.242007 0.140795
vt 0.241864 0.140470
vt 0.241761 0.140129
vt 0.241702 0.139778
vt 0.241691 0.139421
vt 0.241728 0.139063
vt 0.241815 0.138707
vt 0.241954 0.138359
vt 0.242152 0.138021
vt 0.242430 0.137694
vt 0.242600 0.137553
vt 0.236288 0.137681
vt 0.236232 0.143790
vt 0.249150 0.145196
vt 0.249127 0.142098
vt 0.250000 0.114386
vt 0.246715 0.114386
vt 0.148120 0.114386
vt 0.148120 0.121323
vt 0.142909 0.121323
vt 0.142909 0.125000
vt 0.140394 0.125000
vt 0.140450 0.124772
vt 0.140476 0.124442
vt 0.140450 0.124111
vt 0.140371 0.123786
vt 0.140241 0.123471
vt 0.140062 0.123171
vt 0.139836 0.122892
vt 0.139568 0.122636
vt 0.139261 0.122410
vt 0.138921 0.122215
vt 0.138552 0.122056
vt 0.138161 0.121934
vt 0.137754 0.121851
vt 0.137336 0.121810
vt 0.136916 0.121810
vt 0.136498 0.121851
vt 0.136091 0.121934
vt 0.135700 0.122056
vt 0.135331 0.122215
vt 0.134991 0.122410
vt 0.134684 0.122636
vt 0.134416 0.122892
vt 0.134191 0.123171
vt 0.134011 0.123471
vt 0.133881 0.123786
vt 0.133803 0.124111
vt 0.133776 0.124442
vt 0.133803 0.124772
vt 0.133858 0.125000
vt 0.125000 0.125000
vt 0.125000 0.115913
vt 0.125635 0.114386
vt 0.362157 0.169073
vt 0.362110 0.169079
vt 0.361719 0.169162
vt 0.361350 0.169271
vt 0.361010 0.169404
vt 0.360703 0.169559
vt 0.360435 0.169734
vt 0.360210 0.169925
vt 0.360031 0.170129
vt 0.359901 0.170345
vt 0.359822 0.170567
vt 0.359796 0.170793
vt 0.359822 0.171019
vt 0.359901 0.171241
vt 0.360031 0.171456
vt 0.360210 0.171661
vt 0.360435 0.171852
vt 0.360703 0.172026
vt 0.361010 0.172181
vt 0.361350 0.172314
vt 0.361719 0.172423
vt 0.362110 0.172506
vt 0.362518 0.172563
vt 0.362935 0.172591
vt 0.363033 0.172591
vt 0.352378 0.177536
vt 0.352378 0.172411
vt 0.357296 0.172411
vt 0.357296 0.167858
vt 0.361767 0.154363
vt 0.361671 0.154384
vt 0.361302 0.154493
vt 0.360962 0.154626
vt 0.360655 0.154781
vt 0.360387 0.154955
vt 0.360162 0.155146
vt 0.359983 0.155351
vt 0.359853 0.155566
vt 0.359774 0.155788
vt 0.359747 0.156014
vt 0.359774 0.156240
vt 0.359853 0.156462
vt 0.359983 0.156677
vt 0.360162 0.156882
vt 0.360387 0.157073
vt 0.360655 0.157248
vt 0.360962 0.157402
vt 0.361302 0.157535
vt 0.361671 0.157644
vt 0.362062 0.157728
vt 0.362470 0.157784
vt 0.362887 0.157812
vt 0.363307 0.157812
vt 0.363725 0.157784
vt 0.364132 0.157728
vt 0.364428 0.157665
vt 0.370123 0.158842
vt 0.357296 0.158842
vt 0.357296 0.153892
vt 0.243021 0.137516
vt 0.243220 0.137260
vt 0.243445 0.137025
vt 0.243695 0.136818
vt 0.243964 0.136648
vt 0.244250 0.136518
vt 0.244548 0.136431
vt 0.244853 0.136389
vt 0.245161 0.136394
vt 0.245466 0.136445
vt 0.245764 0.136542
vt 0.246050 0.136683
vt 0.246319 0.136868
vt 0.246568 0.137093
vt 0.246793 0.137354
vt 0.246989 0.137648
vt 0.247154 0.137970
vt 0.247285 0.138315
vt 0.247380 0.138676
vt 0.247438 0.139046
vt 0.247458 0.139420
vt 0.247440 0.139791
vt 0.247383 0.140153
vt 0.247289 0.140499
vt 0.247160 0.140824
vt 0.246998 0.141113
vt 0.249147 0.136540
vt 0.242738 0.137456
vt 0.243012 0.137272
vt 0.243297 0.137090
vt 0.243598 0.136930
vt 0.243913 0.136805
vt 0.244238 0.136719
vt 0.244569 0.136676
vt 0.244899 0.136678
vt 0.245225 0.136725
vt 0.245542 0.136817
vt 0.245845 0.136953
vt 0.246129 0.137131
vt 0.246390 0.137349
vt 0.246626 0.137603
vt 0.246833 0.137888
vt 0.247007 0.138199
vt 0.247148 0.138529
vt 0.247253 0.138874
vt 0.247322 0.139225
vt 0.247353 0.139577
vt 0.247346 0.139925
vt 0.247301 0.140262
vt 0.247221 0.140583
vt 0.247111 0.140875
vt 0.246980 0.141109
vt 0.248612 0.137927
vt 0.352491 0.186015
vt 0.339151 0.162266
vt 0.340054 0.164023
vt 0.340656 0.165195
vt 0.341103 0.166108
vt 0.341446 0.166875
vt 0.341698 0.167525
vt 0.341859 0.168061
vt 0.341929 0.168480
vt 0.341908 0.168786
vt 0.341802 0.168986
vt 0.341619 0.169096
vt 0.341373 0.169135
vt 0.341073 0.169122
vt 0.340733 0.169070
vt 0.340363 0.168992
vt 0.339970 0.168891
vt 0.339562 0.168770
vt 0.339143 0.168625
vt 0.338716 0.168453
vt 0.338284 0.168244
vt 0.337845 0.167985
vt 0.337388 0.167648
vt 0.336878 0.167155
vt 0.336204 0.166286
vt 0.338472 0.161090
vt 0.338618 0.161521
vt 0.338770 0.161906
vt 0.338905 0.162282
vt 0.339015 0.162660
vt 0.339094 0.163042
vt 0.339140 0.163426
vt 0.339151 0.163808
vt 0.339126 0.164182
vt 0.339065 0.164546
vt 0.338969 0.164892
vt 0.338839 0.165217
vt 0.338678 0.165516
vt 0.338487 0.165784
vt 0.338270 0.166016
vt 0.338030 0.166210
vt 0.337772 0.166361
vt 0.337499 0.166467
vt 0.337216 0.166525
vt 0.336928 0.166534
vt 0.336641 0.166491
vt 0.336363 0.166389
vt 0.336105 0.166214
vt 0.335896 0.165919
vt 0.340737 0.162049
vt 0.339085 0.162154
vt 0.339989 0.163914
vt 0.340580 0.165062
vt 0.341015 0.165948
vt 0.341347 0.166692
vt 0.341589 0.167324
vt 0.341744 0.167849
vt 0.341811 0.168265
vt 0.341791 0.168574
vt 0.341689 0.168784
vt 0.341513 0.168911
vt 0.341275 0.168970
vt 0.340986 0.168978
vt 0.340657 0.168950
vt 0.340297 0.168895
vt 0.339915 0.168816
vt 0.339517 0.168714
vt 0.339107 0.168587
vt 0.338688 0.168430
vt 0.338262 0.168233
vt 0.337827 0.167982
vt 0.337371 0.167647
vt 0.336856 0.167144
vt 0.336169 0.166251
vt 0.234356 0.169734
vt 0.234131 0.169925
vt 0.233952 0.170129
vt 0.233822 0.170345
vt 0.233743 0.170567
vt 0.233717 0.170793
vt 0.233743 0.171019
vt 0.233822 0.171241
vt 0.233952 0.171456
vt 0.234131 0.171661
vt 0.234356 0.171852
vt 0.234625 0.172026
vt 0.234931 0.172181
vt 0.235272 0.172314
vt 0.235640 0.172423
vt 0.236031 0.172506
vt 0.236439 0.172563
vt 0.236856 0.172591
vt 0.237277 0.172591
vt 0.237694 0.172563
vt 0.248297 0.177536
vt 0.250000 0.177536
vt 0.250000 0.178452
vt 0.248016 0.178452
vt 0.246930 0.178452
vt 0.230528 0.178452
vt 0.225416 0.178452
vt 0.148183 0.178452
vt 0.164974 0.164993
vt 0.185075 0.174228
vt 0.190817 0.171590
vt 0.205176 0.164993
vt 0.194747 0.164993
vt 0.194748 0.155303
vt 0.247309 0.161786
vt 0.247398 0.162062
vt 0.247452 0.162386
vt 0.247469 0.162733
vt 0.247447 0.163090
vt 0.247388 0.163447
vt 0.247292 0.163798
vt 0.247160 0.164135
vt 0.246994 0.164450
vt 0.246797 0.164737
vt 0.246572 0.164991
vt 0.246323 0.165206
vt 0.246052 0.165381
vt 0.245766 0.165512
vt 0.245467 0.165598
vt 0.245161 0.165638
vt 0.244852 0.165632
vt 0.244546 0.165580
vt 0.244248 0.165485
vt 0.243961 0.165347
vt 0.243691 0.165169
vt 0.243441 0.164955
vt 0.243216 0.164707
vt 0.243019 0.164430
vt 0.242854 0.164128
vt 0.242722 0.163807
vt 0.242627 0.163472
vt 0.242569 0.163128
vt 0.242550 0.162783
vt 0.242569 0.162443
vt 0.242628 0.162117
vt 0.242726 0.161822
vt 0.242864 0.161586
vt 0.249162 0.163933
vt 0.262280 0.137677
vt 0.262236 0.137683
vt 0.261845 0.137767
vt 0.261476 0.137876
vt 0.261136 0.138009
vt 0.260829 0.138164
vt 0.260561 0.138338
vt 0.260335 0.138529
vt 0.260156 0.138734
vt 0.260026 0.138949
vt 0.259947 0.139171
vt 0.259921 0.139397
vt 0.259947 0.139623
vt 0.260026 0.139845
vt 0.260156 0.140060
vt 0.260335 0.140265
vt 0.260561 0.140456
vt 0.260829 0.140631
vt 0.261136 0.140785
vt 0.261476 0.140919
vt 0.261845 0.141028
vt 0.262236 0.141111
vt 0.262643 0.141167
vt 0.263061 0.141195
vt 0.263481 0.141195
vt 0.263898 0.141167
vt 0.264306 0.141111
vt 0.264697 0.141028
vt 0.264804 0.140996
vt 0.352378 0.149141
vt 0.269080 0.149141
vt 0.268050 0.149141
vt 0.252482 0.149141
vt 0.252205 0.149141
vt 0.250000 0.149141
vt 0.250000 0.146143
vt 0.252482 0.146143
vt 0.252482 0.141007
vt 0.257532 0.141007
vt 0.257532 0.136454
vt 0.247324 0.161778
vt 0.247413 0.162052
vt 0.247467 0.162373
vt 0.247484 0.162718
vt 0.247462 0.163074
vt 0.247403 0.163431
vt 0.247307 0.163783
vt 0.247174 0.164120
vt 0.247009 0.164437
vt 0.246812 0.164725
vt 0.246587 0.164980
vt 0.246337 0.165198
vt 0.246067 0.165374
vt 0.245780 0.165507
vt 0.245482 0.165595
vt 0.245176 0.165637
vt 0.244868 0.165633
vt 0.244562 0.165584
vt 0.244263 0.165491
vt 0.243977 0.165355
vt 0.243707 0.165180
vt 0.243458 0.164967
vt 0.243233 0.164721
vt 0.243036 0.164445
vt 0.242871 0.164145
vt 0.242739 0.163824
vt 0.242644 0.163489
vt 0.242586 0.163145
vt 0.242567 0.162798
vt 0.242587 0.162457
vt 0.242645 0.162129
vt 0.242743 0.161831
vt 0.242880 0.161592
vt 0.249116 0.163928
vt 0.262536 0.113174
vt 0.262803 0.113174
vt 0.266837 0.113174
vt 0.340312 0.113174
vt 0.354586 0.113174
vt 0.266491 0.125000
vt 0.266501 0.124772
vt 0.266465 0.124442
vt 0.266379 0.124111
vt 0.266244 0.123786
vt 0.266062 0.123471
vt 0.265836 0.123171
vt 0.265569 0.122892
vt 0.265266 0.122636
vt 0.264931 0.122410
vt 0.264569 0.122215
vt 0.264186 0.122056
vt 0.263788 0.121934
vt 0.263380 0.121851
vt 0.262968 0.121810
vt 0.262559 0.121810
vt 0.262158 0.121851
vt 0.261771 0.121934
vt 0.261405 0.122056
vt 0.261064 0.122215
vt 0.260753 0.122410
vt 0.260479 0.122636
vt 0.260245 0.122892
vt 0.260056 0.123171
vt 0.259914 0.123471
vt 0.259822 0.123786
vt 0.259783 0.124111
vt 0.259798 0.124442
vt 0.259867 0.124772
vt 0.259954 0.125000
vt 0.257532 0.125000
vt 0.257214 0.121323
vt 0.252356 0.121323
vt 0.252265 0.114386
vt 0.181281 0.170608
vt 0.171796 0.166197
vt 0.177987 0.166197
vt 0.177987 0.156869
vt 0.192163 0.156869
vt 0.185752 0.159676
vt 0.185445 0.159682
vt 0.185140 0.159699
vt 0.184837 0.159727
vt 0.184536 0.159767
vt 0.184237 0.159819
vt 0.183940 0.159881
vt 0.183648 0.159956
vt 0.183368 0.160044
vt 0.183098 0.160144
vt 0.182838 0.160258
vt 0.182588 0.160383
vt 0.182349 0.160522
vt 0.182123 0.160674
vt 0.181913 0.160840
vt 0.181718 0.161020
vt 0.181539 0.161214
vt 0.181377 0.161423
vt 0.181230 0.161645
vt 0.181102 0.161883
vt 0.180997 0.162136
vt 0.180916 0.162405
vt 0.180858 0.162690
vt 0.180823 0.162991
vt 0.180812 0.163308
vt 0.180824 0.163623
vt 0.180860 0.163923
vt 0.180920 0.164209
vt 0.181005 0.164481
vt 0.181114 0.164738
vt 0.181247 0.164981
vt 0.181401 0.165210
vt 0.181571 0.165425
vt 0.181758 0.165626
vt 0.181962 0.165814
vt 0.182182 0.165988
vt 0.182420 0.166147
vt 0.182672 0.166294
vt 0.182934 0.166427
vt 0.183209 0.166548
vt 0.183494 0.166655
vt 0.262344 0.198383
vt 0.262299 0.198389
vt 0.261908 0.198472
vt 0.261540 0.198581
vt 0.261199 0.198714
vt 0.260893 0.198869
vt 0.260624 0.199044
vt 0.260399 0.199235
vt 0.260220 0.199440
vt 0.260090 0.199655
vt 0.260011 0.199877
vt 0.259985 0.200103
vt 0.260011 0.200329
vt 0.260090 0.200551
vt 0.260220 0.200766
vt 0.260399 0.200971
vt 0.260624 0.201162
vt 0.260893 0.201336
vt 0.261199 0.201491
vt 0.261540 0.201624
vt 0.261908 0.201733
vt 0.262299 0.201816
vt 0.262707 0.201873
vt 0.263124 0.201901
vt 0.263545 0.201901
vt 0.263962 0.201873
vt 0.264370 0.201817
vt 0.264761 0.201733
vt 0.265129 0.201624
vt 0.265470 0.201491
vt 0.265716 0.201367
vt 0.269143 0.214981
vt 0.252545 0.214981
vt 0.252545 0.206847
vt 0.252545 0.201699
vt 0.257532 0.201699
vt 0.257532 0.197146
vt 0.364524 0.154384
vt 0.364132 0.154300
vt 0.363725 0.154244
vt 0.363308 0.154216
vt 0.362887 0.154216
vt 0.362469 0.154244
vt 0.362062 0.154300
vt 0.352378 0.153892
vt 0.265066 0.140918
vt 0.265406 0.140786
vt 0.265713 0.140631
vt 0.265981 0.140456
vt 0.266206 0.140265
vt 0.266385 0.140060
vt 0.266515 0.139845
vt 0.266594 0.139623
vt 0.266621 0.139397
vt 0.266594 0.139171
vt 0.266516 0.138949
vt 0.266385 0.138734
vt 0.266206 0.138529
vt 0.265981 0.138338
vt 0.265713 0.138164
vt 0.265406 0.138009
vt 0.265066 0.137876
vt 0.264697 0.137767
vt 0.264306 0.137683
vt 0.263899 0.137627
vt 0.263481 0.137599
vt 0.263061 0.137599
vt 0.262643 0.137627
vt 0.270359 0.136454
vt 0.297210 0.135095
vt 0.317311 0.144330
vt 0.323053 0.141692
vt 0.337412 0.135095
vt 0.326984 0.135095
vt 0.326984 0.125406
vt 0.320089 0.136671
vt 0.320356 0.136547
vt 0.320599 0.136411
vt 0.320818 0.136262
vt 0.321013 0.136101
vt 0.321182 0.135929
vt 0.321320 0.135747
vt 0.321427 0.135555
vt 0.321503 0.135354
vt 0.321549 0.135142
vt 0.321564 0.134921
vt 0.321548 0.134716
vt 0.321500 0.134510
vt 0.321420 0.134303
vt 0.321308 0.134094
vt 0.321163 0.133885
vt 0.320987 0.133673
vt 0.320785 0.133462
vt 0.320565 0.133252
vt 0.320327 0.133042
vt 0.320070 0.132834
vt 0.319796 0.132627
vt 0.319503 0.132421
vt 0.319198 0.132217
vt 0.318887 0.132017
vt 0.318570 0.131820
vt 0.318247 0.131627
vt 0.317918 0.131437
vt 0.317584 0.131250
vt 0.317753 0.131263
vt 0.317928 0.131275
vt 0.318110 0.131286
vt 0.318298 0.131297
vt 0.318493 0.131307
vt 0.318694 0.131317
vt 0.318894 0.131326
vt 0.319084 0.131333
vt 0.319265 0.131339
vt 0.319437 0.131343
vt 0.319599 0.131345
vt 0.319752 0.131346
vt 0.322169 0.131346
vt 0.322169 0.129912
vt 0.312999 0.129912
vt 0.310223 0.126971
vt 0.324399 0.126971
vt 0.324399 0.136299
vt 0.195759 0.093860
vt 0.196128 0.093778
vt 0.196479 0.093678
vt 0.196806 0.093560
vt 0.197108 0.093424
vt 0.197385 0.093272
vt 0.197636 0.093103
vt 0.197861 0.092916
vt 0.198060 0.092713
vt 0.198231 0.092492
vt 0.198371 0.092255
vt 0.198480 0.092001
vt 0.198558 0.091730
vt 0.198604 0.091443
vt 0.198620 0.091139
vt 0.198605 0.090887
vt 0.198561 0.090645
vt 0.198487 0.090413
vt 0.198383 0.090190
vt 0.198250 0.089978
vt 0.198087 0.089775
vt 0.197895 0.089584
vt 0.197674 0.089407
vt 0.197425 0.089245
vt 0.197147 0.089097
vt 0.196840 0.088963
vt 0.196505 0.088844
vt 0.196505 0.088774
vt 0.196744 0.088714
vt 0.196974 0.088643
vt 0.197196 0.088563
vt 0.197410 0.088473
vt 0.197615 0.088373
vt 0.197811 0.088264
vt 0.197997 0.088145
vt 0.198169 0.088017
vt 0.198327 0.087881
vt 0.198471 0.087735
vt 0.198601 0.087581
vt 0.198718 0.087417
vt 0.198818 0.087245
vt 0.198900 0.087063
vt 0.198964 0.086872
vt 0.199010 0.086671
vt 0.199037 0.086461
vt 0.199047 0.086242
vt 0.199028 0.085928
vt 0.198971 0.085631
vt 0.198878 0.085349
vt 0.198746 0.085083
vt 0.198578 0.084833
vt 0.198371 0.084599
vt 0.198134 0.084381
vt 0.197873 0.084182
vt 0.197587 0.084000
vt 0.197277 0.083837
vt 0.196943 0.083691
vt 0.196585 0.083563
vt 0.196209 0.083454
vt 0.195822 0.083365
vt 0.195423 0.083296
vt 0.195013 0.083246
vt 0.194592 0.083217
vt 0.194159 0.083207
vt 0.187528 0.079098
vt 0.201704 0.079098
vt 0.201704 0.092751
vt 0.183999 0.162661
vt 0.183856 0.162550
vt 0.183774 0.162477
vt 0.183829 0.162256
vt 0.183902 0.162052
vt 0.183992 0.161871
vt 0.184093 0.161709
vt 0.184204 0.161565
vt 0.184323 0.161438
vt 0.184451 0.161327
vt 0.184588 0.161234
vt 0.184734 0.161157
vt 0.184886 0.161095
vt 0.185040 0.161044
vt 0.185196 0.161004
vt 0.185355 0.160975
vt 0.185516 0.160958
vt 0.185680 0.160953
vt 0.185819 0.160956
vt 0.185954 0.160966
vt 0.186085 0.160982
vt 0.186211 0.161006
vt 0.186332 0.161035
vt 0.186449 0.161072
vt 0.186561 0.161115
vt 0.186664 0.161166
vt 0.186761 0.161224
vt 0.186850 0.161289
vt 0.186932 0.161362
vt 0.187006 0.161443
vt 0.187071 0.161531
vt 0.187124 0.161627
vt 0.187166 0.161731
vt 0.187195 0.161844
vt 0.187213 0.161965
vt 0.187219 0.162094
vt 0.187212 0.162219
vt 0.187194 0.162336
vt 0.187163 0.162442
vt 0.187120 0.162540
vt 0.187065 0.162628
vt 0.186997 0.162708
vt 0.186920 0.162778
vt 0.186835 0.162842
vt 0.186743 0.162899
vt 0.186644 0.162949
vt 0.186537 0.162991
vt 0.186423 0.163026
vt 0.186303 0.163055
vt 0.186177 0.163079
vt 0.186047 0.163098
vt 0.185912 0.163111
vt 0.185772 0.163119
vt 0.185627 0.163121
vt 0.185462 0.163117
vt 0.185296 0.163104
vt 0.185130 0.163083
vt 0.184963 0.163054
vt 0.184796 0.163016
vt 0.184628 0.162969
vt 0.184463 0.162912
vt 0.184303 0.162841
vt 0.184148 0.162758
vt 0.304032 0.136299
vt 0.310223 0.136299
vt 0.312999 0.130887
vt 0.313538 0.131155
vt 0.314055 0.131416
vt 0.314549 0.131671
vt 0.315020 0.131919
vt 0.315469 0.132161
vt 0.315895 0.132397
vt 0.316295 0.132627
vt 0.316663 0.132852
vt 0.317002 0.133072
vt 0.317309 0.133287
vt 0.317586 0.133497
vt 0.317832 0.133702
vt 0.318044 0.133902
vt 0.318217 0.134097
vt 0.318352 0.134286
vt 0.318448 0.134471
vt 0.318506 0.134651
vt 0.318525 0.134825
vt 0.318520 0.134931
vt 0.318503 0.135031
vt 0.318474 0.135125
vt 0.318435 0.135214
vt 0.318383 0.135297
vt 0.318321 0.135375
vt 0.318248 0.135447
vt 0.318164 0.135512
vt 0.318070 0.135572
vt 0.317966 0.135626
vt 0.317851 0.135673
vt 0.317726 0.135714
vt 0.317591 0.135749
vt 0.317449 0.135778
vt 0.317299 0.135800
vt 0.317141 0.135816
vt 0.316975 0.135826
vt 0.316802 0.135829
vt 0.316580 0.135823
vt 0.316366 0.135806
vt 0.316160 0.135778
vt 0.315960 0.135738
vt 0.315769 0.135686
vt 0.315584 0.135623
vt 0.315405 0.135553
vt 0.315230 0.135478
vt 0.315058 0.135400
vt 0.314889 0.135318
vt 0.314724 0.135231
vt 0.314562 0.135141
vt 0.312839 0.136058
vt 0.313165 0.136238
vt 0.313493 0.136401
vt 0.313823 0.136548
vt 0.314154 0.136679
vt 0.314486 0.136793
vt 0.314820 0.136890
vt 0.315166 0.136972
vt 0.315534 0.137039
vt 0.315924 0.137091
vt 0.316337 0.137128
vt 0.316771 0.137150
vt 0.317228 0.137158
vt 0.317646 0.137150
vt 0.318048 0.137127
vt 0.318432 0.137088
vt 0.318800 0.137034
vt 0.319151 0.136965
vt 0.319485 0.136880
vt 0.319799 0.136782
vt 0.330590 0.136299
vt 0.326796 0.138063
vt 0.317311 0.142474
vt 0.366772 0.103308
vt 0.366748 0.102977
vt 0.366679 0.102652
vt 0.366565 0.102337
vt 0.366407 0.102038
vt 0.366209 0.101758
vt 0.365973 0.101503
vt 0.365703 0.101276
vt 0.365404 0.101081
vt 0.365079 0.100922
vt 0.364735 0.100800
vt 0.364377 0.100718
vt 0.364010 0.100676
vt 0.363640 0.100676
vt 0.363272 0.100718
vt 0.362914 0.100800
vt 0.362570 0.100922
vt 0.362245 0.101081
vt 0.361946 0.101276
vt 0.361676 0.101503
vt 0.361440 0.101758
vt 0.361242 0.102038
vt 0.361084 0.102337
vt 0.360970 0.102652
vt 0.360901 0.102977
vt 0.360877 0.103308
vt 0.360901 0.103638
vt 0.358568 0.098978
vt 0.369853 0.098978
vt 0.366729 0.081679
vt 0.366706 0.081349
vt 0.366637 0.081024
vt 0.366522 0.080709
vt 0.366365 0.080409
vt 0.366166 0.080129
vt 0.365930 0.079874
vt 0.365661 0.079648
vt 0.365361 0.079453
vt 0.365037 0.079293
vt 0.364693 0.079171
vt 0.364334 0.079089
vt 0.363967 0.079048
vt 0.363597 0.079048
vt 0.363230 0.079089
vt 0.362871 0.079171
vt 0.362527 0.079293
vt 0.362203 0.079453
vt 0.361903 0.079648
vt 0.361634 0.079874
vt 0.361398 0.080129
vt 0.361200 0.080409
vt 0.361042 0.080709
vt 0.360928 0.081024
vt 0.354312 0.078539
vt 0.354312 0.071617
vt 0.262496 0.071617
vt 0.262496 0.078539
vt 0.257725 0.078539
vt 0.257725 0.085784
vt 0.250264 0.082950
vt 0.250462 0.083229
vt 0.250698 0.083485
vt 0.250968 0.083711
vt 0.251267 0.083906
vt 0.251592 0.084066
vt 0.251936 0.084187
vt 0.252294 0.084270
vt 0.252661 0.084311
vt 0.253032 0.084311
vt 0.253399 0.084270
vt 0.253757 0.084187
vt 0.254101 0.084066
vt 0.254426 0.083906
vt 0.254725 0.083711
vt 0.254995 0.083485
vt 0.255231 0.083229
vt 0.255429 0.082950
vt 0.255587 0.082650
vt 0.255701 0.082335
vt 0.255771 0.082010
vt 0.255794 0.081679
vt 0.255771 0.081349
vt 0.255701 0.081024
vt 0.310109 0.067405
vt 0.315161 0.063545
vt 0.198354 0.166197
vt 0.194560 0.167961
vt 0.185075 0.172372
vt 0.183791 0.166750
vt 0.184099 0.166831
vt 0.184416 0.166900
vt 0.184737 0.166956
vt 0.185064 0.166999
vt 0.185395 0.167031
vt 0.185731 0.167049
vt 0.186072 0.167056
vt 0.186500 0.167048
vt 0.186909 0.167027
vt 0.187298 0.166992
vt 0.187667 0.166943
vt 0.188017 0.166880
vt 0.188347 0.166802
vt 0.188657 0.166715
vt 0.188949 0.166623
vt 0.189222 0.166526
vt 0.189476 0.166424
vt 0.189712 0.166317
vt 0.189928 0.166205
vt 0.188258 0.165201
vt 0.188145 0.165264
vt 0.188019 0.165324
vt 0.187880 0.165383
vt 0.187729 0.165439
vt 0.187564 0.165493
vt 0.187387 0.165545
vt 0.187203 0.165592
vt 0.187020 0.165630
vt 0.186836 0.165660
vt 0.186652 0.165681
vt 0.186469 0.165694
vt 0.186285 0.165698
vt 0.186046 0.165692
vt 0.185815 0.165673
vt 0.185592 0.165642
vt 0.185377 0.165598
vt 0.185170 0.165542
vt 0.184970 0.165474
vt 0.184782 0.165390
vt 0.184606 0.165291
vt 0.184444 0.165175
vt 0.184295 0.165042
vt 0.184159 0.164893
vt 0.184037 0.164728
vt 0.183931 0.164544
vt 0.183845 0.164339
vt 0.183777 0.164112
vt 0.183729 0.163865
vt 0.183704 0.163630
vt 0.183796 0.163691
vt 0.183924 0.163766
vt 0.184060 0.163836
vt 0.184204 0.163902
vt 0.184357 0.163963
vt 0.184515 0.164020
vt 0.184675 0.164071
vt 0.184837 0.164118
vt 0.185001 0.164161
vt 0.185167 0.164198
vt 0.185335 0.164231
vt 0.185500 0.164259
vt 0.185659 0.164281
vt 0.185812 0.164299
vt 0.185959 0.164311
vt 0.186098 0.164319
vt 0.186232 0.164322
vt 0.186593 0.164315
vt 0.186942 0.164296
vt 0.187278 0.164263
vt 0.187602 0.164218
vt 0.187914 0.164159
vt 0.188214 0.164087
vt 0.188496 0.164002
vt 0.188758 0.163903
vt 0.189000 0.163789
vt 0.189220 0.163660
vt 0.189420 0.163518
vt 0.189600 0.163361
vt 0.189754 0.163189
vt 0.189881 0.163001
vt 0.189979 0.162798
vt 0.190050 0.162579
vt 0.190092 0.162345
vt 0.190106 0.162094
vt 0.190090 0.161849
vt 0.190040 0.161615
vt 0.189957 0.161393
vt 0.189842 0.161183
vt 0.189693 0.160985
vt 0.189511 0.160799
vt 0.189301 0.160626
vt 0.189070 0.160467
vt 0.188818 0.160321
vt 0.188543 0.160190
vt 0.188247 0.160072
vt 0.187929 0.159967
vt 0.187595 0.159878
vt 0.187249 0.159806
vt 0.186892 0.159749
vt 0.186523 0.159708
vt 0.186143 0.159684
vt 0.192163 0.166197
vt 0.181337 0.092751
vt 0.187528 0.092751
vt 0.193816 0.083212
vt 0.193483 0.083227
vt 0.193162 0.083252
vt 0.192852 0.083287
vt 0.192554 0.083333
vt 0.192267 0.083389
vt 0.191991 0.083453
vt 0.191725 0.083526
vt 0.191469 0.083607
vt 0.191224 0.083696
vt 0.190989 0.083793
vt 0.190765 0.083899
vt 0.190551 0.084012
vt 0.190346 0.084130
vt 0.190152 0.084254
vt 0.189967 0.084384
vt 0.189793 0.084520
vt 0.189628 0.084661
vt 0.191085 0.086228
vt 0.191289 0.086088
vt 0.191498 0.085956
vt 0.191711 0.085831
vt 0.191930 0.085715
vt 0.192154 0.085607
vt 0.192382 0.085508
vt 0.192615 0.085420
vt 0.192852 0.085349
vt 0.193093 0.085293
vt 0.193338 0.085253
vt 0.193587 0.085229
vt 0.193840 0.085221
vt 0.194042 0.085225
vt 0.194235 0.085236
vt 0.194419 0.085254
vt 0.194594 0.085280
vt 0.194759 0.085313
vt 0.194915 0.085354
vt 0.195060 0.085402
vt 0.195194 0.085457
vt 0.195317 0.085520
vt 0.195428 0.085590
vt 0.195528 0.085668
vt 0.195617 0.085753
vt 0.195693 0.085845
vt 0.195755 0.085944
vt 0.195803 0.086050
vt 0.195838 0.086163
vt 0.195859 0.086283
vt 0.195866 0.086410
vt 0.195858 0.086556
vt 0.195836 0.086695
vt 0.195799 0.086826
vt 0.195747 0.086951
vt 0.195680 0.087069
vt 0.195599 0.087180
vt 0.195497 0.087283
vt 0.195370 0.087377
vt 0.195217 0.087463
vt 0.195038 0.087540
vt 0.194834 0.087609
vt 0.194604 0.087669
vt 0.194342 0.087720
vt 0.194045 0.087762
vt 0.193711 0.087795
vt 0.193340 0.087818
vt 0.192933 0.087832
vt 0.192489 0.087837
vt 0.192489 0.089600
vt 0.192854 0.089604
vt 0.193192 0.089618
vt 0.193502 0.089642
vt 0.193784 0.089674
vt 0.194039 0.089716
vt 0.194266 0.089768
vt 0.194469 0.089827
vt 0.194652 0.089895
vt 0.194815 0.089971
vt 0.194957 0.090054
vt 0.195079 0.090145
vt 0.195181 0.090243
vt 0.195265 0.090349
vt 0.195334 0.090459
vt 0.195388 0.090576
vt 0.195426 0.090697
vt 0.195449 0.090824
vt 0.195457 0.090957
vt 0.195446 0.091127
vt 0.195413 0.091284
vt 0.195359 0.091427
vt 0.195283 0.091557
vt 0.195185 0.091673
vt 0.195066 0.091775
vt 0.194926 0.091863
vt 0.194768 0.091934
vt 0.194590 0.091990
vt 0.194394 0.092030
vt 0.194179 0.092054
vt 0.193946 0.092062
vt 0.193730 0.092056
vt 0.193520 0.092037
vt 0.193315 0.092006
vt 0.193117 0.091962
vt 0.192924 0.091906
vt 0.192738 0.091838
vt 0.192553 0.091758
vt 0.192364 0.091667
vt 0.192174 0.091565
vt 0.191980 0.091453
vt 0.191783 0.091329
vt 0.191583 0.091195
vt 0.189983 0.092720
vt 0.190293 0.092917
vt 0.190608 0.093099
vt 0.190927 0.093265
vt 0.191251 0.093416
vt 0.191579 0.093551
vt 0.191911 0.093671
vt 0.192251 0.093773
vt 0.192599 0.093857
vt 0.192958 0.093923
vt 0.193325 0.093969
vt 0.193702 0.093997
vt 0.194088 0.094007
vt 0.194535 0.093997
vt 0.194962 0.093970
vt 0.195370 0.093924
vt 0.207895 0.092751
vt 0.204102 0.095332
vt 0.194616 0.101787
vt 0.144935 0.002318
vt 0.132507 0.001890
vt 0.118922 0.002302
vt 0.105997 0.003538
vt 0.093733 0.005589
vt 0.082129 0.008468
vt 0.071186 0.012167
vt 0.060909 0.016685
vt 0.050975 0.022075
vt 0.041094 0.028373
vt 0.031250 0.035575
vt 0.021453 0.043697
vt 0.011699 0.052722
vt 0.001992 0.062656
vt 0.053247 0.113383
vt 0.058050 0.108389
vt 0.062959 0.103607
vt 0.067974 0.099052
vt 0.073088 0.094714
vt 0.078309 0.090598
vt 0.083630 0.086698
vt 0.089110 0.083232
vt 0.094811 0.080389
vt 0.100734 0.078180
vt 0.106880 0.076600
vt 0.113242 0.075655
vt 0.119826 0.075338
vt 0.124988 0.075517
vt 0.129923 0.076046
vt 0.134621 0.076923
vt 0.139081 0.078159
vt 0.143308 0.079744
vt 0.147303 0.081678
vt 0.151022 0.083961
vt 0.154436 0.086582
vt 0.157538 0.089541
vt 0.160333 0.092838
vt 0.162822 0.096468
vt 0.165004 0.100437
vt 0.166859 0.104733
vt 0.168375 0.109335
vt 0.169559 0.114244
vt 0.170404 0.119459
vt 0.170912 0.124986
vt 0.171081 0.130820
vt 0.170505 0.140474
vt 0.168787 0.150402
vt 0.165929 0.160611
vt 0.161918 0.171100
vt 0.156766 0.181863
vt 0.150473 0.192907
vt 0.143144 0.204236
vt 0.134911 0.215834
vt 0.125770 0.227718
vt 0.115715 0.239877
vt 0.104750 0.252320
vt 0.092877 0.265034
vt 0.080206 0.278070
vt 0.066864 0.291454
vt 0.052851 0.305192
vt 0.038156 0.319285
vt 0.022790 0.333726
vt 0.006748 0.348521
vt 0.006748 0.402418
vt 0.279403 0.402418
vt 0.279403 0.323158
vt 0.207540 0.323158
vt 0.202996 0.323206
vt 0.198172 0.323338
vt 0.193073 0.323554
vt 0.187694 0.323866
vt 0.182034 0.324262
vt 0.176100 0.324743
vt 0.170119 0.325288
vt 0.164328 0.325864
vt 0.158727 0.326460
vt 0.153316 0.327095
vt 0.148100 0.327755
vt 0.143075 0.328442
vt 0.153025 0.318133
vt 0.162801 0.307634
vt 0.172402 0.296939
vt 0.181823 0.286054
vt 0.191070 0.274978
vt 0.200143 0.263713
vt 0.208851 0.252326
vt 0.217020 0.240875
vt 0.224645 0.229367
vt 0.231725 0.217805
vt 0.238267 0.206181
vt 0.244264 0.194492
vt 0.249511 0.182820
vt 0.253802 0.171216
vt 0.257141 0.159686
vt 0.259525 0.148231
vt 0.260956 0.136849
vt 0.261437 0.125536
vt 0.260978 0.113303
vt 0.259614 0.101615
vt 0.257342 0.090466
vt 0.254156 0.079861
vt 0.250061 0.069800
vt 0.245057 0.060278
vt 0.239244 0.051380
vt 0.232724 0.043168
vt 0.225506 0.035644
vt 0.217580 0.028812
vt 0.208946 0.022666
vt 0.199614 0.017213
vt 0.189675 0.012532
vt 0.179239 0.008701
vt 0.168307 0.005721
vt 0.156872 0.003596
vt 0.154593 0.002357
vt 0.140695 0.001992
vt 0.128666 0.002363
vt 0.116931 0.003469
vt 0.105489 0.005312
vt 0.094340 0.007896
vt 0.083479 0.011215
vt 0.072917 0.015271
vt 0.062565 0.020007
vt 0.052351 0.025357
vt 0.042276 0.031316
vt 0.032339 0.037895
vt 0.022540 0.045088
vt 0.012885 0.052895
vt 0.062681 0.113203
vt 0.068906 0.107886
vt 0.075036 0.103000
vt 0.081078 0.098541
vt 0.087026 0.094518
vt 0.092880 0.090922
vt 0.098645 0.087752
vt 0.104454 0.085052
vt 0.110446 0.082839
vt 0.116627 0.081112
vt 0.122989 0.079884
vt 0.129535 0.079148
vt 0.136268 0.078899
vt 0.143533 0.079214
vt 0.150222 0.080160
vt 0.156325 0.081737
vt 0.161841 0.083945
vt 0.166771 0.086778
vt 0.171125 0.090241
vt 0.174843 0.094292
vt 0.177887 0.098884
vt 0.180255 0.104007
vt 0.181942 0.109673
vt 0.182955 0.115870
vt 0.183298 0.122609
vt 0.183054 0.127854
vt 0.182341 0.132878
vt 0.181151 0.137686
vt 0.179486 0.142284
vt 0.177339 0.146666
vt 0.174722 0.150826
vt 0.171546 0.154733
vt 0.167739 0.158329
vt 0.163307 0.161615
vt 0.158245 0.164598
vt 0.152552 0.167276
vt 0.146227 0.169638
vt 0.139156 0.171669
vt 0.131222 0.173329
vt 0.122436 0.174618
vt 0.112781 0.175542
vt 0.102269 0.176095
vt 0.090899 0.176278
vt 0.090899 0.245992
vt 0.104714 0.246180
vt 0.117390 0.246733
vt 0.128937 0.247652
vt 0.139339 0.248946
vt 0.148607 0.250606
vt 0.156740 0.252631
vt 0.163899 0.255016
vt 0.170262 0.257738
vt 0.175823 0.260792
vt 0.180592 0.264189
vt 0.184554 0.267924
vt 0.187724 0.271996
vt 0.190258 0.276378
vt 0.192333 0.281037
vt 0.193948 0.285967
vt 0.195099 0.291179
vt 0.195791 0.296667
vt 0.196023 0.302427
vt 0.195808 0.307457
vt 0.195160 0.312204
vt 0.194087 0.316674
vt 0.192576 0.320874
vt 0.190640 0.324791
vt 0.188277 0.328432
vt 0.185516 0.331790
vt 0.182401 0.334861
vt 0.178938 0.337633
vt 0.175120 0.340117
vt 0.170948 0.342302
vt 0.166422 0.344200
vt 0.161570 0.345810
vt 0.156430 0.347122
vt 0.150997 0.348145
vt 0.145270 0.348876
vt 0.139256 0.349313
vt 0.132949 0.349457
vt 0.125075 0.349147
vt 0.117329 0.348201
vt 0.109711 0.346624
vt 0.102208 0.344416
vt 0.094833 0.341583
vt 0.087579 0.338114
vt 0.080458 0.334175
vt 0.073498 0.329909
vt 0.066692 0.325322
vt 0.060036 0.320409
vt 0.053535 0.315180
vt 0.047189 0.309620
vt 0.001819 0.371588
vt 0.006948 0.377193
vt 0.012393 0.382565
vt 0.018141 0.387705
vt 0.024194 0.392613
vt 0.030557 0.397294
vt 0.037230 0.401742
vt 0.044212 0.405919
vt 0.051521 0.409765
vt 0.059151 0.413295
vt 0.067107 0.416498
vt 0.075379 0.419381
vt 0.083983 0.421932
vt 0.092918 0.424134
vt 0.102208 0.425932
vt 0.111852 0.427332
vt 0.121850 0.428328
vt 0.132202 0.428925
vt 0.142908 0.429130
vt 0.156375 0.428737
vt 0.169493 0.427559
vt 0.182258 0.425600
vt 0.194668 0.422856
vt 0.206724 0.419337
vt 0.218431 0.415021
vt 0.229580 0.409970
vt 0.239976 0.404204
vt 0.249620 0.397731
vt 0.258512 0.390555
vt 0.266650 0.382670
vt 0.274037 0.374078
vt 0.280461 0.364821
vt 0.285717 0.354929
vt 0.289806 0.344411
vt 0.292721 0.333262
vt 0.294475 0.321482
vt 0.295062 0.309067
vt 0.294774 0.300402
vt 0.293922 0.292103
vt 0.292500 0.284174
vt 0.290508 0.276611
vt 0.287952 0.269418
vt 0.284826 0.262590
vt 0.281196 0.256128
vt 0.277141 0.250020
vt 0.272654 0.244265
vt 0.267735 0.238865
vt 0.262385 0.233814
vt 0.256608 0.229116
vt 0.250483 0.224795
vt 0.244093 0.220850
vt 0.237448 0.217293
vt 0.230537 0.214117
vt 0.223372 0.211328
vt 0.215942 0.208921
vt 0.215942 0.206155
vt 0.226377 0.201447
vt 0.235921 0.196168
vt 0.244574 0.190320
vt 0.252331 0.183902
vt 0.259203 0.176919
vt 0.265184 0.169362
vt 0.270252 0.161333
vt 0.274402 0.152918
vt 0.277633 0.144120
vt 0.279935 0.134936
vt 0.281318 0.125370
vt 0.281783 0.115416
vt 0.281296 0.103393
vt 0.279841 0.092029
vt 0.277423 0.081322
vt 0.274037 0.071280
vt 0.269677 0.061897
vt 0.264354 0.053171
vt 0.258141 0.045121
vt 0.251136 0.037746
vt 0.243329 0.031040
vt 0.234720 0.025020
vt 0.225314 0.019670
vt 0.215112 0.014994
vt 0.204206 0.011022
vt 0.192704 0.007774
vt 0.180598 0.005245
vt 0.167894 0.003442
vt 0.133882 0.125067
vt 0.134012 0.125282
vt 0.134191 0.125487
vt 0.134416 0.125678
vt 0.134684 0.125852
vt 0.134991 0.126007
vt 0.135331 0.126140
vt 0.135700 0.126249
vt 0.136091 0.126332
vt 0.136498 0.126388
vt 0.136916 0.126417
vt 0.137336 0.126417
vt 0.137754 0.126388
vt 0.138161 0.126332
vt 0.138552 0.126249
vt 0.138921 0.126140
vt 0.139261 0.126007
vt 0.139568 0.125852
vt 0.139836 0.125678
vt 0.140062 0.125487
vt 0.140241 0.125282
vt 0.140371 0.125067
vt 0.142909 0.127438
vt 0.130571 0.127438
vt 0.130571 0.136454
vt 0.137802 0.137627
vt 0.137385 0.137599
vt 0.136964 0.137599
vt 0.136547 0.137627
vt 0.136139 0.137683
vt 0.135748 0.137767
vt 0.135379 0.137876
vt 0.135039 0.138009
vt 0.134732 0.138164
vt 0.134464 0.138338
vt 0.134239 0.138529
vt 0.134060 0.138734
vt 0.133930 0.138949
vt 0.133851 0.139171
vt 0.133824 0.139397
vt 0.133851 0.139623
vt 0.133930 0.139845
vt 0.134060 0.140060
vt 0.134239 0.140265
vt 0.134464 0.140456
vt 0.134732 0.140631
vt 0.135039 0.140785
vt 0.135379 0.140919
vt 0.135748 0.141027
vt 0.136139 0.141111
vt 0.136547 0.141167
vt 0.230528 0.146143
vt 0.231614 0.146143
vt 0.248016 0.146143
vt 0.248016 0.149141
vt 0.248016 0.153892
vt 0.238053 0.154300
vt 0.237646 0.154244
vt 0.237229 0.154216
vt 0.236808 0.154216
vt 0.236391 0.154244
vt 0.235983 0.154300
vt 0.235592 0.154384
vt 0.235223 0.154493
vt 0.234883 0.154626
vt 0.234576 0.154781
vt 0.234308 0.154955
vt 0.234083 0.155146
vt 0.233904 0.155351
vt 0.233774 0.155566
vt 0.233695 0.155788
vt 0.233668 0.156014
vt 0.233695 0.156240
vt 0.233774 0.156462
vt 0.233904 0.156677
vt 0.234083 0.156882
vt 0.234308 0.157073
vt 0.234576 0.157247
vt 0.234883 0.157402
vt 0.235223 0.157536
vt 0.235592 0.157644
vt 0.230335 0.167858
vt 0.237694 0.169023
vt 0.237277 0.168994
vt 0.236856 0.168994
vt 0.236439 0.169023
vt 0.236031 0.169079
vt 0.235640 0.169162
vt 0.235272 0.169271
vt 0.234931 0.169404
vt 0.234625 0.169559
vt 0.175402 0.155304
vt 0.175402 0.164993
vt 0.148183 0.183180
vt 0.138245 0.183611
vt 0.137838 0.183554
vt 0.137420 0.183526
vt 0.137000 0.183526
vt 0.136582 0.183554
vt 0.136175 0.183610
vt 0.135784 0.183694
vt 0.135415 0.183803
vt 0.135075 0.183936
vt 0.134768 0.184091
vt 0.134500 0.184265
vt 0.134275 0.184456
vt 0.134095 0.184661
vt 0.133965 0.184876
vt 0.133887 0.185098
vt 0.133860 0.185324
vt 0.133887 0.185550
vt 0.133965 0.185772
vt 0.134095 0.185987
vt 0.134274 0.186192
vt 0.134500 0.186383
vt 0.134768 0.186558
vt 0.135075 0.186713
vt 0.135415 0.186846
vt 0.135784 0.186955
vt 0.130571 0.197146
vt 0.137886 0.198333
vt 0.137469 0.198304
vt 0.137048 0.198304
vt 0.136630 0.198333
vt 0.136223 0.198389
vt 0.135832 0.198473
vt 0.135463 0.198581
vt 0.135123 0.198714
vt 0.134816 0.198869
vt 0.134548 0.199044
vt 0.134323 0.199235
vt 0.134144 0.199440
vt 0.134014 0.199655
vt 0.133935 0.199877
vt 0.133908 0.200103
vt 0.133935 0.200329
vt 0.134013 0.200551
vt 0.134144 0.200766
vt 0.134323 0.200971
vt 0.134548 0.201162
vt 0.134816 0.201336
vt 0.135123 0.201491
vt 0.135463 0.201624
vt 0.135832 0.201733
vt 0.136223 0.201816
vt 0.136630 0.201873
vt 0.137048 0.201901
vt 0.137468 0.201901
vt 0.125000 0.214981
vt 0.259978 0.125067
vt 0.260108 0.125282
vt 0.260287 0.125487
vt 0.260513 0.125678
vt 0.260781 0.125852
vt 0.261087 0.126007
vt 0.261428 0.126140
vt 0.261796 0.126249
vt 0.262187 0.126332
vt 0.262595 0.126388
vt 0.263012 0.126417
vt 0.263433 0.126417
vt 0.263850 0.126388
vt 0.264258 0.126332
vt 0.264649 0.126249
vt 0.265018 0.126140
vt 0.265358 0.126007
vt 0.265665 0.125852
vt 0.265933 0.125678
vt 0.266158 0.125487
vt 0.266337 0.125282
vt 0.266467 0.125067
vt 0.265776 0.201336
vt 0.266045 0.201162
vt 0.266270 0.200971
vt 0.266449 0.200766
vt 0.266579 0.200551
vt 0.266658 0.200329
vt 0.266684 0.200103
vt 0.266658 0.199877
vt 0.266579 0.199655
vt 0.266449 0.199440
vt 0.266270 0.199235
vt 0.266045 0.199044
vt 0.265776 0.198869
vt 0.265470 0.198714
vt 0.265129 0.198581
vt 0.264761 0.198472
vt 0.264370 0.198389
vt 0.263962 0.198333
vt 0.263545 0.198305
vt 0.263124 0.198304
vt 0.262707 0.198333
vt 0.270359 0.197146
vt 0.264713 0.186955
vt 0.265081 0.186846
vt 0.265422 0.186713
vt 0.265728 0.186558
vt 0.265996 0.186383
vt 0.266222 0.186192
vt 0.266401 0.185988
vt 0.266531 0.185772
vt 0.266610 0.185550
vt 0.266636 0.185324
vt 0.266610 0.185098
vt 0.266531 0.184876
vt 0.266401 0.184661
vt 0.266222 0.184456
vt 0.265996 0.184265
vt 0.265728 0.184091
vt 0.265421 0.183936
vt 0.265081 0.183803
vt 0.264713 0.183694
vt 0.264322 0.183611
vt 0.263914 0.183554
vt 0.263497 0.183526
vt 0.263076 0.183526
vt 0.262659 0.183554
vt 0.262251 0.183610
vt 0.252545 0.183180
vt 0.252545 0.179058
vt 0.252545 0.178452
vt 0.252264 0.178452
vt 0.252545 0.177536
vt 0.253379 0.177536
vt 0.265968 0.177536
vt 0.266165 0.177536
vt 0.269143 0.177536
vt 0.363356 0.172591
vt 0.363773 0.172563
vt 0.364181 0.172506
vt 0.364572 0.172423
vt 0.364940 0.172314
vt 0.365281 0.172181
vt 0.365587 0.172026
vt 0.365855 0.171852
vt 0.366081 0.171661
vt 0.366260 0.171456
vt 0.366390 0.171241
vt 0.366469 0.171019
vt 0.366495 0.170793
vt 0.366469 0.170567
vt 0.366390 0.170345
vt 0.366260 0.170129
vt 0.366081 0.169925
vt 0.365855 0.169734
vt 0.365587 0.169559
vt 0.365281 0.169404
vt 0.364940 0.169271
vt 0.364572 0.169162
vt 0.364181 0.169079
vt 0.363773 0.169023
vt 0.363356 0.168994
vt 0.362935 0.168994
vt 0.362518 0.169023
vt 0.370123 0.167858
vt 0.364524 0.157645
vt 0.364892 0.157535
vt 0.365232 0.157402
vt 0.365539 0.157248
vt 0.365807 0.157073
vt 0.366033 0.156882
vt 0.366212 0.156677
vt 0.366342 0.156462
vt 0.366421 0.156240
vt 0.366447 0.156014
vt 0.366421 0.155788
vt 0.366342 0.155566
vt 0.366212 0.155351
vt 0.366033 0.155146
vt 0.365807 0.154955
vt 0.365539 0.154781
vt 0.365232 0.154626
vt 0.364892 0.154493
vt 0.307638 0.125406
vt 0.307638 0.135095
vt 0.270359 0.127438
vt 0.257532 0.127438
f 7/7 3/3 8/8
f 8/8 3/3 2/2
f 3/3 1/1 2/2
f 8/8 10/10 7/7
f 7/7 10/10 9/9
f 4/4 5/5 6/6
f 6/6 5/5 10/10
f 10/10 5/5 9/9
f 12/12 13/13 14/14
f 14/14 13/13 11/11
f 7/7 11/11 3/3
f 11/11 27/27 3/3
f 27/27 54/54 3/3
f 303/305 30/30 54/54
f 54/54 30/30 3/3
f 30/30 29/29 3/3
f 110/112 28/28 29/29
f 29/29 28/28 3/3
f 28/28 15/15 3/3
f 15/15 16/16 3/3
f 17/17 18/18 19/19
f 19/19 18/18 94/96
f 20/20 21/21 22/22
f 23/23 24/24 25/25
f 26/26 14/14 11/11
f 31/31 32/32 33/33
f 46/46 34/34 32/32
f 34/34 33/33 32/32
f 35/35 36/36 37/37
f 36/36 38/38 37/37
f 39/39 35/35 37/37
f 38/38 40/40 37/37
f 41/41 39/39 37/37
f 40/40 42/42 37/37
f 43/43 41/41 37/37
f 42/42 44/44 37/37
f 45/45 43/43 37/37
f 44/44 47/47 37/37
f 48/48 45/45 37/37
f 47/47 49/49 37/37
f 50/50 48/48 37/37
f 49/49 51/51 37/37
f 52/52 50/50 37/37
f 51/51 53/53 37/37
f 55/55 52/52 37/37
f 53/53 56/56 37/37
f 57/57 55/55 37/37
f 56/56 58/58 37/37
f 59/59 57/57 37/37
f 58/58 60/60 37/37
f 61/61 59/59 37/37
f 60/60 62/62 37/37
f 63/63 61/61 37/37
f 62/62 64/64 37/37
f 65/65 63/63 37/37
f 64/64 66/66 37/37
f 67/67 65/65 37/37
f 68/68 69/69 70/70
f 70/70 69/69 98/100
f 66/66 71/71 37/37
f 72/72 67/67 37/37
f 71/71 73/73 37/37
f 32/74 72/72 37/37
f 73/73 74/75 37/37
f 46/76 32/74 37/37
f 74/75 75/77 37/37
f 76/78 46/76 37/37
f 75/77 77/79 37/37
f 78/80 76/78 37/37
f 77/79 79/81 37/37
f 80/82 78/80 37/37
f 79/81 81/83 37/37
f 82/84 80/82 37/37
f 81/83 83/85 37/37
f 84/86 82/84 37/37
f 83/85 85/87 37/37
f 86/88 84/86 37/37
f 85/87 87/89 37/37
f 88/90 86/88 37/37
f 87/89 88/90 37/37
f 92/94 93/95 90/92
f 89/91 90/92 91/93
f 93/95 91/93 90/92
f 97/99 95/97 102/104
f 102/104 95/97 96/98
f 101/103 99/101 122/124
f 122/124 99/101 100/102
f 103/105 19/19 94/96
f 149/151 108/110 107/109
f 108/110 106/108 107/109
f 107/109 106/108 105/107
f 106/108 104/106 105/107
f 109/111 70/70 98/100
f 111/113 112/114 113/115
f 117/119 118/120 116/118
f 118/120 114/116 116/118
f 116/118 114/116 115/117
f 119/121 120/122 121/123
f 123/125 124/126 125/127
f 126/128 127/129 128/130
f 129/131 128/130 130/132
f 131/133 132/134 127/129
f 133/135 130/132 134/136
f 135/137 136/138 132/134
f 137/139 134/136 138/140
f 139/141 140/142 136/138
f 141/143 138/140 142/144
f 143/145 144/146 140/142
f 176/178 142/144 145/147
f 140/142 163/165 136/138
f 136/138 163/165 132/134
f 132/134 163/165 127/129
f 127/129 163/165 128/130
f 128/130 163/165 130/132
f 130/132 163/165 134/136
f 134/136 163/165 138/140
f 138/140 163/165 142/144
f 163/165 181/183 142/144
f 145/147 142/144 181/183
f 146/148 147/149 144/146
f 144/146 148/150 140/142
f 140/142 148/150 159/161
f 147/149 150/152 144/146
f 144/146 150/152 148/150
f 151/153 152/154 147/149
f 153/155 140/142 154/156
f 155/157 140/142 153/155
f 154/156 140/142 156/158
f 156/158 140/142 157/159
f 158/160 140/142 155/157
f 157/159 140/142 159/161
f 160/162 140/142 158/160
f 161/163 140/142 160/162
f 162/164 140/142 161/163
f 163/165 140/142 162/164
f 152/154 164/166 147/149
f 147/149 164/166 167/169
f 165/167 142/144 166/168
f 150/152 147/149 167/169
f 168/170 169/171 152/154
f 170/172 165/167 166/168
f 171/173 170/172 166/168
f 164/166 152/154 172/174
f 169/171 173/175 152/154
f 152/154 173/175 174/176
f 172/174 152/154 174/176
f 175/177 171/173 166/168
f 177/179 178/180 169/171
f 173/175 169/171 179/181
f 180/182 175/177 166/168
f 179/181 169/171 182/184
f 182/184 169/171 178/180
f 183/185 145/147 181/183
f 184/186 180/182 166/168
f 185/187 145/147 183/185
f 183/185 187/189 185/187
f 186/188 185/187 187/189
f 166/168 142/144 214/216
f 142/144 176/178 214/216
f 182/184 178/180 188/190
f 188/190 178/180 189/191
f 189/191 178/180 193/195
f 190/192 186/188 187/189
f 186/188 190/192 191/193
f 191/193 190/192 195/197
f 184/186 166/168 192/194
f 192/194 166/168 200/202
f 194/196 193/195 178/180
f 189/191 193/195 196/198
f 196/198 193/195 201/203
f 197/199 191/193 195/197
f 191/193 197/199 198/200
f 198/200 197/199 203/205
f 192/194 200/202 199/201
f 199/201 200/202 208/210
f 196/198 201/203 202/204
f 202/204 201/203 204/206
f 204/206 201/203 212/214
f 205/207 198/200 210/212
f 210/212 198/200 206/208
f 206/208 198/200 203/205
f 199/201 208/210 207/209
f 207/209 208/210 217/219
f 209/211 201/203 193/195
f 211/213 205/207 210/212
f 204/206 212/214 213/215
f 213/215 212/214 215/217
f 215/217 212/214 222/224
f 207/209 217/219 216/218
f 216/218 217/219 225/227
f 214/216 218/220 166/168
f 220/222 219/221 210/212
f 210/212 219/221 211/213
f 211/213 219/221 218/220
f 219/221 166/168 218/220
f 221/223 166/168 219/221
f 215/217 222/224 223/225
f 224/226 216/218 225/227
f 220/222 226/228 219/221
f 219/221 226/228 227/229
f 228/230 212/214 201/203
f 223/225 222/224 229/231
f 229/231 222/224 235/237
f 230/232 219/221 227/229
f 226/228 231/233 227/229
f 227/229 231/233 232/234
f 224/226 225/227 233/235
f 233/235 225/227 245/247
f 234/236 232/234 231/233
f 229/231 235/237 236/238
f 236/238 235/237 237/239
f 237/239 235/237 249/251
f 238/240 227/229 232/234
f 241/243 242/244 243/245
f 243/245 242/244 387/393
f 233/235 245/247 244/246
f 244/246 245/247 256/258
f 246/248 247/249 239/241
f 247/249 240/242 239/241
f 239/241 240/242 234/236
f 240/242 232/234 234/236
f 248/250 222/224 212/214
f 237/239 249/251 250/252
f 251/253 252/254 246/248
f 246/248 252/254 247/249
f 253/255 232/234 240/242
f 250/252 249/251 254/256
f 254/256 249/251 261/263
f 244/246 256/258 255/257
f 255/257 256/258 269/271
f 257/259 258/260 251/253
f 251/253 258/260 252/254
f 259/261 260/262 257/259
f 257/259 260/262 258/260
f 254/256 261/263 262/264
f 263/265 240/242 247/249
f 262/264 261/263 264/266
f 264/266 261/263 271/273
f 265/267 266/268 259/261
f 259/261 266/268 260/262
f 267/269 266/268 265/267
f 255/257 269/271 268/270
f 268/270 269/271 286/288
f 270/272 235/237 222/224
f 264/266 271/273 272/274
f 273/275 274/276 267/269
f 267/269 274/276 266/268
f 275/277 274/276 273/275
f 272/274 271/273 276/278
f 276/278 271/273 281/283
f 277/279 247/249 252/254
f 278/280 279/281 280/282
f 280/282 279/281 275/277
f 275/277 279/281 274/276
f 276/278 281/283 282/284
f 282/284 281/283 287/289
f 283/285 284/286 278/280
f 278/280 284/286 279/281
f 285/287 268/270 286/288
f 282/284 287/289 283/285
f 283/285 287/289 284/286
f 288/290 252/254 258/260
f 285/287 286/288 289/291
f 289/291 286/288 292/294
f 290/292 258/260 260/262
f 291/293 249/251 235/237
f 289/291 292/294 293/295
f 293/295 292/294 295/297
f 294/296 260/262 266/268
f 296/298 293/295 295/297
f 297/299 261/263 249/251
f 298/300 299/301 300/302
f 300/302 299/301 417/424
f 301/303 266/268 274/276
f 296/298 295/297 302/304
f 302/304 295/297 304/306
f 305/307 274/276 279/281
f 306/308 271/273 261/263
f 307/309 302/304 304/306
f 311/313 312/314 304/306
f 304/306 312/314 307/309
f 313/315 279/281 284/286
f 314/316 281/283 271/273
f 315/317 316/318 310/312
f 316/318 308/310 310/312
f 310/312 308/310 309/311
f 317/319 284/286 287/289
f 318/320 287/289 281/283
f 319/321 320/322 311/313
f 311/313 320/322 312/314
f 321/323 303/324 54/325
f 322/326 323/327 319/321
f 319/321 323/327 324/328
f 324/328 320/322 319/321
f 325/329 326/330 322/326
f 322/326 326/330 323/327
f 327/331 328/332 325/329
f 325/329 328/332 331/335
f 329/333 330/334 327/331
f 327/331 330/334 328/332
f 331/335 326/330 325/329
f 332/336 333/337 329/333
f 329/333 333/337 330/334
f 334/338 333/337 332/336
f 335/339 336/340 334/338
f 334/338 336/340 333/337
f 337/341 338/342 335/339
f 335/339 338/342 356/360
f 339/343 340/344 337/341
f 337/341 340/344 338/342
f 341/345 342/346 339/343
f 339/343 342/346 340/344
f 358/362 343/347 54/325
f 54/325 343/347 321/323
f 321/323 343/347 357/361
f 344/348 345/349 341/345
f 341/345 345/349 342/346
f 346/350 347/351 344/348
f 344/348 347/351 345/349
f 348/352 349/353 346/350
f 346/350 349/353 347/351
f 350/354 351/355 348/352
f 348/352 351/355 349/353
f 352/356 353/357 350/354
f 350/354 353/357 351/355
f 354/358 355/359 352/356
f 356/360 336/340 335/339
f 107/363 54/325 149/364
f 149/364 54/325 359/365
f 355/359 353/357 352/356
f 360/366 359/365 54/325
f 383/389 363/369 382/388
f 361/367 362/368 363/369
f 362/368 366/372 363/369
f 366/372 371/377 363/369
f 382/388 363/369 381/387
f 381/387 363/369 377/383
f 377/383 363/369 374/380
f 363/369 371/377 374/380
f 367/373 364/370 54/325
f 364/370 365/371 54/325
f 368/374 369/375 370/376
f 372/378 373/379 54/325
f 375/381 376/382 54/325
f 378/384 379/385 54/325
f 380/386 378/384 54/325
f 384/390 385/391 386/392
f 54/325 27/394 380/386
f 380/386 27/394 393/400
f 393/400 27/394 394/401
f 394/401 27/394 395/402
f 395/402 27/394 403/410
f 403/410 27/394 404/411
f 404/411 27/394 405/412
f 405/412 27/394 409/416
f 409/416 27/394 411/418
f 388/395 389/396 390/397
f 391/398 392/399 389/396
f 389/396 392/399 390/397
f 396/403 397/404 398/405
f 402/409 401/408 429/438
f 399/406 400/407 401/408
f 401/408 400/407 429/438
f 406/413 407/414 408/415
f 410/417 409/416 411/418
f 412/419 413/420 414/421
f 415/422 416/423 411/418
f 421/428 422/429 420/427
f 422/429 418/425 420/427
f 420/427 418/425 419/426
f 426/433 411/434 27/435
f 426/433 417/424 411/418
f 411/418 417/424 299/301
f 242/244 427/436 387/393
f 428/437 243/245 387/393
f 474/483 417/424 430/439
f 451/460 430/439 426/433
f 430/439 417/424 426/433
f 431/440 432/441 433/442
f 434/443 435/444 436/445
f 435/444 437/446 436/445
f 438/447 434/443 436/445
f 437/446 439/448 436/445
f 440/449 438/447 436/445
f 439/448 441/450 436/445
f 442/451 440/449 436/445
f 441/450 443/452 436/445
f 444/453 425/432 445/454
f 425/432 423/430 445/454
f 445/454 423/430 424/431
f 446/455 442/451 436/445
f 443/452 447/456 436/445
f 448/457 446/455 436/445
f 447/456 449/458 436/445
f 450/459 448/457 436/445
f 449/458 452/461 436/445
f 453/462 450/459 436/445
f 452/461 454/463 436/445
f 455/464 453/462 436/445
f 454/463 456/465 436/445
f 457/466 455/464 436/445
f 456/465 458/467 436/445
f 459/468 457/466 436/445
f 458/467 460/469 436/445
f 463/472 461/470 520/529
f 462/471 519/528 461/470
f 461/470 519/528 520/529
f 464/473 459/468 436/445
f 460/469 465/474 436/445
f 466/475 464/473 436/445
f 465/474 467/476 436/445
f 468/477 466/475 436/445
f 467/476 469/478 436/445
f 470/479 468/477 436/445
f 469/478 471/480 436/445
f 472/481 470/479 436/445
f 471/480 473/482 436/445
f 475/484 472/481 436/445
f 473/482 476/485 436/445
f 477/486 475/484 436/445
f 476/485 478/487 436/445
f 479/488 477/486 436/445
f 480/489 481/490 417/424
f 478/487 482/491 436/445
f 483/492 479/488 436/445
f 482/491 484/493 436/445
f 485/494 483/492 436/445
f 484/493 486/495 436/445
f 487/496 485/494 436/445
f 486/495 488/497 436/445
f 489/498 487/496 436/445
f 488/497 490/499 436/445
f 491/500 489/498 436/445
f 490/499 492/501 436/445
f 493/502 491/500 436/445
f 492/501 493/502 436/445
f 494/503 495/504 417/424
f 431/440 433/442 497/506
f 433/442 496/505 497/506
f 497/506 496/505 503/512
f 500/509 498/507 530/539
f 499/508 529/538 498/507
f 498/507 529/538 530/539
f 501/510 502/511 417/424
f 510/519 511/520 370/376
f 512/521 513/522 509/518
f 513/522 507/516 509/518
f 509/518 507/516 508/517
f 566/575 518/527 517/526
f 518/527 516/525 517/526
f 517/526 516/525 515/524
f 516/525 514/523 515/524
f 521/530 522/531 523/532
f 408/415 94/96 645/661
f 645/661 94/96 524/533
f 729/751 771/797 641/664
f 527/536 525/534 771/797
f 525/534 526/535 771/797
f 640/663 641/664 647/665
f 641/664 771/797 647/665
f 771/797 526/535 647/665
f 528/537 1/1 16/16
f 16/16 1/1 3/3
f 531/540 506/515 532/541
f 506/515 504/513 532/541
f 505/514 533/542 504/513
f 533/542 532/541 504/513
f 541/550 542/551 496/505
f 543/552 544/553 545/554
f 546/555 543/552 545/554
f 544/553 547/556 545/554
f 548/557 546/555 545/554
f 547/556 549/558 545/554
f 550/559 548/557 545/554
f 549/558 551/560 545/554
f 552/561 550/559 545/554
f 551/560 554/563 545/554
f 555/564 552/561 545/554
f 554/563 556/565 545/554
f 557/566 555/564 545/554
f 556/565 558/567 545/554
f 559/568 557/566 545/554
f 558/567 560/569 545/554
f 536/545 561/570 540/549
f 540/549 561/570 648/666
f 648/666 561/570 650/668
f 650/668 561/570 651/669
f 712/733 618/724 561/570
f 618/724 663/723 561/570
f 663/723 703/722 561/570
f 703/722 701/720 561/570
f 651/669 561/570 658/676
f 701/720 698/717 561/570
f 658/676 561/570 664/682
f 698/717 696/715 561/570
f 664/682 561/570 672/690
f 696/715 694/713 561/570
f 672/690 561/570 677/695
f 694/713 692/711 561/570
f 677/695 561/570 683/702
f 692/711 690/709 561/570
f 690/709 683/702 561/570
f 562/571 559/568 545/554
f 560/569 563/572 545/554
f 564/573 562/571 545/554
f 563/572 565/574 545/554
f 567/576 564/573 545/554
f 565/574 568/577 545/554
f 569/578 567/576 545/554
f 568/577 570/579 545/554
f 571/580 569/578 545/554
f 570/579 572/581 545/554
f 573/582 571/580 545/554
f 572/581 574/583 545/554
f 575/584 573/582 545/554
f 574/583 576/585 545/554
f 577/586 575/584 545/554
f 576/585 578/587 545/554
f 579/588 577/586 545/554
f 578/587 580/589 545/554
f 581/590 579/588 545/554
f 580/589 582/591 545/554
f 583/592 581/590 545/554
f 582/591 584/593 545/554
f 585/594 583/592 545/554
f 584/593 586/595 545/554
f 587/596 585/594 545/554
f 586/595 588/597 545/554
f 589/598 587/596 545/554
f 588/597 590/599 545/554
f 591/600 589/598 545/554
f 590/599 592/601 545/554
f 593/602 591/600 545/554
f 592/601 594/603 545/554
f 595/604 593/602 545/554
f 594/603 596/605 545/554
f 596/605 595/604 545/554
f 597/606 598/607 433/442
f 599/608 600/609 6/611
f 6/611 600/609 4/610
f 10/612 601/613 6/611
f 6/611 601/613 599/608
f 602/614 603/615 604/616
f 605/617 602/614 604/616
f 606/620 370/618 771/797
f 771/797 370/618 527/619
f 607/621 608/622 604/616
f 609/623 610/624 604/616
f 611/625 612/626 604/616
f 616/630 617/631 614/628
f 617/631 615/629 614/628
f 615/629 613/627 614/628
f 588/632 586/633 665/683
f 663/681 618/634 586/633
f 586/633 618/634 665/683
f 621/637 619/635 722/744
f 620/636 720/742 619/635
f 722/744 619/635 721/743
f 619/635 720/742 721/743
f 496/505 433/442 523/532
f 523/532 433/442 598/607
f 622/638 623/639 496/505
f 624/640 496/505 625/641
f 625/641 496/505 523/532
f 626/642 627/643 628/644
f 631/647 629/645 728/750
f 728/750 629/645 630/646
f 686/705 641/657 685/704
f 685/704 641/657 684/703
f 684/703 641/657 681/700
f 640/656 628/644 641/657
f 681/700 641/657 678/696
f 678/696 641/657 675/693
f 628/644 627/643 641/657
f 627/643 666/684 641/657
f 666/684 671/689 641/657
f 641/657 671/689 675/693
f 643/659 644/660 523/532
f 652/670 653/671 654/672
f 653/671 730/752 654/672
f 654/672 730/752 657/675
f 734/756 657/675 656/674
f 730/752 656/674 657/675
f 670/688 668/686 738/760
f 669/687 736/758 668/686
f 738/760 668/686 737/759
f 668/686 736/758 737/759
f 706/727 641/657 688/707
f 688/707 641/657 687/706
f 641/657 686/705 687/706
f 704/725 705/726 706/727
f 707/728 708/729 706/727
f 709/730 710/731 711/732
f 561/570 408/415 712/733
f 712/733 408/415 645/661
f 713/734 714/735 715/736
f 716/737 717/738 718/739
f 4/4 600/740 5/5
f 5/5 600/740 719/741
f 723/745 724/746 725/747
f 727/749 635/651 726/748
f 635/651 633/649 726/748
f 726/748 633/649 634/650
f 731/753 662/680 732/754
f 732/754 662/680 733/755
f 660/678 661/679 662/680
f 733/755 662/680 661/679
f 661/679 660/678 735/757
f 660/678 673/691 735/757
f 735/757 673/691 674/692
f 674/762 673/699 739/761
f 673/699 679/697 739/761
f 739/761 679/697 680/698
f 741/764 740/763 887/929
f 740/763 709/730 887/929
f 709/730 711/732 887/929
f 618/724 712/733 665/765
f 540/549 539/548 536/545
f 665/765 712/733 746/770
f 539/548 538/547 536/545
f 746/770 712/733 748/772
f 538/547 537/546 536/545
f 748/772 712/733 750/774
f 537/546 534/543 536/545
f 750/774 712/733 752/776
f 534/543 535/544 536/545
f 536/545 535/544 553/562
f 535/544 632/648 553/562
f 632/648 636/652 553/562
f 636/652 637/653 553/562
f 637/653 638/654 553/562
f 638/654 639/655 553/562
f 639/655 642/658 553/562
f 642/658 646/662 553/562
f 646/662 649/667 553/562
f 649/667 655/673 553/562
f 655/673 659/677 553/562
f 659/677 667/685 553/562
f 667/685 676/694 553/562
f 676/694 682/701 553/562
f 752/776 712/733 751/775
f 682/701 689/708 553/562
f 751/775 712/733 749/773
f 689/708 691/710 553/562
f 749/773 712/733 747/771
f 691/710 693/712 553/562
f 747/771 712/733 702/721
f 712/733 553/562 702/721
f 702/721 553/562 700/719
f 700/719 553/562 699/718
f 699/718 553/562 697/716
f 697/716 553/562 695/714
f 553/562 693/712 695/714
f 742/766 743/767 745/769
f 745/769 743/767 744/768
f 753/777 754/778 755/779
f 743/780 756/781 744/783
f 744/783 756/781 757/782
f 761/787 762/788 759/785
f 758/784 759/785 760/786
f 762/788 760/786 759/785
f 763/789 764/790 765/791
f 769/795 770/796 645/661
f 773/799 772/798 1169/1234
f 772/798 763/789 1169/1234
f 763/789 765/791 1169/1234
f 774/800 775/801 645/661
f 776/802 777/803 645/661
f 778/804 779/805 757/782
f 757/782 779/805 744/783
f 780/806 781/807 778/804
f 778/804 781/807 779/805
f 782/808 742/809 783/811
f 783/811 742/809 745/810
f 784/813 745/769 779/812
f 779/812 745/769 744/768
f 785/814 943/990 791/820
f 786/815 787/816 943/990
f 943/990 787/816 791/820
f 788/817 789/818 715/736
f 790/819 788/817 715/736
f 792/821 793/822 715/736
f 721/823 720/824 715/736
f 781/825 794/826 779/812
f 779/812 794/826 784/813
f 795/827 796/828 798/830
f 798/830 796/828 797/829
f 799/831 795/827 800/832
f 800/832 795/827 798/830
f 796/828 801/833 797/829
f 797/829 801/833 802/834
f 801/833 803/835 802/834
f 802/834 803/835 804/836
f 803/835 805/837 804/836
f 804/836 805/837 806/838
f 805/837 807/839 806/838
f 806/838 807/839 808/840
f 807/839 809/841 808/840
f 808/840 809/841 810/842
f 809/841 811/843 810/842
f 810/842 811/843 812/844
f 811/843 813/845 812/844
f 812/844 813/845 814/846
f 813/845 815/847 814/846
f 814/846 815/847 816/848
f 815/847 817/849 816/848
f 816/848 817/849 818/850
f 817/849 819/851 818/850
f 818/850 819/851 820/852
f 821/853 822/854 823/855
f 824/856 825/857 826/858
f 819/851 827/859 820/852
f 820/852 827/859 828/860
f 829/861 830/862 826/858
f 827/859 831/863 828/860
f 828/860 831/863 832/864
f 833/865 834/866 826/858
f 831/863 837/869 832/864
f 832/864 837/869 838/870
f 839/871 799/872 840/874
f 840/874 799/872 800/873
f 837/869 841/875 838/870
f 838/870 841/875 842/876
f 841/875 843/877 842/876
f 842/876 843/877 844/878
f 843/877 845/879 844/878
f 844/878 845/879 846/880
f 845/879 847/881 846/880
f 846/880 847/881 848/882
f 784/883 849/884 745/810
f 745/810 849/884 783/811
f 729/751 641/664 1344/1421
f 1344/1421 641/664 706/885
f 847/881 850/886 848/882
f 848/882 850/886 851/887
f 852/888 839/871 853/889
f 853/889 839/871 840/874
f 854/890 852/888 855/891
f 855/891 852/888 853/889
f 856/892 854/890 857/893
f 857/893 854/890 855/891
f 858/894 856/892 859/895
f 859/895 856/892 857/893
f 860/896 861/897 741/764
f 862/898 858/894 863/899
f 863/899 858/894 859/895
f 864/900 860/896 741/764
f 865/901 862/898 866/902
f 866/902 862/898 863/899
f 850/886 867/903 851/887
f 851/887 867/903 868/904
f 869/905 870/906 741/764
f 871/907 865/901 872/908
f 872/908 865/901 866/902
f 873/909 871/907 874/910
f 874/910 871/907 872/908
f 656/911 730/912 741/764
f 732/913 733/914 712/733
f 875/915 873/909 876/916
f 876/916 873/909 874/910
f 867/903 877/917 868/904
f 868/904 877/917 878/918
f 887/929 826/858 741/764
f 835/867 836/868 826/858
f 879/919 741/764 836/868
f 826/858 836/868 741/764
f 737/920 736/921 741/764
f 880/922 875/915 881/923
f 881/923 875/915 876/916
f 882/924 880/922 883/925
f 883/925 880/922 881/923
f 884/926 885/927 886/928
f 877/917 888/930 878/918
f 878/918 888/930 889/931
f 890/932 882/924 891/933
f 891/933 882/924 883/925
f 892/934 893/935 712/733
f 894/936 890/932 895/937
f 895/937 890/932 891/933
f 794/938 896/939 784/883
f 784/883 896/939 849/884
f 897/940 898/941 712/733
f 712/733 898/941 553/562
f 899/942 894/936 900/943
f 900/943 894/936 895/937
f 902/945 768/794 901/944
f 768/794 766/792 901/944
f 901/944 766/792 767/793
f 888/930 903/946 889/931
f 889/931 903/946 904/947
f 905/948 899/942 906/949
f 906/949 899/942 900/943
f 907/950 905/948 908/951
f 908/951 905/948 906/949
f 903/946 909/952 904/947
f 904/947 909/952 910/953
f 911/954 907/950 912/955
f 912/955 907/950 908/951
f 913/956 911/954 914/957
f 914/957 911/954 912/955
f 915/958 913/956 916/959
f 916/959 913/956 914/957
f 909/952 917/960 910/953
f 910/953 917/960 918/961
f 919/962 915/958 920/963
f 920/963 915/958 916/959
f 921/964 919/965 922/967
f 922/967 919/965 920/966
f 917/968 923/969 918/971
f 918/971 923/969 924/970
f 925/972 921/964 926/973
f 926/973 921/964 922/967
f 927/974 925/972 928/975
f 928/975 925/972 926/973
f 929/976 930/977 932/979
f 932/979 930/977 931/978
f 933/980 927/974 934/981
f 934/981 927/974 928/975
f 923/969 935/982 924/970
f 924/970 935/982 936/983
f 937/984 933/980 938/985
f 938/985 933/980 934/981
f 930/977 939/986 931/978
f 931/978 939/986 940/987
f 941/988 937/984 942/989
f 942/989 937/984 938/985
f 944/991 941/988 945/992
f 945/992 941/988 942/989
f 935/982 946/993 936/983
f 936/983 946/993 947/994
f 939/986 948/995 940/987
f 940/987 948/995 949/996
f 950/997 929/998 951/1000
f 951/1000 929/998 932/999
f 952/1001 944/991 953/1002
f 953/1002 944/991 945/992
f 954/1003 952/1001 955/1004
f 955/1004 952/1001 953/1002
f 948/995 956/1005 949/996
f 949/996 956/1005 957/1006
f 719/741 958/1007 5/5
f 5/5 958/1007 959/1008
f 960/1009 954/1003 961/1010
f 961/1010 954/1003 955/1004
f 946/993 962/1011 947/994
f 947/994 962/1011 963/1012
f 956/1005 964/1013 957/1006
f 957/1006 964/1013 965/1014
f 966/1015 960/1009 967/1016
f 967/1016 960/1009 961/1010
f 964/1013 968/1017 965/1014
f 965/1014 968/1017 969/1018
f 970/1019 966/1015 971/1020
f 971/1020 966/1015 967/1016
f 741/764 715/736 972/1021
f 973/1022 970/1019 974/1023
f 974/1023 970/1019 971/1020
f 968/1017 975/1024 969/1018
f 969/1018 975/1024 976/1025
f 962/1011 977/1026 963/1012
f 963/1012 977/1026 978/1027
f 979/1028 973/1022 980/1029
f 980/1029 973/1022 974/1023
f 975/1024 981/1030 976/1025
f 976/1025 981/1030 982/1031
f 983/1032 979/1028 984/1033
f 984/1033 979/1028 980/1029
f 981/1030 985/1034 982/1031
f 982/1031 985/1034 986/1035
f 987/1036 983/1032 988/1037
f 988/1037 983/1032 984/1033
f 985/1038 989/1039 986/1041
f 986/1041 989/1039 990/1040
f 991/1042 987/1036 992/1043
f 992/1043 987/1036 988/1037
f 989/1039 991/1042 990/1040
f 990/1040 991/1042 992/1043
f 993/1044 950/1045 994/1047
f 994/1047 950/1045 951/1046
f 977/1026 995/1048 978/1027
f 978/1027 995/1048 996/1049
f 997/1050 998/1051 999/1052
f 1000/1053 997/1050 999/1052
f 998/1051 1001/1054 999/1052
f 1002/1055 1000/1053 999/1052
f 1001/1054 1003/1056 999/1052
f 1004/1057 1002/1055 999/1052
f 1003/1056 1005/1058 999/1052
f 1006/1059 1004/1057 999/1052
f 1005/1058 1007/1060 999/1052
f 1008/1061 993/1044 1009/1062
f 1009/1062 993/1044 994/1047
f 1010/1063 1006/1059 999/1052
f 1007/1060 1011/1064 999/1052
f 1012/1065 1010/1063 999/1052
f 995/1048 1013/1066 996/1049
f 996/1049 1013/1066 1014/1067
f 1011/1064 1015/1068 999/1052
f 1016/1069 1008/1061 1017/1070
f 1017/1070 1008/1061 1009/1062
f 1018/1071 1012/1065 999/1052
f 1015/1068 1019/1072 999/1052
f 1020/1073 1018/1071 999/1052
f 1019/1072 1021/1074 999/1052
f 1013/1066 1022/1075 1014/1067
f 1014/1067 1022/1075 1023/1076
f 1024/1077 1016/1069 1025/1078
f 1025/1078 1016/1069 1017/1070
f 1026/1079 1020/1073 999/1052
f 1027/1080 1028/1081 1030/1083
f 1030/1083 1028/1081 1029/1082
f 1028/1081 1031/1084 1029/1082
f 1029/1082 1031/1084 1032/1085
f 1021/1074 1033/1086 999/1052
f 1034/1087 1026/1079 999/1052
f 1035/1088 1024/1077 1036/1089
f 1036/1089 1024/1077 1025/1078
f 1033/1086 1037/1090 999/1052
f 1022/1075 1041/1094 1023/1076
f 1023/1076 1041/1094 1042/1095
f 1031/1084 1043/1096 1032/1085
f 1032/1085 1043/1096 1044/1097
f 1045/1098 1034/1087 999/1052
f 1046/1099 1027/1100 1047/1102
f 1047/1102 1027/1100 1030/1101
f 1037/1090 1048/1103 999/1052
f 1049/1104 1035/1088 1050/1105
f 1050/1105 1035/1088 1036/1089
f 1051/1106 1045/1098 999/1052
f 1043/1096 1054/1109 1044/1097
f 1044/1097 1054/1109 1055/1110
f 1048/1103 1056/1111 999/1052
f 1041/1094 1057/1112 1042/1095
f 1042/1095 1057/1112 1058/1113
f 1059/1114 1051/1106 999/1052
f 1060/1115 1049/1104 1061/1116
f 1061/1116 1049/1104 1050/1105
f 1056/1111 1062/1117 999/1052
f 1063/1118 1046/1099 1064/1119
f 1064/1119 1046/1099 1047/1102
f 1054/1109 1065/1120 1055/1110
f 1055/1110 1065/1120 1066/1121
f 1067/1122 1059/1114 999/1052
f 1068/1123 1060/1115 1069/1124
f 1069/1124 1060/1115 1061/1116
f 24/1125 782/808 25/1126
f 25/1126 782/808 783/811
f 1057/1112 1070/1127 1058/1113
f 1058/1113 1070/1127 1071/1128
f 1062/1117 1072/1129 999/1052
f 1073/1130 1067/1122 999/1052
f 1065/1120 1074/1131 1066/1121
f 1066/1121 1074/1131 1075/1132
f 1076/1133 1068/1134 1077/1136
f 1077/1136 1068/1134 1069/1135
f 1072/1129 1078/1137 999/1052
f 1070/1127 1079/1138 1071/1128
f 1071/1128 1079/1138 1080/1139
f 1081/1140 1073/1130 999/1052
f 1082/1141 1063/1118 1083/1142
f 1083/1142 1063/1118 1064/1119
f 1078/1137 1084/1143 999/1052
f 1079/1138 1085/1144 1080/1139
f 1080/1139 1085/1144 1086/1145
f 1087/1146 1076/1133 1088/1147
f 1088/1147 1076/1133 1077/1136
f 1074/1131 1089/1148 1075/1132
f 1075/1132 1089/1148 1090/1149
f 1091/1150 1081/1140 999/1052
f 1092/1151 1093/1152 1095/1154
f 1095/1154 1093/1152 1094/1153
f 1096/1155 1092/1156 1097/1158
f 1097/1158 1092/1156 1095/1157
f 1084/1143 1098/1159 999/1052
f 1099/1160 1100/1161 1101/1162
f 1085/1144 1102/1163 1086/1145
f 1086/1145 1102/1163 1103/1164
f 1104/1165 1091/1150 999/1052
f 1105/1166 1087/1146 1106/1167
f 1106/1167 1087/1146 1088/1147
f 1107/1168 1096/1155 1108/1169
f 1108/1169 1096/1155 1097/1158
f 1089/1148 1109/1170 1090/1149
f 1090/1149 1109/1170 1110/1171
f 1098/1159 1111/1172 999/1052
f 1102/1163 1112/1173 1103/1164
f 1103/1164 1112/1173 1113/1174
f 1093/1175 1114/1176 1094/1178
f 1094/1178 1114/1176 1115/1177
f 1116/1179 1104/1165 999/1052
f 1117/1180 1107/1168 1118/1181
f 1118/1181 1107/1168 1108/1169
f 1119/1182 1082/1141 1120/1183
f 1120/1183 1082/1141 1083/1142
f 1121/1184 1105/1166 1122/1185
f 1122/1185 1105/1166 1106/1167
f 1112/1173 1123/1186 1113/1174
f 1113/1174 1123/1186 1124/1187
f 1111/1172 1125/1188 999/1052
f 1126/1189 741/764 773/799
f 773/799 741/764 972/1021
f 1127/1190 1117/1180 1128/1191
f 1128/1191 1117/1180 1118/1181
f 1129/1192 1116/1179 999/1052
f 1109/1170 1130/1193 1110/1171
f 1110/1171 1130/1193 1131/1194
f 1123/1186 1132/1195 1124/1187
f 1124/1187 1132/1195 1133/1196
f 1134/1197 1127/1198 1135/1200
f 1135/1200 1127/1198 1128/1199
f 1125/1188 1136/1201 999/1052
f 1132/1195 1137/1202 1133/1196
f 1133/1196 1137/1202 1138/1203
f 1139/1204 1129/1192 999/1052
f 1140/1205 1134/1197 1141/1206
f 1141/1206 1134/1197 1135/1200
f 1142/1207 1121/1184 1143/1208
f 1143/1208 1121/1184 1122/1185
f 1137/1202 1144/1209 1138/1203
f 1138/1203 1144/1209 1145/1210
f 1146/1211 1140/1205 1147/1212
f 1147/1212 1140/1205 1141/1206
f 1136/1201 1148/1213 999/1052
f 1144/1209 1149/1214 1145/1210
f 1145/1210 1149/1214 1150/1215
f 1149/1214 1146/1211 1150/1215
f 1150/1215 1146/1211 1147/1212
f 1151/1216 1139/1204 999/1052
f 1148/1213 1152/1217 999/1052
f 1130/1193 1153/1218 1131/1194
f 1131/1194 1153/1218 1154/1219
f 1155/1220 1151/1216 999/1052
f 1114/1176 1156/1221 1115/1177
f 1115/1177 1156/1221 1157/1222
f 1152/1217 1158/1223 999/1052
f 1159/1224 1155/1220 999/1052
f 1160/1225 1142/1207 1161/1226
f 1161/1226 1142/1207 1143/1208
f 1158/1223 1162/1227 999/1052
f 1162/1227 1159/1224 999/1052
f 1163/1228 1119/1182 1164/1229
f 1164/1229 1119/1182 1120/1183
f 1153/1218 1165/1230 1154/1219
f 1154/1219 1165/1230 1166/1231
f 1167/1232 1160/1225 1168/1233
f 1168/1233 1160/1225 1161/1226
f 1170/1235 1167/1232 1171/1236
f 1171/1236 1167/1232 1168/1233
f 1165/1230 1172/1237 1166/1231
f 1166/1231 1172/1237 1173/1238
f 1156/1239 1174/1240 1157/1242
f 1157/1242 1174/1240 1175/1241
f 1176/1243 1163/1228 1177/1244
f 1177/1244 1163/1228 1164/1229
f 1178/1245 1170/1235 1179/1246
f 1179/1246 1170/1235 1171/1236
f 1172/1237 1180/1247 1173/1238
f 1173/1238 1180/1247 1181/1248
f 1182/1249 780/1250 1183/1252
f 1183/1252 780/1250 778/1251
f 756/1253 1184/1254 757/1256
f 757/1256 1184/1254 1185/1255
f 1186/1257 1178/1245 1187/1258
f 1187/1258 1178/1245 1179/1246
f 1180/1247 1188/1259 1181/1248
f 1181/1248 1188/1259 1189/1260
f 1174/1240 1190/1261 1175/1241
f 1175/1241 1190/1261 1191/1262
f 1192/1263 1186/1257 1193/1264
f 1193/1264 1186/1257 1187/1258
f 1194/1265 1176/1243 1195/1266
f 1195/1266 1176/1243 1177/1244
f 1188/1259 1196/1267 1189/1260
f 1189/1260 1196/1267 1197/1268
f 1198/1269 1192/1263 1199/1270
f 1199/1270 1192/1263 1193/1264
f 1196/1267 1200/1271 1197/1268
f 1197/1268 1200/1271 1201/1272
f 1202/1273 1198/1269 1203/1274
f 1203/1274 1198/1269 1199/1270
f 1190/1261 1204/1275 1191/1262
f 1191/1262 1204/1275 1205/1276
f 1206/1278 25/1126 849/1277
f 849/1277 25/1126 783/811
f 1200/1271 1207/1279 1201/1272
f 1201/1272 1207/1279 1208/1280
f 896/1281 1209/1282 849/1277
f 849/1277 1209/1282 1206/1278
f 1210/1283 1202/1273 1211/1284
f 1211/1284 1202/1273 1203/1274
f 1207/1279 1212/1285 1208/1280
f 1208/1280 1212/1285 1213/1286
f 1214/1287 1194/1265 1215/1288
f 1215/1288 1194/1265 1195/1266
f 1216/1289 1210/1283 1217/1290
f 1217/1290 1210/1283 1211/1284
f 1212/1291 1218/1292 1213/1294
f 1213/1294 1218/1292 1219/1293
f 1218/1292 1216/1289 1219/1293
f 1219/1293 1216/1289 1217/1290
f 1204/1275 1220/1295 1205/1276
f 1205/1276 1220/1295 1221/1296
f 1222/1297 1214/1287 1223/1298
f 1223/1298 1214/1287 1215/1288
f 1183/1252 778/1251 1185/1255
f 1185/1255 778/1251 757/1256
f 1220/1295 1224/1299 1221/1296
f 1221/1296 1224/1299 1225/1300
f 1226/1301 1222/1297 1227/1302
f 1227/1302 1222/1297 1223/1298
f 1224/1299 1228/1303 1225/1300
f 1225/1300 1228/1303 1229/1304
f 1230/1305 1226/1301 1231/1306
f 1231/1306 1226/1301 1227/1302
f 1228/1303 1232/1307 1229/1304
f 1229/1304 1232/1307 1233/1308
f 1234/1309 1235/1310 1237/1312
f 1237/1312 1235/1310 1236/1311
f 1237/1312 1236/1311 1239/1314
f 1239/1314 1236/1311 1238/1313
f 1240/1315 1241/1316 1234/1309
f 1234/1309 1241/1316 1235/1310
f 1242/1317 1230/1305 1243/1318
f 1243/1318 1230/1305 1231/1306
f 1244/1319 1245/1320 1240/1315
f 1240/1315 1245/1320 1241/1316
f 1246/1321 1247/1322 1249/1324
f 1249/1324 1247/1322 1248/1323
f 1232/1307 1250/1325 1233/1308
f 1233/1308 1250/1325 1251/1326
f 1252/1327 1253/1328 1244/1319
f 1244/1319 1253/1328 1245/1320
f 1249/1324 1248/1323 1255/1330
f 1255/1330 1248/1323 1254/1329
f 1256/1331 1242/1317 1257/1332
f 1257/1332 1242/1317 1243/1318
f 1258/1333 1259/1334 1252/1327
f 1252/1327 1259/1334 1253/1328
f 1250/1325 1260/1335 1251/1326
f 1251/1326 1260/1335 1261/1336
f 1255/1330 1254/1329 1263/1338
f 1263/1338 1254/1329 1262/1337
f 1264/1339 1256/1331 1265/1340
f 1265/1340 1256/1331 1257/1332
f 1266/1341 1267/1342 1258/1333
f 1258/1333 1267/1342 1259/1334
f 1260/1335 1268/1343 1261/1336
f 1261/1336 1268/1343 1269/1344
f 1263/1338 1262/1337 1271/1346
f 1271/1346 1262/1337 1270/1345
f 1272/1347 1264/1339 1273/1348
f 1273/1348 1264/1339 1265/1340
f 1274/1349 1275/1350 1266/1341
f 1266/1341 1275/1350 1267/1342
f 1268/1343 1276/1351 1269/1344
f 1269/1344 1276/1351 1277/1352
f 1271/1346 1270/1345 1279/1354
f 1279/1354 1270/1345 1278/1353
f 1280/1355 1272/1347 1281/1356
f 1281/1356 1272/1347 1273/1348
f 1276/1351 1282/1357 1277/1352
f 1277/1352 1282/1357 1283/1358
f 1284/1359 1285/1360 1274/1349
f 1274/1349 1285/1360 1275/1350
f 1286/1361 1280/1355 1287/1362
f 1287/1362 1280/1355 1281/1356
f 1282/1357 1288/1363 1283/1358
f 1283/1358 1288/1363 1289/1364
f 1290/1365 1286/1361 1291/1366
f 1291/1366 1286/1361 1287/1362
f 1288/1363 1292/1367 1289/1364
f 1289/1364 1292/1367 1293/1368
f 1294/1369 1295/1370 1284/1359
f 1284/1359 1295/1370 1285/1360
f 1296/1371 1290/1365 1297/1372
f 1297/1372 1290/1365 1291/1366
f 1299/1374 1101/1162 1404/1494
f 1404/1494 1101/1162 1298/1373
f 1292/1367 1300/1375 1293/1368
f 1293/1368 1300/1375 1301/1376
f 1302/1377 1296/1371 1303/1378
f 1303/1378 1296/1371 1297/1372
f 1304/1379 1305/1380 1307/1382
f 1307/1382 1305/1380 1306/1381
f 1300/1375 1308/1383 1301/1376
f 1301/1376 1308/1383 1309/1384
f 1310/1385 1302/1386 1311/1388
f 1311/1388 1302/1386 1303/1387
f 1308/1383 1312/1389 1309/1384
f 1309/1384 1312/1389 1313/1390
f 1314/1391 1310/1385 1315/1392
f 1315/1392 1310/1385 1311/1388
f 1312/1389 1314/1391 1313/1390
f 1313/1390 1314/1391 1315/1392
f 1316/1393 1317/1394 1294/1369
f 1294/1369 1317/1394 1295/1370
f 1307/1382 1306/1381 1319/1396
f 1319/1396 1306/1381 1318/1395
f 1320/1397 1321/1398 1316/1393
f 1316/1393 1321/1398 1317/1394
f 1323/1400 1040/1093 1322/1399
f 1040/1093 1038/1091 1322/1399
f 1322/1399 1038/1091 1039/1092
f 1319/1396 1318/1395 1325/1402
f 1325/1402 1318/1395 1324/1401
f 1039/1092 1038/1091 1326/1403
f 1038/1091 1052/1107 1326/1403
f 1326/1403 1052/1107 1327/1404
f 1053/1108 1330/1407 1052/1107
f 1330/1407 1327/1404 1052/1107
f 1328/1405 1329/1406 1320/1397
f 1320/1397 1329/1406 1321/1398
f 1325/1402 1324/1401 1332/1409
f 1332/1409 1324/1401 1331/1408
f 1370/1449 823/855 1333/1410
f 1345/1422 1333/1410 1126/1189
f 1333/1410 823/855 1126/1189
f 1334/1411 1335/1412 1328/1405
f 1328/1405 1335/1412 1329/1406
f 1332/1409 1331/1408 1337/1414
f 1337/1414 1331/1408 1336/1413
f 1338/1415 1339/1416 1334/1411
f 1334/1411 1339/1416 1335/1412
f 1337/1414 1336/1413 1341/1418
f 1341/1418 1336/1413 1340/1417
f 1342/1419 1343/1420 1338/1415
f 1338/1415 1343/1420 1339/1416
f 1341/1418 1340/1417 1347/1424
f 1347/1424 1340/1417 1346/1423
f 1348/1425 1349/1426 1342/1419
f 1342/1419 1349/1426 1343/1420
f 1347/1424 1346/1423 1351/1428
f 1351/1428 1346/1423 1350/1427
f 1352/1429 1353/1430 1348/1425
f 1348/1425 1353/1430 1349/1426
f 958/1007 1354/1431 959/1008
f 959/1008 1354/1431 1355/1432
f 1351/1428 1350/1427 1357/1434
f 1357/1434 1350/1427 1356/1433
f 1358/1435 1359/1436 1352/1429
f 1352/1429 1359/1436 1353/1430
f 1357/1434 1356/1433 1361/1438
f 1361/1438 1356/1433 1360/1437
f 1362/1439 1363/1440 1358/1442
f 1358/1442 1363/1440 1359/1441
f 1361/1438 1360/1437 1365/1444
f 1365/1444 1360/1437 1364/1443
f 1366/1445 1367/1446 1362/1439
f 1362/1439 1367/1446 1363/1440
f 1365/1444 1364/1443 1369/1448
f 1369/1448 1364/1443 1368/1447
f 1369/1448 1368/1447 1372/1451
f 1372/1451 1368/1447 1371/1450
f 1373/1452 1374/1453 1376/1455
f 1376/1455 1374/1453 1375/1454
f 1377/1456 1378/1457 823/855
f 1372/1451 1371/1450 1380/1459
f 1380/1459 1371/1450 1379/1458
f 1381/1460 1382/1461 1373/1452
f 1373/1452 1382/1461 1374/1453
f 1380/1459 1379/1458 1384/1463
f 1384/1463 1379/1458 1383/1462
f 1385/1464 1386/1465 1381/1460
f 1381/1460 1386/1465 1382/1461
f 1384/1463 1383/1462 1388/1467
f 1388/1467 1383/1462 1387/1466
f 1389/1468 1299/1374 1390/1469
f 1390/1469 1299/1374 1404/1494
f 1388/1467 1387/1466 1392/1471
f 1392/1471 1387/1466 1391/1470
f 21/1472 1182/1473 22/1475
f 22/1475 1182/1473 1183/1474
f 1393/1476 1394/1477 1396/1479
f 1396/1479 1394/1477 1395/1478
f 1397/1480 1398/1481 823/855
f 1399/1482 1400/1483 823/855
f 1326/1484 1327/1485 886/928
f 1327/1485 1330/1486 886/928
f 1209/1487 20/20 1206/1488
f 1206/1488 20/20 22/22
f 5/5 959/1008 9/9
f 9/9 959/1008 1401/1489
f 1184/1490 1402/1491 1185/1493
f 1185/1493 1402/1491 1403/1492
f 1183/1474 1185/1493 22/1475
f 22/1475 1185/1493 1403/1492
f 1206/1488 22/22 25/25
f 25/25 22/22 1403/1495
f 1402/1496 23/23 1403/1495
f 1403/1495 23/23 25/25
f 1344/1421 1408/1500 729/751
f 729/751 1408/1500 1409/1501
f 1488/1581 1410/1503 1406/1498
f 886/1502 1407/1499 1410/1503
f 1405/1497 1406/1498 1407/1499
f 1410/1503 1407/1499 1406/1498
f 1411/1504 1412/1505 1414/1507
f 1414/1507 1412/1505 1413/1506
f 1415/1508 1416/1509 1418/1511
f 1418/1511 1416/1509 1417/1510
f 1418/1511 1417/1510 1420/1513
f 1420/1513 1417/1510 1419/1512
f 1421/1514 1422/1515 1415/1508
f 1415/1508 1422/1515 1416/1509
f 1423/1516 1424/1517 1421/1514
f 1421/1514 1424/1517 1422/1515
f 1425/1518 1426/1519 1428/1521
f 1428/1521 1426/1519 1427/1520
f 1429/1522 1430/1523 1423/1516
f 1423/1516 1430/1523 1424/1517
f 1428/1521 1427/1520 1432/1525
f 1432/1525 1427/1520 1431/1524
f 1433/1526 1434/1527 1429/1522
f 1429/1522 1434/1527 1430/1523
f 1432/1525 1431/1524 1436/1529
f 1436/1529 1431/1524 1435/1528
f 1437/1530 1438/1531 1433/1526
f 1433/1526 1438/1531 1434/1527
f 1436/1529 1435/1528 1440/1533
f 1440/1533 1435/1528 1439/1532
f 1441/1534 1442/1535 1437/1530
f 1437/1530 1442/1535 1438/1531
f 1440/1533 1439/1532 1444/1537
f 1444/1537 1439/1532 1443/1536
f 1445/1538 1446/1539 1354/1431
f 1354/1431 1446/1539 1355/1432
f 1447/1540 1448/1541 1441/1534
f 1441/1534 1448/1541 1442/1535
f 1444/1537 1443/1536 1450/1543
f 1450/1543 1443/1536 1449/1542
f 1450/1543 1449/1542 1452/1545
f 1452/1545 1449/1542 1451/1544
f 1453/1546 1409/1501 1408/1500
f 1454/1547 1455/1548 1457/1550
f 1457/1550 1455/1548 1456/1549
f 1452/1545 1451/1544 1459/1552
f 1459/1552 1451/1544 1458/1551
f 1101/1162 1299/1374 1566/1683
f 1566/1683 1299/1374 1460/1553
f 1461/1554 1462/1555 1454/1547
f 1454/1547 1462/1555 1455/1548
f 1459/1552 1458/1551 1464/1557
f 1464/1557 1458/1551 1463/1556
f 1468/1561 1469/1562 1461/1554
f 1461/1554 1469/1562 1462/1555
f 1464/1557 1463/1556 1471/1564
f 1471/1564 1463/1556 1470/1563
f 1472/1565 1473/1566 1468/1561
f 1468/1561 1473/1566 1469/1562
f 1471/1564 1470/1563 1475/1568
f 1475/1568 1470/1563 1474/1567
f 1476/1569 1477/1570 1472/1565
f 1472/1565 1477/1570 1473/1566
f 1475/1568 1474/1567 1479/1572
f 1479/1572 1474/1567 1478/1571
f 1480/1573 1481/1574 1483/1576
f 1483/1576 1481/1574 1482/1575
f 1484/1577 1485/1578 1476/1569
f 1476/1569 1485/1578 1477/1570
f 1479/1572 1478/1571 1487/1580
f 1487/1580 1478/1571 1486/1579
f 1487/1580 1486/1579 1490/1583
f 1490/1583 1486/1579 1489/1582
f 1491/1584 1492/1585 1408/1500
f 1493/1586 1494/1587 1496/1589
f 1496/1589 1494/1587 1495/1588
f 1490/1583 1489/1582 1498/1591
f 1498/1591 1489/1582 1497/1590
f 1499/1592 1500/1593 1408/1500
f 1501/1594 1502/1595 1493/1586
f 1493/1586 1502/1595 1494/1587
f 1503/1596 1504/1597 1501/1599
f 1501/1599 1504/1597 1502/1598
f 1505/1600 1506/1601 1508/1603
f 1508/1603 1506/1601 1507/1602
f 1509/1604 1510/1605 1408/1500
f 1511/1606 1512/1607 1503/1596
f 1503/1596 1512/1607 1504/1597
f 1513/1608 1514/1609 1408/1500
f 1508/1603 1507/1602 1516/1611
f 1516/1611 1507/1602 1515/1610
f 1517/1612 1518/1613 1511/1606
f 1511/1606 1518/1613 1512/1607
f 1516/1611 1515/1610 1520/1615
f 1520/1615 1515/1610 1519/1614
f 1521/1616 1522/1617 1517/1612
f 1517/1612 1522/1617 1518/1613
f 1520/1615 1519/1614 1524/1619
f 1524/1619 1519/1614 1523/1618
f 1527/1622 1525/1620 1586/1716
f 1586/1716 1525/1620 1526/1621
f 1528/1623 1529/1624 1521/1616
f 1521/1616 1529/1624 1522/1617
f 1524/1619 1523/1618 1531/1626
f 1531/1626 1523/1618 1530/1625
f 1532/1627 1533/1628 1528/1623
f 1528/1623 1533/1628 1529/1624
f 1525/1631 1534/1629 1526/1719
f 1526/1719 1534/1629 1535/1630
f 1460/1553 1612/1763 1589/1722
f 1612/1763 1410/1503 1589/1722
f 1589/1722 1410/1503 1466/1559
f 1465/1558 1466/1559 1467/1560
f 1488/1581 1467/1560 1410/1503
f 1410/1503 1467/1560 1466/1559
f 1531/1626 1530/1625 1537/1633
f 1537/1633 1530/1625 1536/1632
f 1538/1634 1539/1635 1453/1546
f 1540/1636 1541/1637 1532/1627
f 1532/1627 1541/1637 1533/1628
f 1537/1633 1536/1632 1540/1636
f 1540/1636 1536/1632 1541/1637
f 1542/1638 1543/1639 1453/1546
f 1543/1639 1544/1640 1453/1546
f 1545/1641 36/1642 1546/1644
f 1546/1644 36/1642 35/1643
f 1547/1645 38/1646 1545/1641
f 1545/1641 38/1646 36/1642
f 1546/1644 35/1643 1548/1648
f 1548/1648 35/1643 39/1647
f 1549/1649 40/1650 1547/1645
f 1547/1645 40/1650 38/1646
f 1548/1648 39/1647 1550/1652
f 1550/1652 39/1647 41/1651
f 1551/1653 42/1654 1549/1649
f 1549/1649 42/1654 40/1650
f 1550/1652 41/1651 1552/1656
f 1552/1656 41/1651 43/1655
f 1553/1657 44/1658 1551/1653
f 1551/1653 44/1658 42/1654
f 1552/1656 43/1655 1554/1660
f 1554/1660 43/1655 45/1659
f 1554/1660 45/1659 1555/1662
f 1555/1662 45/1659 48/1661
f 1556/1663 49/1664 1557/1666
f 1557/1666 49/1664 47/1665
f 1555/1662 48/1661 1558/1668
f 1558/1668 48/1661 50/1667
f 1559/1669 51/1670 1556/1663
f 1556/1663 51/1670 49/1664
f 1558/1668 50/1667 1560/1672
f 1560/1672 50/1667 52/1671
f 1561/1673 53/1674 1559/1669
f 1559/1669 53/1674 51/1670
f 1560/1672 52/1671 1562/1676
f 1562/1676 52/1671 55/1675
f 91/1677 93/1678 1564/1680
f 93/1678 1563/1679 1564/1680
f 1565/1681 56/1682 1561/1673
f 1561/1673 56/1682 53/1674
f 1562/1676 55/1675 1567/1685
f 1567/1685 55/1675 57/1684
f 1568/1686 58/1687 1565/1681
f 1565/1681 58/1687 56/1682
f 1567/1685 57/1684 1569/1689
f 1569/1689 57/1684 59/1688
f 1570/1690 60/1691 1568/1686
f 1568/1686 60/1691 58/1687
f 1569/1689 59/1688 1571/1693
f 1571/1693 59/1688 61/1692
f 1572/1694 62/1695 1570/1690
f 1570/1690 62/1695 60/1691
f 1573/1696 1574/1697 1576/1699
f 1576/1699 1574/1697 1575/1698
f 1571/1693 61/1692 1577/1701
f 1577/1701 61/1692 63/1700
f 1578/1702 9/9 1579/1703
f 1579/1703 9/9 1401/1489
f 1580/1704 64/1705 1572/1694
f 1572/1694 64/1705 62/1695
f 1577/1701 63/1700 1581/1707
f 1581/1707 63/1700 65/1706
f 1582/1708 66/1709 1580/1704
f 1580/1704 66/1709 64/1705
f 1581/1707 65/1706 1583/1711
f 1583/1711 65/1706 67/1710
f 1584/1712 71/1713 1582/1708
f 1582/1708 71/1713 66/1709
f 1583/1711 67/1710 1585/1715
f 1585/1715 67/1710 72/1714
f 1587/1717 73/1718 1584/1712
f 1584/1712 73/1718 71/1713
f 1585/1715 72/1714 31/31
f 31/31 72/1714 32/32
f 1588/1720 74/1721 1587/1717
f 1587/1717 74/1721 73/1718
f 1590/1723 75/1724 1588/1720
f 1588/1720 75/1724 74/1721
f 34/34 46/46 1591/1726
f 1591/1726 46/46 76/1725
f 1592/1727 1593/1728 1566/1683
f 1594/1729 77/1730 1590/1723
f 1590/1723 77/1730 75/1724
f 1591/1726 76/1725 1595/1732
f 1595/1732 76/1725 78/1731
f 1596/1733 79/1734 1594/1729
f 1594/1729 79/1734 77/1730
f 1595/1735 78/1736 1597/1738
f 1597/1738 78/1736 80/1737
f 1598/1739 81/1740 1596/1733
f 1596/1733 81/1740 79/1734
f 1597/1738 80/1737 1599/1742
f 1599/1742 80/1737 82/1741
f 1600/1743 83/1744 1598/1739
f 1598/1739 83/1744 81/1740
f 1599/1742 82/1741 1601/1746
f 1601/1746 82/1741 84/1745
f 1602/1747 85/1748 1600/1743
f 1600/1743 85/1748 83/1744
f 1601/1746 84/1745 1603/1750
f 1603/1750 84/1745 86/1749
f 1604/1751 87/1752 1602/1747
f 1602/1747 87/1752 85/1748
f 1603/1750 86/1749 1605/1754
f 1605/1754 86/1749 88/1753
f 1605/1754 88/1753 1604/1751
f 1604/1751 88/1753 87/1752
f 1606/1755 1573/1756 1607/1758
f 1607/1758 1573/1756 1576/1757
f 1608/1759 599/608 1609/1760
f 1609/1760 599/608 601/613
f 1445/1538 1610/1761 1446/1539
f 1446/1539 1610/1761 99/101
f 13/13 1611/1762 11/11
f 11/11 1611/1762 27/27
f 1613/1764 1614/1765 1616/1767
f 1616/1767 1614/1765 1615/1766
f 16/1768 15/1769 18/18
f 18/18 15/1769 98/100
f 1614/1770 1617/1771 1615/1773
f 1615/1773 1617/1771 1618/1772
f 1619/1774 1620/1775 1618/1772
f 1618/1772 1620/1775 1615/1773
f 1621/1776 1622/1777 1619/1774
f 1619/1774 1622/1777 1620/1775
f 1579/1703 1401/1489 1624/1779
f 1624/1779 1401/1489 1623/1778
f 1625/1780 1613/1781 1626/1783
f 1626/1783 1613/1781 1616/1782
f 1627/1785 1616/1767 1620/1784
f 1620/1784 1616/1767 1615/1766
f 1622/1786 1628/1787 1620/1784
f 1620/1784 1628/1787 1627/1785
f 1629/1788 1630/1789 1632/1791
f 1632/1791 1630/1789 1631/1790
f 1633/1792 1634/1793 1636/1795
f 1636/1795 1634/1793 1635/1794
f 1636/1795 1635/1794 1638/1797
f 1638/1797 1635/1794 1637/1796
f 1639/1798 1640/1799 1633/1792
f 1633/1792 1640/1799 1634/1793
f 1641/1800 1642/1801 1639/1798
f 1639/1798 1642/1801 1640/1799
f 1643/1802 1644/1803 1646/1805
f 1646/1805 1644/1803 1645/1804
f 1647/1806 1648/1807 1641/1800
f 1641/1800 1648/1807 1642/1801
f 1649/1808 1650/1809 1647/1806
f 1647/1806 1650/1809 1648/1807
f 1651/1810 1652/1811 1654/1813
f 1654/1813 1652/1811 1653/1812
f 1655/1814 1656/1815 1649/1808
f 1649/1808 1656/1815 1650/1809
f 1654/1813 1653/1812 1658/1817
f 1658/1817 1653/1812 1657/1816
f 1659/1818 1660/1819 1655/1814
f 1655/1814 1660/1819 1656/1815
f 1658/1817 1657/1816 1662/1821
f 1662/1821 1657/1816 1661/1820
f 1627/1822 1663/1823 1616/1782
f 1616/1782 1663/1823 1626/1783
f 1664/1824 1665/1825 1659/1818
f 1659/1818 1665/1825 1660/1819
f 1666/1826 1629/1827 1667/1829
f 1667/1829 1629/1827 1632/1828
f 1662/1821 1661/1820 89/91
f 89/91 1661/1820 90/92
f 1630/1830 1668/1831 1631/1833
f 1631/1833 1668/1831 1669/1832
f 1670/1834 1671/1835 1664/1824
f 1664/1824 1671/1835 1665/1825
f 1672/1836 1673/1837 1670/1834
f 1670/1834 1673/1837 1671/1835
f 1610/1761 1674/1838 99/101
f 99/101 1674/1838 100/102
f 1675/1839 1676/1840 1672/1836
f 1672/1836 1676/1840 1673/1837
f 1677/1841 1678/1842 1680/1844
f 1680/1844 1678/1842 1679/1843
f 1628/1845 1681/1846 1627/1822
f 1627/1822 1681/1846 1663/1823
f 1682/1847 1683/1848 1675/1839
f 1675/1839 1683/1848 1676/1840
f 1680/1844 1679/1843 1685/1850
f 1685/1850 1679/1843 1684/1849
f 1686/1851 1687/1852 1682/1847
f 1682/1847 1687/1852 1683/1848
f 1685/1850 1684/1849 1689/1854
f 1689/1854 1684/1849 1688/1853
f 1690/1855 1691/1856 1686/1851
f 1686/1851 1691/1856 1687/1852
f 1689/1854 1688/1853 1693/1858
f 1693/1858 1688/1853 1692/1857
f 1694/1859 1695/1860 1690/1855
f 1690/1855 1695/1860 1691/1856
f 1693/1858 1692/1857 1697/1862
f 1697/1862 1692/1857 1696/1861
f 1698/1863 1699/1864 1694/1859
f 1694/1859 1699/1864 1695/1860
f 1697/1862 1696/1861 1701/1866
f 1701/1866 1696/1861 1700/1865
f 1701/1866 1700/1865 1703/1868
f 1703/1868 1700/1865 1702/1867
f 1704/1869 1666/1870 1705/1872
f 1705/1872 1666/1870 1667/1871
f 1706/1873 1707/1874 1709/1876
f 1709/1876 1707/1874 1708/1875
f 1703/1868 1702/1867 1711/1878
f 1711/1878 1702/1867 1710/1877
f 1668/1879 1712/1880 1669/1882
f 1669/1882 1712/1880 1713/1881
f 1712/1883 1714/1884 1713/1886
f 1713/1886 1714/1884 1715/1885
f 1716/1887 1717/1888 1706/1890
f 1706/1890 1717/1888 1707/1889
f 1711/1878 1710/1877 1719/1892
f 1719/1892 1710/1877 1718/1891
f 1720/1893 1721/1894 1716/1887
f 1716/1887 1721/1894 1717/1888
f 1719/1892 1718/1891 1723/1896
f 1723/1896 1718/1891 1722/1895
f 1724/1897 1725/1898 1720/1893
f 1720/1893 1725/1898 1721/1894
f 1723/1896 1722/1895 1727/1900
f 1727/1900 1722/1895 1726/1899
f 1728/1901 1729/1902 1724/1897
f 1724/1897 1729/1902 1725/1898
f 1727/1900 1726/1899 1731/1904
f 1731/1904 1726/1899 1730/1903
f 1732/1905 1733/1906 1728/1901
f 1728/1901 1733/1906 1729/1902
f 1731/1904 1730/1903 1735/1908
f 1735/1908 1730/1903 1734/1907
f 97/99 102/104 1732/1905
f 1732/1905 102/104 1733/1906
f 1735/1908 1734/1907 1737/1910
f 1737/1910 1734/1907 1736/1909
f 1737/1910 1736/1909 95/97
f 95/97 1736/1909 96/98
f 1738/1911 1739/1912 1741/1914
f 1741/1914 1739/1912 1740/1913
f 1446/1539 99/101 1742/1915
f 1742/1915 99/101 101/103
f 1739/1916 1704/1917 1740/1919
f 1740/1919 1704/1917 1705/1918
f 120/1920 1625/1780 121/1921
f 121/1921 1625/1780 1626/1783
f 1743/1922 1738/1923 1744/1925
f 1744/1925 1738/1923 1741/1924
f 1745/1926 1743/1922 1746/1927
f 1746/1927 1743/1922 1744/1925
f 1747/1928 1745/1926 1748/1929
f 1748/1929 1745/1926 1746/1927
f 1749/1930 1750/1931 30/1933
f 30/1933 1750/1931 29/1932
f 1751/1934 1747/1928 1752/1935
f 1752/1935 1747/1928 1748/1929
f 1714/1936 1753/1937 1715/1939
f 1715/1939 1753/1937 1754/1938
f 1755/1940 1751/1934 1756/1941
f 1756/1941 1751/1934 1752/1935
f 1674/1838 1757/1942 100/102
f 100/102 1757/1942 1758/1943
f 1759/1944 1621/1945 1760/1947
f 1760/1947 1621/1945 1619/1946
f 1617/1948 1761/1949 1618/1951
f 1618/1951 1761/1949 1762/1950
f 1763/1952 1755/1940 1764/1953
f 1764/1953 1755/1940 1756/1941
f 1765/1954 1763/1952 1766/1955
f 1766/1955 1763/1952 1764/1953
f 1767/1957 121/1921 1663/1956
f 1663/1956 121/1921 1626/1783
f 1681/1958 1768/1959 1663/1956
f 1663/1956 1768/1959 1767/1957
f 1769/1960 1765/1954 1770/1961
f 1770/1961 1765/1954 1766/1955
f 1771/1962 1769/1960 1772/1963
f 1772/1963 1769/1960 1770/1961
f 1760/1947 1619/1946 1762/1950
f 1762/1950 1619/1946 1618/1951
f 1773/1964 1771/1962 1774/1965
f 1774/1965 1771/1962 1772/1963
f 1775/1966 1607/1758 1624/1779
f 1624/1779 1607/1758 1579/1703
f 1776/1967 1773/1964 1777/1968
f 1777/1968 1773/1964 1774/1965
f 1778/1969 1776/1967 1779/1970
f 1779/1970 1776/1967 1777/1968
f 1753/1971 1778/1969 1754/1972
f 1754/1972 1778/1969 1779/1970
f 1623/1778 1742/1915 1624/1779
f 1624/1779 1742/1915 1780/1973
f 1757/1942 1781/1974 1758/1943
f 1758/1943 1781/1974 1782/1975
f 112/1976 1759/1977 113/1979
f 113/1979 1759/1977 1760/1978
f 1783/1980 1784/1981 1786/1983
f 1786/1983 1784/1981 1785/1982
f 1784/1984 1787/1985 1785/1987
f 1785/1987 1787/1985 1788/1986
f 1768/1988 111/113 1767/1989
f 1767/1989 111/113 113/115
f 1761/1990 1789/1991 1762/1993
f 1762/1993 1789/1991 1790/1992
f 1760/1978 1762/1993 113/1979
f 113/1979 1762/1993 1790/1992
f 1791/1994 1792/1995 1788/1986
f 1788/1986 1792/1995 1785/1987
f 1793/1996 1794/1997 1791/1994
f 1791/1994 1794/1997 1792/1995
f 1795/1998 366/1999 1796/2001
f 1796/2001 366/1999 362/2000
f 1797/2002 1783/2003 1798/2005
f 1798/2005 1783/2003 1786/2004
f 1799/2006 371/2007 1795/1998
f 1795/1998 371/2007 366/1999
f 1800/2009 1786/1983 1792/2008
f 1792/2008 1786/1983 1785/1982
f 1801/2010 374/2011 1799/2006
f 1799/2006 374/2011 371/2007
f 1802/2012 377/2013 1801/2010
f 1801/2010 377/2013 374/2011
f 1794/2014 1803/2015 1792/2008
f 1792/2008 1803/2015 1800/2009
f 1767/1989 113/115 121/123
f 121/123 113/115 1790/2016
f 1804/2017 393/2018 1805/2020
f 1805/2020 393/2018 394/2019
f 1789/2021 119/121 1790/2016
f 1790/2016 119/121 121/123
f 1805/2020 394/2019 1806/2023
f 1806/2023 394/2019 395/2022
f 1806/2023 395/2022 1807/2025
f 1807/2025 395/2022 403/2024
f 100/102 1758/1943 122/124
f 122/124 1758/1943 1808/2026
f 1809/2027 1810/2028 128/2030
f 128/2030 1810/2028 126/2029
f 1811/2031 1809/2027 129/2032
f 129/2032 1809/2027 128/2030
f 1810/2028 1812/2033 126/2029
f 126/2029 1812/2033 127/2034
f 1813/2035 1811/2031 130/2036
f 130/2036 1811/2031 129/2032
f 1812/2033 1814/2037 127/2034
f 127/2034 1814/2037 131/2038
f 1815/2039 1813/2035 133/2040
f 133/2040 1813/2035 130/2036
f 1807/2025 403/2024 1816/2042
f 1816/2042 403/2024 404/2041
f 1814/2037 1817/2043 131/2038
f 131/2038 1817/2043 132/2044
f 1818/2045 1815/2039 134/2046
f 134/2046 1815/2039 133/2040
f 1817/2047 1819/2048 132/2050
f 132/2050 1819/2048 135/2049
f 1820/2051 1818/2045 137/2052
f 137/2052 1818/2045 134/2046
f 1819/2048 1821/2053 135/2049
f 135/2049 1821/2053 136/2054
f 1822/2055 1820/2051 138/2056
f 138/2056 1820/2051 137/2052
f 1821/2053 1823/2057 136/2054
f 136/2054 1823/2057 139/2058
f 1816/2042 404/2041 1824/2060
f 1824/2060 404/2041 405/2059
f 1825/2061 1822/2055 141/2062
f 141/2062 1822/2055 138/2056
f 1823/2057 1826/2063 139/2058
f 139/2058 1826/2063 140/2064
f 1800/2065 1827/2066 1786/2004
f 1786/2004 1827/2066 1798/2005
f 1828/2067 1825/2061 142/2068
f 142/2068 1825/2061 141/2062
f 1826/2063 1829/2069 140/2064
f 140/2064 1829/2069 143/2070
f 1829/2069 1830/2071 143/2070
f 143/2070 1830/2071 144/2072
f 1831/2073 1828/2067 165/2074
f 165/2074 1828/2067 142/2068
f 1830/2071 1832/2075 144/2072
f 144/2072 1832/2075 146/2076
f 1781/1974 1833/2077 1782/1975
f 1782/1975 1833/2077 1834/2078
f 1835/2079 1831/2073 170/2080
f 170/2080 1831/2073 165/2074
f 1832/2075 1836/2081 146/2076
f 146/2076 1836/2081 147/2082
f 1837/2083 1838/2084 1840/2086
f 1840/2086 1838/2084 1839/2085
f 1841/2087 1835/2079 171/2088
f 171/2088 1835/2079 170/2080
f 1836/2081 1842/2089 147/2082
f 147/2082 1842/2089 151/2090
f 1843/2091 1844/2092 1837/2083
f 1837/2083 1844/2092 1838/2084
f 1845/2093 1841/2087 175/2094
f 175/2094 1841/2087 171/2088
f 1842/2089 1846/2095 151/2090
f 151/2090 1846/2095 152/2096
f 1847/2097 1606/1755 597/2098
f 597/2098 1606/1755 1607/1758
f 1803/2099 1848/2100 1800/2065
f 1800/2065 1848/2100 1827/2066
f 115/117 114/116 1843/2102
f 1843/2102 114/116 1844/2101
f 1846/2095 1849/2103 152/2096
f 152/2096 1849/2103 168/2104
f 1850/2105 1845/2093 180/2106
f 180/2106 1845/2093 175/2094
f 1851/2107 1852/2108 1854/2110
f 1854/2110 1852/2108 1853/2109
f 1855/2111 1856/2112 154/2114
f 154/2114 1856/2112 153/2113
f 1856/2112 1857/2115 153/2113
f 153/2113 1857/2115 155/2116
f 1858/2117 1855/2111 156/2118
f 156/2118 1855/2111 154/2114
f 1859/2119 1858/2117 157/2120
f 157/2120 1858/2117 156/2118
f 1857/2115 1860/2121 155/2116
f 155/2116 1860/2121 158/2122
f 1861/2123 1859/2124 159/2126
f 159/2126 1859/2124 157/2125
f 1860/2121 1862/2127 158/2122
f 158/2122 1862/2127 160/2128
f 1854/2110 1853/2109 1864/2130
f 1864/2130 1853/2109 1863/2129
f 1865/2131 1861/2123 148/2132
f 148/2132 1861/2123 159/2126
f 1849/2103 1866/2133 168/2104
f 168/2104 1866/2133 169/2134
f 1862/2127 1867/2135 160/2128
f 160/2128 1867/2135 161/2136
f 1868/2137 1865/2131 150/2138
f 150/2138 1865/2131 148/2132
f 1869/2139 1870/2140 117/119
f 117/119 1870/2140 118/120
f 1871/2141 1850/2105 184/2142
f 184/2142 1850/2105 180/2106
f 1867/2135 1872/2143 161/2136
f 161/2136 1872/2143 162/2144
f 1873/2145 1868/2137 167/2146
f 167/2146 1868/2137 150/2138
f 1864/2130 1863/2129 1875/2148
f 1875/2148 1863/2129 1874/2147
f 1876/2149 1873/2145 164/2150
f 164/2150 1873/2145 167/2146
f 1877/2151 1878/2152 1869/2139
f 1869/2139 1878/2152 1870/2140
f 1872/2143 1879/2153 162/2144
f 162/2144 1879/2153 163/2154
f 1866/2133 1880/2155 169/2134
f 169/2134 1880/2155 177/2156
f 1624/1779 1780/1973 1775/1966
f 1775/1966 1780/1973 1881/2157
f 1882/2158 1876/2149 172/2159
f 172/2159 1876/2149 164/2150
f 1875/2148 1874/2147 1884/2161
f 1884/2161 1874/2147 1883/2160
f 1885/2162 1886/2163 1877/2151
f 1877/2151 1886/2163 1878/2152
f 1887/2164 1882/2158 174/2165
f 174/2165 1882/2158 172/2159
f 1888/2166 1871/2141 192/2167
f 192/2167 1871/2141 184/2142
f 1879/2153 1889/2168 163/2154
f 163/2154 1889/2168 181/2169
f 1884/2161 1883/2160 1891/2171
f 1891/2171 1883/2160 1890/2170
f 1892/2172 1893/2173 1885/2162
f 1885/2162 1893/2173 1886/2163
f 1894/2174 1887/2164 173/2175
f 173/2175 1887/2164 174/2165
f 1891/2171 1890/2170 1896/2177
f 1896/2177 1890/2170 1895/2176
f 1897/2178 1898/2179 1892/2172
f 1892/2172 1898/2179 1893/2173
f 1896/2177 1895/2176 1897/2178
f 1897/2178 1895/2176 1898/2179
f 1880/2180 1899/2181 177/2183
f 177/2183 1899/2181 178/2182
f 1900/2184 1894/2174 179/2185
f 179/2185 1894/2174 173/2175
f 1889/2168 1901/2186 181/2169
f 181/2169 1901/2186 183/2187
f 1902/2188 1903/2189 185/2191
f 185/2191 1903/2189 145/2190
f 1904/2192 1900/2184 182/2193
f 182/2193 1900/2184 179/2185
f 1905/2194 1902/2188 186/2195
f 186/2195 1902/2188 185/2191
f 1906/2196 1888/2166 199/2197
f 199/2197 1888/2166 192/2167
f 1901/2186 1907/2198 183/2187
f 183/2187 1907/2198 187/2199
f 1908/2200 1904/2201 188/2203
f 188/2203 1904/2201 182/2202
f 1909/2204 1905/2194 191/2205
f 191/2205 1905/2194 186/2195
f 1899/2181 1910/2206 178/2182
f 178/2182 1910/2206 194/2207
f 1911/2208 1908/2200 189/2209
f 189/2209 1908/2200 188/2203
f 1907/2198 1912/2210 187/2199
f 187/2199 1912/2210 190/2211
f 1913/2212 1911/2208 196/2213
f 196/2213 1911/2208 189/2209
f 1914/2214 1906/2196 207/2215
f 207/2215 1906/2196 199/2197
f 1915/2216 1909/2204 198/2217
f 198/2217 1909/2204 191/2205
f 1912/2210 1916/2218 190/2211
f 190/2211 1916/2218 195/2219
f 1917/2220 1913/2212 202/2221
f 202/2221 1913/2212 196/2213
f 1910/2206 1918/2222 194/2207
f 194/2207 1918/2222 193/2223
f 1903/2224 1919/2225 145/2227
f 145/2227 1919/2225 176/2226
f 1920/2228 1917/2220 204/2229
f 204/2229 1917/2220 202/2221
f 1916/2218 1921/2230 195/2219
f 195/2219 1921/2230 197/2231
f 1922/2232 1915/2216 205/2233
f 205/2233 1915/2216 198/2217
f 1923/2234 1920/2228 213/2235
f 213/2235 1920/2228 204/2229
f 1924/2236 1914/2214 216/2237
f 216/2237 1914/2214 207/2215
f 1918/2222 1925/2238 193/2223
f 193/2223 1925/2238 209/2239
f 1921/2230 1926/2240 197/2231
f 197/2231 1926/2240 203/2241
f 1927/2242 1923/2234 215/2243
f 215/2243 1923/2234 213/2235
f 1926/2240 1928/2244 203/2241
f 203/2241 1928/2244 206/2245
f 1929/2246 1927/2242 223/2247
f 223/2247 1927/2242 215/2243
f 1930/2248 1922/2232 211/2249
f 211/2249 1922/2232 205/2233
f 1925/2238 1931/2250 209/2239
f 209/2239 1931/2250 201/2251
f 1932/2252 1924/2236 224/2253
f 224/2253 1924/2236 216/2237
f 1919/2225 1933/2254 176/2226
f 176/2226 1933/2254 214/2255
f 1934/2256 1929/2246 229/2257
f 229/2257 1929/2246 223/2247
f 1928/2258 1935/2259 206/2261
f 206/2261 1935/2259 210/2260
f 1936/2262 1930/2248 218/2263
f 218/2263 1930/2248 211/2249
f 1933/2254 1936/2264 214/2255
f 214/2255 1936/2264 218/2265
f 1937/2266 1934/2256 236/2267
f 236/2267 1934/2256 229/2257
f 1935/2259 1938/2268 210/2260
f 210/2260 1938/2268 220/2269
f 1939/2270 1940/2271 221/2273
f 221/2273 1940/2271 166/2272
f 1940/2274 1941/2275 166/2277
f 166/2277 1941/2275 200/2276
f 1931/2250 1942/2278 201/2251
f 201/2251 1942/2278 228/2279
f 1943/2280 1937/2266 237/2281
f 237/2281 1937/2266 236/2267
f 1938/2268 1944/2282 220/2269
f 220/2269 1944/2282 226/2283
f 1945/2284 1939/2270 219/2285
f 219/2285 1939/2270 221/2273
f 1946/2286 1932/2252 233/2287
f 233/2287 1932/2252 224/2253
f 1944/2282 1947/2288 226/2283
f 226/2283 1947/2288 231/2289
f 1948/2290 1943/2280 250/2291
f 250/2291 1943/2280 237/2281
f 1949/2292 1945/2284 230/2293
f 230/2293 1945/2284 219/2285
f 1947/2288 1950/2294 231/2289
f 231/2289 1950/2294 234/2295
f 1941/2275 1951/2296 200/2276
f 200/2276 1951/2296 208/2297
f 1952/2298 1948/2290 254/2299
f 254/2299 1948/2290 250/2291
f 1942/2278 1953/2300 228/2279
f 228/2279 1953/2300 212/2301
f 1954/2302 1949/2292 227/2303
f 227/2303 1949/2292 230/2293
f 1950/2294 1955/2304 234/2295
f 234/2295 1955/2304 239/2305
f 1956/2306 1946/2286 244/2307
f 244/2307 1946/2286 233/2287
f 1957/2308 1952/2298 262/2309
f 262/2309 1952/2298 254/2299
f 1955/2304 1958/2310 239/2305
f 239/2305 1958/2310 246/2311
f 1959/2312 1954/2302 238/2313
f 238/2313 1954/2302 227/2303
f 1960/2314 1957/2308 264/2315
f 264/2315 1957/2308 262/2309
f 1958/2310 1961/2316 246/2311
f 246/2311 1961/2316 251/2317
f 1951/2296 1962/2318 208/2297
f 208/2297 1962/2318 217/2319
f 1961/2316 1963/2320 251/2317
f 251/2317 1963/2320 257/2321
f 1964/2322 1960/2314 272/2323
f 272/2323 1960/2314 264/2315
f 1953/2300 1965/2324 212/2301
f 212/2301 1965/2324 248/2325
f 1963/2320 1966/2326 257/2321
f 257/2321 1966/2326 259/2327
f 1967/2328 1959/2312 232/2329
f 232/2329 1959/2312 238/2313
f 1968/2330 1964/2322 276/2331
f 276/2331 1964/2322 272/2323
f 1969/2332 1956/2306 255/2333
f 255/2333 1956/2306 244/2307
f 1966/2326 1970/2334 259/2327
f 259/2327 1970/2334 265/2335
f 1971/2336 1968/2330 282/2337
f 282/2337 1968/2330 276/2331
f 1970/2334 1972/2338 265/2335
f 265/2335 1972/2338 267/2339
f 1973/2340 1971/2336 283/2341
f 283/2341 1971/2336 282/2337
f 1972/2338 1974/2342 267/2339
f 267/2339 1974/2342 273/2343
f 1975/2344 1973/2340 278/2345
f 278/2345 1973/2340 283/2341
f 1974/2346 1976/2347 273/2349
f 273/2349 1976/2347 275/2348
f 1977/2350 1967/2328 253/2351
f 253/2351 1967/2328 232/2329
f 1978/2352 1975/2344 280/2353
f 280/2353 1975/2344 278/2345
f 1976/2347 1978/2352 275/2348
f 275/2348 1978/2352 280/2353
f 1962/2318 1979/2354 217/2319
f 217/2319 1979/2354 225/2355
f 1965/2324 1980/2356 248/2325
f 248/2325 1980/2356 222/2357
f 1981/2358 1977/2350 240/2359
f 240/2359 1977/2350 253/2351
f 1982/2360 1969/2332 268/2361
f 268/2361 1969/2332 255/2333
f 1979/2354 1983/2362 225/2355
f 225/2355 1983/2362 245/2363
f 1984/2364 1981/2358 263/2365
f 263/2365 1981/2358 240/2359
f 1780/1973 1742/1915 1985/2366
f 1985/2366 1742/1915 101/103
f 1980/2356 1986/2367 222/2357
f 222/2357 1986/2367 270/2368
f 1987/2369 1984/2364 247/2370
f 247/2370 1984/2364 263/2365
f 413/2371 1797/2002 414/2372
f 414/2372 1797/2002 1798/2005
f 1983/2362 1988/2373 245/2363
f 245/2363 1988/2373 256/2374
f 1989/2375 1982/2360 285/2376
f 285/2376 1982/2360 268/2361
f 1990/2377 1987/2369 277/2378
f 277/2378 1987/2369 247/2370
f 1986/2367 1991/2379 270/2368
f 270/2368 1991/2379 235/2380
f 1992/2381 1990/2377 252/2382
f 252/2382 1990/2377 277/2378
f 1988/2373 1993/2383 256/2374
f 256/2374 1993/2383 269/2384
f 1994/2385 1992/2381 288/2386
f 288/2386 1992/2381 252/2382
f 1995/2387 1989/2375 289/2388
f 289/2388 1989/2375 285/2376
f 1996/2389 1994/2385 258/2390
f 258/2390 1994/2385 288/2386
f 1991/2379 1997/2391 235/2380
f 235/2380 1997/2391 291/2392
f 1993/2383 1998/2393 269/2384
f 269/2384 1998/2393 286/2394
f 1999/2395 1996/2389 290/2396
f 290/2396 1996/2389 258/2390
f 1848/2397 384/390 1827/2398
f 1827/2398 384/390 386/392
f 2000/2399 1999/2395 260/2400
f 260/2400 1999/2395 290/2396
f 2001/2401 2002/2402 417/424
f 417/424 2002/2402 300/302
f 2003/2403 1995/2387 293/2404
f 293/2404 1995/2387 289/2388
f 2004/2405 2000/2399 294/2406
f 294/2406 2000/2399 260/2400
f 1997/2391 2005/2407 291/2392
f 291/2392 2005/2407 249/2408
f 1998/2393 2006/2409 286/2394
f 286/2394 2006/2409 292/2410
f 1833/2077 2007/2411 1834/2078
f 1834/2078 2007/2411 2008/2412
f 2009/2413 2004/2405 266/2414
f 266/2414 2004/2405 294/2406
f 2006/2409 2010/2415 292/2410
f 292/2410 2010/2415 295/2416
f 2011/2417 2003/2403 296/2418
f 296/2418 2003/2403 293/2404
f 2005/2407 2012/2419 249/2408
f 249/2408 2012/2419 297/2420
f 1758/1943 1782/1975 1808/2026
f 1808/2026 1782/1975 2013/2421
f 2014/2422 2009/2413 301/2423
f 301/2423 2009/2413 266/2414
f 2010/2415 2015/2424 295/2416
f 295/2416 2015/2424 304/2425
f 2016/2426 1793/2427 2017/2429
f 2017/2429 1793/2427 1791/2428
f 2012/2419 2018/2430 297/2420
f 297/2420 2018/2430 261/2431
f 1787/2432 2019/2433 1788/2435
f 1788/2435 2019/2433 2020/2434
f 2021/2436 2014/2422 274/2437
f 274/2437 2014/2422 301/2423
f 2022/2438 2011/2417 302/2439
f 302/2439 2011/2417 296/2418
f 2015/2424 2023/2440 304/2425
f 304/2425 2023/2440 311/2441
f 2018/2430 2024/2442 261/2431
f 261/2431 2024/2442 306/2443
f 2025/2444 2021/2436 305/2445
f 305/2445 2021/2436 274/2437
f 2026/2446 2025/2444 279/2447
f 279/2447 2025/2444 305/2445
f 2024/2442 2027/2448 306/2443
f 306/2443 2027/2448 271/2449
f 2028/2450 2022/2438 307/2451
f 307/2451 2022/2438 302/2439
f 2023/2452 2029/2453 311/2455
f 311/2455 2029/2453 319/2454
f 386/392 414/2372 1827/2398
f 1827/2398 414/2372 1798/2005
f 2030/2456 2026/2446 313/2457
f 313/2457 2026/2446 279/2447
f 2027/2448 2031/2458 271/2449
f 271/2449 2031/2458 314/2459
f 2032/2460 2030/2456 284/2461
f 284/2461 2030/2456 313/2457
f 2031/2458 2033/2462 314/2459
f 314/2459 2033/2462 281/2463
f 2029/2453 2034/2464 319/2454
f 319/2454 2034/2464 322/2465
f 2035/2466 2032/2467 317/2469
f 317/2469 2032/2467 284/2468
f 2033/2462 2036/2470 281/2463
f 281/2463 2036/2470 318/2471
f 2037/2472 2035/2466 287/2473
f 287/2473 2035/2466 317/2469
f 2036/2470 2037/2472 318/2471
f 318/2471 2037/2472 287/2473
f 2038/2474 2028/2450 312/2475
f 312/2475 2028/2450 307/2451
f 2034/2464 2039/2476 322/2465
f 322/2465 2039/2476 325/2477
f 2017/2429 1791/2428 2020/2434
f 2020/2434 1791/2428 1788/2435
f 2039/2476 2040/2478 325/2477
f 325/2477 2040/2478 327/2479
f 2041/2480 2038/2481 320/2483
f 320/2483 2038/2481 312/2482
f 2040/2478 2042/2484 327/2479
f 327/2479 2042/2484 329/2485
f 2042/2484 2043/2486 329/2485
f 329/2485 2043/2486 332/2487
f 2044/2488 2041/2480 324/2489
f 324/2489 2041/2480 320/2483
f 2043/2486 2045/2490 332/2487
f 332/2487 2045/2490 334/2491
f 2045/2490 2046/2492 334/2491
f 334/2491 2046/2492 335/2493
f 2046/2492 2047/2494 335/2493
f 335/2493 2047/2494 337/2495
f 2048/2496 2044/2488 323/2497
f 323/2497 2044/2488 324/2489
f 2047/2494 2049/2498 337/2495
f 337/2495 2049/2498 339/2499
f 2049/2498 2050/2500 339/2499
f 339/2499 2050/2500 341/2501
f 2050/2500 2051/2502 341/2501
f 341/2501 2051/2502 344/2503
f 2051/2502 2052/2504 344/2503
f 344/2503 2052/2504 346/2505
f 2052/2504 2053/2506 346/2505
f 346/2505 2053/2506 348/2507
f 2054/2508 2048/2496 326/2509
f 326/2509 2048/2496 323/2497
f 2053/2506 2055/2510 348/2507
f 348/2507 2055/2510 350/2511
f 2055/2510 2056/2512 350/2511
f 350/2511 2056/2512 352/2513
f 2056/2512 2057/2514 352/2513
f 352/2513 2057/2514 354/2515
f 2058/2516 2054/2508 331/2517
f 331/2517 2054/2508 326/2509
f 2059/2518 2058/2516 328/2519
f 328/2519 2058/2516 331/2517
f 2060/2520 2059/2518 330/2521
f 330/2521 2059/2518 328/2519
f 2061/2522 2060/2520 333/2523
f 333/2523 2060/2520 330/2521
f 2057/2514 2062/2524 354/2515
f 354/2515 2062/2524 355/2525
f 2063/2526 2061/2522 336/2527
f 336/2527 2061/2522 333/2523
f 2064/2528 2063/2526 356/2529
f 356/2529 2063/2526 336/2527
f 2065/2530 2064/2528 338/2531
f 338/2531 2064/2528 356/2529
f 2066/2532 2065/2530 340/2533
f 340/2533 2065/2530 338/2531
f 2067/2534 2066/2532 342/2535
f 342/2535 2066/2532 340/2533
f 2068/2536 2069/2537 2071/2539
f 2071/2539 2069/2537 2070/2538
f 2072/2540 2073/2541 426/433
f 426/433 2073/2541 2074/2542
f 2075/2543 2067/2534 345/2544
f 345/2544 2067/2534 342/2535
f 2076/2545 2075/2543 347/2546
f 347/2546 2075/2543 345/2544
f 361/367 363/369 2077/2547
f 2077/2547 363/369 2078/2548
f 2079/2549 2076/2545 349/2550
f 349/2550 2076/2545 347/2546
f 2080/2551 2079/2549 351/2552
f 351/2552 2079/2549 349/2550
f 2081/2553 2080/2551 353/2554
f 353/2554 2080/2551 351/2552
f 2062/2555 2081/2553 355/2556
f 355/2556 2081/2553 353/2554
f 358/362 54/325 105/2557
f 107/363 105/2557 54/325
f 2082/2558 2083/2559 2085/2561
f 2085/2561 2083/2559 2084/2560
f 360/366 54/325 2086/2562
f 365/371 2086/2562 54/325
f 2085/2561 2084/2560 2088/2564
f 2088/2564 2084/2560 2087/2563
f 2089/2565 2090/2566 2082/2558
f 2082/2558 2090/2566 2083/2559
f 2091/2567 2092/2568 2089/2565
f 2089/2565 2092/2568 2090/2566
f 2093/2569 2094/2570 2096/2572
f 2096/2572 2094/2570 2095/2571
f 2097/2573 2098/2574 2091/2567
f 2091/2567 2098/2574 2092/2568
f 373/379 2099/2575 54/325
f 2099/2575 367/373 54/325
f 2096/2572 2095/2571 2101/2577
f 2101/2577 2095/2571 2100/2576
f 2102/2578 2103/2579 2097/2573
f 2097/2573 2103/2579 2098/2574
f 2101/2577 2100/2576 2105/2581
f 2105/2581 2100/2576 2104/2580
f 376/382 2106/2582 54/325
f 2106/2582 372/378 54/325
f 2107/2583 2108/2584 2102/2578
f 2102/2578 2108/2584 2103/2579
f 2105/2581 2104/2580 2110/2586
f 2110/2586 2104/2580 2109/2585
f 379/385 2111/2587 54/325
f 2111/2587 375/381 54/325
f 2112/2588 2113/2589 2107/2583
f 2107/2583 2113/2589 2108/2584
f 2110/2586 2109/2585 2115/2591
f 2115/2591 2109/2585 2114/2590
f 2116/2592 2117/2593 2112/2588
f 2112/2588 2117/2593 2113/2589
f 2115/2591 2114/2590 2119/2595
f 2119/2595 2114/2590 2118/2594
f 309/311 308/310 2116/2592
f 2116/2592 308/310 2117/2593
f 2119/2595 2118/2594 2121/2597
f 2121/2597 2118/2594 2120/2596
f 1782/1975 1834/2078 2013/2421
f 2013/2421 1834/2078 2122/2598
f 2121/2597 2120/2596 2124/2600
f 2124/2600 2120/2596 2123/2599
f 2125/2601 2126/2602 315/317
f 315/317 2126/2602 316/318
f 18/18 98/100 94/96
f 94/96 98/100 524/533
f 1985/2366 101/103 2127/2603
f 2127/2603 101/103 122/124
f 2124/2600 2123/2599 2129/2605
f 2129/2605 2123/2599 2128/2604
f 69/69 2130/2606 98/100
f 98/100 2130/2606 524/533
f 2131/2607 2132/2608 2125/2601
f 2125/2601 2132/2608 2126/2602
f 2129/2605 2128/2604 2134/2610
f 2134/2610 2128/2604 2133/2609
f 381/387 2135/2611 382/388
f 382/388 2135/2611 2136/2612
f 397/2613 2016/2614 398/2616
f 398/2616 2016/2614 2017/2615
f 2137/2617 2138/2618 2131/2607
f 2131/2607 2138/2618 2132/2608
f 391/398 2139/2619 392/399
f 392/399 2139/2619 2140/2620
f 2134/2610 2133/2609 2142/2622
f 2142/2622 2133/2609 2141/2621
f 2143/2623 2144/2624 2137/2617
f 2137/2617 2144/2624 2138/2618
f 2142/2622 2141/2621 2146/2626
f 2146/2626 2141/2621 2145/2625
f 2147/2627 2148/2628 2150/2630
f 2150/2630 2148/2628 2149/2629
f 2073/2631 2151/2632 2074/2634
f 2074/2634 2151/2632 2152/2633
f 2153/2635 2154/2636 2143/2623
f 2143/2623 2154/2636 2144/2624
f 2001/2401 417/424 369/375
f 417/424 370/376 369/375
f 2146/2626 2145/2625 2156/2638
f 2156/2638 2145/2625 2155/2637
f 2157/2639 2158/2640 2153/2635
f 2153/2635 2158/2640 2154/2636
f 385/2641 396/403 386/2642
f 386/2642 396/403 398/405
f 2160/2644 2161/2645 2159/2643
f 2159/2643 2161/2645 2162/2646
f 2163/2647 2164/2648 2157/2639
f 2157/2639 2164/2648 2158/2640
f 2007/2411 2165/2649 2008/2412
f 2008/2412 2165/2649 2166/2650
f 2019/2651 2167/2652 2020/2654
f 2020/2654 2167/2652 2168/2653
f 2017/2615 2020/2654 398/2616
f 398/2616 2020/2654 2168/2653
f 2169/2655 2170/2656 2172/2658
f 2172/2658 2170/2656 2171/2657
f 2173/2659 2174/2660 2163/2647
f 2163/2647 2174/2660 2164/2648
f 2172/2658 2171/2657 2176/2662
f 2176/2662 2171/2657 2175/2661
f 2177/2663 2178/2664 2173/2666
f 2173/2666 2178/2664 2174/2665
f 1780/1973 1985/2366 1881/2157
f 1881/2157 1985/2366 387/393
f 2176/2662 2175/2661 2180/2668
f 2180/2668 2175/2661 2179/2667
f 2181/2669 2182/2670 2177/2663
f 2177/2663 2182/2670 2178/2664
f 2180/2668 2179/2667 2184/2672
f 2184/2672 2179/2667 2183/2671
f 2185/2673 2186/2674 2181/2669
f 2181/2669 2186/2674 2182/2670
f 410/417 411/418 2188/2676
f 2187/2675 2188/2676 411/418
f 2184/2672 2183/2671 2190/2678
f 2190/2678 2183/2671 2189/2677
f 2191/2679 2192/2680 2185/2673
f 2185/2673 2192/2680 2186/2674
f 2187/2675 411/418 2194/2682
f 2193/2681 2194/2682 411/418
f 2190/2678 2189/2677 2196/2684
f 2196/2684 2189/2677 2195/2683
f 2197/2685 2198/2686 2191/2679
f 2191/2679 2198/2686 2192/2680
f 2196/2684 2195/2683 2200/2688
f 2200/2688 2195/2683 2199/2687
f 416/423 2201/2689 411/418
f 2201/2689 2193/2681 411/418
f 2202/2690 2203/2691 2197/2685
f 2197/2685 2203/2691 2198/2686
f 2200/2688 2199/2687 2205/2693
f 2205/2693 2199/2687 2204/2692
f 2205/2693 2204/2692 2207/2695
f 2207/2695 2204/2692 2206/2694
f 2208/2696 2209/2697 2211/2699
f 2211/2699 2209/2697 2210/2698
f 386/2642 398/405 414/421
f 414/421 398/405 2168/2700
f 103/105 94/96 407/414
f 94/96 408/415 407/414
f 2167/2701 412/419 2168/2700
f 2168/2700 412/419 414/421
f 2127/2603 122/124 2212/2702
f 2212/2702 122/124 1808/2026
f 2213/2703 2214/2704 2216/2706
f 2216/2706 2214/2704 2215/2705
f 2216/2706 2215/2705 2218/2708
f 2218/2708 2215/2705 2217/2707
f 2219/2709 2220/2710 2213/2703
f 2213/2703 2220/2710 2214/2704
f 2218/2708 2217/2707 2222/2712
f 2222/2712 2217/2707 2221/2711
f 2222/2712 2221/2711 2224/2714
f 2224/2714 2221/2711 2223/2713
f 2224/2714 2223/2713 2226/2716
f 2226/2716 2223/2713 2225/2715
f 2226/2716 2225/2715 2228/2718
f 2228/2718 2225/2715 2227/2717
f 2228/2718 2227/2717 2230/2720
f 2230/2720 2227/2717 2229/2719
f 2230/2720 2229/2719 399/406
f 399/406 2229/2719 400/407
f 1607/1758 1775/1966 597/2098
f 597/2098 1775/1966 2231/2721
f 402/409 429/438 2233/2723
f 2233/2723 429/438 2232/2722
f 2233/2723 2232/2722 2235/2725
f 2235/2725 2232/2722 2234/2724
f 2235/2725 2234/2724 2237/2727
f 2237/2727 2234/2724 2236/2726
f 2237/2727 2236/2726 2239/2729
f 2239/2729 2236/2726 2238/2728
f 2239/2729 2238/2728 2241/2731
f 2241/2731 2238/2728 2240/2730
f 2242/2732 2243/2733 2245/2735
f 2245/2735 2243/2733 2244/2734
f 2245/2735 2244/2734 2247/2737
f 2247/2737 2244/2734 2246/2736
f 2247/2737 2246/2736 2249/2739
f 2249/2739 2246/2736 2248/2738
f 2250/2740 2251/2741 2253/2743
f 2253/2743 2251/2741 2252/2742
f 2249/2739 2248/2738 2255/2745
f 2255/2745 2248/2738 2254/2744
f 2256/2746 2257/2747 2250/2749
f 2250/2749 2257/2747 2251/2748
f 2255/2745 2254/2744 2259/2751
f 2259/2751 2254/2744 2258/2750
f 2259/2751 2258/2750 2261/2753
f 2261/2753 2258/2750 2260/2752
f 2261/2753 2260/2752 2263/2755
f 2263/2755 2260/2752 2262/2754
f 2264/2756 435/2757 2265/2759
f 2265/2759 435/2757 434/2758
f 2266/2760 437/2761 2264/2756
f 2264/2756 437/2761 435/2757
f 2265/2759 434/2758 2267/2763
f 2267/2763 434/2758 438/2762
f 2268/2764 2269/2765 421/428
f 421/428 2269/2765 422/429
f 2270/2766 439/2767 2266/2760
f 2266/2760 439/2767 437/2761
f 2267/2763 438/2762 2271/2769
f 2271/2769 438/2762 440/2768
f 2263/2755 2262/2754 2273/2771
f 2273/2771 2262/2754 2272/2770
f 2274/2772 441/2773 2270/2766
f 2270/2766 441/2773 439/2767
f 2275/2774 2276/2775 2268/2764
f 2268/2764 2276/2775 2269/2765
f 2271/2769 440/2768 2277/2777
f 2277/2777 440/2768 442/2776
f 2273/2771 2272/2770 2279/2779
f 2279/2779 2272/2770 2278/2778
f 425/432 444/453 2275/2774
f 2275/2774 444/453 2276/2775
f 2280/2780 443/2781 2274/2772
f 2274/2772 443/2781 441/2773
f 2279/2779 2278/2778 2282/2783
f 2282/2783 2278/2778 2281/2782
f 2282/2783 2281/2782 423/430
f 423/430 2281/2782 424/431
f 2277/2777 442/2776 2283/2785
f 2283/2785 442/2776 446/2784
f 2284/2786 447/2787 2280/2780
f 2280/2780 447/2787 443/2781
f 2283/2785 446/2784 2285/2789
f 2285/2789 446/2784 448/2788
f 2285/2789 448/2788 2286/2791
f 2286/2791 448/2788 450/2790
f 2287/2792 452/2793 2288/2795
f 2288/2795 452/2793 449/2794
f 2286/2791 450/2790 2289/2797
f 2289/2797 450/2790 453/2796
f 2290/2798 454/2799 2287/2792
f 2287/2792 454/2799 452/2793
f 2289/2797 453/2796 2291/2801
f 2291/2801 453/2796 455/2800
f 2212/2702 1808/2026 2292/2802
f 2292/2802 1808/2026 2013/2421
f 2293/2803 456/2804 2290/2798
f 2290/2798 456/2804 454/2799
f 2291/2801 455/2800 2294/2806
f 2294/2806 455/2800 457/2805
f 2295/2807 458/2808 2293/2803
f 2293/2803 458/2808 456/2804
f 2294/2806 457/2805 2296/2810
f 2296/2810 457/2805 459/2809
f 2297/2811 460/2812 2295/2807
f 2295/2807 460/2812 458/2808
f 2296/2810 459/2809 2298/2814
f 2298/2814 459/2809 464/2813
f 2299/2815 2300/2816 2302/2818
f 2302/2818 2300/2816 2301/2817
f 2303/2819 465/2820 2297/2811
f 2297/2811 465/2820 460/2812
f 2298/2814 464/2813 2304/2822
f 2304/2822 464/2813 466/2821
f 2305/2823 467/2824 2303/2819
f 2303/2819 467/2824 465/2820
f 2304/2822 466/2821 2306/2826
f 2306/2826 466/2821 468/2825
f 2307/2827 469/2828 2305/2823
f 2305/2823 469/2828 467/2824
f 2308/2829 2309/2830 2311/2832
f 2311/2832 2309/2830 2310/2831
f 2311/2832 2310/2831 2313/2834
f 2313/2834 2310/2831 2312/2833
f 2314/2835 2315/2836 2308/2829
f 2308/2829 2315/2836 2309/2830
f 2316/2837 2317/2838 2314/2835
f 2314/2835 2317/2838 2315/2836
f 2306/2826 468/2825 2318/2840
f 2318/2840 468/2825 470/2839
f 2319/2841 2320/2842 2322/2844
f 2322/2844 2320/2842 2321/2843
f 2323/2845 2324/2846 2316/2837
f 2316/2837 2324/2846 2317/2838
f 2322/2844 2321/2843 2326/2848
f 2326/2848 2321/2843 2325/2847
f 2327/2849 471/2850 2307/2827
f 2307/2827 471/2850 469/2828
f 2328/2851 2329/2852 2323/2845
f 2323/2845 2329/2852 2324/2846
f 2318/2840 470/2839 2330/2854
f 2330/2854 470/2839 472/2853
f 2326/2848 2325/2847 2332/2856
f 2332/2856 2325/2847 2331/2855
f 2333/2857 2334/2858 2328/2851
f 2328/2851 2334/2858 2329/2852
f 2335/2859 473/2860 2327/2849
f 2327/2849 473/2860 471/2850
f 2332/2856 2331/2855 2337/2862
f 2337/2862 2331/2855 2336/2861
f 2330/2854 472/2853 2338/2864
f 2338/2864 472/2853 475/2863
f 2339/2865 2340/2866 2333/2857
f 2333/2857 2340/2866 2334/2858
f 2337/2862 2336/2861 2342/2868
f 2342/2868 2336/2861 2341/2867
f 2343/2869 476/2870 2335/2859
f 2335/2859 476/2870 473/2860
f 2344/2871 2345/2872 2339/2865
f 2339/2865 2345/2872 2340/2866
f 2338/2864 475/2863 2346/2874
f 2346/2874 475/2863 477/2873
f 2342/2868 2341/2867 2348/2876
f 2348/2876 2341/2867 2347/2875
f 2349/2877 478/2878 2343/2869
f 2343/2869 478/2878 476/2870
f 1847/2879 597/606 432/441
f 597/606 433/442 432/441
f 2350/2880 482/2881 2349/2877
f 2349/2877 482/2881 478/2878
f 2348/2876 2347/2875 2352/2883
f 2352/2883 2347/2875 2351/2882
f 2353/2884 479/2885 2354/2887
f 2354/2887 479/2885 483/2886
f 2355/2888 2356/2889 2358/2891
f 2358/2891 2356/2889 2357/2890
f 2359/2892 484/2893 2350/2880
f 2350/2880 484/2893 482/2881
f 2354/2894 483/2895 2360/2897
f 2360/2897 483/2895 485/2896
f 2352/2883 2351/2882 2362/2899
f 2362/2899 2351/2882 2361/2898
f 2363/2900 486/2901 2359/2892
f 2359/2892 486/2901 484/2893
f 2364/2902 2365/2903 2355/2888
f 2355/2888 2365/2903 2356/2889
f 2360/2897 485/2896 2366/2905
f 2366/2905 485/2896 487/2904
f 2367/2906 488/2907 2363/2900
f 2363/2900 488/2907 486/2901
f 2366/2905 487/2904 2368/2909
f 2368/2909 487/2904 489/2908
f 2362/2899 2361/2898 2370/2911
f 2370/2911 2361/2898 2369/2910
f 2371/2912 490/2913 2367/2906
f 2367/2906 490/2913 488/2907
f 2368/2909 489/2908 2372/2915
f 2372/2915 489/2908 491/2914
f 2373/2916 492/2917 2371/2912
f 2371/2912 492/2917 490/2913
f 2372/2915 491/2914 2374/2919
f 2374/2919 491/2914 493/2918
f 2374/2919 493/2918 2373/2916
f 2373/2916 493/2918 492/2917
f 2375/2920 2376/2921 2364/2902
f 2364/2902 2376/2921 2365/2903
f 2370/2911 2369/2910 2378/2923
f 2378/2923 2369/2910 2377/2922
f 2379/2924 2380/2925 2375/2920
f 2375/2920 2380/2925 2376/2921
f 2378/2923 2377/2922 2382/2927
f 2382/2927 2377/2922 2381/2926
f 2383/2928 2384/2929 2379/2924
f 2379/2924 2384/2929 2380/2925
f 451/460 426/433 2386/2931
f 2385/2930 2386/2931 426/433
f 2382/2927 2381/2926 2388/2933
f 2388/2933 2381/2926 2387/2932
f 2389/2934 2390/2935 2292/2802
f 2292/2802 2390/2935 2212/2702
f 2391/2936 2392/2937 2383/2928
f 2383/2928 2392/2937 2384/2929
f 2388/2933 2387/2932 2394/2939
f 2394/2939 2387/2932 2393/2938
f 2394/2939 2393/2938 2396/2941
f 2396/2941 2393/2938 2395/2940
f 2397/2942 2398/2943 2400/2945
f 2400/2945 2398/2943 2399/2944
f 2292/2802 2013/2421 2401/2946
f 2401/2946 2013/2421 2122/2598
f 2396/2941 2395/2940 2403/2948
f 2403/2948 2395/2940 2402/2947
f 2404/2949 2405/2950 2397/2942
f 2397/2942 2405/2950 2398/2943
f 2403/2948 2402/2947 2407/2952
f 2407/2952 2402/2947 2406/2951
f 2408/2953 2409/2954 2404/2956
f 2404/2956 2409/2954 2405/2955
f 2407/2952 2406/2951 2411/2958
f 2411/2958 2406/2951 2410/2957
f 2412/2959 503/512 542/551
f 542/551 503/512 496/505
f 474/483 2413/2960 417/424
f 2413/2960 2414/2961 417/424
f 2415/2962 2416/2963 2408/2953
f 2408/2953 2416/2963 2409/2954
f 2414/2961 2417/2964 417/424
f 2417/2964 2418/2965 417/424
f 480/489 417/424 2419/2966
f 2418/2965 2419/2966 417/424
f 2420/2967 2421/2968 2415/2962
f 2415/2962 2421/2968 2416/2963
f 2422/2969 2423/2970 2425/2972
f 2425/2972 2423/2970 2424/2971
f 2426/2973 2427/2974 2420/2967
f 2420/2967 2427/2974 2421/2968
f 2425/2972 2424/2971 2429/2976
f 2429/2976 2424/2971 2428/2975
f 481/490 2430/2977 417/424
f 2430/2977 2431/2978 417/424
f 2432/2979 2433/2980 2426/2973
f 2426/2973 2433/2980 2427/2974
f 2429/2976 2428/2975 2435/2982
f 2435/2982 2428/2975 2434/2981
f 2436/2983 2437/2984 2432/2979
f 2432/2979 2437/2984 2433/2980
f 2435/2982 2434/2981 2439/2986
f 2439/2986 2434/2981 2438/2985
f 2440/2987 2441/2988 2436/2983
f 2436/2983 2441/2988 2437/2984
f 2439/2986 2438/2985 2440/2987
f 2440/2987 2438/2985 2441/2988
f 2443/2990 417/424 2442/2989
f 2431/2978 2442/2989 417/424
f 494/503 417/424 2444/2991
f 2443/2990 2444/2991 417/424
f 2447/2994 598/607 2446/2993
f 598/607 2445/2992 2446/2993
f 2449/2996 417/424 2448/2995
f 495/504 2448/2995 417/424
f 501/510 417/424 2450/2997
f 2449/2996 2450/2997 417/424
f 2451/2998 2452/2999 553/562
f 553/562 2452/2999 536/545
f 2453/3000 2454/3001 526/3003
f 526/3003 2454/3001 647/3002
f 2456/3005 417/424 2455/3004
f 502/511 2455/3004 417/424
f 2457/3006 2458/3007 2460/3009
f 2460/3009 2458/3007 2459/3008
f 510/519 370/376 2462/3011
f 2461/3010 2462/3011 370/376
f 2463/3012 2464/3013 2457/3006
f 2457/3006 2464/3013 2458/3007
f 2465/3014 2466/3015 2468/3017
f 2468/3017 2466/3015 2467/3016
f 2469/3018 2470/3019 2463/3012
f 2463/3012 2470/3019 2464/3013
f 2472/3021 370/376 2471/3020
f 511/520 2471/3020 370/376
f 2468/3017 2467/3016 2474/3023
f 2474/3023 2467/3016 2473/3022
f 2474/3023 2473/3022 2476/3025
f 2476/3025 2473/3022 2475/3024
f 2477/3026 2478/3027 2480/3029
f 2480/3029 2478/3027 2479/3028
f 2481/3030 2482/3031 2477/3026
f 2477/3026 2482/3031 2478/3027
f 2483/3032 2484/3033 2481/3030
f 2481/3030 2484/3033 2482/3031
f 2485/3034 2486/3035 2483/3032
f 2483/3032 2486/3035 2484/3033
f 2487/3036 2488/3037 2490/3039
f 2490/3039 2488/3037 2489/3038
f 2491/3040 2492/3041 2485/3034
f 2485/3034 2492/3041 2486/3035
f 2401/2946 2122/2598 2494/3043
f 2494/3043 2122/2598 2493/3042
f 2495/3044 2496/3045 2491/3040
f 2491/3040 2496/3045 2492/3041
f 2497/3046 2498/3047 498/507
f 498/507 2498/3047 499/508
f 2499/3048 2500/3049 2497/3046
f 2497/3046 2500/3049 2498/3047
f 500/509 530/539 2502/3051
f 2502/3051 530/539 2501/3050
f 2503/3052 2504/3053 2499/3048
f 2499/3048 2504/3053 2500/3049
f 2502/3051 2501/3050 2506/3055
f 2506/3055 2501/3050 2505/3054
f 2507/3056 2508/3057 2503/3052
f 2503/3052 2508/3057 2504/3053
f 2506/3055 2505/3054 2510/3059
f 2510/3059 2505/3054 2509/3058
f 2511/3060 2512/3061 2507/3056
f 2507/3056 2512/3061 2508/3057
f 2510/3059 2509/3058 2514/3063
f 2514/3063 2509/3058 2513/3062
f 2515/3064 2516/3065 2511/3060
f 2511/3060 2516/3065 2512/3061
f 2514/3063 2513/3062 2518/3067
f 2518/3067 2513/3062 2517/3066
f 2519/3068 2520/3069 2515/3064
f 2515/3064 2520/3069 2516/3065
f 2518/3067 2517/3066 2522/3071
f 2522/3071 2517/3066 2521/3070
f 2523/3072 2524/3073 2519/3068
f 2519/3068 2524/3073 2520/3069
f 2525/3074 2526/3075 2528/3077
f 2528/3077 2526/3075 2527/3076
f 2522/3071 2521/3070 2530/3079
f 2530/3079 2521/3070 2529/3078
f 508/517 507/516 2523/3072
f 2523/3072 507/516 2524/3073
f 2530/3079 2529/3078 2532/3081
f 2532/3081 2529/3078 2531/3080
f 2532/3081 2531/3080 2534/3083
f 2534/3083 2531/3080 2533/3082
f 2535/3084 671/3085 2536/3087
f 2536/3087 671/3085 666/3086
f 2537/3088 2538/3089 512/521
f 512/521 2538/3089 513/522
f 2539/3090 675/3091 2535/3084
f 2535/3084 675/3091 671/3085
f 2534/3083 2533/3082 2541/3093
f 2541/3093 2533/3082 2540/3092
f 2542/3094 2543/3095 2537/3088
f 2537/3088 2543/3095 2538/3089
f 2544/3096 678/3097 2539/3090
f 2539/3090 678/3097 675/3091
f 2541/3093 2540/3092 2546/3099
f 2546/3099 2540/3092 2545/3098
f 2547/3100 681/3101 2544/3096
f 2544/3096 681/3101 678/3097
f 2548/3102 684/3103 2547/3100
f 2547/3100 684/3103 681/3101
f 2549/3104 2550/3105 2542/3094
f 2542/3094 2550/3105 2543/3095
f 2551/3106 685/3107 2548/3102
f 2548/3102 685/3107 684/3103
f 2552/3108 2553/3109 2555/3111
f 2555/3111 2553/3109 2554/3110
f 2546/3099 2545/3098 2557/3113
f 2557/3113 2545/3098 2556/3112
f 2558/3114 2559/3115 2549/3104
f 2549/3104 2559/3115 2550/3105
f 2553/3116 2560/3117 2554/3119
f 2554/3119 2560/3117 2561/3118
f 2557/3113 2556/3112 2563/3121
f 2563/3121 2556/3112 2562/3120
f 2564/3122 2487/3123 2565/3125
f 2565/3125 2487/3123 2490/3124
f 2566/3126 368/3127 606/620
f 606/620 368/3127 370/618
f 2567/3128 2568/3129 2558/3114
f 2558/3114 2568/3129 2559/3115
f 2563/3121 2562/3120 2570/3131
f 2570/3131 2562/3120 2569/3130
f 521/530 523/532 2447/2994
f 523/532 598/607 2447/2994
f 2571/3132 2572/3133 2567/3128
f 2567/3128 2572/3133 2568/3129
f 2573/3134 2574/3135 2571/3132
f 2571/3132 2574/3135 2572/3133
f 2575/3136 2576/3137 2578/3139
f 2578/3139 2576/3137 2577/3138
f 2579/3140 2445/2992 2580/3141
f 2580/3141 2445/2992 598/607
f 2581/3142 2582/3143 2573/3134
f 2573/3134 2582/3143 2574/3135
f 2578/3139 2577/3138 2584/3145
f 2584/3145 2577/3138 2583/3144
f 2585/3146 2586/3147 2581/3149
f 2581/3149 2586/3147 2582/3148
f 2584/3145 2583/3144 2588/3151
f 2588/3151 2583/3144 2587/3150
f 2589/3152 2590/3153 2561/3118
f 2561/3118 2590/3153 2554/3119
f 2591/3154 2592/3155 2585/3146
f 2585/3146 2592/3155 2586/3147
f 2593/3156 2594/3157 2589/3152
f 2589/3152 2594/3157 2590/3153
f 2588/3151 2587/3150 2596/3159
f 2596/3159 2587/3150 2595/3158
f 2597/3160 2552/3161 2598/3163
f 2598/3163 2552/3161 2555/3162
f 2599/3164 2600/3165 2591/3154
f 2591/3154 2600/3165 2592/3155
f 2601/3167 2555/3111 2590/3166
f 2590/3166 2555/3111 2554/3110
f 2596/3159 2595/3158 2603/3169
f 2603/3169 2595/3158 2602/3168
f 2604/3170 2605/3171 2599/3164
f 2599/3164 2605/3171 2600/3165
f 2603/3169 2602/3168 2607/3173
f 2607/3173 2602/3168 2606/3172
f 2608/3174 2579/3175 2609/3177
f 2609/3177 2579/3175 2580/3176
f 2610/3178 2611/3179 2604/3170
f 2604/3170 2611/3179 2605/3171
f 2607/3173 2606/3172 2613/3181
f 2613/3181 2606/3172 2612/3180
f 2614/3182 2615/3183 2610/3178
f 2610/3178 2615/3183 2611/3179
f 2613/3181 2612/3180 2617/3185
f 2617/3185 2612/3180 2616/3184
f 2617/3185 2616/3184 2619/3187
f 2619/3187 2616/3184 2618/3186
f 2594/3188 2620/3189 2590/3166
f 2590/3166 2620/3189 2601/3167
f 2621/3190 2622/3191 2624/3193
f 2624/3193 2622/3191 2623/3192
f 2625/3194 2626/3195 2628/3197
f 2628/3197 2626/3195 2627/3196
f 2629/3198 2630/3199 2632/3201
f 2632/3201 2630/3199 2631/3200
f 2633/3202 2621/3190 2634/3203
f 2634/3203 2621/3190 2624/3193
f 2635/3204 2633/3202 2636/3205
f 2636/3205 2633/3202 2634/3203
f 2494/3043 2493/3042 2638/3207
f 2638/3207 2493/3042 2637/3206
f 2601/3208 2639/3209 2555/3162
f 2555/3162 2639/3209 2598/3163
f 2640/3210 2635/3204 2641/3211
f 2641/3211 2635/3204 2636/3205
f 2622/3212 2642/3213 2623/3215
f 2623/3215 2642/3213 2643/3214
f 2644/3216 2645/3217 2638/3207
f 2638/3207 2645/3217 2646/3218
f 2647/3219 2640/3210 2648/3220
f 2648/3220 2640/3210 2641/3211
f 1881/2157 387/393 755/3222
f 755/3222 387/393 715/3221
f 2130/2606 2649/3223 524/533
f 524/533 2649/3223 2650/3224
f 2620/3225 2651/3226 2601/3208
f 2601/3208 2651/3226 2639/3209
f 1279/1354 1278/1353 2652/3227
f 1305/1380 1304/1379 1278/1353
f 1278/1353 1304/1379 2652/3227
f 2653/3228 2647/3219 2654/3229
f 2654/3229 2647/3219 2648/3220
f 2655/3230 2653/3228 2656/3231
f 2656/3231 2653/3228 2654/3229
f 2657/3232 2658/3233 2660/3235
f 2660/3235 2658/3233 2659/3234
f 2661/3236 2657/3232 2662/3237
f 2662/3237 2657/3232 2660/3235
f 2658/3238 2663/3239 2659/3241
f 2659/3241 2663/3239 2664/3240
f 2665/3242 2661/3236 2666/3243
f 2666/3243 2661/3236 2662/3237
f 2667/3244 2665/3242 2668/3245
f 2668/3245 2665/3242 2666/3243
f 534/3246 544/3247 535/3249
f 535/3249 544/3247 543/3248
f 535/3249 543/3248 632/3251
f 632/3251 543/3248 546/3250
f 537/3252 547/3253 534/3246
f 534/3246 547/3253 544/3247
f 632/3251 546/3250 636/3255
f 636/3255 546/3250 548/3254
f 2669/3256 2655/3230 2670/3257
f 2670/3257 2655/3230 2656/3231
f 2671/3258 2667/3244 2672/3259
f 2672/3259 2667/3244 2668/3245
f 538/3260 549/3261 537/3252
f 537/3252 549/3261 547/3253
f 636/3255 548/3254 637/3263
f 637/3263 548/3254 550/3262
f 2663/3239 2673/3264 2664/3240
f 2664/3240 2673/3264 2674/3265
f 2675/3266 2671/3258 2676/3267
f 2676/3267 2671/3258 2672/3259
f 539/3268 551/3269 538/3260
f 538/3260 551/3269 549/3261
f 637/3263 550/3262 638/3271
f 638/3271 550/3262 552/3270
f 2677/3272 2675/3266 2678/3273
f 2678/3273 2675/3266 2676/3267
f 713/3274 715/3221 427/436
f 715/3221 387/393 427/436
f 2679/3275 2677/3272 2680/3276
f 2680/3276 2677/3272 2678/3273
f 638/3271 552/3270 639/3278
f 639/3278 552/3270 555/3277
f 2681/3281 2682/3282 462/3280
f 519/3279 462/3280 2682/3282
f 2683/3283 2669/3256 2684/3284
f 2684/3284 2669/3256 2670/3257
f 2685/3285 520/3286 2682/3282
f 520/3286 519/3279 2682/3282
f 2673/3264 2686/3287 2674/3265
f 2674/3265 2686/3287 2687/3288
f 650/3289 556/3290 648/3292
f 648/3292 556/3290 554/3291
f 2688/3293 2679/3275 2689/3294
f 2689/3294 2679/3275 2680/3276
f 639/3278 555/3277 642/3296
f 642/3296 555/3277 557/3295
f 2690/3297 2688/3293 2691/3298
f 2691/3298 2688/3293 2689/3294
f 2692/3299 2690/3297 2693/3300
f 2693/3300 2690/3297 2691/3298
f 651/3301 558/3302 650/3289
f 650/3289 558/3302 556/3290
f 2694/3303 2692/3299 2695/3304
f 2695/3304 2692/3299 2693/3300
f 642/3296 557/3295 646/3306
f 646/3306 557/3295 559/3305
f 2686/3287 2696/3307 2687/3288
f 2687/3288 2696/3307 2697/3308
f 2698/3309 2683/3283 2699/3310
f 2699/3310 2683/3283 2684/3284
f 658/3311 560/3312 651/3301
f 651/3301 560/3312 558/3302
f 646/3313 559/3314 649/3316
f 649/3316 559/3314 562/3315
f 2700/3317 706/727 522/531
f 706/727 523/532 522/531
f 664/3318 563/3319 658/3311
f 658/3311 563/3319 560/3312
f 2696/3307 2701/3320 2697/3308
f 2697/3308 2701/3320 2702/3321
f 2703/3322 2698/3309 2704/3323
f 2704/3323 2698/3309 2699/3310
f 649/3316 562/3315 655/3325
f 655/3325 562/3315 564/3324
f 2642/3326 2705/3327 2643/3329
f 2643/3329 2705/3327 2706/3328
f 2705/3330 2694/3303 2706/3331
f 2706/3331 2694/3303 2695/3304
f 672/3332 565/3333 664/3318
f 664/3318 565/3333 563/3319
f 2701/3320 2707/3334 2702/3321
f 2702/3321 2707/3334 2708/3335
f 2709/3336 2703/3322 2710/3337
f 2710/3337 2703/3322 2704/3323
f 655/3325 564/3324 659/3339
f 659/3339 564/3324 567/3338
f 677/3340 568/3341 672/3332
f 672/3332 568/3341 565/3333
f 2711/3342 2712/3343 2714/3345
f 2714/3345 2712/3343 2713/3344
f 605/617 604/616 2715/3346
f 608/622 2715/3346 604/616
f 2712/3343 2716/3347 2713/3344
f 2713/3344 2716/3347 2717/3348
f 659/3339 567/3338 667/3350
f 667/3350 567/3338 569/3349
f 2707/3334 2718/3351 2708/3335
f 2708/3335 2718/3351 2719/3352
f 2720/3353 2709/3336 2721/3354
f 2721/3354 2709/3336 2710/3337
f 2722/3355 2711/3356 2723/3358
f 2723/3358 2711/3356 2714/3357
f 607/621 604/616 2724/3359
f 610/624 2724/3359 604/616
f 2716/3347 2725/3360 2717/3348
f 2717/3348 2725/3360 2726/3361
f 683/3362 570/3363 677/3340
f 677/3340 570/3363 568/3341
f 17/17 2727/3364 18/18
f 528/3365 16/1768 2727/3364
f 2727/3364 16/1768 18/18
f 667/3350 569/3349 676/3367
f 676/3367 569/3349 571/3366
f 2725/3360 2728/3368 2726/3361
f 2726/3361 2728/3368 2729/3369
f 609/623 604/616 2731/3371
f 2730/3370 2731/3371 604/616
f 2732/3372 2720/3353 2733/3373
f 2733/3373 2720/3353 2721/3354
f 2718/3351 2734/3374 2719/3352
f 2719/3352 2734/3374 2735/3375
f 2736/3376 2722/3355 2737/3377
f 2737/3377 2722/3355 2723/3358
f 690/3378 572/3379 683/3362
f 683/3362 572/3379 570/3363
f 2728/3368 2738/3380 2729/3369
f 2729/3369 2738/3380 2739/3381
f 2730/3370 604/616 2740/3382
f 612/626 2740/3382 604/616
f 724/3383 2597/3160 725/3384
f 725/3384 2597/3160 2598/3163
f 2649/3385 2741/3386 2650/3388
f 2650/3388 2741/3386 2742/3387
f 676/3367 571/3366 682/3390
f 682/3390 571/3366 573/3389
f 2743/3391 2732/3372 2744/3392
f 2744/3392 2732/3372 2733/3373
f 2738/3380 2745/3393 2739/3381
f 2739/3381 2745/3393 2746/3394
f 2734/3374 2747/3395 2735/3375
f 2735/3375 2747/3395 2748/3396
f 2749/3397 2736/3376 2750/3398
f 2750/3398 2736/3376 2737/3377
f 692/3399 574/3400 690/3378
f 690/3378 574/3400 572/3379
f 611/625 604/616 2752/3402
f 2751/3401 2752/3402 604/616
f 2745/3393 2753/3403 2746/3394
f 2746/3394 2753/3403 2754/3404
f 2755/3405 2743/3391 2756/3406
f 2756/3406 2743/3391 2744/3392
f 682/3390 573/3389 689/3408
f 689/3408 573/3389 575/3407
f 2753/3403 2757/3409 2754/3404
f 2754/3404 2757/3409 2758/3410
f 2759/3411 2749/3397 2760/3412
f 2760/3412 2749/3397 2750/3398
f 2747/3395 2761/3413 2748/3396
f 2748/3396 2761/3413 2762/3414
f 694/3415 576/3416 692/3399
f 692/3399 576/3416 574/3400
f 2757/3409 2763/3417 2758/3410
f 2758/3410 2763/3417 2764/3418
f 2765/3419 2755/3405 2766/3420
f 2766/3420 2755/3405 2756/3406
f 689/3408 575/3407 691/3422
f 691/3422 575/3407 577/3421
f 2763/3417 2767/3423 2764/3418
f 2764/3418 2767/3423 2768/3424
f 2769/3425 2759/3411 2770/3426
f 2770/3426 2759/3411 2760/3412
f 2761/3413 2771/3427 2762/3414
f 2762/3414 2771/3427 2772/3428
f 2773/3429 2765/3419 2774/3430
f 2774/3430 2765/3419 2766/3420
f 696/3431 578/3432 694/3415
f 694/3415 578/3432 576/3416
f 2767/3423 2775/3433 2768/3424
f 2768/3424 2775/3433 2776/3434
f 691/3422 577/3421 693/3436
f 693/3436 577/3421 579/3435
f 2775/3433 2777/3437 2776/3434
f 2776/3434 2777/3437 2778/3438
f 2779/3439 2773/3429 2780/3440
f 2780/3440 2773/3429 2774/3430
f 2781/3441 2769/3425 2782/3442
f 2782/3442 2769/3425 2770/3426
f 2783/3443 2593/3444 2784/3446
f 2784/3446 2593/3444 2589/3445
f 2560/3447 2785/3448 2561/3450
f 2561/3450 2785/3448 2786/3449
f 2789/3453 2790/3454 2788/3452
f 2787/3451 2788/3452 2790/3454
f 2771/3427 2791/3455 2772/3428
f 2772/3428 2791/3455 2792/3456
f 698/3457 580/3458 696/3431
f 696/3431 580/3458 578/3432
f 2777/3437 2793/3459 2778/3438
f 2778/3438 2793/3459 2794/3460
f 2795/3461 2779/3439 2796/3462
f 2796/3462 2779/3439 2780/3440
f 623/639 2797/3463 496/505
f 2797/3463 2798/3464 496/505
f 2793/3459 2799/3465 2794/3460
f 2794/3460 2799/3465 2800/3466
f 2801/3467 2795/3461 2802/3468
f 2802/3468 2795/3461 2796/3462
f 693/3436 579/3435 695/3470
f 695/3470 579/3435 581/3469
f 2803/3471 2781/3441 2804/3472
f 2804/3472 2781/3441 2782/3442
f 2799/3465 2805/3473 2800/3466
f 2800/3466 2805/3473 2806/3474
f 2807/3475 2801/3467 2808/3476
f 2808/3476 2801/3467 2802/3468
f 2805/3473 2809/3477 2806/3474
f 2806/3474 2809/3477 2810/3478
f 701/3479 582/3480 698/3457
f 698/3457 582/3480 580/3458
f 2811/3481 2807/3475 2812/3482
f 2812/3482 2807/3475 2808/3476
f 2813/3484 725/3384 2639/3483
f 2639/3483 725/3384 2598/3163
f 2791/3455 2814/3485 2792/3456
f 2792/3456 2814/3485 2815/3486
f 2651/3487 2816/3488 2639/3483
f 2639/3483 2816/3488 2813/3484
f 2809/3477 2817/3489 2810/3478
f 2810/3478 2817/3489 2818/3490
f 2819/3491 2811/3481 2820/3492
f 2820/3492 2811/3481 2812/3482
f 2817/3489 2821/3493 2818/3490
f 2818/3490 2821/3493 2822/3494
f 622/638 496/505 2823/3495
f 624/640 2823/3495 496/505
f 695/3470 581/3469 697/3497
f 697/3497 581/3469 583/3496
f 2824/3498 2819/3491 2825/3499
f 2825/3499 2819/3491 2820/3492
f 2821/3493 2826/3500 2822/3494
f 2822/3494 2826/3500 2827/3501
f 2828/3502 2824/3498 2829/3503
f 2829/3503 2824/3498 2825/3499
f 2830/3504 2803/3471 2831/3505
f 2831/3505 2803/3471 2804/3472
f 2826/3506 2832/3507 2827/3509
f 2827/3509 2832/3507 2833/3508
f 2834/3512 2835/3513 533/3511
f 532/3510 533/3511 2835/3513
f 2836/3514 2828/3502 2837/3515
f 2837/3515 2828/3502 2829/3503
f 2832/3507 2838/3516 2833/3508
f 2833/3508 2838/3516 2839/3517
f 2840/3518 2836/3514 2841/3519
f 2841/3519 2836/3514 2837/3515
f 2838/3516 2840/3518 2839/3517
f 2839/3517 2840/3518 2841/3519
f 703/3520 584/3521 701/3479
f 701/3479 584/3521 582/3480
f 2814/3485 2842/3522 2815/3486
f 2815/3486 2842/3522 2843/3523
f 697/3497 583/3496 699/3525
f 699/3525 583/3496 585/3524
f 2784/3446 2589/3445 2786/3449
f 2786/3449 2589/3445 2561/3450
f 2846/3528 2847/3529 2845/3527
f 2844/3526 2845/3527 2847/3529
f 2848/3530 2830/3504 2849/3531
f 2849/3531 2830/3504 2831/3505
f 663/681 586/633 703/3520
f 703/3520 586/633 584/3521
f 2851/3533 2846/3528 2850/3532
f 2845/3527 2850/3532 2846/3528
f 628/644 2851/3533 626/642
f 2850/3532 626/642 2851/3533
f 699/3525 585/3524 700/3535
f 700/3535 585/3524 587/3534
f 1376/1455 1375/1454 2852/3536
f 1375/1454 1367/1446 2852/3536
f 1367/1446 1366/1445 2852/3536
f 2842/3522 2853/3537 2843/3523
f 2843/3523 2853/3537 2854/3538
f 2855/3539 2848/3530 2856/3540
f 2856/3540 2848/3530 2849/3531
f 700/3535 587/3534 702/3542
f 702/3542 587/3534 589/3541
f 746/3543 590/3544 665/683
f 665/683 590/3544 588/632
f 2853/3537 2857/3545 2854/3538
f 2854/3538 2857/3545 2858/3546
f 702/3542 589/3541 747/3548
f 747/3548 589/3541 591/3547
f 748/3549 592/3550 746/3543
f 746/3543 592/3550 590/3544
f 2859/3551 2855/3539 2860/3552
f 2860/3552 2855/3539 2856/3540
f 747/3548 591/3547 749/3554
f 749/3554 591/3547 593/3553
f 644/660 2861/3555 523/532
f 2861/3555 625/641 523/532
f 750/3556 594/3557 748/3549
f 748/3549 594/3557 592/3550
f 749/3554 593/3553 751/3559
f 751/3559 593/3553 595/3558
f 752/3560 596/3561 750/3556
f 750/3556 596/3561 594/3557
f 751/3559 595/3558 752/3560
f 752/3560 595/3558 596/3561
f 2857/3545 2862/3562 2858/3546
f 2858/3546 2862/3562 2863/3563
f 2864/3564 2859/3551 2865/3565
f 2865/3565 2859/3551 2860/3552
f 2862/3562 2866/3566 2863/3563
f 2863/3563 2866/3566 2867/3567
f 2868/3568 2864/3564 2869/3569
f 2869/3569 2864/3564 2865/3565
f 1239/1314 1238/1313 1246/1321
f 1238/1313 2870/3570 1246/1321
f 2870/3570 1247/1322 1246/1321
f 2871/3571 2872/3572 2874/3574
f 2874/3574 2872/3572 2873/3573
f 2874/3574 2873/3573 2876/3576
f 2876/3576 2873/3573 2875/3575
f 2866/3566 2877/3577 2867/3567
f 2867/3567 2877/3577 2878/3578
f 2879/3579 2880/3580 2871/3571
f 2871/3571 2880/3580 2872/3572
f 2876/3576 2875/3575 2882/3582
f 2882/3582 2875/3575 2881/3581
f 2883/3583 2884/3584 2879/3579
f 2879/3579 2884/3584 2880/3580
f 2885/3585 2868/3568 2886/3586
f 2886/3586 2868/3568 2869/3569
f 2887/3587 2888/3588 2883/3583
f 2883/3583 2888/3588 2884/3584
f 2877/3577 2889/3589 2878/3578
f 2878/3578 2889/3589 2890/3590
f 2891/3591 2885/3585 2892/3592
f 2892/3592 2885/3585 2886/3586
f 2893/3593 2894/3594 2887/3587
f 2887/3587 2894/3594 2888/3588
f 2889/3589 2895/3595 2890/3590
f 2890/3590 2895/3595 2896/3596
f 2897/3597 2891/3591 2898/3598
f 2898/3598 2891/3591 2892/3592
f 2899/3599 2900/3600 2893/3593
f 2893/3593 2900/3600 2894/3594
f 2895/3595 2901/3601 2896/3596
f 2896/3596 2901/3601 2902/3602
f 2903/3603 2897/3597 2904/3604
f 2904/3604 2897/3597 2898/3598
f 2905/3605 2906/3606 2908/3608
f 2908/3608 2906/3606 2907/3607
f 2901/3601 2909/3609 2902/3602
f 2902/3602 2909/3609 2910/3610
f 2911/3611 2903/3603 2912/3612
f 2912/3612 2903/3603 2904/3604
f 2913/3613 2914/3614 2899/3599
f 2899/3599 2914/3614 2900/3600
f 2909/3609 2915/3615 2910/3610
f 2910/3610 2915/3615 2916/3616
f 2917/3617 2911/3618 2918/3620
f 2918/3620 2911/3618 2912/3619
f 2915/3615 2919/3621 2916/3616
f 2916/3616 2919/3621 2920/3622
f 2921/3623 2917/3617 2922/3624
f 2922/3624 2917/3617 2918/3620
f 2908/3608 2907/3607 2924/3626
f 2924/3626 2907/3607 2923/3625
f 2919/3621 2925/3627 2920/3622
f 2920/3622 2925/3627 2926/3628
f 2927/3629 2921/3623 2928/3630
f 2928/3630 2921/3623 2922/3624
f 2925/3627 2927/3629 2926/3628
f 2926/3628 2927/3629 2928/3630
f 2929/3631 2930/3632 2913/3613
f 2913/3613 2930/3632 2914/3614
f 2924/3626 2923/3625 2932/3634
f 2932/3634 2923/3625 2931/3633
f 2933/3635 2934/3636 2936/3638
f 2936/3638 2934/3636 2935/3637
f 2936/3638 2935/3637 2938/3640
f 2938/3640 2935/3637 2937/3639
f 2939/3641 2940/3642 2933/3635
f 2933/3635 2940/3642 2934/3636
f 2938/3640 2937/3639 2942/3644
f 2942/3644 2937/3639 2941/3643
f 2942/3644 2941/3643 2944/3646
f 2944/3646 2941/3643 2943/3645
f 2944/3646 2943/3645 613/627
f 613/627 2943/3645 614/628
f 2945/3647 2946/3648 2948/3650
f 2948/3650 2946/3648 2947/3649
f 2646/3218 2565/3125 2638/3207
f 2638/3207 2565/3125 2494/3043
f 617/631 616/630 2950/3652
f 2950/3652 616/630 2949/3651
f 2951/3653 2952/3654 2945/3647
f 2945/3647 2952/3654 2946/3648
f 2950/3652 2949/3651 2954/3656
f 2954/3656 2949/3651 2953/3655
f 2955/3657 2956/3658 2951/3653
f 2951/3653 2956/3658 2952/3654
f 2954/3656 2953/3655 2958/3660
f 2958/3660 2953/3655 2957/3659
f 2959/3661 2960/3662 2955/3657
f 2955/3657 2960/3662 2956/3658
f 704/725 706/727 2962/3664
f 2961/3663 2962/3664 706/727
f 2958/3660 2957/3659 2964/3666
f 2964/3666 2957/3659 2963/3665
f 2961/3663 706/727 2966/3668
f 2965/3667 2966/3668 706/727
f 2967/3669 2968/3670 2959/3661
f 2959/3661 2968/3670 2960/3662
f 2965/3667 706/727 2970/3672
f 2969/3671 2970/3672 706/727
f 2964/3666 2963/3665 2972/3674
f 2972/3674 2963/3665 2971/3673
f 708/729 2973/3675 706/727
f 2973/3675 2969/3671 706/727
f 2974/3676 12/3677 2975/3680
f 12/3677 14/3678 2975/3680
f 14/3678 26/3679 2975/3680
f 2976/3681 2977/3682 2967/3669
f 2967/3669 2977/3682 2968/3670
f 707/728 706/727 2979/3684
f 2978/3683 2979/3684 706/727
f 2972/3674 2971/3673 2981/3686
f 2981/3686 2971/3673 2980/3685
f 517/3687 515/3688 706/727
f 515/3688 2978/3683 706/727
f 2982/3689 566/3690 706/727
f 566/3690 517/3687 706/727
f 2983/3691 2984/3692 2986/3694
f 2986/3694 2984/3692 2985/3693
f 688/707 2987/3695 706/727
f 2987/3695 2982/3689 706/727
f 2981/3686 2980/3685 629/645
f 629/645 2980/3685 630/646
f 2986/3694 2985/3693 2989/3697
f 2989/3697 2985/3693 2988/3696
f 2989/3697 2988/3696 2991/3699
f 2991/3699 2988/3696 2990/3698
f 631/647 728/750 2993/3701
f 2993/3701 728/750 2992/3700
f 2994/3702 2451/2998 898/941
f 898/941 2451/2998 553/562
f 2995/3703 2996/3704 2998/3706
f 2998/3706 2996/3704 2997/3705
f 2999/3707 3000/3708 3002/3710
f 3002/3710 3000/3708 3001/3709
f 2993/3701 2992/3700 3004/3712
f 3004/3712 2992/3700 3003/3711
f 717/3713 2783/3714 718/3716
f 718/3716 2783/3714 2784/3715
f 662/680 731/753 2999/3707
f 2999/3707 731/753 3000/3708
f 3004/3712 3003/3711 3006/3718
f 3006/3718 3003/3711 3005/3717
f 3006/3718 3005/3717 3008/3720
f 3008/3720 3005/3717 3007/3719
f 3008/3720 3007/3719 3010/3722
f 3010/3722 3007/3719 3009/3721
f 3010/3722 3009/3721 3012/3724
f 3012/3724 3009/3721 3011/3723
f 2816/3725 716/737 2813/3726
f 2813/3726 716/737 718/739
f 3012/3724 3011/3723 3014/3728
f 3014/3728 3011/3723 3013/3727
f 2785/3729 3015/3730 2786/3732
f 2786/3732 3015/3730 3016/3731
f 3014/3728 3013/3727 3018/3734
f 3018/3734 3013/3727 3017/3733
f 2784/3715 2786/3732 718/3716
f 718/3716 2786/3732 3016/3731
f 3019/3735 3020/3736 3022/3738
f 3022/3738 3020/3736 3021/3737
f 3018/3734 3017/3733 3024/3740
f 3024/3740 3017/3733 3023/3739
f 3024/3740 3023/3739 3026/3742
f 3026/3742 3023/3739 3025/3741
f 3027/3743 3028/3744 3030/3746
f 3030/3746 3028/3744 3029/3745
f 3026/3742 3025/3741 3032/3748
f 3032/3748 3025/3741 3031/3747
f 3032/3748 3031/3747 3034/3750
f 3034/3750 3031/3747 3033/3749
f 2813/3726 718/739 725/747
f 725/747 718/739 3016/3751
f 1392/1471 1391/1470 1385/1464
f 1386/1465 1385/1464 3035/3752
f 1391/1470 3035/3752 1385/1464
f 3015/3753 723/745 3016/3751
f 3016/3751 723/745 725/747
f 3038/3756 1126/1189 3037/3755
f 1126/1189 3036/3754 3037/3755
f 3041/3759 972/1021 3040/3758
f 972/1021 3039/3757 3040/3758
f 3044/3762 524/533 3043/3761
f 3042/3760 3043/3761 524/533
f 753/777 755/779 3046/3764
f 3045/3763 3046/3764 755/779
f 3047/3765 3048/3766 755/779
f 3048/3766 3045/3763 755/779
f 3039/3757 972/1021 714/735
f 972/1021 715/736 714/735
f 3049/3767 3050/3768 645/661
f 3050/3768 3051/3769 645/661
f 3051/3769 3052/3770 645/661
f 3052/3770 3053/3771 645/661
f 3053/3771 3054/3772 645/661
f 3054/3772 3055/3773 645/661
f 769/795 645/661 3056/3774
f 3055/3773 3056/3774 645/661
f 770/796 3057/3775 645/661
f 3057/3775 3058/3776 645/661
f 3060/3778 645/661 3059/3777
f 3058/3776 3059/3777 645/661
f 774/800 645/661 3061/3779
f 3060/3778 3061/3779 645/661
f 3062/3780 2566/3126 1390/1469
f 1390/1469 2566/3126 606/620
f 3064/3782 645/661 3063/3781
f 775/801 3063/3781 645/661
f 776/802 645/661 3065/3783
f 3064/3782 3065/3783 645/661
f 3066/3784 3067/3785 3069/3787
f 3069/3787 3067/3785 3068/3786
f 790/819 715/736 3070/3788
f 793/822 3070/3788 715/736
f 740/763 741/764 3038/3756
f 741/764 1126/1189 3038/3756
f 3071/3789 3072/3790 3074/3792
f 3074/3792 3072/3790 3073/3791
f 3075/3793 3076/3794 3078/3796
f 3078/3796 3076/3794 3077/3795
f 792/821 715/736 3080/3798
f 3079/3797 3080/3798 715/736
f 3074/3792 3073/3791 3082/3800
f 3082/3800 3073/3791 3081/3799
f 3083/3801 3084/3802 3075/3793
f 3075/3793 3084/3802 3076/3794
f 3082/3800 3081/3799 3086/3804
f 3086/3804 3081/3799 3085/3803
f 3087/3805 3088/3806 3083/3801
f 3083/3801 3088/3806 3084/3802
f 3079/3797 715/736 620/3807
f 720/824 620/3807 715/736
f 3086/3804 3085/3803 3090/3809
f 3090/3809 3085/3803 3089/3808
f 3091/3810 3092/3811 3087/3805
f 3087/3805 3092/3811 3088/3806
f 3090/3809 3089/3808 3094/3813
f 3094/3813 3089/3808 3093/3812
f 3095/3814 3096/3815 3091/3810
f 3091/3810 3096/3815 3092/3811
f 721/823 715/736 722/3817
f 3097/3816 722/3817 715/736
f 3094/3813 3093/3812 3099/3819
f 3099/3819 3093/3812 3098/3818
f 3100/3820 3101/3821 3095/3814
f 3095/3814 3101/3821 3096/3815
f 3097/3816 715/736 3103/3823
f 3102/3822 3103/3823 715/736
f 3104/3824 727/3825 3105/3827
f 727/3825 726/3826 3105/3827
f 3099/3819 3098/3818 758/784
f 758/784 3098/3818 759/785
f 1457/1550 1456/1549 3106/3828
f 1456/1549 1448/1541 3106/3828
f 1448/1541 1447/1540 3106/3828
f 3107/3829 3108/3830 3100/3820
f 3100/3820 3108/3830 3101/3821
f 3109/3832 3105/3827 634/3831
f 726/3826 634/3831 3105/3827
f 3110/3833 3111/3834 3107/3829
f 3107/3829 3111/3834 3108/3830
f 762/788 761/787 3113/3836
f 3113/3836 761/787 3112/3835
f 3114/3837 3115/3838 3110/3833
f 3110/3833 3115/3838 3111/3834
f 3113/3836 3112/3835 3117/3840
f 3117/3840 3112/3835 3116/3839
f 768/794 902/945 3114/3837
f 3114/3837 902/945 3115/3838
f 2627/3196 2626/3195 3119/3842
f 3119/3842 2626/3195 3118/3841
f 772/798 773/799 3041/3759
f 773/799 972/1021 3041/3759
f 3117/3840 3116/3839 3121/3844
f 3121/3844 3116/3839 3120/3843
f 825/857 3122/3845 826/858
f 3122/3845 829/861 826/858
f 3121/3844 3120/3843 3124/3847
f 3124/3847 3120/3843 3123/3846
f 830/862 3125/3848 826/858
f 3125/3848 3126/3849 826/858
f 3126/3849 3127/3850 826/858
f 3127/3850 833/865 826/858
f 3128/3851 3129/3852 766/792
f 766/792 3129/3852 767/793
f 834/866 3130/3853 826/858
f 3130/3853 835/867 826/858
f 3124/3847 3123/3846 3132/3855
f 3132/3855 3123/3846 3131/3854
f 3133/3856 3134/3857 3128/3851
f 3128/3851 3134/3857 3129/3852
f 3132/3855 3131/3854 3136/3859
f 3136/3859 3131/3854 3135/3858
f 3137/3860 3138/3861 3133/3856
f 3133/3856 3138/3861 3134/3857
f 3139/3862 3140/3863 3137/3860
f 3137/3860 3140/3863 3138/3861
f 3141/3864 3142/3865 3144/3867
f 3144/3867 3142/3865 3143/3866
f 3036/3754 1126/1189 822/854
f 1126/1189 823/855 822/854
f 3145/3868 3146/3869 3139/3862
f 3139/3862 3146/3869 3140/3863
f 3144/3867 3143/3866 3148/3871
f 3148/3871 3143/3866 3147/3870
f 864/900 741/764 3149/3872
f 870/906 3149/3872 741/764
f 3150/3873 3151/3874 3145/3868
f 3145/3868 3151/3874 3146/3869
f 3148/3871 3147/3870 3153/3876
f 3153/3876 3147/3870 3152/3875
f 869/905 741/764 3155/3878
f 3154/3877 3155/3878 741/764
f 786/815 943/990 3150/3880
f 3150/3880 943/990 3151/3879
f 3154/3877 741/764 653/3881
f 730/912 653/3881 741/764
f 3153/3876 3152/3875 3157/3883
f 3157/3883 3152/3875 3156/3882
f 656/911 741/764 734/3885
f 3158/3884 734/3885 741/764
f 3158/3884 741/764 3160/3887
f 3159/3886 3160/3887 741/764
f 733/914 661/3888 712/733
f 661/3888 735/3889 712/733
f 3159/3886 741/764 3162/3891
f 3161/3890 3162/3891 741/764
f 3157/3883 3156/3882 3164/3893
f 3164/3893 3156/3882 3163/3892
f 2700/3894 3165/3895 706/885
f 706/885 3165/3895 1344/1421
f 736/921 669/3896 741/764
f 669/3896 3161/3890 741/764
f 737/920 741/764 738/3897
f 879/919 738/3897 741/764
f 3166/3898 3167/3899 791/820
f 791/820 3167/3899 785/814
f 739/3901 712/733 674/3900
f 735/3889 674/3900 712/733
f 3164/3893 3163/3892 3169/3903
f 3169/3903 3163/3892 3168/3902
f 3170/3904 3171/3905 3166/3898
f 3166/3898 3171/3905 3167/3899
f 3172/3907 712/733 680/3906
f 739/3901 680/3906 712/733
f 3169/3903 3168/3902 3174/3909
f 3174/3909 3168/3902 3173/3908
f 3175/3910 3176/3911 3170/3904
f 3170/3904 3176/3911 3171/3905
f 3174/3909 3173/3908 3178/3913
f 3178/3913 3173/3908 3177/3912
f 892/934 712/733 3179/3914
f 3172/3907 3179/3914 712/733
f 3180/3915 3181/3916 3175/3910
f 3175/3910 3181/3916 3176/3911
f 3178/3913 3177/3912 3183/3918
f 3183/3918 3177/3912 3182/3917
f 3184/3919 3185/3920 3180/3915
f 3180/3915 3185/3920 3181/3916
f 3183/3918 3182/3917 3184/3919
f 3184/3919 3182/3917 3185/3920
f 1498/1591 1497/1590 3186/3921
f 1497/1590 1506/1601 3186/3921
f 1506/1601 1505/1600 3186/3921
f 1420/1513 1419/1512 1425/1518
f 1426/1519 1425/1518 3187/3922
f 1419/1512 3187/3922 1425/1518
f 821/853 823/855 885/927
f 823/855 886/928 885/927
f 44/1658 1553/1657 47/1665
f 1557/1666 47/1665 3188/3923
f 1553/1657 3188/3923 47/1665
f 1496/1589 1495/1588 1484/1577
f 1495/1588 3189/3924 1484/1577
f 3189/3924 1485/1578 1484/1577
f 3190/3925 3191/3926 3193/3928
f 3193/3928 3191/3926 3192/3927
f 3193/3928 3192/3927 3195/3930
f 3195/3930 3192/3927 3194/3929
f 3195/3930 3194/3929 3197/3932
f 3197/3932 3194/3929 3196/3931
f 3197/3932 3196/3931 3199/3934
f 3199/3934 3196/3931 3198/3933
f 3199/3934 3198/3933 3201/3936
f 3201/3936 3198/3933 3200/3935
f 3201/3936 3200/3935 3203/3938
f 3203/3938 3200/3935 3202/3937
f 3203/3938 3202/3937 3205/3940
f 3205/3940 3202/3937 3204/3939
f 3206/3941 998/3942 3207/3944
f 3207/3944 998/3942 997/3943
f 3207/3944 997/3943 3208/3946
f 3208/3946 997/3943 1000/3945
f 3209/3947 1001/3948 3206/3941
f 3206/3941 1001/3948 998/3942
f 3205/3940 3204/3939 3211/3950
f 3211/3950 3204/3939 3210/3949
f 3208/3946 1000/3945 3212/3952
f 3212/3952 1000/3945 1002/3951
f 3213/3953 1003/3954 3209/3947
f 3209/3947 1003/3954 1001/3948
f 3212/3952 1002/3951 3214/3956
f 3214/3956 1002/3951 1004/3955
f 3215/3957 1005/3958 3213/3953
f 3213/3953 1005/3958 1003/3954
f 3214/3956 1004/3955 3216/3960
f 3216/3960 1004/3955 1006/3959
f 3211/3950 3210/3949 3218/3962
f 3218/3962 3210/3949 3217/3961
f 3219/3963 1007/3964 3215/3957
f 3215/3957 1007/3964 1005/3958
f 3216/3960 1006/3959 3220/3966
f 3220/3966 1006/3959 1010/3965
f 3221/3967 1011/3968 3219/3963
f 3219/3963 1011/3968 1007/3964
f 3218/3962 3217/3961 3223/3970
f 3223/3970 3217/3961 3222/3969
f 3220/3966 1010/3965 3224/3972
f 3224/3972 1010/3965 1012/3971
f 3225/3973 1015/3974 3221/3967
f 3221/3967 1015/3974 1011/3968
f 3224/3972 1012/3971 3226/3976
f 3226/3976 1012/3971 1018/3975
f 3223/3970 3222/3969 3228/3978
f 3228/3978 3222/3969 3227/3977
f 3229/3979 1019/3980 3225/3973
f 3225/3973 1019/3980 1015/3974
f 3226/3981 1018/3982 3230/3984
f 3230/3984 1018/3982 1020/3983
f 3228/3978 3227/3977 3232/3986
f 3232/3986 3227/3977 3231/3985
f 3233/3987 1021/3988 3229/3979
f 3229/3979 1021/3988 1019/3980
f 1574/1697 1411/1504 1575/1698
f 1575/1698 1411/1504 3234/3989
f 1411/1504 1414/1507 3234/3989
f 3230/3984 1020/3983 3235/3991
f 3235/3991 1020/3983 1026/3990
f 3232/3986 3231/3985 3237/3993
f 3237/3993 3231/3985 3236/3992
f 3238/3994 1033/3995 3233/3987
f 3233/3987 1033/3995 1021/3988
f 3235/3991 1026/3990 3239/3997
f 3239/3997 1026/3990 1034/3996
f 3237/3993 3236/3992 3241/3999
f 3241/3999 3236/3992 3240/3998
f 3242/4000 1037/4001 3238/3994
f 3238/3994 1037/4001 1033/3995
f 3239/3997 1034/3996 3243/4003
f 3243/4003 1034/3996 1045/4002
f 3244/4004 1048/4005 3242/4000
f 3242/4000 1048/4005 1037/4001
f 3243/4003 1045/4002 3245/4007
f 3245/4007 1045/4002 1051/4006
f 3246/4008 3247/4009 3249/4011
f 3249/4011 3247/4009 3248/4010
f 3250/4012 1056/4013 3244/4004
f 3244/4004 1056/4013 1048/4005
f 3245/4007 1051/4006 3251/4015
f 3251/4015 1051/4006 1059/4014
f 606/620 771/797 1390/1469
f 1390/1469 771/797 1389/1468
f 3249/4011 3248/4010 3253/4017
f 3253/4017 3248/4010 3252/4016
f 3254/4018 1062/4019 3250/4012
f 3250/4012 1062/4019 1056/4013
f 3251/4015 1059/4014 3255/4021
f 3255/4021 1059/4014 1067/4020
f 3253/4017 3252/4016 3257/4023
f 3257/4023 3252/4016 3256/4022
f 3258/4024 1072/4025 3254/4018
f 3254/4018 1072/4025 1062/4019
f 3259/4026 3260/4027 3262/4029
f 3262/4029 3260/4027 3261/4028
f 3255/4021 1067/4020 3263/4031
f 3263/4031 1067/4020 1073/4030
f 3257/4023 3256/4022 3265/4033
f 3265/4033 3256/4022 3264/4032
f 3266/4034 1078/4035 3258/4024
f 3258/4024 1078/4035 1072/4025
f 3267/4036 3268/4037 3259/4039
f 3259/4039 3268/4037 3260/4038
f 3265/4033 3264/4032 3270/4041
f 3270/4041 3264/4032 3269/4040
f 3263/4031 1073/4030 3271/4043
f 3271/4043 1073/4030 1081/4042
f 3272/4044 1084/4045 3266/4034
f 3266/4034 1084/4045 1078/4035
f 3270/4041 3269/4040 3274/4047
f 3274/4047 3269/4040 3273/4046
f 3275/4048 3276/4049 3278/4051
f 3278/4051 3276/4049 3277/4050
f 3271/4043 1081/4042 3279/4053
f 3279/4053 1081/4042 1091/4052
f 3274/4047 3273/4046 3281/4055
f 3281/4055 3273/4046 3280/4054
f 3282/4056 1098/4057 3272/4044
f 3272/4044 1098/4057 1084/4045
f 3283/4058 3284/4059 3275/4048
f 3275/4048 3284/4059 3276/4049
f 3279/4053 1091/4052 3285/4061
f 3285/4061 1091/4052 1104/4060
f 3286/4062 3287/4063 3283/4058
f 3283/4058 3287/4063 3284/4059
f 3288/4064 3289/4065 3291/4067
f 3291/4067 3289/4065 3290/4066
f 3292/4068 3293/4069 3286/4062
f 3286/4062 3293/4069 3287/4063
f 3294/4070 1111/4071 3282/4056
f 3282/4056 1111/4071 1098/4057
f 3291/4067 3290/4066 3296/4073
f 3296/4073 3290/4066 3295/4072
f 3296/4073 3295/4072 3298/4075
f 3298/4075 3295/4072 3297/4074
f 3285/4061 1104/4060 3299/4077
f 3299/4077 1104/4060 1116/4076
f 3300/4078 1125/4079 3294/4070
f 3294/4070 1125/4079 1111/4071
f 3299/4077 1116/4076 3301/4081
f 3301/4081 1116/4076 1129/4080
f 3302/4082 1136/4083 3300/4078
f 3300/4078 1136/4083 1125/4079
f 3301/4081 1129/4080 3303/4085
f 3303/4085 1129/4080 1139/4084
f 3304/4086 1148/4087 3302/4082
f 3302/4082 1148/4087 1136/4083
f 3303/4085 1139/4084 3305/4089
f 3305/4089 1139/4084 1151/4088
f 3306/4090 1152/4091 3304/4086
f 3304/4086 1152/4091 1148/4087
f 3305/4089 1151/4088 3307/4093
f 3307/4093 1151/4088 1155/4092
f 3308/4094 1158/4095 3306/4090
f 3306/4090 1158/4095 1152/4091
f 3307/4093 1155/4092 3309/4097
f 3309/4097 1155/4092 1159/4096
f 3310/4098 1162/4099 3308/4094
f 3308/4094 1162/4099 1158/4095
f 3309/4097 1159/4096 3310/4098
f 3310/4098 1159/4096 1162/4099
f 2565/3125 2646/3218 3312/4101
f 3312/4101 2646/3218 3311/4100
f 3315/4104 1126/1189 3314/4103
f 3313/4102 3314/4103 1126/1189
f 1345/1422 1126/1189 3316/4105
f 3315/4104 3316/4105 1126/1189
f 1370/1449 3317/4106 823/855
f 3317/4106 3318/4107 823/855
f 3318/4107 3319/4108 823/855
f 3319/4108 3320/4109 823/855
f 1377/1456 823/855 3321/4110
f 3320/4109 3321/4110 823/855
f 1378/1457 3322/4111 823/855
f 3322/4111 3323/4112 823/855
f 3325/4114 823/855 3324/4113
f 3323/4112 3324/4113 823/855
f 1397/1480 823/855 3326/4115
f 3325/4114 3326/4115 823/855
f 3328/4117 823/855 3327/4116
f 1398/1481 3327/4116 823/855
f 1399/1482 823/855 3329/4118
f 3328/4117 3329/4118 823/855
f 3330/4119 3331/4120 3333/4122
f 3333/4122 3331/4120 3332/4121
f 3334/4123 3335/4124 3337/4126
f 3337/4126 3335/4124 3336/4125
f 1326/1484 886/928 1039/4128
f 1322/4127 1039/4128 886/928
f 3338/4129 3339/4130 3341/4132
f 3341/4132 3339/4130 3340/4131
f 3337/4126 3336/4125 3343/4134
f 3343/4134 3336/4125 3342/4133
f 3344/4135 3345/4136 3338/4129
f 3338/4129 3345/4136 3339/4130
f 3343/4134 3342/4133 3347/4138
f 3347/4138 3342/4133 3346/4137
f 3348/4139 3349/4140 3344/4135
f 3344/4135 3349/4140 3345/4136
f 3350/4142 886/928 1053/4141
f 1330/1486 1053/4141 886/928
f 3347/4138 3346/4137 3352/4144
f 3352/4144 3346/4137 3351/4143
f 3352/4144 3351/4143 3354/4146
f 3354/4146 3351/4143 3353/4145
f 3355/4147 3356/4148 3358/4150
f 3358/4150 3356/4148 3357/4149
f 1389/1468 771/797 1409/1501
f 1409/1501 771/797 729/751
f 3354/4146 3353/4145 3360/4152
f 3360/4152 3353/4145 3359/4151
f 3361/4153 3362/4154 3355/4147
f 3355/4147 3362/4154 3356/4148
f 1646/1805 1645/1804 3363/4155
f 1652/1811 1651/1810 1645/1804
f 1645/1804 1651/1810 3363/4155
f 3360/4152 3359/4151 3365/4157
f 3365/4157 3359/4151 3364/4156
f 3331/4158 3366/4159 3332/4160
f 3332/4160 3366/4159 3312/4101
f 3367/4161 3368/4162 3361/4153
f 3361/4153 3368/4162 3362/4154
f 3365/4157 3364/4156 3370/4164
f 3370/4164 3364/4156 3369/4163
f 3371/4165 3372/4166 3367/4161
f 3367/4161 3372/4166 3368/4162
f 3370/4164 3369/4163 3374/4168
f 3374/4168 3369/4163 3373/4167
f 3375/4169 3376/4170 3371/4165
f 3371/4165 3376/4170 3372/4166
f 3374/4168 3373/4167 3378/4172
f 3378/4172 3373/4167 3377/4171
f 3379/4173 3380/4174 3375/4169
f 3375/4169 3380/4174 3376/4170
f 3165/3895 3381/4175 1344/1421
f 1344/1421 3381/4175 3382/4176
f 3378/4172 3377/4171 3384/4178
f 3384/4178 3377/4171 3383/4177
f 3384/4178 3383/4177 3386/4180
f 3386/4180 3383/4177 3385/4179
f 3387/4181 3388/4182 3390/4184
f 3390/4184 3388/4182 3389/4183
f 3386/4180 3385/4179 3392/4186
f 3392/4186 3385/4179 3391/4185
f 3393/4187 3394/4188 3387/4181
f 3387/4181 3394/4188 3388/4182
f 3392/4186 3391/4185 3396/4190
f 3396/4190 3391/4185 3395/4189
f 93/95 92/94 1563/4191
f 1678/1842 1677/1841 92/94
f 92/94 1677/1841 1563/4191
f 3397/4192 3398/4193 3393/4187
f 3393/4187 3398/4193 3394/4188
f 3399/4194 3400/4195 3397/4192
f 3397/4192 3400/4195 3398/4193
f 3401/4196 3402/4197 3404/4199
f 3404/4199 3402/4197 3403/4198
f 3405/4200 3406/4201 3399/4194
f 3399/4194 3406/4201 3400/4195
f 3404/4199 3403/4198 3408/4203
f 3408/4203 3403/4198 3407/4202
f 3409/4204 3410/4205 3405/4200
f 3405/4200 3410/4205 3406/4201
f 3408/4203 3407/4202 3412/4207
f 3412/4207 3407/4202 3411/4206
f 3413/4208 3414/4209 3409/4211
f 3409/4211 3414/4209 3410/4210
f 3412/4207 3411/4206 3416/4213
f 3416/4213 3411/4206 3415/4212
f 3417/4214 3418/4215 3413/4208
f 3413/4208 3418/4215 3414/4209
f 3416/4213 3415/4212 3420/4217
f 3420/4217 3415/4212 3419/4216
f 3421/4218 3422/4219 3417/4214
f 3417/4214 3422/4219 3418/4215
f 3420/4217 3419/4216 3424/4221
f 3424/4221 3419/4216 3423/4220
f 3425/4222 3426/4223 3421/4218
f 3421/4218 3426/4223 3422/4219
f 3424/4221 3423/4220 3428/4225
f 3428/4225 3423/4220 3427/4224
f 3429/4226 3430/4227 3425/4222
f 3425/4222 3430/4227 3426/4223
f 3428/4225 3427/4224 3432/4229
f 3432/4229 3427/4224 3431/4228
f 3433/4230 3434/4231 3429/4226
f 3429/4226 3434/4231 3430/4227
f 3432/4229 3431/4228 3436/4233
f 3436/4233 3431/4228 3435/4232
f 3437/4234 3438/4235 3433/4230
f 3433/4230 3438/4235 3434/4231
f 3439/4236 3119/3842 3440/4237
f 3440/4237 3119/3842 3118/3841
f 3441/4238 884/4239 1410/1503
f 1410/1503 884/4239 886/1502
f 3381/4240 3442/4241 3382/4243
f 3382/4243 3442/4241 3443/4242
f 1709/1876 1708/1875 3444/4244
f 1708/1875 1699/1864 3444/4244
f 1699/1864 1698/1863 3444/4244
f 3446/4248 3447/4249 3445/4247
f 3445/4247 3447/4249 108/4246
f 106/4245 108/4246 3447/4249
f 1638/1797 1637/1796 1643/1802
f 1637/1796 3448/4250 1643/1802
f 3448/4250 1644/1803 1643/1802
f 3449/4251 3450/4252 3452/4254
f 3452/4254 3450/4252 3451/4253
f 3452/4254 3451/4253 3454/4256
f 3454/4256 3451/4253 3453/4255
f 3455/4257 3456/4258 3449/4251
f 3449/4251 3456/4258 3450/4252
f 3454/4256 3453/4255 3458/4260
f 3458/4260 3453/4255 3457/4259
f 3458/4260 3457/4259 3460/4262
f 3460/4262 3457/4259 3459/4261
f 3460/4262 3459/4261 3462/4264
f 3462/4264 3459/4261 3461/4263
f 3463/4265 3464/4266 3466/4268
f 3466/4268 3464/4266 3465/4267
f 3462/4264 3461/4263 3468/4270
f 3468/4270 3461/4263 3467/4269
f 3468/4270 3467/4269 3470/4272
f 3470/4272 3467/4269 3469/4271
f 3470/4272 3469/4271 3472/4274
f 3472/4274 3469/4271 3471/4273
f 3472/4274 3471/4273 3474/4276
f 3474/4276 3471/4273 3473/4275
f 3474/4276 3473/4275 3476/4278
f 3476/4278 3473/4275 3475/4277
f 3476/4278 3475/4277 3478/4280
f 3478/4280 3475/4277 3477/4279
f 3479/4281 68/4282 3480/4285
f 68/4282 70/4283 3480/4285
f 70/4283 109/4284 3480/4285
f 3478/4280 3477/4279 3482/4287
f 3482/4287 3477/4279 3481/4286
f 3482/4287 3481/4286 3484/4289
f 3484/4289 3481/4286 3483/4288
f 3484/4289 3483/4288 3486/4291
f 3486/4291 3483/4288 3485/4290
f 1593/1728 1099/1160 1566/1683
f 1566/1683 1099/1160 1101/1162
f 3487/4292 3488/4293 3490/4295
f 3490/4295 3488/4293 3489/4294
f 3490/4295 3489/4294 3492/4297
f 3492/4297 3489/4294 3491/4296
f 3492/4297 3491/4296 3494/4299
f 3494/4299 3491/4296 3493/4298
f 3495/4300 3496/4301 3498/4303
f 3498/4303 3496/4301 3497/4302
f 3494/4299 3493/4298 3500/4305
f 3500/4305 3493/4298 3499/4304
f 3501/4306 3502/4307 3495/4309
f 3495/4309 3502/4307 3496/4308
f 3500/4305 3499/4304 3504/4311
f 3504/4311 3499/4304 3503/4310
f 3505/4312 3506/4313 3501/4306
f 3501/4306 3506/4313 3502/4307
f 3504/4311 3503/4310 3508/4315
f 3508/4315 3503/4310 3507/4314
f 3509/4316 3510/4317 3505/4312
f 3505/4312 3510/4317 3506/4313
f 3508/4315 3507/4314 3512/4319
f 3512/4319 3507/4314 3511/4318
f 3513/4320 3514/4321 3509/4316
f 3509/4316 3514/4321 3510/4317
f 3515/4322 3516/4323 3513/4320
f 3513/4320 3516/4323 3514/4321
f 3517/4324 3518/4325 3520/4327
f 3520/4327 3518/4325 3519/4326
f 3520/4327 3519/4326 3522/4329
f 3522/4329 3519/4326 3521/4328
f 3522/4329 3521/4328 3524/4331
f 3524/4331 3521/4328 3523/4330
f 3525/4332 3526/4333 3311/4100
f 3311/4100 3526/4333 1589/4334
f 3527/4335 3479/4281 3529/4337
f 3529/4337 3479/4281 3528/4336
f 3479/4281 3480/4285 3528/4336
f 3532/4340 1344/1421 3531/4339
f 3530/4338 3531/4339 1344/1421
f 1492/1585 3533/4341 1408/1500
f 3533/4341 3534/4342 1408/1500
f 3534/4342 3535/4343 1408/1500
f 3535/4343 3536/4344 1408/1500
f 1499/1592 1408/1500 3537/4345
f 3536/4344 3537/4345 1408/1500
f 1500/1593 3538/4346 1408/1500
f 3538/4346 3539/4347 1408/1500
f 3541/4349 1408/1500 3540/4348
f 3539/4347 3540/4348 1408/1500
f 3542/4350 3543/4351 3545/4353
f 3545/4353 3543/4351 3544/4352
f 3547/4355 1408/1500 3546/4354
f 3541/4349 3546/4354 1408/1500
f 1509/1604 1408/1500 3548/4356
f 3547/4355 3548/4356 1408/1500
f 1513/1608 1408/1500 3549/4357
f 1510/1605 3549/4357 1408/1500
f 3550/4358 3551/4359 3553/4361
f 3553/4361 3551/4359 3552/4360
f 3554/4362 3555/4363 3557/4365
f 3557/4365 3555/4363 3556/4364
f 3558/4366 3559/4367 3561/4369
f 3561/4369 3559/4367 3560/4368
f 3557/4365 3556/4364 3563/4371
f 3563/4371 3556/4364 3562/4370
f 3564/4372 3565/4373 3558/4366
f 3558/4366 3565/4373 3559/4367
f 3563/4371 3562/4370 3567/4375
f 3567/4375 3562/4370 3566/4374
f 3568/4376 3569/4377 3564/4372
f 3564/4372 3569/4377 3565/4373
f 1538/1634 1453/1546 3571/4379
f 3570/4378 3571/4379 1453/1546
f 3567/4375 3566/4374 3573/4381
f 3573/4381 3566/4374 3572/4380
f 3573/4381 3572/4380 3575/4383
f 3575/4383 3572/4380 3574/4382
f 1542/1638 1453/1546 3576/4384
f 1539/1635 3576/4384 1453/1546
f 3577/4385 3578/4386 3580/4388
f 3580/4388 3578/4386 3579/4387
f 1589/4334 1466/4389 3311/4100
f 3311/4100 1466/4389 3312/4101
f 3575/4383 3574/4382 3582/4391
f 3582/4391 3574/4382 3581/4390
f 3583/4392 3584/4393 3577/4385
f 3577/4385 3584/4393 3578/4386
f 3582/4391 3581/4390 3586/4395
f 3586/4395 3581/4390 3585/4394
f 3551/4396 3441/4238 3552/4397
f 3552/4397 3441/4238 1410/1503
f 3587/4398 3588/4399 3583/4392
f 3583/4392 3588/4399 3584/4393
f 3586/4395 3585/4394 3590/4401
f 3590/4401 3585/4394 3589/4400
f 3591/4402 3592/4403 3587/4398
f 3587/4398 3592/4403 3588/4399
f 3590/4401 3589/4400 3594/4405
f 3594/4405 3589/4400 3593/4404
f 3595/4406 3596/4407 3591/4402
f 3591/4402 3596/4407 3592/4403
f 3594/4405 3593/4404 3598/4409
f 3598/4409 3593/4404 3597/4408
f 3599/4410 3600/4411 3595/4406
f 3595/4406 3600/4411 3596/4407
f 3598/4409 3597/4408 3602/4413
f 3602/4413 3597/4408 3601/4412
f 3602/4413 3601/4412 3604/4415
f 3604/4415 3601/4412 3603/4414
f 3605/4416 3606/4417 3608/4419
f 3608/4419 3606/4417 3607/4418
f 3604/4415 3603/4414 3610/4421
f 3610/4421 3603/4414 3609/4420
f 3611/4422 3612/4423 3605/4416
f 3605/4416 3612/4423 3606/4417
f 3610/4421 3609/4420 3614/4425
f 3614/4425 3609/4420 3613/4424
f 3615/4426 3616/4427 3611/4422
f 3611/4422 3616/4427 3612/4423
f 3617/4428 3618/4429 3615/4426
f 3615/4426 3618/4429 3616/4427
f 3619/4430 3620/4431 3622/4433
f 3622/4433 3620/4431 3621/4432
f 3623/4434 3624/4435 3626/4437
f 3624/4435 3625/4436 3626/4437
f 1527/1622 1586/1716 3617/4428
f 3617/4428 1586/1716 3618/4429
f 3622/4433 3621/4432 3628/4439
f 3628/4439 3621/4432 3627/4438
f 3628/4439 3627/4438 3630/4441
f 3630/4441 3627/4438 3629/4440
f 3631/4442 3632/4443 1534/1629
f 1534/1629 3632/4443 1535/1630
f 3633/4444 3634/4445 3636/4447
f 3636/4447 3634/4445 3635/4446
f 3637/4448 3638/4449 3631/4442
f 3631/4442 3638/4449 3632/4443
f 3636/4447 3635/4446 3640/4451
f 3640/4451 3635/4446 3639/4450
f 3641/4452 3642/4453 3637/4448
f 3637/4448 3642/4453 3638/4449
f 3640/4451 3639/4450 3644/4455
f 3644/4455 3639/4450 3643/4454
f 3645/4456 3646/4457 3641/4452
f 3641/4452 3646/4457 3642/4453
f 3644/4455 3643/4454 3648/4459
f 3648/4459 3643/4454 3647/4458
f 3649/4460 3650/4461 3645/4456
f 3645/4456 3650/4461 3646/4457
f 3648/4459 3647/4458 3652/4463
f 3652/4463 3647/4458 3651/4462
f 3653/4464 3654/4465 3649/4460
f 3649/4460 3654/4465 3650/4461
f 3652/4463 3651/4462 3653/4464
f 3653/4464 3651/4462 3654/4465
f 3655/4466 3656/4467 3657/4470
f 3656/4467 357/4468 3657/4470
f 357/4468 343/4469 3657/4470
f 3658/4471 3659/4472 3662/4475
f 3659/4472 3660/4473 3662/4475
f 3660/4473 3661/4474 3662/4475
f 3657/4470 343/4469 104/106
f 105/107 104/106 358/4476
f 343/4469 358/4476 104/106
f 3663/4477 3664/4478 3658/4471
f 3664/4478 3665/4479 3658/4471
f 3665/4479 3659/4472 3658/4471
f 3666/4480 364/4481 3667/4484
f 364/4481 367/4482 3667/4484
f 367/4482 2099/4483 3667/4484
f 3668/4485 3669/4486 3672/4489
f 3669/4486 3670/4487 3672/4489
f 3670/4487 3671/4488 3672/4489
f 3673/4490 3674/4491 3677/4494
f 3674/4491 3675/4492 3677/4494
f 3675/4492 3676/4493 3677/4494
f 3678/4495 3679/4496 3673/4490
f 3679/4496 3680/4497 3673/4490
f 3680/4497 3674/4491 3673/4490
f 1611/4498 3681/4499 27/435
f 27/435 3681/4499 426/433
f 3681/4499 2072/2540 426/433
f 1840/2086 1839/2085 3684/4502
f 1839/2085 3682/4500 3684/4502
f 3682/4500 3683/4501 3684/4502
f 3685/4503 2188/4504 3686/4507
f 2188/4504 2187/4505 3686/4507
f 2187/4505 2194/4506 3686/4507
f 3686/4507 2194/4506 3687/4510
f 2194/4506 2193/4508 3687/4510
f 2193/4508 2201/4509 3687/4510
f 124/4511 3688/4512 125/4515
f 3688/4512 3689/4513 125/4515
f 3689/4513 3690/4514 125/4515
f 357/361 3656/4516 321/323
f 3656/4516 2068/2536 321/323
f 2071/2539 321/323 2068/2536
f 2069/2537 3661/4518 2070/2538
f 2070/2538 3661/4518 3691/4517
f 3691/4517 3661/4518 3660/4519
f 3660/4519 3659/4521 3691/4517
f 3659/4521 3665/4522 3691/4517
f 3692/4520 3691/4517 3665/4522
f 3692/4520 3665/4522 2078/2548
f 2077/2547 2078/2548 3664/4523
f 2078/2548 3665/4522 3664/4523
f 298/300 123/125 299/301
f 123/125 125/127 299/301
f 125/127 3690/4524 299/301
f 2156/2638 2155/2637 3693/4525
f 2170/2656 2169/2655 2155/2637
f 2155/2637 2169/2655 3693/4525
f 2135/2611 3694/4526 2136/2612
f 3694/4526 388/395 2136/2612
f 390/397 2136/2612 388/395
f 2139/2619 3671/4528 2140/2620
f 3671/4528 3670/4529 2140/2620
f 3695/4527 2140/2620 3670/4529
f 2088/2564 2087/2563 2093/2569
f 2087/2563 3696/4530 2093/2569
f 3696/4530 2094/2570 2093/2569
f 3670/4529 3669/4531 3695/4527
f 3669/4531 2147/2627 3695/4527
f 2150/2630 3695/4527 2147/2627
f 2148/2628 3676/4533 2149/2629
f 3676/4533 3675/4534 2149/2629
f 3697/4532 2149/2629 3675/4534
f 3675/4534 3674/4536 3697/4532
f 3697/4532 3674/4536 3698/4535
f 3698/4535 3674/4536 3680/4537
f 3698/4535 3680/4537 2162/2646
f 2159/2643 2162/2646 3679/4538
f 2162/2646 3680/4537 3679/4538
f 2160/2644 3683/4540 2161/2645
f 3683/4540 3682/4541 2161/2645
f 3699/4539 2161/2645 3682/4541
f 3700/4542 241/4543 3701/4546
f 241/4543 243/4544 3701/4546
f 243/4544 428/4545 3701/4546
f 2207/2695 2206/2694 2202/2690
f 2203/2691 2202/2690 3702/4547
f 2206/2694 3702/4547 2202/2690
f 2209/2697 3700/4542 2210/2698
f 2210/2698 3700/4542 3703/4548
f 3700/4542 3701/4546 3703/4548
f 3704/4549 2386/4550 2219/2709
f 2386/4550 2385/4551 2219/2709
f 2385/4551 2220/2710 2219/2709
f 3705/4552 430/4553 3704/4549
f 430/4553 451/4554 3704/4549
f 451/4554 2386/4550 3704/4549
f 3706/4555 2413/4556 3705/4552
f 2413/4556 474/4557 3705/4552
f 474/4557 430/4553 3705/4552
f 3707/4558 2417/4559 3706/4555
f 2417/4559 2414/4560 3706/4555
f 2414/4560 2413/4556 3706/4555
f 3708/4561 2419/4562 3707/4558
f 2419/4562 2418/4563 3707/4558
f 2418/4563 2417/4559 3707/4558
f 3709/4564 2442/4565 3710/4568
f 2442/4565 2431/4566 3710/4568
f 2431/4566 2430/4567 3710/4568
f 3711/4569 2444/4570 3709/4564
f 2444/4570 2443/4571 3709/4564
f 2443/4571 2442/4565 3709/4564
f 447/2787 2284/2786 449/2794
f 2284/2786 3712/4572 449/2794
f 3712/4572 2288/2795 449/2794
f 3713/4573 2450/4574 3714/4577
f 2450/4574 2449/4575 3714/4577
f 2449/4575 2448/4576 3714/4577
f 3715/4578 3716/4579 3717/4582
f 3716/4579 2456/4580 3717/4582
f 2456/4580 2455/4581 3717/4582
f 2241/2731 2240/2730 2242/2732
f 2240/2730 3718/4583 2242/2732
f 3718/4583 2243/2733 2242/2732
f 3719/4584 2462/4585 3715/4578
f 2462/4585 2461/4586 3715/4578
f 2461/4586 3716/4579 3715/4578
f 2253/2743 2252/2742 3720/4589
f 2471/4588 3720/4589 2472/4587
f 2252/2742 2472/4587 3720/4589
f 2358/2891 2357/2890 3721/4590
f 2345/2872 2344/2871 2357/2890
f 2357/2890 2344/2871 3721/4590
f 419/426 418/425 2256/2746
f 418/425 3722/4591 2256/2746
f 3722/4591 2257/2747 2256/2746
f 479/2885 2353/2884 477/2873
f 2353/2884 3723/4592 477/2873
f 3723/4592 2346/2874 477/2873
f 2411/2958 2410/2957 3724/4593
f 2410/2957 2423/2970 3724/4593
f 2423/2970 2422/2969 3724/4593
f 2313/2834 2312/2833 2319/2841
f 2320/2842 2319/2841 3725/4594
f 2312/2833 3725/4594 2319/2841
f 2480/3029 2479/3028 3726/4595
f 2470/3019 2469/3018 2479/3028
f 2479/3028 2469/3018 3726/4595
f 2461/3010 370/376 3716/4596
f 3716/4596 370/376 2456/3005
f 370/376 417/424 2456/3005
f 2400/2945 2399/2944 2391/2936
f 2399/2944 3727/4597 2391/2936
f 3727/4597 2392/2937 2391/2936
f 3728/4598 2412/4599 604/4602
f 2412/4599 542/4600 604/4602
f 542/4600 541/4601 604/4602
f 2488/3037 2299/2815 2489/3038
f 2489/3038 2299/2815 3729/4603
f 2299/2815 2302/2818 3729/4603
f 3730/4604 3728/4598 3731/4606
f 3731/4606 3728/4598 2682/4605
f 3728/4598 604/4602 2682/4605
f 1395/1478 1394/1477 3733/4608
f 1394/1477 3732/4607 3733/4608
f 2974/3676 2975/3680 3732/4607
f 3732/4607 2975/3680 3733/4608
f 2460/3009 2459/3008 461/470
f 2459/3008 2681/4609 461/470
f 2681/4609 462/471 461/470
f 463/472 520/529 2465/3014
f 520/529 2685/4610 2465/3014
f 2685/4610 2466/3015 2465/3014
f 2570/3131 2569/3130 3734/4611
f 2569/3130 2576/3137 3734/4611
f 2576/3137 2575/3136 3734/4611
f 3735/4612 2731/4613 3736/4616
f 2731/4613 2730/4614 3736/4616
f 2730/4614 2740/4615 3736/4616
f 3737/4617 2752/4618 3739/4621
f 2752/4618 2751/4619 3739/4621
f 2751/4619 3738/4620 3739/4621
f 3740/4622 3741/4623 2495/3044
f 3741/4623 3742/4624 2495/3044
f 3742/4624 2496/3045 2495/3044
f 3739/4621 3738/4620 3743/4627
f 3738/4620 2798/4625 3743/4627
f 2798/4625 2797/4626 3743/4627
f 3744/4628 3745/4629 3748/4632
f 3745/4629 3746/4630 3748/4632
f 3746/4630 3747/4631 3748/4632
f 506/515 531/540 3744/4628
f 531/540 3749/4633 3744/4628
f 3749/4633 3745/4629 3744/4628
f 3750/4634 3751/4635 504/513
f 3751/4635 3752/4636 504/513
f 3752/4636 505/514 504/513
f 3753/4637 2962/4638 3754/4641
f 2962/4638 2961/4639 3754/4641
f 2961/4639 2966/4640 3754/4641
f 3754/4641 2966/4640 3755/4644
f 2966/4640 2965/4642 3755/4644
f 2965/4642 2970/4643 3755/4644
f 3755/4644 2970/4643 3756/4647
f 2970/4643 2969/4645 3756/4647
f 2969/4645 2973/4646 3756/4647
f 3757/4648 2979/4649 514/523
f 515/524 514/523 2978/4650
f 2979/4649 2978/4650 514/523
f 1412/1505 1393/1476 1413/1506
f 1413/1506 1393/1476 1480/4652
f 1396/1479 1481/4651 1393/1476
f 1393/1476 1481/4651 1480/4652
f 518/527 566/575 3758/4655
f 566/575 2982/4653 3758/4655
f 2982/4653 2987/4654 3758/4655
f 3759/4656 687/4657 2551/3106
f 685/3107 2551/3106 686/4658
f 687/4657 686/4658 2551/3106
f 3758/4655 2987/4654 3759/4656
f 2987/4654 688/4659 3759/4656
f 688/4659 687/4657 3759/4656
f 2630/3199 3760/4660 2631/3200
f 2631/3200 3760/4660 3762/4662
f 3760/4660 3761/4661 3762/4662
f 2619/3187 2618/3186 2614/3182
f 2615/3183 2614/3182 3763/4663
f 2618/3186 3763/4663 2614/3182
f 3760/4660 2608/3174 3761/4661
f 3761/4661 2608/3174 3764/4664
f 2608/3174 2609/3177 3764/4664
f 7/7 9/9 3765/4665
f 3765/4665 9/9 1482/1575
f 1578/1702 1483/1576 9/9
f 9/9 1483/1576 1482/1575
f 648/3292 554/3291 540/4666
f 551/3269 539/3268 554/3291
f 554/3291 539/3268 540/4666
f 2787/3451 2790/3454 3741/4669
f 3741/4669 2790/3454 3742/4668
f 2790/3454 3766/4667 3742/4668
f 3767/4670 2789/3453 3746/4672
f 2788/3452 3747/4671 2789/3453
f 2789/3453 3747/4671 3746/4672
f 3768/4673 3767/4670 3749/4675
f 3749/4675 3767/4670 3745/4674
f 3767/4670 3746/4672 3745/4674
f 2835/3513 3768/4673 532/3510
f 532/3510 3768/4673 531/4676
f 3768/4673 3749/4675 531/4676
f 2948/3650 2947/3649 3769/4677
f 2947/3649 2930/3632 3769/4677
f 2930/3632 2929/3631 3769/4677
f 3770/4678 2834/3512 3752/4680
f 3752/4680 2834/3512 505/4679
f 2834/3512 533/3511 505/4679
f 2844/3526 2847/3529 3751/4681
f 2847/3529 3770/4678 3751/4681
f 3770/4678 3752/4680 3751/4681
f 3771/4682 2629/3198 3773/4684
f 2632/3201 3772/4683 2629/3198
f 2629/3198 3772/4683 3773/4684
f 3774/4685 3046/4686 3775/4689
f 3046/4686 3045/4687 3775/4689
f 3045/4687 3048/4688 3775/4689
f 3775/4689 3048/4688 2905/3605
f 3048/4688 3047/4690 2905/3605
f 3047/4690 2906/3606 2905/3605
f 2741/4691 3776/4692 2742/4695
f 3777/4693 3778/4694 3776/4692
f 3776/4692 3778/4694 2742/4695
f 3779/4696 3043/4697 2939/3641
f 3043/4697 3042/4698 2939/3641
f 3042/4698 2940/3642 2939/3641
f 3780/4699 3781/4700 3779/4696
f 3781/4700 3044/4701 3779/4696
f 3044/4701 3043/4697 3779/4696
f 3782/4702 3050/4703 3780/4699
f 3050/4703 3049/4704 3780/4699
f 3049/4704 3781/4700 3780/4699
f 3783/4705 3052/4706 3782/4702
f 3052/4706 3051/4707 3782/4702
f 3051/4707 3050/4703 3782/4702
f 3784/4708 3054/4709 3783/4705
f 3054/4709 3053/4710 3783/4705
f 3053/4710 3052/4706 3783/4705
f 3785/4711 3080/4712 619/635
f 3080/4712 3079/4713 619/635
f 3079/4713 620/636 619/635
f 3786/4714 3056/4715 3784/4708
f 3054/4709 3784/4708 3055/4716
f 3056/4715 3055/4716 3784/4708
f 621/637 722/744 3787/4719
f 722/744 3097/4717 3787/4719
f 3097/4717 3103/4718 3787/4719
f 3788/4720 3059/4721 3789/4724
f 3059/4721 3058/4722 3789/4724
f 3058/4722 3057/4723 3789/4724
f 3787/4719 3103/4718 2983/3691
f 3103/4718 3102/4725 2983/3691
f 3102/4725 2984/3692 2983/3691
f 3790/4726 3061/4727 3788/4720
f 3061/4727 3060/4728 3788/4720
f 3060/4728 3059/4721 3788/4720
f 635/651 727/749 2976/3681
f 727/749 3104/4729 2976/3681
f 3104/4729 2977/3682 2976/3681
f 3791/4730 3065/4731 3792/4734
f 3065/4731 3064/4732 3792/4734
f 3064/4732 3063/4733 3792/4734
f 2998/4735 2997/4736 633/649
f 634/650 633/649 3109/4737
f 2997/4736 3109/4737 633/649
f 3793/4738 3155/4739 652/670
f 3155/4739 3154/4740 652/670
f 3154/4740 653/671 652/670
f 3794/4741 3127/4742 3795/4745
f 3127/4742 3126/4743 3795/4745
f 3126/4743 3125/4744 3795/4745
f 657/675 734/756 3796/4748
f 734/756 3158/4746 3796/4748
f 3158/4746 3160/4747 3796/4748
f 3797/4749 3771/4682 826/4751
f 826/4751 3771/4682 3105/4750
f 3771/4682 3773/4684 3105/4750
f 3796/4748 3160/4747 3798/4754
f 3160/4747 3159/4752 3798/4754
f 3159/4752 3162/4753 3798/4754
f 3799/4755 836/4756 3800/4759
f 836/4756 835/4757 3800/4759
f 835/4757 3130/4758 3800/4759
f 3798/4754 3162/4753 668/686
f 3162/4753 3161/4760 668/686
f 3161/4760 669/687 668/686
f 670/688 738/760 3799/4755
f 738/760 879/4761 3799/4755
f 879/4761 836/4756 3799/4755
f 3030/3746 3029/3745 3019/3735
f 3029/3745 3801/4762 3019/3735
f 3801/4762 3020/3736 3019/3735
f 3034/3750 3033/3749 3027/3743
f 3028/3744 3027/3743 3802/4763
f 3033/3749 3802/4763 3027/3743
f 3776/4692 3803/4764 3777/4693
f 3777/4693 3803/4764 3805/4766
f 3803/4764 3804/4765 3805/4766
f 710/4767 3797/4749 711/4769
f 3797/4749 826/4751 711/4769
f 826/4751 887/4768 711/4769
f 3044/3762 3781/4770 524/533
f 524/533 3781/4770 645/661
f 3781/4770 3049/3767 645/661
f 3068/4771 3067/4772 1390/1469
f 3062/3780 1390/1469 3806/4773
f 3067/4772 3806/4773 1390/1469
f 3807/4774 3066/3784 3809/4776
f 3809/4776 3066/3784 3808/4775
f 3066/3784 3069/3787 3808/4775
f 2626/3195 3810/4777 3118/3841
f 3810/4777 3811/4778 3118/3841
f 3811/4778 3812/4779 3118/3841
f 3811/4780 3810/4781 1298/1373
f 2994/3702 898/941 3810/4781
f 3810/4781 898/941 1298/1373
f 3803/4764 3813/4782 3804/4765
f 3814/4783 3815/4784 3813/4782
f 3813/4782 3815/4784 3804/4765
f 3078/3796 3077/3795 3071/3789
f 3077/3795 3816/4785 3071/3789
f 3816/4785 3072/3790 3071/3789
f 3813/4782 3807/4774 3814/4783
f 3814/4783 3807/4774 3817/4786
f 3807/4774 3809/4776 3817/4786
f 1298/1373 1101/1162 3811/4780
f 1100/1161 3812/4787 1101/1162
f 1101/1162 3812/4787 3811/4780
f 3366/4159 3818/4788 3312/4101
f 3312/4101 3818/4788 2565/3125
f 3818/4788 2564/3122 2565/3125
f 3136/3859 3135/3858 3141/3864
f 3135/3858 3819/4789 3141/3864
f 3819/4789 3142/3865 3141/3864
f 764/4790 3820/4791 765/4794
f 3820/4791 3821/4792 765/4794
f 3821/4792 1169/4793 765/4794
f 1750/1931 1564/4795 29/1932
f 29/1932 1564/4795 110/4796
f 110/4796 1564/4795 3529/4337
f 1564/4795 3527/4335 3529/4337
f 2645/3217 3822/4797 2646/3218
f 3525/4332 3311/4100 3822/4797
f 3822/4797 3311/4100 2646/3218
f 3281/4055 3280/4054 3823/4798
f 3280/4054 3289/4065 3823/4798
f 3289/4065 3288/4064 3823/4798
f 3824/4799 3825/4800 3190/3925
f 3191/3926 3190/3925 3826/4801
f 3825/4800 3826/4801 3190/3925
f 3827/4802 3314/4803 3824/4799
f 3314/4803 3313/4804 3824/4799
f 3313/4804 3825/4800 3824/4799
f 3820/4805 3828/4806 3821/4809
f 3829/4807 3830/4808 3828/4806
f 3828/4806 3830/4808 3821/4809
f 3831/4810 1333/4811 3832/4814
f 1333/4811 1345/4812 3832/4814
f 1345/4812 3316/4813 3832/4814
f 3833/4815 3317/4816 3831/4810
f 3317/4816 1370/4817 3831/4810
f 1370/4817 1333/4811 3831/4810
f 3834/4818 3319/4819 3833/4815
f 3319/4819 3318/4820 3833/4815
f 3318/4820 3317/4816 3833/4815
f 3835/4821 3321/4822 3834/4818
f 3319/4819 3834/4818 3320/4823
f 3321/4822 3320/4823 3834/4818
f 3836/4824 3324/4825 3837/4828
f 3324/4825 3323/4826 3837/4828
f 3323/4826 3322/4827 3837/4828
f 3838/4829 3326/4830 3836/4824
f 3326/4830 3325/4831 3836/4824
f 3325/4831 3324/4825 3836/4824
f 3839/4832 3329/4833 3840/4836
f 3329/4833 3328/4834 3840/4836
f 3328/4834 3327/4835 3840/4836
f 3241/3999 3240/3998 3246/4008
f 3240/3998 3841/4837 3246/4008
f 3841/4837 3247/4009 3246/4008
f 3262/4029 3261/4028 1052/1107
f 1053/1108 1052/1107 3350/4838
f 3261/4028 3350/4838 1052/1107
f 3277/4050 3842/4839 3278/4051
f 3278/4051 3842/4839 3267/4036
f 3842/4839 3268/4037 3267/4036
f 3298/4075 3297/4074 3292/4068
f 3293/4069 3292/4068 3843/4840
f 3297/4074 3843/4840 3292/4068
f 1126/1189 773/799 3313/4102
f 3313/4102 773/799 3825/4842
f 3826/4841 3825/4842 773/799
f 3358/4150 3357/4149 3844/4843
f 3349/4140 3348/4139 3357/4149
f 3357/4149 3348/4139 3844/4843
f 1322/4127 886/928 1323/4844
f 1323/4844 886/928 1400/1483
f 886/928 823/855 1400/1483
f 3845/4845 3330/4119 3847/4847
f 3847/4847 3330/4119 3846/4846
f 3330/4119 3333/4122 3846/4846
f 3445/4848 2086/4849 3446/4851
f 2086/4849 365/4850 3446/4851
f 364/4481 3666/4480 365/4850
f 365/4850 3666/4480 3446/4851
f 3848/4852 3849/4853 1406/4856
f 1467/4854 1488/4855 3849/4853
f 3849/4853 1488/4855 1406/4856
f 3436/4233 3435/4232 3850/4857
f 3438/4235 3437/4234 3435/4232
f 3435/4232 3437/4234 3850/4857
f 3341/4132 3340/4131 3334/4123
f 3340/4131 3851/4858 3334/4123
f 3851/4858 3335/4124 3334/4123
f 3390/4184 3389/4183 3379/4173
f 3389/4183 3852/4859 3379/4173
f 3852/4859 3380/4174 3379/4173
f 3396/4190 3395/4189 3401/4196
f 3395/4189 3853/4860 3401/4196
f 3853/4860 3402/4197 3401/4196
f 3662/4475 3661/4474 3655/4466
f 3661/4474 2069/4861 3655/4466
f 2069/4861 2068/4862 3655/4466
f 2068/4862 3656/4467 3655/4466
f 1796/2001 362/2000 3663/4477
f 362/2000 361/4863 3663/4477
f 3664/4478 3663/4477 2077/4864
f 361/4863 2077/4864 3663/4477
f 108/110 149/151 3445/4848
f 149/151 359/4865 3445/4848
f 2086/4849 3445/4848 360/4866
f 359/4865 360/4866 3445/4848
f 3667/4484 2099/4483 3854/4870
f 2099/4483 373/4867 3854/4870
f 373/4867 372/4868 3854/4870
f 372/4868 2106/4869 3854/4870
f 3855/4871 3694/4872 1802/2012
f 3694/4872 2135/4873 1802/2012
f 2135/4873 381/4874 1802/2012
f 381/4874 377/2013 1802/2012
f 3677/4494 3676/4493 3668/4485
f 3676/4493 2148/4875 3668/4485
f 3669/4486 3668/4485 2147/4876
f 2148/4875 2147/4876 3668/4485
f 3684/4502 3683/4501 3678/4495
f 3683/4501 2160/4877 3678/4495
f 3679/4496 3678/4495 2159/4878
f 2160/4877 2159/4878 3678/4495
f 1824/2060 405/2059 3685/4503
f 405/2059 409/4879 3685/4503
f 2188/4504 3685/4503 410/4880
f 409/4879 410/4880 3685/4503
f 3512/4319 3511/4318 3856/4881
f 3518/4325 3517/4324 3511/4318
f 3511/4318 3517/4324 3856/4881
f 3857/4882 3531/4883 3455/4257
f 3531/4883 3530/4884 3455/4257
f 3530/4884 3456/4258 3455/4257
f 3442/4885 3858/4886 3443/4889
f 3859/4887 3860/4888 3858/4886
f 3858/4886 3860/4888 3443/4889
f 3687/4510 2201/4509 1851/2107
f 2201/4509 416/4890 1851/2107
f 1852/2108 1851/2107 415/4891
f 416/4890 415/4891 1851/2107
f 3861/4892 3535/4893 3862/4896
f 3535/4893 3534/4894 3862/4896
f 3534/4894 3533/4895 3862/4896
f 3863/4897 3537/4898 3861/4892
f 3537/4898 3536/4899 3861/4892
f 3536/4899 3535/4893 3861/4892
f 3864/4900 3540/4901 3865/4904
f 3540/4901 3539/4902 3865/4904
f 3539/4902 3538/4903 3865/4904
f 3866/4905 3546/4906 3864/4900
f 3546/4906 3541/4907 3864/4900
f 3541/4907 3540/4901 3864/4900
f 3867/4908 3548/4909 3866/4905
f 3548/4909 3547/4910 3866/4905
f 3547/4910 3546/4906 3866/4905
f 3486/4291 3485/4290 3487/4292
f 3485/4290 3868/4911 3487/4292
f 3868/4911 3488/4293 3487/4292
f 3869/4912 3571/4913 3871/4916
f 3571/4913 3570/4914 3871/4916
f 3570/4914 3870/4915 3871/4916
f 3872/4917 3624/4918 3515/4322
f 3624/4918 3623/4919 3515/4322
f 3623/4919 3516/4323 3515/4322
f 3524/4331 3523/4330 3872/4917
f 3624/4918 3872/4917 3625/4920
f 3523/4330 3625/4920 3872/4917
f 3580/4388 3579/4387 3873/4921
f 3569/4377 3568/4376 3579/4387
f 3579/4387 3568/4376 3873/4921
f 3570/4378 1453/1546 3870/4922
f 3870/4922 1453/1546 1514/1609
f 1408/1500 1514/1609 1453/1546
f 3874/4923 3550/4358 3876/4925
f 3876/4925 3550/4358 3875/4924
f 3550/4358 3553/4361 3875/4924
f 3630/4441 3629/4440 3877/4926
f 3629/4440 3634/4445 3877/4926
f 3634/4445 3633/4444 3877/4926
f 3561/4369 3560/4368 3554/4362
f 3560/4368 3878/4927 3554/4362
f 3878/4927 3555/4363 3554/4362
f 3608/4419 3607/4418 3599/4410
f 3607/4418 3879/4928 3599/4410
f 3879/4928 3600/4411 3599/4410
f 2152/4929 2151/4930 3883/4934
f 2151/4930 3880/4931 3883/4934
f 3881/4932 3882/4933 3880/4931
f 3880/4931 3882/4933 3883/4934
f 3614/4425 3613/4424 3619/4430
f 3613/4424 3884/4935 3619/4430
f 3884/4935 3620/4431 3619/4430
f 2300/2816 2208/2696 2301/2817
f 2301/2817 2208/2696 2389/4937
f 2211/2699 2390/4936 2208/2696
f 2208/2696 2390/4936 2389/4937
f 3710/4568 2430/4567 3708/4561
f 2430/4567 481/4938 3708/4561
f 2419/4562 3708/4561 480/4939
f 481/4938 480/4939 3708/4561
f 3714/4577 2448/4576 3711/4569
f 2448/4576 495/4940 3711/4569
f 2444/4570 3711/4569 494/4941
f 495/4940 494/4941 3711/4569
f 3717/4582 2455/4581 3713/4573
f 2455/4581 502/4942 3713/4573
f 502/4942 501/4943 3713/4573
f 501/4943 2450/4574 3713/4573
f 3720/4589 2471/4588 3719/4584
f 2471/4588 511/4944 3719/4584
f 2462/4585 3719/4584 510/4945
f 511/4944 510/4945 3719/4584
f 3881/4932 2453/3000 3882/4933
f 3882/4933 2453/3000 3885/4947
f 3885/4947 2453/3000 525/4946
f 2453/3000 526/3003 525/4946
f 3886/4948 2715/4949 3887/4953
f 2715/4949 608/4950 3887/4953
f 608/4950 607/4951 3887/4953
f 607/4951 2724/4952 3887/4953
f 3887/4953 2724/4952 3735/4612
f 2724/4952 610/4954 3735/4612
f 2731/4613 3735/4612 609/4955
f 610/4954 609/4955 3735/4612
f 3736/4616 2740/4615 3737/4617
f 2740/4615 612/4956 3737/4617
f 2752/4618 3737/4617 611/4957
f 612/4956 611/4957 3737/4617
f 3748/4632 3747/4631 3740/4622
f 3747/4631 2788/4958 3740/4622
f 3741/4623 3740/4622 2787/4959
f 2788/4958 2787/4959 3740/4622
f 3743/4627 2797/4626 3888/4963
f 2797/4626 623/4960 3888/4963
f 2823/4962 3888/4963 622/4961
f 623/4960 622/4961 3888/4963
f 3888/4963 2823/4962 3889/4967
f 2823/4962 624/4964 3889/4967
f 624/4964 625/4965 3889/4967
f 625/4965 2861/4966 3889/4967
f 3889/4967 2861/4966 2525/3074
f 2861/4966 644/4968 2525/3074
f 2526/3075 2525/3074 643/4969
f 644/4968 643/4969 2525/3074
f 2528/3077 2527/3076 3753/4637
f 2527/3076 705/4970 3753/4637
f 2962/4638 3753/4637 704/4971
f 705/4970 704/4971 3753/4637
f 3756/4647 2973/4646 3757/4648
f 2973/4646 708/4972 3757/4648
f 2979/4649 3757/4648 707/4973
f 708/4972 707/4973 3757/4648
f 3810/4777 2626/3195 2994/4976
f 2626/3195 2625/3194 2994/4976
f 2994/4976 2625/3194 2451/4975
f 2625/3194 2452/4974 2451/4975
f 541/550 496/505 604/616
f 2798/3464 3738/4977 496/505
f 2751/3401 604/616 3738/4977
f 496/505 3738/4977 604/616
f 643/659 523/532 2526/4979
f 2526/4979 523/532 2527/4978
f 2527/4978 523/532 705/726
f 523/532 706/727 705/726
f 2882/3582 2881/3581 3774/4685
f 2881/3581 754/4980 3774/4685
f 754/4980 753/4981 3774/4685
f 753/4981 3046/4686 3774/4685
f 3890/4982 3179/4983 3891/4985
f 3179/4983 3172/4984 3891/4985
f 680/698 679/697 3172/4984
f 3172/4984 679/697 3891/4985
f 3892/4986 3070/4987 3785/4711
f 3070/4987 793/4988 3785/4711
f 793/4988 792/4989 3785/4711
f 792/4989 3080/4712 3785/4711
f 3789/4724 3057/4723 3786/4714
f 3057/4723 770/4990 3786/4714
f 3056/4715 3786/4714 769/4991
f 770/4990 769/4991 3786/4714
f 3792/4734 3063/4733 3790/4726
f 3063/4733 775/4992 3790/4726
f 3061/4727 3790/4726 774/4993
f 775/4992 774/4993 3790/4726
f 3002/3710 3001/3709 3791/4730
f 3001/3709 777/4994 3791/4730
f 777/4994 776/4995 3791/4730
f 776/4995 3065/4731 3791/4730
f 3893/4996 3149/4997 3793/4738
f 3149/4997 870/4998 3793/4738
f 870/4998 869/4999 3793/4738
f 869/4999 3155/4739 3793/4738
f 3894/5000 3122/5001 2995/3703
f 3122/5001 825/5002 2995/3703
f 825/5002 824/5003 2995/3703
f 824/5003 2996/3704 2995/3703
f 3795/4745 3125/4744 3894/5000
f 3125/4744 830/5004 3894/5000
f 830/5004 829/5005 3894/5000
f 829/5005 3122/5001 3894/5000
f 3800/4759 3130/4758 3794/4741
f 3130/4758 834/5006 3794/4741
f 834/5006 833/5007 3794/4741
f 833/5007 3127/4742 3794/4741
f 3022/3738 3021/3737 3890/4982
f 3021/3737 893/5008 3890/4982
f 3179/4983 3890/4982 892/5009
f 893/5008 892/5009 3890/4982
f 3109/3832 2997/5010 3105/3827
f 2997/5010 2996/5011 3105/3827
f 826/858 3105/3827 824/856
f 3105/3827 2996/5011 824/856
f 3801/5014 3029/5015 3804/5013
f 3029/5015 3028/5016 3804/5013
f 3028/5016 3802/5017 3804/5013
f 3805/5012 3804/5013 3802/5017
f 3832/4814 3316/4813 3895/5019
f 3316/4813 3315/5018 3895/5019
f 3315/5018 3314/4803 3895/5019
f 3314/4803 3827/4802 3895/5019
f 3854/4870 2106/4869 3897/5024
f 2106/4869 376/5020 3897/5024
f 376/5020 375/5021 3897/5024
f 2111/5022 3896/5023 375/5021
f 375/5021 3896/5023 3897/5024
f 3837/4828 3322/4827 3835/4821
f 3322/4827 1378/5025 3835/4821
f 3321/4822 3835/4821 1377/5026
f 1378/5025 1377/5026 3835/4821
f 3840/4836 3327/4835 3838/4829
f 3327/4835 1398/5027 3838/4829
f 3326/4830 3838/4829 1397/5028
f 1398/5027 1397/5028 3838/4829
f 1040/1093 1323/1400 3839/4832
f 1323/1400 1400/5029 3839/4832
f 1400/5029 1399/5030 3839/4832
f 1399/5030 3329/4833 3839/4832
f 3896/5023 2111/5022 1804/2017
f 2111/5022 379/5031 1804/2017
f 379/5031 378/5032 1804/2017
f 378/5032 380/5033 1804/2017
f 380/5033 393/2018 1804/2017
f 3828/4806 3848/4852 3829/4807
f 3829/4807 3848/4852 3898/5035
f 3898/5035 3848/4852 1405/5034
f 3848/4852 1406/4856 1405/5034
f 3849/4853 3845/4845 1467/4854
f 1467/4854 3845/4845 1465/5037
f 1465/5037 3845/4845 3899/5036
f 3845/4845 3847/4847 3899/5036
f 3466/4268 3465/4267 3900/5039
f 3465/4267 3532/5038 3900/5039
f 3532/5038 3531/4883 3900/5039
f 3531/4883 3857/4882 3900/5039
f 3862/4896 3533/4895 3463/4265
f 3533/4895 1492/5040 3463/4265
f 3464/4266 3463/4265 1491/5041
f 1492/5040 1491/5041 3463/4265
f 3865/4904 3538/4903 3863/4897
f 3538/4903 1500/5042 3863/4897
f 3537/4898 3863/4897 1499/5043
f 1500/5042 1499/5043 3863/4897
f 3901/5044 3549/5045 3867/4908
f 3549/5045 1510/5046 3867/4908
f 3548/4909 3867/4908 1509/5047
f 1510/5046 1509/5047 3867/4908
f 3871/4916 3870/4915 3901/5044
f 3870/4915 1514/5048 3901/5044
f 1514/5048 1513/5049 3901/5044
f 1513/5049 3549/5045 3901/5044
f 536/545 2452/2999 561/570
f 2452/2999 2625/5050 561/570
f 2625/5050 2628/5051 561/570
f 406/413 408/415 2628/5051
f 2628/5051 408/415 561/570
f 3902/5052 3576/5053 3869/4912
f 3576/5053 1539/5054 3869/4912
f 1539/5054 1538/5055 3869/4912
f 1538/5055 3571/4913 3869/4912
f 3858/4886 3542/4350 3859/4887
f 3859/4887 3542/4350 3626/5057
f 3626/5057 3542/4350 3903/5056
f 3542/4350 3545/4353 3903/5056
f 3532/4340 3465/5058 1344/1421
f 1491/1584 1408/1500 3464/5059
f 1344/1421 3465/5058 1408/1500
f 3465/5058 3464/5059 1408/1500
f 2638/3207 2637/3206 2644/3216
f 2644/3216 2637/3206 1609/5061
f 2166/2650 2165/2649 2637/3206
f 2165/2649 1608/5060 2637/3206
f 2637/3206 1608/5060 1609/5061
f 3543/4351 3874/4923 3544/4352
f 3544/4352 3874/4923 3905/5063
f 3905/5063 3874/4923 3904/5062
f 3874/4923 3876/4925 3904/5062
f 3722/5067 527/536 2257/5066
f 2257/5066 527/536 2251/5065
f 370/376 2472/3021 527/536
f 2472/3021 2252/5064 527/536
f 527/536 2252/5064 2251/5065
f 2476/3025 2475/3024 3886/4948
f 2475/3024 603/5068 3886/4948
f 603/5068 602/5069 3886/4948
f 602/5069 605/5070 3886/4948
f 605/5070 2715/4949 3886/4948
f 2932/3634 2931/3633 3892/4986
f 2931/3633 789/5071 3892/4986
f 789/5071 788/5072 3892/4986
f 788/5072 790/5073 3892/4986
f 790/5073 3070/4987 3892/4986
f 2991/3699 2990/3698 3893/4996
f 2990/3698 861/5074 3893/4996
f 861/5074 860/5075 3893/4996
f 860/5075 864/5076 3893/4996
f 864/5076 3149/4997 3893/4996
f 732/913 712/733 731/5079
f 731/5079 712/733 3000/5078
f 3000/5078 712/733 3001/5077
f 3001/5077 712/733 777/803
f 645/661 777/803 712/733
f 3672/4489 3671/4488 3855/4871
f 3671/4488 2139/5080 3855/4871
f 2139/5080 391/5081 3855/4871
f 391/5081 389/5082 3855/4871
f 3694/4872 3855/4871 388/5083
f 389/5082 388/5083 3855/4871
f 3842/5088 1407/5084 3268/5087
f 3268/5087 1407/5084 3260/5086
f 886/928 3350/4142 1407/5084
f 3350/4142 3261/5085 1407/5084
f 1407/5084 3261/5085 3260/5086
f 3118/3841 3812/4779 3440/4237
f 3812/4779 1100/5089 3440/4237
f 1100/5089 1099/5090 3440/4237
f 1592/5092 3440/4237 1593/5091
f 1099/5090 1593/5091 3440/4237
f 3498/4303 3497/4302 3902/5052
f 3497/4302 1544/5093 3902/5052
f 1544/5093 1543/5094 3902/5052
f 1543/5094 1542/5095 3902/5052
f 1542/5095 3576/5053 3902/5052
f 2231/2721 1775/1966 3762/5099
f 3762/5099 1775/1966 2631/5098
f 1775/1966 1881/2157 2631/5098
f 755/779 3772/5096 1881/2157
f 3772/5096 2632/5097 1881/2157
f 1881/2157 2632/5097 2631/5098
f 604/616 603/615 2682/3282
f 603/615 2475/5100 2682/3282
f 2475/5100 2473/5101 2682/3282
f 2473/5101 2467/5102 2682/3282
f 2467/5102 2466/5103 2682/3282
f 2682/3282 2466/5103 2685/3285
f 3526/5104 3439/5105 1589/1722
f 1592/1727 1566/1683 3440/5106
f 1566/1683 1460/1553 3440/5106
f 3440/5106 1460/1553 3439/5105
f 3439/5105 1460/1553 1589/1722
f 3047/3765 755/779 2906/5110
f 2906/5110 755/779 2907/5109
f 2907/5109 755/779 2923/5108
f 715/736 789/818 755/779
f 789/818 2931/5107 755/779
f 755/779 2931/5107 2923/5108
f 3102/3822 715/736 2984/5114
f 2984/5114 715/736 2985/5113
f 2985/5113 715/736 2988/5112
f 2988/5112 715/736 2990/5111
f 2990/5111 715/736 861/897
f 715/736 741/764 861/897
f 712/733 893/935 897/940
f 893/935 3021/5115 897/940
f 3021/5115 3020/5116 897/940
f 3020/5116 3801/5014 897/940
f 3801/5014 3804/5013 897/940
f 3804/5013 3815/5117 897/940
f 406/5127 1789/5118 407/5126
f 407/5126 1789/5118 103/5125
f 1761/5119 1617/5120 1789/5118
f 1789/5118 1617/5120 103/5125
f 103/5125 1617/5120 19/5124
f 1617/5120 1614/5121 19/5124
f 1613/5122 1625/5123 1614/5121
f 1614/5121 1625/5123 19/5124
f 112/5136 111/5137 1759/5135
f 111/5137 1753/5128 1759/5135
f 1622/5133 1621/5134 1630/5132
f 1630/5132 1621/5134 1668/5131
f 1621/5134 1759/5135 1668/5131
f 1668/5131 1759/5135 1712/5130
f 1753/5128 1714/5129 1759/5135
f 1714/5129 1712/5130 1759/5135
f 2536/5138 666/5139 3750/4634
f 666/5139 627/5140 3750/4634
f 627/5140 626/5141 3750/4634
f 626/5141 2850/5142 3750/4634
f 2850/5142 2845/5143 3750/4634
f 3751/4635 3750/4634 2844/5144
f 2845/5143 2844/5144 3750/4634
f 1936/5152 1933/5153 1930/5151
f 1933/5153 1919/5154 1930/5151
f 1930/5151 1919/5154 1922/5150
f 1919/5154 1903/5145 1922/5150
f 1922/5150 1903/5145 1915/5149
f 1915/5149 1903/5145 1909/5148
f 1909/5148 1903/5145 1905/5147
f 1903/5145 1902/5146 1905/5147
f 3722/5067 418/5156 527/536
f 525/534 527/536 3885/5155
f 3885/5155 527/536 445/5161
f 445/5161 527/536 444/5160
f 444/5160 527/536 2276/5159
f 2276/5159 527/536 2269/5158
f 2269/5158 527/536 422/5157
f 527/536 418/5156 422/5157
f 3842/5088 3277/5164 1407/5084
f 1405/5163 1407/5084 3898/5162
f 3898/5162 1407/5084 3843/5169
f 3843/5169 1407/5084 3293/5168
f 3293/5168 1407/5084 3287/5167
f 3287/5167 1407/5084 3284/5166
f 3284/5166 1407/5084 3276/5165
f 1407/5084 3277/5164 3276/5165
f 1460/1553 1299/1374 1612/1763
f 1389/1468 1409/1501 1299/1374
f 3903/5170 3545/5171 1453/1546
f 3905/5173 1612/1763 3544/5172
f 1612/1763 1299/1374 3544/5172
f 3544/5172 1299/1374 3545/5171
f 3545/5171 1299/1374 1453/1546
f 1299/1374 1409/1501 1453/1546
f 23/5179 1402/5180 1658/5178
f 2/5186 1/5187 782/5185
f 2727/5174 3363/5175 528/5188
f 1184/5181 756/5182 1402/5180
f 742/5184 782/5185 743/5183
f 782/5185 1/5187 743/5183
f 1/5187 528/5188 743/5183
f 743/5183 528/5188 756/5182
f 1402/5180 756/5182 1658/5178
f 1658/5178 756/5182 1654/5177
f 1654/5177 756/5182 1651/5176
f 1651/5176 756/5182 3363/5175
f 3363/5175 756/5182 528/5188
f 383/5189 3906/5190 363/5199
f 3906/5190 3447/5191 363/5199
f 1749/1930 30/1933 3447/5191
f 30/1933 303/5192 3447/5191
f 363/5199 3447/5191 2078/5198
f 2078/5198 3447/5191 3692/5197
f 3692/5197 3447/5191 3691/5196
f 3691/5196 3447/5191 2070/5195
f 2070/5195 3447/5191 2071/5194
f 2071/5194 3447/5191 321/5193
f 3447/5191 303/5192 321/5193
f 600/609 599/608 719/5210
f 599/608 1608/1759 719/5210
f 719/5210 1608/1759 958/5209
f 958/5209 1608/1759 1354/5208
f 1354/5208 1608/1759 1445/5207
f 1445/5207 1608/1759 1610/5206
f 1610/5206 1608/1759 1674/5205
f 1674/5205 1608/1759 1757/5204
f 1757/5204 1608/1759 1781/5203
f 1781/5203 1608/1759 1833/5202
f 1833/5202 1608/1759 2007/5201
f 1608/1759 2165/5200 2007/5201
f 1453/1546 1544/1640 3903/5170
f 1544/1640 3497/5211 3903/5170
f 3497/5211 3496/5212 3903/5170
f 3496/5212 3502/5213 3903/5170
f 3502/5213 3506/5214 3903/5170
f 3506/5214 3510/5215 3903/5170
f 3510/5215 3514/5216 3903/5170
f 3514/5216 3516/5217 3903/5170
f 3516/5217 3623/4434 3903/5170
f 3623/4434 3626/4437 3903/5170
f 1658/5178 1662/5218 23/5179
f 1662/5218 89/5219 23/5179
f 89/5219 91/1677 23/5179
f 1564/1680 1750/5220 91/1677
f 91/1677 1750/5220 23/5179
f 1750/5220 1749/5221 23/5179
f 3447/4249 3446/4248 1749/5221
f 3907/5226 2/5186 3897/5225
f 3897/5225 2/5186 3854/5224
f 3854/5224 2/5186 3667/5223
f 3667/5223 2/5186 3666/5222
f 3666/5222 2/5186 3446/4248
f 3446/4248 2/5186 1749/5221
f 782/5185 24/5227 2/5186
f 2/5186 24/5227 1749/5221
f 1749/5221 24/5227 23/5179
f 3688/4512 3906/5190 3689/4513
f 3689/4513 3906/5190 3699/5240
f 3699/5240 3906/5190 2161/5239
f 2161/5239 3906/5190 2162/5238
f 2162/5238 3906/5190 3698/5237
f 3698/5237 3906/5190 3697/5236
f 3697/5236 3906/5190 2149/5235
f 2149/5235 3906/5190 2150/5234
f 383/5189 382/5228 3906/5190
f 2150/5234 3906/5190 3695/5233
f 3695/5233 3906/5190 2140/5232
f 2140/5232 3906/5190 392/5231
f 392/5231 3906/5190 390/5230
f 382/5228 2136/5229 3906/5190
f 3906/5190 2136/5229 390/5230
f 3742/4668 3766/4667 2496/5251
f 2496/5251 3766/4667 2492/5250
f 3731/5252 2682/3282 3766/4667
f 2492/5250 3766/4667 2486/5249
f 2486/5249 3766/4667 2484/5248
f 2681/3281 2459/5241 2682/3282
f 2484/5248 3766/4667 2482/5247
f 3766/4667 2682/3282 2482/5247
f 2482/5247 2682/3282 2478/5246
f 2478/5246 2682/3282 2479/5245
f 2479/5245 2682/3282 2470/5244
f 2470/5244 2682/3282 2464/5243
f 2464/5243 2682/3282 2458/5242
f 2459/5241 2458/5242 2682/3282
f 445/5161 424/5255 3885/5155
f 424/5255 2281/5256 3885/5155
f 2281/5256 2278/5257 3885/5155
f 2278/5257 2272/5258 3885/5155
f 3882/5254 3885/5155 3883/5253
f 2272/5258 2262/5259 3885/5155
f 2262/5259 2260/5260 3885/5155
f 3718/5267 3883/5253 2243/5266
f 2260/5260 2258/5261 3885/5155
f 3885/5155 2258/5261 3883/5253
f 2258/5261 2254/5262 3883/5253
f 2254/5262 2248/5263 3883/5253
f 2248/5263 2246/5264 3883/5253
f 2246/5264 2244/5265 3883/5253
f 3883/5253 2244/5265 2243/5266
f 2454/3001 3730/4604 647/3002
f 647/3002 3730/4604 640/5280
f 640/5280 3730/4604 628/5279
f 628/5279 3730/4604 2851/5278
f 2851/5278 3730/4604 2846/5277
f 2846/5277 3730/4604 2847/5276
f 2847/5276 3730/4604 3770/5275
f 3770/5275 3730/4604 2834/5274
f 2834/5274 3730/4604 2835/5273
f 2835/5273 3730/4604 3768/5272
f 3768/5272 3730/4604 3767/5271
f 3767/5271 3730/4604 2789/5270
f 2789/5270 3730/4604 2790/5269
f 2790/5269 3730/4604 3766/5268
f 3730/4604 3731/4606 3766/5268
f 901/5293 3817/5294 902/5292
f 902/5292 3817/5294 3115/5291
f 3809/5295 3808/5296 3817/5294
f 3115/5291 3817/5294 3111/5290
f 3111/5290 3817/5294 3108/5289
f 3816/5281 3077/5282 3808/5296
f 3108/5289 3817/5294 3101/5288
f 3817/5294 3808/5296 3101/5288
f 3101/5288 3808/5296 3096/5287
f 3096/5287 3808/5296 3092/5286
f 3092/5286 3808/5296 3088/5285
f 3088/5285 3808/5296 3084/5284
f 3084/5284 3808/5296 3076/5283
f 3077/5282 3076/5283 3808/5296
f 3802/5017 3033/5299 3805/5012
f 3033/5299 3031/5300 3805/5012
f 3031/5300 3025/5301 3805/5012
f 3025/5301 3023/5302 3805/5012
f 3777/5298 3805/5012 3778/5297
f 3023/5302 3017/5303 3805/5012
f 3017/5303 3013/5304 3805/5012
f 728/5311 3778/5297 2992/5310
f 3013/5304 3011/5305 3805/5012
f 3805/5012 3011/5305 3778/5297
f 3011/5305 3009/5306 3778/5297
f 3009/5306 3007/5307 3778/5297
f 3007/5307 3005/5308 3778/5297
f 3005/5308 3003/5309 3778/5297
f 3778/5297 3003/5309 2992/5310
f 3852/5324 3899/5325 3380/5323
f 3380/5323 3899/5325 3376/5322
f 3847/5326 3846/5327 3899/5325
f 3376/5322 3899/5325 3372/5321
f 3372/5321 3899/5325 3368/5320
f 3851/5312 3340/5313 3846/5327
f 3368/5320 3899/5325 3362/5319
f 3899/5325 3846/5327 3362/5319
f 3362/5319 3846/5327 3356/5318
f 3356/5318 3846/5327 3357/5317
f 3357/5317 3846/5327 3349/5316
f 3349/5316 3846/5327 3345/5315
f 3345/5315 3846/5327 3339/5314
f 3340/5313 3339/5314 3846/5327
f 3879/5340 3904/5341 3600/5339
f 3600/5339 3904/5341 3596/5338
f 3876/5342 3875/5343 3904/5341
f 3596/5338 3904/5341 3592/5337
f 3592/5337 3904/5341 3588/5336
f 3878/5328 3560/5329 3875/5343
f 3588/5336 3904/5341 3584/5335
f 3904/5341 3875/5343 3584/5335
f 3584/5335 3875/5343 3578/5334
f 3578/5334 3875/5343 3579/5333
f 3579/5333 3875/5343 3569/5332
f 3569/5332 3875/5343 3565/5331
f 3565/5331 3875/5343 3559/5330
f 3560/5329 3559/5330 3875/5343
f 3843/5169 3297/5346 3898/5162
f 3297/5346 3295/5347 3898/5162
f 3295/5347 3290/5348 3898/5162
f 3290/5348 3289/5349 3898/5162
f 3829/5345 3898/5162 3830/5344
f 3289/5349 3280/5350 3898/5162
f 3280/5350 3273/5351 3898/5162
f 3841/5358 3830/5344 3247/5357
f 3273/5351 3269/5352 3898/5162
f 3898/5162 3269/5352 3830/5344
f 3269/5352 3264/5353 3830/5344
f 3264/5353 3256/5354 3830/5344
f 3256/5354 3252/5355 3830/5344
f 3252/5355 3248/5356 3830/5344
f 3830/5344 3248/5356 3247/5357
f 3625/4436 3523/5361 3626/4437
f 3523/5361 3521/5362 3626/4437
f 3521/5362 3519/5363 3626/4437
f 3519/5363 3518/5364 3626/4437
f 3859/5360 3626/4437 3860/5359
f 3518/5364 3511/5365 3626/4437
f 3511/5365 3507/5366 3626/4437
f 3868/5373 3860/5359 3488/5372
f 3507/5366 3503/5367 3626/4437
f 3626/4437 3503/5367 3860/5359
f 3503/5367 3499/5368 3860/5359
f 3499/5368 3493/5369 3860/5359
f 3493/5369 3491/5370 3860/5359
f 3491/5370 3489/5371 3860/5359
f 3860/5359 3489/5371 3488/5372
f 1754/5375 1779/5376 1715/5374
f 1779/5376 1777/5377 1715/5374
f 1777/5377 1774/5378 1715/5374
f 1774/5378 1772/5379 1715/5374
f 1772/5379 1770/5380 1715/5374
f 1770/5380 1766/5381 1715/5374
f 1766/5381 1764/5382 1715/5374
f 1740/5389 1705/5390 1741/5388
f 1741/5388 1705/5390 1744/5387
f 1744/5387 1705/5390 1746/5386
f 1746/5386 1705/5390 1748/5385
f 1748/5385 1705/5390 1752/5384
f 1752/5384 1705/5390 1756/5383
f 1756/5383 1705/5390 1764/5382
f 1764/5382 1705/5390 1715/5374
f 1705/5390 1667/5391 1715/5374
f 1632/5392 1631/5393 1667/5391
f 1631/5393 1669/5394 1667/5391
f 1667/5391 1669/5394 1715/5374
f 1715/5374 1669/5394 1713/5395
f 3363/5175 2727/5174 1646/5416
f 1646/5416 2727/5174 1643/5415
f 3444/5396 1698/5397 19/5124
f 1643/5415 2727/5174 1638/5414
f 1698/5397 1694/5398 19/5124
f 1638/5414 2727/5174 1636/5413
f 1694/5398 1690/5399 19/5124
f 1636/5413 2727/5174 1633/5412
f 1690/5399 1686/5400 19/5124
f 1633/5412 2727/5174 1639/5411
f 1686/5400 1682/5401 19/5124
f 1639/5411 2727/5174 1641/5410
f 1682/5401 1675/5402 19/5124
f 1641/5410 2727/5174 1647/5409
f 19/5124 1675/5402 17/5417
f 1675/5402 1672/5403 17/5417
f 1672/5403 1670/5404 17/5417
f 1647/5409 2727/5174 1649/5408
f 1670/5404 1664/5405 17/5417
f 1649/5408 2727/5174 1655/5407
f 1664/5405 1659/5406 17/5417
f 1655/5407 2727/5174 1659/5406
f 1659/5406 2727/5174 17/5417
f 1622/5133 1630/5132 1628/5420
f 1630/5132 1629/5421 1628/5420
f 1681/5419 1628/5420 1768/5418
f 111/5137 1768/5418 1753/5128
f 1753/5128 1768/5418 1778/5437
f 1768/5418 1628/5420 1778/5437
f 1778/5437 1628/5420 1776/5436
f 1776/5436 1628/5420 1773/5435
f 1773/5435 1628/5420 1771/5434
f 1771/5434 1628/5420 1769/5433
f 1769/5433 1628/5420 1765/5432
f 1765/5432 1628/5420 1763/5431
f 1763/5431 1628/5420 1755/5430
f 1755/5430 1628/5420 1751/5429
f 1751/5429 1628/5420 1747/5428
f 1747/5428 1628/5420 1745/5427
f 1745/5427 1628/5420 1743/5426
f 1743/5426 1628/5420 1738/5425
f 1628/5420 1629/5421 1738/5425
f 1738/5425 1629/5421 1739/5424
f 1629/5421 1666/5422 1739/5424
f 1666/5422 1704/5423 1739/5424
f 3718/5267 2240/5438 3883/5253
f 2240/5438 2238/5439 3883/5253
f 2238/5439 2236/5440 3883/5253
f 2385/2930 426/433 2220/5453
f 2220/5453 426/433 2214/5452
f 2236/5440 2234/5441 3883/5253
f 3883/5253 2234/5441 2152/5454
f 2234/5441 2232/5442 2152/5454
f 2232/5442 429/5443 2152/5454
f 429/5443 400/5444 2152/5454
f 400/5444 2229/5445 2152/5454
f 2229/5445 2227/5446 2152/5454
f 2227/5446 2225/5447 2152/5454
f 2225/5447 2223/5448 2152/5454
f 2223/5448 2221/5449 2152/5454
f 2221/5449 2217/5450 2152/5454
f 2074/2542 2152/5454 426/433
f 2214/5452 426/433 2215/5451
f 2217/5450 2215/5451 2152/5454
f 2215/5451 426/433 2152/5454
f 1483/1576 1578/1702 1480/1573
f 1480/1573 1578/1702 1413/5476
f 1578/1702 3187/5455 1413/5476
f 3187/5455 1419/5456 1413/5476
f 1419/5456 1417/5457 1413/5476
f 3234/5474 1414/5475 3189/5473
f 3189/5473 1414/5475 1485/5472
f 1485/5472 1414/5475 1477/5471
f 1477/5471 1414/5475 1473/5470
f 1473/5470 1414/5475 1469/5469
f 1417/5457 1416/5458 1413/5476
f 1469/5469 1414/5475 1462/5468
f 1416/5458 1422/5459 1413/5476
f 1462/5468 1414/5475 1455/5467
f 1422/5459 1424/5460 1413/5476
f 1455/5467 1414/5475 1456/5466
f 1414/5475 1413/5476 1456/5466
f 1456/5466 1413/5476 1448/5465
f 1448/5465 1413/5476 1442/5464
f 1442/5464 1413/5476 1438/5463
f 1438/5463 1413/5476 1434/5462
f 1434/5462 1413/5476 1430/5461
f 1424/5460 1430/5461 1413/5476
f 728/5311 630/5477 3778/5297
f 630/5477 2980/5478 3778/5297
f 3042/3760 524/533 2940/5491
f 2940/5491 524/533 2934/5490
f 2980/5478 2971/5479 3778/5297
f 3778/5297 2971/5479 2742/5492
f 2971/5479 2963/5480 2742/5492
f 2963/5480 2957/5481 2742/5492
f 2957/5481 2953/5482 2742/5492
f 2953/5482 2949/5483 2742/5492
f 2949/5483 616/5484 2742/5492
f 616/5484 614/5485 2742/5492
f 614/5485 2943/5486 2742/5492
f 2943/5486 2941/5487 2742/5492
f 2941/5487 2937/5488 2742/5492
f 2650/3224 2742/5492 524/533
f 2934/5490 524/533 2935/5489
f 2937/5488 2935/5489 2742/5492
f 2935/5489 524/533 2742/5492
f 3816/5281 3808/5296 3072/5508
f 3072/5508 3808/5296 3073/5507
f 3808/5296 3069/5509 3073/5507
f 3073/5507 3069/5509 3081/5506
f 3081/5506 3069/5509 3085/5505
f 3085/5505 3069/5509 3089/5504
f 3089/5504 3069/5509 3093/5503
f 3093/5503 3069/5509 3098/5502
f 3098/5502 3069/5509 759/5501
f 759/5501 3069/5509 761/5500
f 761/5500 3069/5509 3112/5499
f 3819/5493 3135/5494 1390/1469
f 3135/5494 3131/5495 1390/1469
f 3112/5499 3069/5509 3116/5498
f 3068/4771 1390/1469 3069/5509
f 3131/5495 3123/5496 1390/1469
f 3116/5498 3069/5509 3120/5497
f 3123/5496 3120/5497 1390/1469
f 3120/5497 3069/5509 1390/1469
f 3682/4541 1839/5510 3699/4539
f 1839/5510 1838/5511 3699/4539
f 3699/4539 1838/5511 3689/5527
f 1838/5511 1844/5512 3689/5527
f 1844/5512 114/5513 3689/5527
f 114/5513 118/5514 3689/5527
f 118/5514 1870/5515 3689/5527
f 1870/5515 1878/5516 3689/5527
f 1878/5516 1886/5517 3689/5527
f 411/418 299/301 415/422
f 415/422 299/301 1852/5526
f 1852/5526 299/301 1853/5525
f 1853/5525 299/301 1863/5524
f 1863/5524 299/301 1874/5523
f 1874/5523 299/301 1883/5522
f 1883/5522 299/301 1890/5521
f 1890/5521 299/301 1895/5520
f 1895/5520 299/301 1898/5519
f 3690/4524 3689/5527 299/301
f 1898/5519 299/301 1893/5518
f 1886/5517 1893/5518 3689/5527
f 1893/5518 299/301 3689/5527
f 3841/5358 3240/5528 3830/5344
f 3240/5528 3236/5529 3830/5344
f 3236/5529 3231/5530 3830/5344
f 3826/4841 773/799 3191/5542
f 3231/5530 3227/5531 3830/5344
f 3830/5344 3227/5531 3821/5543
f 3227/5531 3222/5532 3821/5543
f 3222/5532 3217/5533 3821/5543
f 3217/5533 3210/5534 3821/5543
f 3210/5534 3204/5535 3821/5543
f 3204/5535 3202/5536 3821/5543
f 3202/5536 3200/5537 3821/5543
f 3200/5537 3198/5538 3821/5543
f 3198/5538 3196/5539 3821/5543
f 3196/5539 3194/5540 3821/5543
f 1169/1234 3821/5543 773/799
f 3191/5542 773/799 3192/5541
f 3194/5540 3192/5541 3821/5543
f 3192/5541 773/799 3821/5543
f 3851/5312 3846/5327 3335/5559
f 3335/5559 3846/5327 3336/5558
f 3853/5544 3395/5545 3312/4101
f 3395/5545 3391/5546 3312/4101
f 3336/5558 3846/5327 3342/5557
f 3846/5327 3333/5560 3342/5557
f 3342/5557 3333/5560 3346/5556
f 3346/5556 3333/5560 3351/5555
f 3351/5555 3333/5560 3353/5554
f 3353/5554 3333/5560 3359/5553
f 3359/5553 3333/5560 3364/5552
f 3364/5552 3333/5560 3369/5551
f 3369/5551 3333/5560 3373/5550
f 3373/5550 3333/5560 3377/5549
f 3332/4160 3312/4101 3333/5560
f 3391/5546 3385/5547 3312/4101
f 3377/5549 3333/5560 3383/5548
f 3385/5547 3383/5548 3312/4101
f 3383/5548 3333/5560 3312/4101
f 959/1008 1355/1432 1401/1489
f 1623/1778 1401/1489 33/5584
f 33/5584 1401/1489 31/5583
f 31/5583 1401/1489 1585/5582
f 1585/5582 1401/1489 1583/5581
f 1583/5581 1401/1489 1581/5580
f 1581/5580 1401/1489 1577/5579
f 3188/5561 1553/5562 1355/1432
f 1577/5579 1401/1489 1571/5578
f 1553/5562 1551/5563 1355/1432
f 1571/5578 1401/1489 1569/5577
f 1551/5563 1549/5564 1355/1432
f 1569/5577 1401/1489 1567/5576
f 1549/5564 1547/5565 1355/1432
f 1567/5576 1401/1489 1562/5575
f 1547/5565 1545/5566 1355/1432
f 1562/5575 1401/1489 1560/5574
f 1545/5566 1546/5567 1355/1432
f 1560/5574 1401/1489 1558/5573
f 1546/5567 1548/5568 1355/1432
f 1558/5573 1401/1489 1555/5572
f 1548/5568 1550/5569 1355/1432
f 1355/1432 1550/5569 1401/1489
f 1550/5569 1552/5570 1401/1489
f 1552/5570 1554/5571 1401/1489
f 1554/5571 1555/5572 1401/1489
f 106/4245 3447/4249 104/5608
f 104/5608 3447/4249 3657/5607
f 3688/5585 116/5586 3906/5609
f 116/5586 115/5587 3906/5609
f 115/5587 1843/5588 3906/5609
f 1843/5588 1837/5589 3906/5609
f 1837/5589 1840/5590 3906/5609
f 3657/5607 3447/4249 3655/5606
f 1840/5590 3684/5591 3906/5609
f 3655/5606 3447/4249 3662/5605
f 3684/5591 3678/5592 3906/5609
f 3662/5605 3447/4249 3658/5604
f 3678/5592 3673/5593 3906/5609
f 3673/5593 3677/5594 3906/5609
f 3658/5604 3447/4249 3663/5603
f 3677/5594 3668/5595 3906/5609
f 3663/5603 3447/4249 1796/5602
f 3447/4249 3906/5609 1796/5602
f 1796/5602 3906/5609 1795/5601
f 1795/5601 3906/5609 1799/5600
f 1799/5600 3906/5609 1801/5599
f 1801/5599 3906/5609 1802/5598
f 1802/5598 3906/5609 3855/5597
f 3855/5597 3906/5609 3672/5596
f 3668/5595 3672/5596 3906/5609
f 3878/5328 3875/5343 3555/5625
f 3555/5625 3875/5343 3556/5624
f 3884/5610 3613/5611 1410/1503
f 3613/5611 3609/5612 1410/1503
f 3556/5624 3875/5343 3562/5623
f 3875/5343 3553/5626 3562/5623
f 3562/5623 3553/5626 3566/5622
f 3566/5622 3553/5626 3572/5621
f 3572/5621 3553/5626 3574/5620
f 3574/5620 3553/5626 3581/5619
f 3581/5619 3553/5626 3585/5618
f 3585/5618 3553/5626 3589/5617
f 3589/5617 3553/5626 3593/5616
f 3593/5616 3553/5626 3597/5615
f 3552/4397 1410/1503 3553/5626
f 3609/5612 3603/5613 1410/1503
f 3597/5615 3553/5626 3601/5614
f 3603/5613 3601/5614 1410/1503
f 3601/5614 3553/5626 1410/1503
f 3186/5628 1505/5629 1606/5627
f 3106/5653 1411/5654 1457/5652
f 1505/5629 1508/5630 1606/5627
f 1508/5630 1516/5631 1606/5627
f 1606/5627 1516/5631 1573/5656
f 1516/5631 1520/5632 1573/5656
f 1573/5656 1520/5632 1574/5655
f 1520/5632 1524/5633 1574/5655
f 1524/5633 1531/5634 1574/5655
f 1531/5634 1537/5635 1574/5655
f 1457/5652 1411/5654 1454/5651
f 1537/5635 1540/5636 1574/5655
f 1454/5651 1411/5654 1461/5650
f 1540/5636 1532/5637 1574/5655
f 1461/5650 1411/5654 1468/5649
f 1532/5637 1528/5638 1574/5655
f 1468/5649 1411/5654 1472/5648
f 1528/5638 1521/5639 1574/5655
f 1574/5655 1521/5639 1411/5654
f 1521/5639 1517/5640 1411/5654
f 1517/5640 1511/5641 1411/5654
f 1511/5641 1503/5642 1411/5654
f 1503/5642 1501/5643 1411/5654
f 1501/5643 1493/5644 1411/5654
f 1493/5644 1496/5645 1411/5654
f 1496/5645 1484/5646 1411/5654
f 1484/5646 1476/5647 1411/5654
f 1476/5647 1472/5648 1411/5654
f 2292/2802 2401/2946 2389/2934
f 2389/2934 2401/2946 2301/5678
f 2401/2946 3725/5657 2301/5678
f 3725/5657 2312/5658 2301/5678
f 2312/5658 2310/5659 2301/5678
f 3729/5676 2302/5677 3727/5675
f 3727/5675 2302/5677 2392/5674
f 2392/5674 2302/5677 2384/5673
f 2384/5673 2302/5677 2380/5672
f 2380/5672 2302/5677 2376/5671
f 2310/5659 2309/5660 2301/5678
f 2376/5671 2302/5677 2365/5670
f 2309/5660 2315/5661 2301/5678
f 2365/5670 2302/5677 2356/5669
f 2315/5661 2317/5662 2301/5678
f 2356/5669 2302/5677 2357/5668
f 2302/5677 2301/5678 2357/5668
f 2357/5668 2301/5678 2345/5667
f 2345/5667 2301/5678 2340/5666
f 2340/5666 2301/5678 2334/5665
f 2334/5665 2301/5678 2329/5664
f 2329/5664 2301/5678 2324/5663
f 2317/5662 2324/5663 2301/5678
f 3868/5373 3485/5679 3860/5359
f 3485/5679 3483/5680 3860/5359
f 3483/5680 3481/5681 3860/5359
f 3530/4338 1344/1421 3456/5694
f 3456/5694 1344/1421 3450/5693
f 3481/5681 3477/5682 3860/5359
f 3860/5359 3477/5682 3443/5695
f 3477/5682 3475/5683 3443/5695
f 3475/5683 3473/5684 3443/5695
f 3473/5684 3471/5685 3443/5695
f 3471/5685 3469/5686 3443/5695
f 3469/5686 3467/5687 3443/5695
f 3467/5687 3461/5688 3443/5695
f 3461/5688 3459/5689 3443/5695
f 3459/5689 3457/5690 3443/5695
f 3457/5690 3453/5691 3443/5695
f 3382/4176 3443/5695 1344/1421
f 3450/5693 1344/1421 3451/5692
f 3453/5691 3451/5692 3443/5695
f 3451/5692 1344/1421 3443/5695
f 755/779 754/778 3772/5096
f 754/778 2881/5697 3772/5096
f 2881/5697 2875/5698 3772/5096
f 2875/5698 2873/5699 3772/5096
f 3105/3827 3773/5696 3104/3824
f 3104/3824 3773/5696 2977/5714
f 2977/5714 3773/5696 2968/5713
f 2968/5713 3773/5696 2960/5712
f 2960/5712 3773/5696 2956/5711
f 2873/5699 2872/5700 3772/5096
f 2956/5711 3773/5696 2952/5710
f 2872/5700 2880/5701 3772/5096
f 2952/5710 3773/5696 2946/5709
f 2880/5701 2884/5702 3772/5096
f 2946/5709 3773/5696 2947/5708
f 3773/5696 3772/5096 2947/5708
f 2947/5708 3772/5096 2930/5707
f 2930/5707 3772/5096 2914/5706
f 2914/5706 3772/5096 2900/5705
f 2900/5705 3772/5096 2894/5704
f 2894/5704 3772/5096 2888/5703
f 3772/5096 2884/5702 2888/5703
f 2870/5740 3765/4665 1247/5739
f 1247/5739 3765/4665 1248/5738
f 1248/5738 3765/4665 1254/5737
f 3765/4665 1482/1575 1254/5737
f 1254/5737 1482/1575 1262/5736
f 1262/5736 1482/1575 1270/5735
f 1270/5735 1482/1575 1278/5734
f 1278/5734 1482/1575 1305/5733
f 1305/5733 1482/1575 1306/5732
f 1306/5732 1482/1575 1318/5731
f 1481/1574 1396/5741 1482/1575
f 1482/1575 1396/5741 1318/5731
f 1318/5731 1396/5741 1324/5730
f 1324/5730 1396/5741 1331/5729
f 1395/5742 3733/5743 1396/5741
f 1331/5729 1396/5741 1336/5728
f 1336/5728 1396/5741 1340/5727
f 3035/5715 1391/5716 3733/5743
f 1340/5727 1396/5741 1346/5726
f 1346/5726 1396/5741 1350/5725
f 1391/5716 1387/5717 3733/5743
f 1350/5725 1396/5741 1356/5724
f 1387/5717 1383/5718 3733/5743
f 1356/5724 1396/5741 1360/5723
f 1383/5718 1379/5719 3733/5743
f 1360/5723 1396/5741 1364/5722
f 1379/5719 1371/5720 3733/5743
f 3733/5743 1371/5720 1396/5741
f 1371/5720 1368/5721 1396/5741
f 1368/5721 1364/5722 1396/5741
f 3448/5769 28/5770 1644/5768
f 1644/5768 28/5770 1645/5767
f 28/5770 110/5771 1645/5767
f 1645/5767 110/5771 1652/5766
f 1652/5766 110/5771 1653/5765
f 1653/5765 110/5771 1657/5764
f 1657/5764 110/5771 1661/5763
f 1661/5763 110/5771 90/5762
f 90/5762 110/5771 92/5761
f 92/5761 110/5771 1678/5760
f 1678/5760 110/5771 1679/5759
f 1679/5759 110/5771 1684/5758
f 3529/5772 3528/5773 110/5771
f 1684/5758 110/5771 1688/5757
f 1688/5757 110/5771 1692/5756
f 102/5744 96/5745 3528/5773
f 1692/5756 110/5771 1696/5755
f 1696/5755 110/5771 1700/5754
f 96/5745 1736/5746 3528/5773
f 1700/5754 110/5771 1702/5753
f 1736/5746 1734/5747 3528/5773
f 1702/5753 110/5771 1710/5752
f 1734/5747 1730/5748 3528/5773
f 1710/5752 110/5771 1718/5751
f 1730/5748 1726/5749 3528/5773
f 3528/5773 1726/5749 110/5771
f 1726/5749 1722/5750 110/5771
f 1722/5750 1718/5751 110/5771
f 310/5801 3700/5802 315/5800
f 315/5800 3700/5802 2125/5799
f 2125/5799 3700/5802 2131/5798
f 2131/5798 3700/5802 2137/5797
f 2137/5797 3700/5802 2143/5796
f 2143/5796 3700/5802 2153/5795
f 2153/5795 3700/5802 2157/5794
f 3700/5802 2209/5803 2157/5794
f 2157/5794 2209/5803 2163/5793
f 2163/5793 2209/5803 2173/5792
f 2173/5792 2209/5803 2177/5791
f 2177/5791 2209/5803 2181/5790
f 2181/5790 2209/5803 2185/5789
f 2185/5789 2209/5803 2191/5788
f 2191/5788 2209/5803 2197/5787
f 2197/5787 2209/5803 2202/5786
f 2202/5786 2209/5803 2207/5785
f 2207/5785 2209/5803 2205/5784
f 2205/5784 2209/5803 2200/5783
f 2200/5783 2209/5803 2196/5782
f 2196/5782 2209/5803 2190/5781
f 3693/5775 2169/5776 2208/5774
f 2208/5774 2169/5776 2209/5803
f 2169/5776 2172/5777 2209/5803
f 2172/5777 2176/5778 2209/5803
f 2176/5778 2180/5779 2209/5803
f 2180/5779 2184/5780 2209/5803
f 2184/5780 2190/5781 2209/5803
f 3769/5827 3771/5828 2948/5826
f 740/5804 654/5805 709/5831
f 2948/5826 3771/5828 2945/5825
f 709/5831 654/5805 710/5830
f 654/5805 657/5806 710/5830
f 710/5830 657/5806 3797/5829
f 657/5806 3796/5807 3797/5829
f 3796/5807 3798/5808 3797/5829
f 3798/5808 668/5809 3797/5829
f 668/5809 670/5810 3797/5829
f 2945/5825 3771/5828 2951/5824
f 670/5810 3799/5811 3797/5829
f 2951/5824 3771/5828 2955/5823
f 3799/5811 3800/5812 3797/5829
f 2955/5823 3771/5828 2959/5822
f 3800/5812 3794/5813 3797/5829
f 3797/5829 3794/5813 3771/5828
f 3794/5813 3795/5814 3771/5828
f 3795/5814 3894/5815 3771/5828
f 3894/5815 2995/5816 3771/5828
f 2995/5816 2998/5817 3771/5828
f 2998/5817 633/5818 3771/5828
f 633/5818 635/5819 3771/5828
f 635/5819 2976/5820 3771/5828
f 2976/5820 2967/5821 3771/5828
f 2967/5821 2959/5822 3771/5828
f 3035/5715 3733/5743 1386/5857
f 1386/5857 3733/5743 1382/5856
f 1382/5856 3733/5743 1374/5855
f 3733/5743 2975/5858 1374/5855
f 1374/5855 2975/5858 1375/5854
f 1375/5854 2975/5858 1367/5853
f 1367/5853 2975/5858 1363/5852
f 1363/5852 2975/5858 1359/5851
f 1359/5851 2975/5858 1353/5850
f 1353/5850 2975/5858 1349/5849
f 1349/5849 2975/5858 1343/5848
f 1343/5848 2975/5858 1339/5847
f 7/7 3765/4665 11/11
f 26/26 11/11 2975/5858
f 1339/5847 2975/5858 1335/5846
f 1335/5846 2975/5858 1329/5845
f 2870/5740 1238/5832 3765/4665
f 1329/5845 2975/5858 1321/5844
f 1238/5832 1236/5833 3765/4665
f 1321/5844 2975/5858 1317/5843
f 2975/5858 11/11 1317/5843
f 1317/5843 11/11 1295/5842
f 1295/5842 11/11 1285/5841
f 1285/5841 11/11 1275/5840
f 1236/5833 1235/5834 3765/4665
f 3765/4665 1235/5834 11/11
f 1235/5834 1241/5835 11/11
f 1241/5835 1245/5836 11/11
f 1245/5836 1253/5837 11/11
f 1253/5837 1259/5838 11/11
f 1259/5838 1267/5839 11/11
f 1267/5839 1275/5840 11/11
f 3897/5225 3896/5860 3907/5226
f 3896/5860 1804/5861 3907/5226
f 1804/5861 1805/5862 3907/5226
f 1805/5862 1806/5863 3907/5226
f 1806/5863 1807/5864 3907/5226
f 116/5586 3688/5585 117/5882
f 117/5882 3688/5585 1869/5881
f 1807/5864 1816/5865 3907/5226
f 1816/5865 1824/5866 3907/5226
f 1869/5881 3688/5585 1877/5880
f 1824/5866 3685/5867 3907/5226
f 3907/5226 3685/5867 2002/5859
f 3685/5867 3686/5868 2002/5859
f 3686/5868 3687/5869 2002/5859
f 3687/5869 1851/5870 2002/5859
f 1851/5870 1854/5871 2002/5859
f 1854/5871 1864/5872 2002/5859
f 2002/5859 1864/5872 300/5886
f 1864/5872 1875/5873 300/5886
f 300/5886 1875/5873 298/5885
f 298/5885 1875/5873 123/5884
f 1875/5873 1884/5874 123/5884
f 1884/5874 1891/5875 123/5884
f 1891/5875 1896/5876 123/5884
f 1877/5880 3688/5585 1885/5879
f 1896/5876 1897/5877 123/5884
f 1897/5877 1892/5878 123/5884
f 124/5883 123/5884 3688/5585
f 1885/5879 3688/5585 1892/5878
f 1892/5878 3688/5585 123/5884
f 1834/2078 2008/2412 2122/2598
f 2493/3042 2122/2598 3723/5912
f 3723/5912 2122/2598 2346/5911
f 2346/5911 2122/2598 2338/5910
f 2338/5910 2122/2598 2330/5909
f 2330/5909 2122/2598 2318/5908
f 2318/5908 2122/2598 2306/5907
f 3712/5887 2284/5888 2008/2412
f 2306/5907 2122/2598 2304/5906
f 2284/5888 2280/5889 2008/2412
f 2304/5906 2122/2598 2298/5905
f 2280/5889 2274/5890 2008/2412
f 2274/5890 2270/5891 2008/2412
f 2298/5905 2122/2598 2296/5904
f 2296/5904 2122/2598 2294/5903
f 2270/5891 2266/5892 2008/2412
f 2294/5903 2122/2598 2291/5902
f 2266/5892 2264/5893 2008/2412
f 2291/5902 2122/2598 2289/5901
f 2264/5893 2265/5894 2008/2412
f 2265/5894 2267/5895 2008/2412
f 2289/5901 2122/2598 2286/5900
f 2267/5895 2271/5896 2008/2412
f 2286/5900 2122/2598 2285/5899
f 2008/2412 2271/5896 2122/2598
f 2271/5896 2277/5897 2122/2598
f 2277/5897 2283/5898 2122/2598
f 2283/5898 2285/5899 2122/2598
f 33/5584 34/5913 1623/1778
f 3188/5561 1355/1432 1557/5940
f 34/5913 1591/5914 1623/1778
f 1557/5940 1355/1432 1556/5939
f 1623/1778 1591/5914 1742/1915
f 1591/5914 1595/5915 1742/1915
f 1595/5915 1597/5916 1742/1915
f 1597/5916 1599/5917 1742/1915
f 1599/5917 1601/5918 1742/1915
f 1601/5918 1603/5919 1742/1915
f 1603/5919 1605/5920 1742/1915
f 1605/5920 1604/5921 1742/1915
f 1742/1915 1604/5921 1446/1539
f 1604/5921 1602/5922 1446/1539
f 1602/5922 1600/5923 1446/1539
f 1600/5923 1598/5924 1446/1539
f 1598/5924 1596/5925 1446/1539
f 1596/5925 1594/5926 1446/1539
f 1594/5926 1590/5927 1446/1539
f 1590/5927 1588/5928 1446/1539
f 1588/5928 1587/5929 1446/1539
f 1587/5929 1584/5930 1446/1539
f 1584/5930 1582/5931 1446/1539
f 1582/5931 1580/5932 1446/1539
f 1355/1432 1446/1539 1556/5939
f 1556/5939 1446/1539 1559/5938
f 1559/5938 1446/1539 1561/5937
f 1561/5937 1446/1539 1565/5936
f 1565/5936 1446/1539 1568/5935
f 1568/5935 1446/1539 1570/5934
f 1570/5934 1446/1539 1572/5933
f 1580/5932 1572/5933 1446/1539
f 509/5968 2608/5969 512/5967
f 512/5967 2608/5969 2537/5966
f 2537/5966 2608/5969 2542/5965
f 2542/5965 2608/5969 2549/5964
f 2549/5964 2608/5969 2558/5963
f 2558/5963 2608/5969 2567/5962
f 2567/5962 2608/5969 2571/5961
f 2608/5969 3760/5970 2571/5961
f 2571/5961 3760/5970 2573/5960
f 2573/5960 3760/5970 2581/5959
f 2581/5959 3760/5970 2585/5958
f 2585/5958 3760/5970 2591/5957
f 2591/5957 3760/5970 2599/5956
f 2599/5956 3760/5970 2604/5955
f 2604/5955 3760/5970 2610/5954
f 2610/5954 3760/5970 2614/5953
f 2614/5953 3760/5970 2619/5952
f 2619/5952 3760/5970 2617/5951
f 2617/5951 3760/5970 2613/5950
f 2613/5950 3760/5970 2607/5949
f 2607/5949 3760/5970 2603/5948
f 3734/5942 2575/5943 2630/5941
f 2630/5941 2575/5943 3760/5970
f 2575/5943 2578/5944 3760/5970
f 2578/5944 2584/5945 3760/5970
f 2584/5945 2588/5946 3760/5970
f 2588/5946 2596/5947 3760/5970
f 2596/5947 2603/5948 3760/5970
f 787/5995 2627/3196 791/5994
f 791/5994 2627/3196 3166/5993
f 760/5971 762/5972 3066/5998
f 3166/5993 2627/3196 3170/5992
f 3170/5992 2627/3196 3175/5991
f 762/5972 3113/5973 3066/5998
f 3175/5991 2627/3196 3180/5990
f 3113/5973 3117/5974 3066/5998
f 3180/5990 2627/3196 3184/5989
f 3806/5996 3067/5997 2627/3196
f 3067/5997 3066/5998 2627/3196
f 3184/5989 2627/3196 3183/5988
f 3117/5974 3121/5975 3066/5998
f 3183/5988 2627/3196 3178/5987
f 3178/5987 2627/3196 3174/5986
f 3121/5975 3124/5976 3066/5998
f 3174/5986 2627/3196 3169/5985
f 3124/5976 3132/5977 3066/5998
f 3169/5985 2627/3196 3164/5984
f 3132/5977 3136/5978 3066/5998
f 3066/5998 3136/5978 2627/3196
f 3136/5978 3141/5979 2627/3196
f 3141/5979 3144/5980 2627/3196
f 3144/5980 3148/5981 2627/3196
f 3148/5981 3153/5982 2627/3196
f 3153/5982 3157/5983 2627/3196
f 3157/5983 3164/5984 2627/3196
f 102/5744 3528/5773 1733/6023
f 1733/6023 3528/5773 1729/6022
f 3528/5773 3480/6024 1729/6022
f 1729/6022 3480/6024 1725/6021
f 1725/6021 3480/6024 1721/6020
f 1721/6020 3480/6024 1717/6019
f 1717/6019 3480/6024 1707/6018
f 1707/6018 3480/6024 1708/6017
f 1708/6017 3480/6024 1699/6016
f 1699/6016 3480/6024 1695/6015
f 1695/6015 3480/6024 1691/6014
f 28/5770 3448/5769 15/1769
f 3448/5769 1637/5999 15/1769
f 1637/5999 1635/6000 15/1769
f 1635/6000 1634/6001 15/1769
f 15/1769 1634/6001 98/100
f 1634/6001 1640/6002 98/100
f 1640/6002 1642/6003 98/100
f 1642/6003 1648/6004 98/100
f 1648/6004 1650/6005 98/100
f 1650/6005 1656/6006 98/100
f 1656/6006 1660/6007 98/100
f 1660/6007 1665/6008 98/100
f 1665/6008 1671/6009 98/100
f 1671/6009 1673/6010 98/100
f 1673/6010 1676/6011 98/100
f 1676/6011 1683/6012 98/100
f 109/111 98/100 3480/6024
f 1683/6012 1687/6013 98/100
f 1691/6014 3480/6024 1687/6013
f 1687/6013 3480/6024 98/100
f 3721/6049 2299/6050 2358/6048
f 2358/6048 2299/6050 2355/6047
f 2355/6047 2299/6050 2364/6046
f 2644/6025 3724/6026 2645/6056
f 2364/6046 2299/6050 2375/6045
f 3724/6026 2422/6027 2645/6056
f 2422/6027 2425/6028 2645/6056
f 2375/6045 2299/6050 2379/6044
f 2425/6028 2429/6029 2645/6056
f 2487/6052 2564/6053 2488/6051
f 3818/6054 3822/6055 2564/6053
f 2379/6044 2299/6050 2383/6043
f 2429/6029 2435/6030 2645/6056
f 2435/6030 2439/6031 2645/6056
f 2383/6043 2299/6050 2391/6042
f 2299/6050 2488/6051 2391/6042
f 2391/6042 2488/6051 2400/6041
f 2400/6041 2488/6051 2397/6040
f 2397/6040 2488/6051 2404/6039
f 2404/6039 2488/6051 2408/6038
f 2408/6038 2488/6051 2415/6037
f 2415/6037 2488/6051 2420/6036
f 2420/6036 2488/6051 2426/6035
f 2426/6035 2488/6051 2432/6034
f 2432/6034 2488/6051 2436/6033
f 2436/6033 2488/6051 2440/6032
f 2439/6031 2440/6032 2645/6056
f 2440/6032 2488/6051 2645/6056
f 2488/6051 2564/6053 2645/6056
f 2564/6053 3822/6055 2645/6056
f 3723/5912 2353/6057 2493/3042
f 3712/5887 2008/2412 2288/6082
f 2008/2412 2166/2650 2288/6082
f 2288/6082 2166/2650 2287/6081
f 2287/6081 2166/2650 2290/6080
f 2290/6080 2166/2650 2293/6079
f 2293/6079 2166/2650 2295/6078
f 2637/3206 2493/3042 2166/2650
f 2295/6078 2166/2650 2297/6077
f 2353/6057 2354/6058 2493/3042
f 2354/6058 2360/6059 2493/3042
f 2297/6077 2166/2650 2303/6076
f 2303/6076 2166/2650 2305/6075
f 2360/6059 2366/6060 2493/3042
f 2305/6075 2166/2650 2307/6074
f 2366/6060 2368/6061 2493/3042
f 2307/6074 2166/2650 2327/6073
f 2368/6061 2372/6062 2493/3042
f 2327/6073 2166/2650 2335/6072
f 2372/6062 2374/6063 2493/3042
f 2335/6072 2166/2650 2343/6071
f 2374/6063 2373/6064 2493/3042
f 2373/6064 2371/6065 2493/3042
f 2343/6071 2166/2650 2349/6070
f 2371/6065 2367/6066 2493/3042
f 2349/6070 2166/2650 2350/6069
f 2493/3042 2367/6066 2166/2650
f 2367/6066 2363/6067 2166/2650
f 2363/6067 2359/6068 2166/2650
f 2166/2650 2359/6068 2350/6069
f 2741/6113 615/6083 3776/6112
f 615/6083 617/6084 3776/6112
f 617/6084 2950/6085 3776/6112
f 2950/6085 2954/6086 3776/6112
f 2954/6086 2958/6087 3776/6112
f 3891/6110 3803/6111 3890/6109
f 3890/6109 3803/6111 3022/6108
f 2958/6087 2964/6088 3776/6112
f 3022/6108 3803/6111 3019/6107
f 2964/6088 2972/6089 3776/6112
f 3019/6107 3803/6111 3030/6106
f 2972/6089 2981/6090 3776/6112
f 3030/6106 3803/6111 3027/6105
f 2981/6090 629/6091 3776/6112
f 3027/6105 3803/6111 3034/6104
f 629/6091 631/6092 3776/6112
f 3034/6104 3803/6111 3032/6103
f 631/6092 2993/6093 3776/6112
f 3032/6103 3803/6111 3026/6102
f 2993/6093 3004/6094 3776/6112
f 3026/6102 3803/6111 3024/6101
f 3004/6094 3006/6095 3776/6112
f 3024/6101 3803/6111 3018/6100
f 3803/6111 3776/6112 3018/6100
f 3018/6100 3776/6112 3014/6099
f 3014/6099 3776/6112 3012/6098
f 3012/6098 3776/6112 3010/6097
f 3010/6097 3776/6112 3008/6096
f 3006/6095 3008/6096 3776/6112
f 3696/6139 2127/2603 2094/6138
f 2094/6138 2127/2603 2095/6137
f 2095/6137 2127/2603 2100/6136
f 2127/2603 2212/2702 2100/6136
f 2100/6136 2212/2702 2104/6135
f 2104/6135 2212/2702 2109/6134
f 2109/6134 2212/2702 2114/6133
f 2114/6133 2212/2702 2118/6132
f 2118/6132 2212/2702 2120/6131
f 2120/6131 2212/2702 2123/6130
f 2390/2935 2211/6140 2212/2702
f 2212/2702 2211/6140 2123/6130
f 2123/6130 2211/6140 2128/6129
f 2210/6141 3703/6142 2211/6140
f 2128/6129 2211/6140 2133/6128
f 2133/6128 2211/6140 2141/6127
f 2141/6127 2211/6140 2145/6126
f 3702/6114 2206/6115 3703/6142
f 2145/6126 2211/6140 2155/6125
f 2155/6125 2211/6140 2170/6124
f 2206/6115 2204/6116 3703/6142
f 2170/6124 2211/6140 2171/6123
f 2204/6116 2199/6117 3703/6142
f 2171/6123 2211/6140 2175/6122
f 2199/6117 2195/6118 3703/6142
f 2175/6122 2211/6140 2179/6121
f 2195/6118 2189/6119 3703/6142
f 3703/6142 2189/6119 2211/6140
f 2189/6119 2183/6120 2211/6140
f 2183/6120 2179/6121 2211/6140
f 3226/6143 898/941 3224/6169
f 3224/6169 898/941 3220/6168
f 3294/6144 3282/6145 897/940
f 3220/6168 898/941 3216/6167
f 3282/6145 3272/6146 897/940
f 3216/6167 898/941 3214/6166
f 3272/6146 3266/6147 897/940
f 3266/6147 3258/6148 897/940
f 3214/6166 898/941 3212/6165
f 3212/6165 898/941 3208/6164
f 3258/6148 3254/6149 897/940
f 3208/6164 898/941 3207/6163
f 3254/6149 3250/6150 897/940
f 3207/6163 898/941 3206/6162
f 3250/6150 3244/6151 897/940
f 3244/6151 3242/6152 897/940
f 3206/6162 898/941 3209/6161
f 3242/6152 3238/6153 897/940
f 3209/6161 898/941 3213/6160
f 3238/6153 3233/6154 897/940
f 3213/6160 898/941 3215/6159
f 3233/6154 3229/6155 897/940
f 3215/6159 898/941 3219/6158
f 897/940 3229/6155 898/941
f 3229/6155 3225/6156 898/941
f 3225/6156 3221/6157 898/941
f 898/941 3221/6157 3219/6158
f 898/941 3226/6143 1298/1373
f 3226/6143 3230/6170 1298/1373
f 897/940 1404/1494 3294/6144
f 3294/6144 1404/1494 3300/6192
f 3300/6192 1404/1494 3302/6191
f 3230/6170 3235/6171 1298/1373
f 3302/6191 1404/1494 3304/6190
f 3235/6171 3239/6172 1298/1373
f 3304/6190 1404/1494 3306/6189
f 3239/6172 3243/6173 1298/1373
f 3306/6189 1404/1494 3308/6188
f 3243/6173 3245/6174 1298/1373
f 3308/6188 1404/1494 3310/6187
f 3245/6174 3251/6175 1298/1373
f 3310/6187 1404/1494 3309/6186
f 3251/6175 3255/6176 1298/1373
f 3309/6186 1404/1494 3307/6185
f 3255/6176 3263/6177 1298/1373
f 3307/6185 1404/1494 3305/6184
f 3263/6177 3271/6178 1298/1373
f 3305/6184 1404/1494 3303/6183
f 1298/1373 3271/6178 1404/1494
f 3271/6178 3279/6179 1404/1494
f 3279/6179 3285/6180 1404/1494
f 3285/6180 3299/6181 1404/1494
f 3299/6181 3301/6182 1404/1494
f 3301/6182 3303/6183 1404/1494
f 3895/6193 3827/6194 3820/6222
f 3827/6194 3824/6195 3820/6222
f 3824/6195 3190/6196 3820/6222
f 3190/6196 3193/6197 3820/6222
f 3193/6197 3195/6198 3820/6222
f 3195/6198 3197/6199 3820/6222
f 3197/6199 3199/6200 3820/6222
f 3820/6222 3199/6200 3828/6221
f 3199/6200 3201/6201 3828/6221
f 3201/6201 3203/6202 3828/6221
f 3203/6202 3205/6203 3828/6221
f 3205/6203 3211/6204 3828/6221
f 3211/6204 3218/6205 3828/6221
f 3218/6205 3223/6206 3828/6221
f 3223/6206 3228/6207 3828/6221
f 3228/6207 3232/6208 3828/6221
f 3232/6208 3237/6209 3828/6221
f 3237/6209 3241/6210 3828/6221
f 3241/6210 3246/6211 3828/6221
f 3246/6211 3249/6212 3828/6221
f 3823/6219 3848/6220 3281/6218
f 3848/6220 3828/6221 3281/6218
f 3281/6218 3828/6221 3274/6217
f 3274/6217 3828/6221 3270/6216
f 3270/6216 3828/6221 3265/6215
f 3265/6215 3828/6221 3257/6214
f 3257/6214 3828/6221 3253/6213
f 3249/6212 3253/6213 3828/6221
f 529/6249 2231/6250 530/6248
f 530/6248 2231/6250 2501/6247
f 2231/6250 3762/6251 2501/6247
f 2501/6247 3762/6251 2505/6246
f 2505/6246 3762/6251 2509/6245
f 2509/6245 3762/6251 2513/6244
f 2513/6244 3762/6251 2517/6243
f 2517/6243 3762/6251 2521/6242
f 2521/6242 3762/6251 2529/6241
f 2529/6241 3762/6251 2531/6240
f 2531/6240 3762/6251 2533/6239
f 2533/6239 3762/6251 2540/6238
f 2540/6238 3762/6251 2545/6237
f 3761/6252 3764/6253 3762/6251
f 2545/6237 3762/6251 2556/6236
f 2556/6236 3762/6251 2562/6235
f 2562/6235 3762/6251 2569/6234
f 3763/6223 2618/6224 3764/6253
f 2569/6234 3762/6251 2576/6233
f 2618/6224 2616/6225 3764/6253
f 2576/6233 3762/6251 2577/6232
f 2616/6225 2612/6226 3764/6253
f 2577/6232 3762/6251 2583/6231
f 2612/6226 2606/6227 3764/6253
f 2583/6231 3762/6251 2587/6230
f 2606/6227 2602/6228 3764/6253
f 3764/6253 2602/6228 3762/6251
f 2602/6228 2595/6229 3762/6251
f 2595/6229 2587/6230 3762/6251
f 2852/6260 1366/6261 3732/6259
f 2652/6289 601/6290 1279/6288
f 3732/6259 1366/6261 2974/6258
f 1366/6261 1362/6262 2974/6258
f 1362/6262 1358/6263 2974/6258
f 1358/6263 1352/6264 2974/6258
f 1352/6264 1348/6265 2974/6258
f 1348/6265 1342/6266 2974/6258
f 1342/6266 1338/6267 2974/6258
f 601/6290 10/6291 1279/6288
f 1279/6288 10/6291 1271/6287
f 1271/6287 10/6291 1263/6286
f 1263/6286 10/6291 1255/6285
f 1255/6285 10/6291 1249/6284
f 1249/6284 10/6291 1246/6283
f 1246/6283 10/6291 1239/6282
f 1239/6282 10/6291 1237/6281
f 3907/5226 3681/6254 2/5186
f 3681/6254 1611/6255 2/5186
f 1611/6255 13/6256 2/5186
f 12/6257 2974/6258 13/6256
f 13/6256 2974/6258 2/5186
f 2/5186 2974/6258 8/6292
f 8/6292 2974/6258 10/6291
f 1338/6267 1334/6268 2974/6258
f 1237/6281 10/6291 1234/6280
f 1234/6280 10/6291 1240/6279
f 1334/6268 1328/6269 2974/6258
f 1240/6279 10/6291 1244/6278
f 1328/6269 1320/6270 2974/6258
f 2974/6258 1320/6270 10/6291
f 1320/6270 1316/6271 10/6291
f 1316/6271 1294/6272 10/6291
f 1294/6272 1284/6273 10/6291
f 1284/6273 1274/6274 10/6291
f 1274/6274 1266/6275 10/6291
f 1266/6275 1258/6276 10/6291
f 1258/6276 1252/6277 10/6291
f 1252/6277 1244/6278 10/6291
f 3873/6293 3568/6294 3874/6321
f 3877/6317 3441/6318 3630/6316
f 3568/6294 3564/6295 3874/6321
f 3630/6316 3441/6318 3628/6315
f 3441/6318 3551/6319 3628/6315
f 3628/6315 3551/6319 3622/6314
f 3551/6319 3550/6320 3622/6314
f 3622/6314 3550/6320 3619/6313
f 3619/6313 3550/6320 3614/6312
f 3614/6312 3550/6320 3610/6311
f 3610/6311 3550/6320 3604/6310
f 3564/6295 3558/6296 3874/6321
f 3604/6310 3550/6320 3602/6309
f 3558/6296 3561/6297 3874/6321
f 3602/6309 3550/6320 3598/6308
f 3561/6297 3554/6298 3874/6321
f 3598/6308 3550/6320 3594/6307
f 3550/6320 3874/6321 3594/6307
f 3594/6307 3874/6321 3590/6306
f 3590/6306 3874/6321 3586/6305
f 3586/6305 3874/6321 3582/6304
f 3582/6304 3874/6321 3575/6303
f 3575/6303 3874/6321 3573/6302
f 3573/6302 3874/6321 3567/6301
f 3567/6301 3874/6321 3563/6300
f 3563/6300 3874/6321 3557/6299
f 3554/6298 3557/6299 3874/6321
f 3900/6322 3857/6323 3442/6351
f 3857/6323 3455/6324 3442/6351
f 3455/6324 3449/6325 3442/6351
f 3449/6325 3452/6326 3442/6351
f 3452/6326 3454/6327 3442/6351
f 3454/6327 3458/6328 3442/6351
f 3458/6328 3460/6329 3442/6351
f 3442/6351 3460/6329 3858/6350
f 3460/6329 3462/6330 3858/6350
f 3462/6330 3468/6331 3858/6350
f 3468/6331 3470/6332 3858/6350
f 3470/6332 3472/6333 3858/6350
f 3472/6333 3474/6334 3858/6350
f 3474/6334 3476/6335 3858/6350
f 3476/6335 3478/6336 3858/6350
f 3478/6336 3482/6337 3858/6350
f 3482/6337 3484/6338 3858/6350
f 3484/6338 3486/6339 3858/6350
f 3486/6339 3487/6340 3858/6350
f 3487/6340 3490/6341 3858/6350
f 3490/6341 3492/6342 3858/6350
f 3856/6348 3542/6349 3512/6347
f 3542/6349 3858/6350 3512/6347
f 3512/6347 3858/6350 3508/6346
f 3508/6346 3858/6350 3504/6345
f 3504/6345 3858/6350 3500/6344
f 3500/6344 3858/6350 3494/6343
f 3492/6342 3494/6343 3858/6350
f 3702/6114 3703/6142 2203/6377
f 2203/6377 3703/6142 2198/6376
f 2198/6376 3703/6142 2192/6375
f 3703/6142 3701/6378 2192/6375
f 2192/6375 3701/6378 2186/6374
f 2186/6374 3701/6378 2182/6373
f 2182/6373 3701/6378 2178/6372
f 2178/6372 3701/6378 2174/6371
f 2174/6371 3701/6378 2164/6370
f 2164/6370 3701/6378 2158/6369
f 2158/6369 3701/6378 2154/6368
f 2154/6368 3701/6378 2144/6367
f 1985/2366 2127/2603 387/393
f 428/437 387/393 3701/6378
f 2144/6367 3701/6378 2138/6366
f 2138/6366 3701/6378 2132/6365
f 3696/6139 2087/6352 2127/2603
f 2132/6365 3701/6378 2126/6364
f 2087/6352 2084/6353 2127/2603
f 2126/6364 3701/6378 316/6363
f 3701/6378 387/393 316/6363
f 316/6363 387/393 308/6362
f 308/6362 387/393 2117/6361
f 2117/6361 387/393 2113/6360
f 2084/6353 2083/6354 2127/2603
f 2127/2603 2083/6354 387/393
f 2083/6354 2090/6355 387/393
f 2090/6355 2092/6356 387/393
f 2092/6356 2098/6357 387/393
f 2098/6357 2103/6358 387/393
f 2103/6358 2108/6359 387/393
f 2108/6359 2113/6360 387/393
f 3763/6223 3764/6253 2615/6403
f 2615/6403 3764/6253 2611/6402
f 597/606 2231/6250 598/607
f 2611/6402 3764/6253 2605/6401
f 3764/6253 2609/6404 2605/6401
f 2605/6401 2609/6404 2600/6400
f 2600/6400 2609/6404 2592/6399
f 2592/6399 2609/6404 2586/6398
f 2586/6398 2609/6404 2582/6397
f 2582/6397 2609/6404 2574/6396
f 2574/6396 2609/6404 2572/6395
f 2572/6395 2609/6404 2568/6394
f 2568/6394 2609/6404 2559/6393
f 2580/3141 598/607 2609/6404
f 2559/6393 2609/6404 2550/6392
f 2550/6392 2609/6404 2543/6391
f 529/6249 499/6379 2231/6250
f 598/607 2231/6250 2609/6404
f 499/6379 2498/6380 2231/6250
f 2543/6391 2609/6404 2538/6390
f 2498/6380 2500/6381 2231/6250
f 2538/6390 2609/6404 513/6389
f 2500/6381 2504/6382 2231/6250
f 513/6389 2609/6404 507/6388
f 2504/6382 2508/6383 2231/6250
f 507/6388 2609/6404 2524/6387
f 2508/6383 2512/6384 2231/6250
f 2524/6387 2609/6404 2520/6386
f 2512/6384 2516/6385 2231/6250
f 2520/6386 2609/6404 2516/6385
f 2231/6250 2516/6385 2609/6404
f 3312/4101 1466/4389 3853/5544
f 3853/5544 1466/4389 3402/6429
f 3402/6429 1466/4389 3403/6428
f 3403/6428 1466/4389 3407/6427
f 3407/6427 1466/4389 3411/6426
f 3411/6426 1466/4389 3415/6425
f 3415/6425 1466/4389 3419/6424
f 3419/6424 1466/4389 3423/6423
f 3423/6423 1466/4389 3427/6422
f 1465/6405 3899/5325 1466/4389
f 3427/6422 1466/4389 3431/6421
f 3431/6421 1466/4389 3435/6420
f 3852/5324 3389/6406 3899/5325
f 3435/6420 1466/4389 3438/6419
f 3389/6406 3388/6407 3899/5325
f 3438/6419 1466/4389 3434/6418
f 3434/6418 1466/4389 3430/6417
f 3388/6407 3394/6408 3899/5325
f 3430/6417 1466/4389 3426/6416
f 3394/6408 3398/6409 3899/5325
f 3426/6416 1466/4389 3422/6415
f 3398/6409 3400/6410 3899/5325
f 3422/6415 1466/4389 3418/6414
f 3400/6410 3406/6411 3899/5325
f 3899/5325 3406/6411 1466/4389
f 3406/6411 3410/6412 1466/4389
f 3410/6412 3414/6413 1466/4389
f 3414/6413 3418/6414 1466/4389
f 1404/1494 897/940 1390/1469
f 3815/5117 3814/6454 897/940
f 3819/5493 1390/1469 3142/6453
f 3817/5294 901/5293 3814/6454
f 901/5293 767/6430 3814/6454
f 767/6430 3129/6431 3814/6454
f 3129/6431 3134/6432 3814/6454
f 3134/6432 3138/6433 3814/6454
f 3138/6433 3140/6434 3814/6454
f 3142/6453 1390/1469 3143/6452
f 3140/6434 3146/6435 3814/6454
f 3143/6452 1390/1469 3147/6451
f 3814/6454 3146/6435 897/940
f 3146/6435 3151/6436 897/940
f 3151/6436 943/6437 897/940
f 943/6437 785/6438 897/940
f 785/6438 3167/6439 897/940
f 3167/6439 3171/6440 897/940
f 3171/6440 3176/6441 897/940
f 3147/6451 1390/1469 3152/6450
f 3176/6441 3181/6442 897/940
f 3152/6450 1390/1469 3156/6449
f 3181/6442 3185/6443 897/940
f 3156/6449 1390/1469 3163/6448
f 3185/6443 3182/6444 897/940
f 3163/6448 1390/1469 3168/6447
f 897/940 3182/6444 1390/1469
f 3182/6444 3177/6445 1390/1469
f 3177/6445 3173/6446 1390/1469
f 3173/6446 3168/6447 1390/1469
f 1410/1503 1612/1763 3884/5610
f 3884/5610 1612/1763 3620/6478
f 3620/6478 1612/1763 3621/6477
f 3621/6477 1612/1763 3627/6476
f 3627/6476 1612/1763 3629/6475
f 3629/6475 1612/1763 3634/6474
f 3634/6474 1612/1763 3635/6473
f 3635/6473 1612/1763 3639/6472
f 3639/6472 1612/1763 3643/6471
f 3905/5173 3904/5341 1612/1763
f 3643/6471 1612/1763 3647/6470
f 3647/6470 1612/1763 3651/6469
f 3879/5340 3607/6455 3904/5341
f 3651/6469 1612/1763 3654/6468
f 3607/6455 3606/6456 3904/5341
f 3654/6468 1612/1763 3650/6467
f 3650/6467 1612/1763 3646/6466
f 3606/6456 3612/6457 3904/5341
f 3646/6466 1612/1763 3642/6465
f 3612/6457 3616/6458 3904/5341
f 3642/6465 1612/1763 3638/6464
f 3616/6458 3618/6459 3904/5341
f 3638/6464 1612/1763 3632/6463
f 3618/6459 1586/6460 3904/5341
f 3904/5341 1586/6460 1612/1763
f 1586/6460 1526/6461 1612/1763
f 1526/6461 1535/6462 1612/1763
f 1535/6462 3632/6463 1612/1763
f 1797/6507 413/6508 242/6506
f 242/6506 413/6508 427/6505
f 413/6508 412/6509 427/6505
f 412/6509 2167/6510 427/6505
f 3037/6500 3040/6501 3038/6499
f 3040/6501 3039/6502 3038/6499
f 3038/6499 3039/6502 740/5804
f 2019/6511 1787/6512 2167/6510
f 1787/6512 2876/6479 2167/6510
f 2876/6479 2882/6480 2167/6510
f 2167/6510 2882/6480 427/6505
f 2882/6480 3774/6481 427/6505
f 3774/6481 3775/6482 427/6505
f 3775/6482 2905/6483 427/6505
f 2905/6483 2908/6484 427/6505
f 2908/6484 2924/6485 427/6505
f 2924/6485 2932/6486 427/6505
f 2932/6486 3892/6487 427/6505
f 427/6505 3892/6487 713/6504
f 3892/6487 3785/6488 713/6504
f 3785/6488 619/6489 713/6504
f 619/6489 621/6490 713/6504
f 621/6490 3787/6491 713/6504
f 3787/6491 2983/6492 713/6504
f 2983/6492 2986/6493 713/6504
f 3039/6502 714/6503 740/5804
f 2986/6493 2989/6494 713/6504
f 740/5804 714/6503 654/5805
f 2989/6494 2991/6495 713/6504
f 2991/6495 3893/6496 713/6504
f 654/5805 714/6503 652/6498
f 714/6503 713/6504 652/6498
f 652/6498 713/6504 3793/6497
f 3893/6496 3793/6497 713/6504
f 3187/5455 1578/1702 1426/6545
f 3189/5473 1495/6513 3234/5474
f 1426/6545 1578/1702 1427/6544
f 1495/6513 1494/6514 3234/5474
f 1427/6544 1578/1702 1431/6543
f 3234/5474 1494/6514 1575/6546
f 1494/6514 1502/6515 1575/6546
f 1502/6515 1504/6516 1575/6546
f 1504/6516 1512/6517 1575/6546
f 1512/6517 1518/6518 1575/6546
f 1518/6518 1522/6519 1575/6546
f 1522/6519 1529/6520 1575/6546
f 1578/1702 1579/1703 1431/6543
f 1431/6543 1579/1703 1435/6542
f 1435/6542 1579/1703 1439/6541
f 1439/6541 1579/1703 1443/6540
f 1443/6540 1579/1703 1449/6539
f 1449/6539 1579/1703 1451/6538
f 1451/6538 1579/1703 1458/6537
f 1458/6537 1579/1703 1463/6536
f 1463/6536 1579/1703 1470/6535
f 1470/6535 1579/1703 1474/6534
f 1579/1703 1607/1758 1474/6534
f 1474/6534 1607/1758 1478/6533
f 1478/6533 1607/1758 1486/6532
f 1486/6532 1607/1758 1489/6531
f 1489/6531 1607/1758 1497/6530
f 1497/6530 1607/1758 1506/6529
f 1506/6529 1607/1758 1507/6528
f 1507/6528 1607/1758 1515/6527
f 1515/6527 1607/1758 1519/6526
f 1519/6526 1607/1758 1523/6525
f 1523/6525 1607/1758 1530/6524
f 1530/6524 1607/1758 1536/6523
f 1576/1757 1575/6546 1607/1758
f 1536/6523 1607/1758 1541/6522
f 1529/6520 1533/6521 1575/6546
f 1541/6522 1607/1758 1533/6521
f 1533/6521 1607/1758 1575/6546
f 3165/6576 2700/6577 516/6575
f 3726/6547 2469/6548 3730/6586
f 2469/6548 2463/6549 3730/6586
f 2463/6549 2457/6550 3730/6586
f 2457/6550 2460/6551 3730/6586
f 2700/6577 522/6578 516/6575
f 516/6575 522/6578 514/6574
f 522/6578 521/6579 514/6574
f 514/6574 521/6579 3757/6573
f 3757/6573 521/6579 3756/6572
f 3756/6572 521/6579 3755/6571
f 3755/6571 521/6579 3754/6570
f 3754/6570 521/6579 3753/6569
f 3753/6569 521/6579 2528/6568
f 2528/6568 521/6579 2525/6567
f 2460/6551 461/6552 3730/6586
f 2525/6567 521/6579 3889/6566
f 2446/6581 497/6582 2447/6580
f 497/6582 503/6583 2447/6580
f 2447/6580 503/6583 521/6579
f 521/6579 503/6583 3889/6566
f 3889/6566 503/6583 3888/6565
f 2412/6584 3728/6585 503/6583
f 503/6583 3728/6585 3888/6565
f 3888/6565 3728/6585 3743/6564
f 3743/6564 3728/6585 3739/6563
f 3739/6563 3728/6585 3737/6562
f 3737/6562 3728/6585 3736/6561
f 3728/6585 3730/6586 3736/6561
f 3736/6561 3730/6586 3735/6560
f 3735/6560 3730/6586 3887/6559
f 3887/6559 3730/6586 3886/6558
f 3886/6558 3730/6586 2476/6557
f 2476/6557 3730/6586 2474/6556
f 2474/6556 3730/6586 2468/6555
f 2468/6555 3730/6586 2465/6554
f 2465/6554 3730/6586 463/6553
f 461/6552 463/6553 3730/6586
f 3725/5657 2401/2946 2320/6619
f 3727/5675 2399/6587 3729/5676
f 2320/6619 2401/2946 2321/6618
f 2399/6587 2398/6588 3729/5676
f 2321/6618 2401/2946 2325/6617
f 3729/5676 2398/6588 2489/6620
f 2398/6588 2405/6589 2489/6620
f 2405/6589 2409/6590 2489/6620
f 2409/6590 2416/6591 2489/6620
f 2416/6591 2421/6592 2489/6620
f 2421/6592 2427/6593 2489/6620
f 2427/6593 2433/6594 2489/6620
f 2401/2946 2494/3043 2325/6617
f 2325/6617 2494/3043 2331/6616
f 2331/6616 2494/3043 2336/6615
f 2336/6615 2494/3043 2341/6614
f 2341/6614 2494/3043 2347/6613
f 2347/6613 2494/3043 2351/6612
f 2351/6612 2494/3043 2361/6611
f 2361/6611 2494/3043 2369/6610
f 2369/6610 2494/3043 2377/6609
f 2377/6609 2494/3043 2381/6608
f 2494/3043 2565/3125 2381/6608
f 2381/6608 2565/3125 2387/6607
f 2387/6607 2565/3125 2393/6606
f 2393/6606 2565/3125 2395/6605
f 2395/6605 2565/3125 2402/6604
f 2402/6604 2565/3125 2406/6603
f 2406/6603 2565/3125 2410/6602
f 2410/6602 2565/3125 2423/6601
f 2423/6601 2565/3125 2424/6600
f 2424/6600 2565/3125 2428/6599
f 2428/6599 2565/3125 2434/6598
f 2434/6598 2565/3125 2438/6597
f 2490/3124 2489/6620 2565/3125
f 2438/6597 2565/3125 2441/6596
f 2433/6594 2437/6595 2489/6620
f 2441/6596 2565/3125 2437/6595
f 2437/6595 2565/3125 2489/6620
f 2627/3196 3119/3842 3806/5996
f 3806/5996 3119/3842 3062/6625
f 3119/3842 420/6626 3062/6625
f 3062/6625 420/6626 2566/6624
f 420/6626 419/6627 2566/6624
f 419/6627 2256/6628 2566/6624
f 401/6655 3880/6656 399/6654
f 2256/6628 2250/6629 2566/6624
f 3880/6656 2151/6657 399/6654
f 399/6654 2151/6657 2230/6653
f 2230/6653 2151/6657 2228/6652
f 2228/6652 2151/6657 2226/6651
f 2226/6651 2151/6657 2224/6650
f 2224/6650 2151/6657 2222/6649
f 2222/6649 2151/6657 2218/6648
f 3907/5226 2002/5859 3681/6254
f 3681/6254 2002/5859 2072/6659
f 2002/5859 2001/6621 2072/6659
f 2073/6658 2072/6659 2151/6657
f 2072/6659 2001/6621 2151/6657
f 2250/6629 2253/6630 2566/6624
f 2151/6657 2001/6621 2218/6648
f 2218/6648 2001/6621 2216/6647
f 2216/6647 2001/6621 2213/6646
f 2213/6646 2001/6621 2219/6645
f 2219/6645 2001/6621 3704/6644
f 3704/6644 2001/6621 3705/6643
f 3705/6643 2001/6621 3706/6642
f 3706/6642 2001/6621 3707/6641
f 3707/6641 2001/6621 3708/6640
f 3708/6640 2001/6621 3710/6639
f 2001/6621 369/6622 3710/6639
f 369/6622 368/6623 3710/6639
f 3710/6639 368/6623 3709/6638
f 3709/6638 368/6623 3711/6637
f 3711/6637 368/6623 3714/6636
f 2253/6630 3720/6631 2566/6624
f 3720/6631 3719/6632 2566/6624
f 3714/6636 368/6623 3713/6635
f 3719/6632 3715/6633 2566/6624
f 3713/6635 368/6623 3717/6634
f 2566/6624 3715/6633 368/6623
f 368/6623 3715/6633 3717/6634
f 1848/6661 1803/6662 384/6660
f 384/6660 1803/6662 2028/6705
f 2028/6705 1803/6662 2022/6704
f 2022/6704 1803/6662 2011/6703
f 2011/6703 1803/6662 2003/6702
f 1793/6664 1832/6665 1794/6663
f 1832/6665 1830/6666 1794/6663
f 1830/6666 1829/6667 1794/6663
f 1829/6667 1826/6668 1794/6663
f 2003/6702 1803/6662 1995/6701
f 1826/6668 1823/6669 1794/6663
f 1995/6701 1803/6662 1989/6700
f 1823/6669 1821/6670 1794/6663
f 1989/6700 1803/6662 1982/6699
f 1821/6670 1819/6671 1794/6663
f 1819/6671 1817/6672 1794/6663
f 1982/6699 1803/6662 1969/6698
f 1817/6672 1814/6673 1794/6663
f 1969/6698 1803/6662 1956/6697
f 1814/6673 1812/6674 1794/6663
f 1812/6674 1810/6675 1794/6663
f 1956/6697 1803/6662 1946/6696
f 1810/6675 1809/6676 1794/6663
f 1946/6696 1803/6662 1932/6695
f 1809/6676 1811/6677 1794/6663
f 1811/6677 1813/6678 1794/6663
f 1932/6695 1803/6662 1924/6694
f 1813/6678 1815/6679 1794/6663
f 1924/6694 1803/6662 1914/6693
f 1803/6662 1794/6663 1914/6693
f 1914/6693 1794/6663 1906/6692
f 1906/6692 1794/6663 1888/6691
f 1888/6691 1794/6663 1871/6690
f 1871/6690 1794/6663 1850/6689
f 1850/6689 1794/6663 1845/6688
f 1845/6688 1794/6663 1841/6687
f 1841/6687 1794/6663 1835/6686
f 1835/6686 1794/6663 1831/6685
f 1831/6685 1794/6663 1828/6684
f 1828/6684 1794/6663 1825/6683
f 1825/6683 1794/6663 1822/6682
f 1822/6682 1794/6663 1820/6681
f 1820/6681 1794/6663 1818/6680
f 1794/6663 1815/6679 1818/6680
f 3844/6706 3348/6707 3845/6742
f 3348/6707 3344/6708 3845/6742
f 3344/6708 3338/6709 3845/6742
f 3338/6709 3341/6710 3845/6742
f 3341/6710 3334/6711 3845/6742
f 3822/6055 3818/6054 3525/6738
f 3818/6054 3366/6739 3525/6738
f 3525/6738 3366/6739 3526/6737
f 3331/6740 3330/6741 3366/6739
f 3334/6711 3337/6712 3845/6742
f 3366/6739 3330/6741 3526/6737
f 3337/6712 3343/6713 3845/6742
f 3845/6742 3343/6713 3330/6741
f 3343/6713 3347/6714 3330/6741
f 3347/6714 3352/6715 3330/6741
f 3352/6715 3354/6716 3330/6741
f 3354/6716 3360/6717 3330/6741
f 3360/6717 3365/6718 3330/6741
f 3365/6718 3370/6719 3330/6741
f 3370/6719 3374/6720 3330/6741
f 3374/6720 3378/6721 3330/6741
f 3330/6741 3378/6721 3526/6737
f 3378/6721 3384/6722 3526/6737
f 3384/6722 3386/6723 3526/6737
f 3386/6723 3392/6724 3526/6737
f 3392/6724 3396/6725 3526/6737
f 3396/6725 3401/6726 3526/6737
f 3401/6726 3404/6727 3526/6737
f 3404/6727 3408/6728 3526/6737
f 3408/6728 3412/6729 3526/6737
f 3412/6729 3416/6730 3526/6737
f 3416/6730 3420/6731 3526/6737
f 3420/6731 3424/6732 3526/6737
f 3424/6732 3428/6733 3526/6737
f 3428/6733 3432/6734 3526/6737
f 3432/6734 3436/6735 3526/6737
f 3439/4236 3526/6737 3850/6736
f 3436/6735 3850/6736 3526/6737
f 3730/6586 2454/6774 3726/6547
f 3726/6547 2454/6774 2480/6773
f 2480/6773 2454/6774 2477/6772
f 2477/6772 2454/6774 2481/6771
f 2481/6771 2454/6774 2483/6770
f 3864/6743 3865/6744 2560/6780
f 2483/6770 2454/6774 2485/6769
f 516/6575 518/6751 3165/6576
f 3865/6744 3863/6745 2560/6780
f 2485/6769 2454/6774 2491/6768
f 518/6751 3758/6752 3165/6576
f 3863/6745 3861/6746 2560/6780
f 3758/6752 3759/6753 3165/6576
f 2491/6768 2454/6774 2495/6767
f 3861/6746 3862/6747 2560/6780
f 3759/6753 2551/6754 3165/6576
f 3862/6747 3463/6748 2560/6780
f 2495/6767 2454/6774 3740/6766
f 2551/6754 2548/6755 3165/6576
f 3463/6748 3466/6749 2560/6780
f 3740/6766 2454/6774 3748/6765
f 2548/6755 2547/6756 3165/6576
f 3466/6749 3900/6322 2560/6780
f 2547/6756 2544/6757 3165/6576
f 3748/6765 2454/6774 3744/6764
f 3381/6750 3165/6576 3442/6351
f 2785/6779 2560/6780 3015/6778
f 2560/6780 3900/6322 3015/6778
f 2544/6757 2539/6758 3165/6576
f 3744/6764 2454/6774 506/6763
f 2539/6758 2535/6759 3165/6576
f 2535/6759 2536/6760 3165/6576
f 506/6763 2454/6774 504/6762
f 2536/6760 3750/6761 3165/6576
f 504/6762 2454/6774 3750/6761
f 3442/6351 3165/6576 3900/6322
f 3900/6322 3165/6576 3015/6778
f 3015/6778 3165/6576 723/6777
f 723/6777 3165/6576 724/6776
f 3165/6576 3750/6761 724/6776
f 3750/6761 2454/6774 724/6776
f 2454/6774 2597/6775 724/6776
f 2921/6781 2927/6782 2783/6827
f 2658/6809 2657/6810 2663/6808
f 2927/6782 2925/6783 2783/6827
f 2925/6783 2919/6784 2783/6827
f 2657/6810 2661/6811 2663/6808
f 2919/6784 2915/6785 2783/6827
f 2594/6825 2593/6826 2622/6824
f 2622/6824 2593/6826 2642/6823
f 2593/6826 2783/6827 2642/6823
f 2642/6823 2783/6827 2705/6822
f 2915/6785 2909/6786 2783/6827
f 2909/6786 2901/6787 2783/6827
f 2661/6811 2665/6812 2663/6808
f 2901/6787 2895/6788 2783/6827
f 2895/6788 2889/6789 2783/6827
f 2663/6808 2665/6812 2673/6807
f 2665/6812 2667/6813 2673/6807
f 2667/6813 2671/6814 2673/6807
f 2705/6822 2783/6827 2694/6821
f 2671/6814 2675/6815 2673/6807
f 2673/6807 2675/6815 2686/6806
f 2675/6815 2677/6816 2686/6806
f 2677/6816 2679/6817 2686/6806
f 2686/6806 2679/6817 2696/6805
f 2679/6817 2688/6818 2696/6805
f 2688/6818 2690/6819 2696/6805
f 2690/6819 2692/6820 2696/6805
f 2696/6805 2692/6820 2701/6804
f 2692/6820 2694/6821 2701/6804
f 2889/6789 2877/6790 2783/6827
f 2701/6804 2694/6821 2707/6803
f 2877/6790 2866/6791 2783/6827
f 2866/6791 2862/6792 2783/6827
f 2707/6803 2694/6821 2718/6802
f 2862/6792 2857/6793 2783/6827
f 2718/6802 2694/6821 2734/6801
f 2694/6821 2783/6827 2734/6801
f 2734/6801 2783/6827 2747/6800
f 2747/6800 2783/6827 2761/6799
f 2761/6799 2783/6827 2771/6798
f 2771/6798 2783/6827 2791/6797
f 2791/6797 2783/6827 2814/6796
f 2814/6796 2783/6827 2842/6795
f 2842/6795 2783/6827 2853/6794
f 2857/6793 2853/6794 2783/6827
f 1280/6828 1286/6829 1182/6894
f 1286/6829 1290/6830 1182/6894
f 1290/6830 1296/6831 1182/6894
f 1296/6831 1302/6832 1182/6894
f 1302/6832 1310/6833 1182/6894
f 1310/6833 1314/6834 1182/6894
f 781/6892 780/6893 845/6891
f 845/6891 780/6893 847/6890
f 1314/6834 1312/6835 1182/6894
f 847/6890 780/6893 850/6889
f 850/6889 780/6893 867/6888
f 1312/6835 1308/6836 1182/6894
f 867/6888 780/6893 877/6887
f 1308/6836 1300/6837 1182/6894
f 877/6887 780/6893 888/6886
f 888/6886 780/6893 903/6885
f 1300/6837 1292/6838 1182/6894
f 903/6885 780/6893 909/6884
f 909/6884 780/6893 917/6883
f 1292/6838 1288/6839 1182/6894
f 917/6883 780/6893 923/6882
f 1288/6839 1282/6840 1182/6894
f 1182/6894 1282/6840 780/6893
f 1282/6840 1276/6841 780/6893
f 1276/6841 1268/6842 780/6893
f 1268/6842 1260/6843 780/6893
f 1260/6843 1250/6844 780/6893
f 1250/6844 1232/6845 780/6893
f 1232/6845 1228/6846 780/6893
f 1228/6846 1224/6847 780/6893
f 1224/6847 1220/6848 780/6893
f 923/6882 780/6893 935/6881
f 935/6881 780/6893 946/6880
f 1092/6855 1096/6856 1093/6854
f 1093/6854 1096/6856 1114/6853
f 1096/6856 1107/6857 1114/6853
f 1114/6853 1107/6857 1156/6852
f 1107/6857 1117/6858 1156/6852
f 946/6880 780/6893 962/6879
f 1156/6852 1117/6858 1174/6851
f 1117/6858 1127/6859 1174/6851
f 962/6879 780/6893 977/6878
f 1127/6859 1134/6860 1174/6851
f 1174/6851 1134/6860 1190/6850
f 977/6878 780/6893 995/6877
f 1134/6860 1140/6861 1190/6850
f 995/6877 780/6893 1013/6876
f 1190/6850 1140/6861 1204/6849
f 1140/6861 1146/6862 1204/6849
f 1013/6876 780/6893 1022/6875
f 1204/6849 1146/6862 1220/6848
f 1146/6862 1149/6863 1220/6848
f 1022/6875 780/6893 1041/6874
f 1149/6863 1144/6864 1220/6848
f 1041/6874 780/6893 1057/6873
f 1144/6864 1137/6865 1220/6848
f 1057/6873 780/6893 1070/6872
f 1137/6865 1132/6866 1220/6848
f 1070/6872 780/6893 1079/6871
f 1132/6866 1123/6867 1220/6848
f 1079/6871 780/6893 1085/6870
f 780/6893 1220/6848 1085/6870
f 1085/6870 1220/6848 1102/6869
f 1102/6869 1220/6848 1112/6868
f 1220/6848 1123/6867 1112/6868
f 1901/6897 1889/6898 1907/6896
f 1912/6895 1907/6896 1916/6957
f 1879/6899 1872/6900 1889/6898
f 1867/6901 1862/6902 1872/6900
f 1860/6903 1857/6904 1862/6902
f 1856/6905 1855/6906 1857/6904
f 1858/6907 1859/6908 1855/6906
f 1861/6909 1865/6910 1859/6908
f 1868/6911 1873/6912 1865/6910
f 1876/6913 1882/6914 1873/6912
f 1887/6915 1894/6916 1882/6914
f 1900/6917 1904/6918 1894/6916
f 1908/6919 1911/6920 1904/6918
f 1913/6921 1917/6922 1911/6920
f 1920/6923 1923/6924 1917/6922
f 1927/6925 1929/6926 1923/6924
f 1934/6927 1937/6928 1929/6926
f 1943/6929 1948/6930 1937/6928
f 1952/6931 1957/6932 1948/6930
f 1960/6933 1964/6934 1957/6932
f 1968/6935 1971/6936 1964/6934
f 1973/6937 1975/6938 1971/6936
f 1978/6939 1976/6940 1975/6938
f 1974/6941 1972/6942 1976/6940
f 1970/6943 1966/6944 1972/6942
f 1963/6945 1961/6946 1966/6944
f 1958/6947 1955/6948 1961/6946
f 1950/6949 1947/6950 1955/6948
f 1944/6951 1938/6952 1947/6950
f 1935/6953 1928/6954 1938/6952
f 1926/6955 1921/6956 1928/6954
f 1907/6896 1889/6898 1916/6957
f 1865/6910 1873/6912 1859/6908
f 1872/6900 1862/6902 1889/6898
f 1889/6898 1862/6902 1916/6957
f 1916/6957 1862/6902 1921/6956
f 1921/6956 1862/6902 1928/6954
f 1928/6954 1862/6902 1938/6952
f 1938/6952 1862/6902 1947/6950
f 1947/6950 1862/6902 1955/6948
f 1955/6948 1862/6902 1961/6946
f 1961/6946 1862/6902 1966/6944
f 1966/6944 1862/6902 1972/6942
f 1972/6942 1862/6902 1976/6940
f 1976/6940 1862/6902 1975/6938
f 1975/6938 1862/6902 1971/6936
f 1971/6936 1862/6902 1964/6934
f 1964/6934 1862/6902 1957/6932
f 1957/6932 1862/6902 1948/6930
f 1948/6930 1862/6902 1937/6928
f 1862/6902 1857/6904 1937/6928
f 1937/6928 1857/6904 1929/6926
f 1857/6904 1855/6906 1929/6926
f 1929/6926 1855/6906 1923/6924
f 1855/6906 1859/6908 1923/6924
f 1859/6908 1873/6912 1923/6924
f 1923/6924 1873/6912 1917/6922
f 1873/6912 1882/6914 1917/6922
f 1882/6914 1894/6916 1917/6922
f 1894/6916 1904/6918 1917/6922
f 1904/6918 1911/6920 1917/6922
f 2594/6825 2622/6824 2620/6959
f 2622/6824 2621/6960 2620/6959
f 2651/6958 2620/6959 2816/7031
f 717/7029 716/7030 2783/6827
f 2621/6960 2633/6961 2620/6959
f 2633/6961 2635/6962 2620/6959
f 2635/6962 2640/6963 2620/6959
f 2640/6963 2647/6964 2620/6959
f 2647/6964 2653/6965 2620/6959
f 2653/6965 2655/6966 2620/6959
f 2655/6966 2669/6967 2620/6959
f 2669/6967 2683/6968 2620/6959
f 2683/6968 2698/6969 2620/6959
f 2698/6969 2703/6970 2620/6959
f 2703/6970 2709/6971 2620/6959
f 2709/6971 2720/6972 2620/6959
f 2720/6972 2732/6973 2620/6959
f 2732/6973 2743/6974 2620/6959
f 716/7030 2816/7031 2783/6827
f 2783/6827 2816/7031 2921/6781
f 2921/6781 2816/7031 2917/7028
f 2917/7028 2816/7031 2911/7027
f 2911/7027 2816/7031 2903/7026
f 2903/7026 2816/7031 2897/7025
f 2897/7025 2816/7031 2891/7024
f 2891/7024 2816/7031 2885/7023
f 2885/7023 2816/7031 2868/7022
f 2868/7022 2816/7031 2864/7021
f 2864/7021 2816/7031 2859/7020
f 2859/7020 2816/7031 2855/7019
f 2855/7019 2816/7031 2848/7018
f 2848/7018 2816/7031 2830/7017
f 2816/7031 2620/6959 2830/7017
f 2830/7017 2620/6959 2803/7016
f 2803/7016 2620/6959 2781/7015
f 2781/7015 2620/6959 2769/7014
f 2769/7014 2620/6959 2759/7013
f 2759/7013 2620/6959 2749/7012
f 2749/7012 2620/6959 2736/7011
f 2736/7011 2620/6959 2722/7010
f 2722/7010 2620/6959 2711/7009
f 2711/7009 2620/6959 2712/7008
f 2620/6959 2743/6974 2712/7008
f 2712/7008 2743/6974 2716/7007
f 2716/7007 2743/6974 2725/7006
f 2743/6974 2755/6975 2725/7006
f 2725/7006 2755/6975 2728/7005
f 2755/6975 2765/6976 2728/7005
f 2728/7005 2765/6976 2738/7004
f 2765/6976 2773/6977 2738/7004
f 2738/7004 2773/6977 2745/7003
f 2773/6977 2779/6978 2745/7003
f 2745/7003 2779/6978 2753/7002
f 2753/7002 2779/6978 2757/7001
f 2757/7001 2779/6978 2763/7000
f 2779/6978 2795/6979 2763/7000
f 2763/7000 2795/6979 2767/6999
f 2767/6999 2795/6979 2775/6998
f 2775/6998 2795/6979 2777/6997
f 2777/6997 2795/6979 2793/6996
f 2795/6979 2801/6980 2793/6996
f 2801/6980 2807/6981 2793/6996
f 2807/6981 2811/6982 2793/6996
f 2793/6996 2811/6982 2799/6995
f 2799/6995 2811/6982 2805/6994
f 2811/6982 2819/6983 2805/6994
f 2819/6983 2824/6984 2805/6994
f 2805/6994 2824/6984 2809/6993
f 2824/6984 2828/6985 2809/6993
f 2809/6993 2828/6985 2817/6992
f 2828/6985 2836/6986 2817/6992
f 2817/6992 2836/6986 2821/6991
f 2836/6986 2840/6987 2821/6991
f 2840/6987 2838/6988 2821/6991
f 2832/6989 2826/6990 2838/6988
f 2838/6988 2826/6990 2821/6991
f 1563/1679 1677/7091 1564/1680
f 1677/7091 1680/7092 1564/1680
f 3066/5998 3807/7059 760/5971
f 760/5971 3807/7059 758/7058
f 758/7058 3807/7059 3099/7057
f 3099/7057 3807/7059 3094/7056
f 3094/7056 3807/7059 3090/7055
f 3090/7055 3807/7059 3086/7054
f 615/6083 2741/6113 613/7084
f 1680/7092 1685/7093 1564/1680
f 3086/7054 3807/7059 3082/7053
f 613/7084 2741/6113 2944/7083
f 1685/7093 1689/7094 1564/1680
f 3082/7053 3807/7059 3074/7052
f 2944/7083 2741/6113 2942/7082
f 1689/7094 1693/7095 1564/1680
f 3074/7052 3807/7059 3071/7051
f 2942/7082 2741/6113 2938/7081
f 2628/3197 2627/3196 406/5127
f 2649/7085 2130/7086 2741/6113
f 68/7088 3479/7089 69/7087
f 1693/7095 1697/7096 1564/1680
f 3071/7051 3807/7059 3078/7050
f 2938/7081 2741/6113 2936/7080
f 3078/7050 3807/7059 3075/7049
f 1697/7096 1701/7097 1564/1680
f 1564/1680 1701/7097 3527/7090
f 1701/7097 1703/7098 3527/7090
f 1703/7098 1711/7099 3527/7090
f 1711/7099 1719/7100 3527/7090
f 1719/7100 1723/7101 3527/7090
f 1723/7101 1727/7102 3527/7090
f 1727/7102 1731/7103 3527/7090
f 1731/7103 1735/7104 3527/7090
f 1735/7104 1737/7105 3527/7090
f 1737/7105 95/7106 3527/7090
f 95/7106 97/7107 3527/7090
f 97/7107 1732/7108 3527/7090
f 2936/7080 2741/6113 2933/7079
f 3075/7049 3807/7059 3083/7048
f 1732/7108 1728/7109 3527/7090
f 3527/7090 1728/7109 3479/7089
f 1728/7109 1724/7110 3479/7089
f 1724/7110 1720/7111 3479/7089
f 1720/7111 1716/7112 3479/7089
f 1716/7112 1706/7113 3479/7089
f 1706/7113 1709/7114 3479/7089
f 1709/7114 3444/5396 3479/7089
f 3444/5396 19/5124 3479/7089
f 3479/7089 19/5124 69/7087
f 19/5124 1625/5123 69/7087
f 1625/5123 120/7115 69/7087
f 69/7087 120/7115 2130/7086
f 120/7115 119/7116 2130/7086
f 119/7116 1789/5118 2130/7086
f 1789/5118 406/5127 2130/7086
f 2933/7079 2741/6113 2939/7078
f 3083/7048 3807/7059 3087/7047
f 3807/7059 3813/7060 3087/7047
f 3087/7047 3813/7060 3091/7046
f 3091/7046 3813/7060 3095/7045
f 3095/7045 3813/7060 3100/7044
f 3100/7044 3813/7060 3107/7043
f 3107/7043 3813/7060 3110/7042
f 3110/7042 3813/7060 3114/7041
f 3114/7041 3813/7060 768/7040
f 768/7040 3813/7060 766/7039
f 766/7039 3813/7060 3128/7038
f 3128/7038 3813/7060 3133/7037
f 3133/7037 3813/7060 3137/7036
f 3137/7036 3813/7060 3139/7035
f 3139/7035 3813/7060 3145/7034
f 2130/7086 406/5127 2741/6113
f 2741/6113 406/5127 2939/7078
f 2939/7078 406/5127 3779/7077
f 3779/7077 406/5127 3780/7076
f 3780/7076 406/5127 3782/7075
f 3782/7075 406/5127 3783/7074
f 3783/7074 406/5127 3784/7073
f 3784/7073 406/5127 3786/7072
f 3786/7072 406/5127 3789/7071
f 3789/7071 406/5127 3788/7070
f 3788/7070 406/5127 3790/7069
f 787/5995 786/7032 2627/3196
f 3891/6110 679/7061 3803/6111
f 3790/7069 406/5127 3792/7068
f 3145/7034 3813/7060 3150/7033
f 786/7032 3150/7033 2627/3196
f 3150/7033 3813/7060 2627/3196
f 679/7061 673/7062 3803/6111
f 3792/7068 406/5127 3791/7067
f 673/7062 660/7063 3803/6111
f 3813/7060 3803/6111 2627/3196
f 2627/3196 3803/6111 406/5127
f 3803/6111 660/7063 406/5127
f 660/7063 662/7064 406/5127
f 662/7064 2999/7065 406/5127
f 2999/7065 3002/7066 406/5127
f 3002/7066 3791/7067 406/5127
f 1940/7169 1939/7170 1941/7168
f 397/7117 396/7118 2016/7222
f 1832/6665 1793/6664 1836/7221
f 1836/7221 1793/6664 1842/7220
f 1939/7170 1945/7171 1941/7168
f 1842/7220 1793/6664 1846/7219
f 1846/7219 1793/6664 1849/7218
f 1849/7218 1793/6664 1866/7217
f 2028/6705 2038/7120 384/6660
f 1866/7217 1793/6664 1880/7216
f 2038/7120 2041/7121 384/6660
f 1880/7216 1793/6664 1899/7215
f 2041/7121 2044/7122 384/6660
f 1945/7171 1949/7172 1941/7168
f 1941/7168 1949/7172 1951/7167
f 1949/7172 1954/7173 1951/7167
f 1899/7215 1793/6664 1910/7214
f 396/7118 385/7119 2016/7222
f 385/7119 384/6660 2016/7222
f 2044/7122 2048/7123 384/6660
f 1954/7173 1959/7174 1951/7167
f 1910/7214 1793/6664 1918/7213
f 2048/7123 2054/7124 384/6660
f 1951/7167 1959/7174 1962/7166
f 1959/7174 1967/7175 1962/7166
f 1967/7175 1977/7176 1962/7166
f 1962/7166 1977/7176 1979/7165
f 1977/7176 1981/7177 1979/7165
f 2054/7124 2058/7125 384/6660
f 1918/7213 1793/6664 1925/7212
f 1979/7165 1981/7177 1983/7164
f 1981/7177 1984/7178 1983/7164
f 1984/7178 1987/7179 1983/7164
f 1983/7164 1987/7179 1988/7163
f 1987/7179 1990/7180 1988/7163
f 1988/7163 1990/7180 1993/7162
f 1990/7180 1992/7181 1993/7162
f 1993/7162 1992/7181 1998/7161
f 1992/7181 1994/7182 1998/7161
f 1998/7161 1994/7182 2006/7160
f 2006/7160 1994/7182 2010/7159
f 1994/7182 1996/7183 2010/7159
f 2010/7159 1996/7183 2015/7158
f 2015/7158 1996/7183 2023/7157
f 1996/7183 1999/7184 2023/7157
f 2023/7157 1999/7184 2029/7156
f 2029/7156 1999/7184 2034/7155
f 1999/7184 2000/7185 2034/7155
f 2034/7155 2000/7185 2039/7154
f 2039/7154 2000/7185 2040/7153
f 2000/7185 2004/7186 2040/7153
f 2040/7153 2004/7186 2042/7152
f 2042/7152 2004/7186 2043/7151
f 2043/7151 2004/7186 2045/7150
f 2004/7186 2009/7187 2045/7150
f 2045/7150 2009/7187 2046/7149
f 2046/7149 2009/7187 2047/7148
f 2047/7148 2009/7187 2049/7147
f 2049/7147 2009/7187 2050/7146
f 2009/7187 2014/7188 2050/7146
f 2050/7146 2014/7188 2051/7145
f 2051/7145 2014/7188 2052/7144
f 2052/7144 2014/7188 2053/7143
f 2014/7188 2021/7189 2053/7143
f 2053/7143 2021/7189 2055/7142
f 2055/7142 2021/7189 2056/7141
f 2056/7141 2021/7189 2057/7140
f 2021/7189 2025/7190 2057/7140
f 2025/7190 2026/7191 2057/7140
f 2026/7191 2030/7192 2057/7140
f 2058/7125 2059/7126 384/6660
f 1925/7212 1793/6664 1931/7211
f 2030/7192 2032/7193 2057/7140
f 2059/7126 2060/7127 384/6660
f 1931/7211 1793/6664 1942/7210
f 2057/7140 2032/7193 2062/7139
f 2032/7193 2035/7194 2062/7139
f 2035/7194 2037/7195 2062/7139
f 2037/7195 2036/7196 2062/7139
f 2060/7127 2061/7128 384/6660
f 1942/7210 1793/6664 1953/7209
f 2061/7128 2063/7129 384/6660
f 2036/7196 2033/7197 2062/7139
f 1953/7209 1793/6664 1965/7208
f 2063/7129 2064/7130 384/6660
f 2033/7197 2031/7198 2062/7139
f 1965/7208 1793/6664 1980/7207
f 1793/6664 2016/7222 1980/7207
f 1980/7207 2016/7222 1986/7206
f 1986/7206 2016/7222 1991/7205
f 1991/7205 2016/7222 1997/7204
f 1997/7204 2016/7222 2005/7203
f 2005/7203 2016/7222 2012/7202
f 2012/7202 2016/7222 2018/7201
f 2018/7201 2016/7222 2024/7200
f 2024/7200 2016/7222 2027/7199
f 2027/7199 2016/7222 2031/7198
f 2031/7198 2016/7222 2062/7139
f 2062/7139 2016/7222 2081/7138
f 2016/7222 384/6660 2081/7138
f 2081/7138 384/6660 2080/7137
f 2080/7137 384/6660 2079/7136
f 2079/7136 384/6660 2076/7135
f 2076/7135 384/6660 2075/7134
f 2075/7134 384/6660 2067/7133
f 2067/7133 384/6660 2066/7132
f 2066/7132 384/6660 2065/7131
f 384/6660 2064/7130 2065/7131
f 896/7223 794/7224 1209/7353
f 845/6891 843/7225 781/6892
f 21/7351 20/7352 1182/6894
f 843/7225 841/7226 781/6892
f 841/7226 837/7227 781/6892
f 837/7227 831/7228 781/6892
f 831/7228 827/7229 781/6892
f 827/7229 819/7230 781/6892
f 819/7230 817/7231 781/6892
f 817/7231 815/7232 781/6892
f 815/7232 813/7233 781/6892
f 813/7233 811/7234 781/6892
f 811/7234 809/7235 781/6892
f 809/7235 807/7236 781/6892
f 20/7352 1209/7353 1182/6894
f 1182/6894 1209/7353 1280/6828
f 1280/6828 1209/7353 1272/7350
f 1272/7350 1209/7353 1264/7349
f 1264/7349 1209/7353 1256/7348
f 1256/7348 1209/7353 1242/7347
f 1242/7347 1209/7353 1230/7346
f 807/7236 805/7237 781/6892
f 805/7237 803/7238 781/6892
f 1230/7346 1209/7353 1226/7345
f 803/7238 801/7239 781/6892
f 1226/7345 1209/7353 1222/7344
f 801/7239 796/7240 781/6892
f 1222/7344 1209/7353 1214/7343
f 1209/7353 794/7224 1214/7343
f 1214/7343 794/7224 1194/7342
f 1194/7342 794/7224 1176/7341
f 1176/7341 794/7224 1163/7340
f 1163/7340 794/7224 1119/7339
f 1119/7339 794/7224 1082/7338
f 1082/7338 794/7224 1063/7337
f 1063/7337 794/7224 1046/7336
f 1046/7336 794/7224 1027/7335
f 794/7224 781/6892 1027/7335
f 1027/7335 781/6892 1028/7334
f 796/7240 795/7241 781/6892
f 795/7241 799/7242 781/6892
f 781/6892 799/7242 1028/7334
f 799/7242 839/7243 1028/7334
f 839/7243 852/7244 1028/7334
f 852/7244 854/7245 1028/7334
f 854/7245 856/7246 1028/7334
f 856/7246 858/7247 1028/7334
f 858/7247 862/7248 1028/7334
f 862/7248 865/7249 1028/7334
f 865/7249 871/7250 1028/7334
f 871/7250 873/7251 1028/7334
f 873/7251 875/7252 1028/7334
f 880/7253 882/7254 875/7252
f 890/7255 894/7256 882/7254
f 899/7257 905/7258 894/7256
f 907/7259 911/7260 905/7258
f 913/7261 915/7262 911/7260
f 919/7263 921/7264 915/7262
f 925/7265 927/7266 921/7264
f 933/7267 937/7268 927/7266
f 941/7269 944/7270 937/7268
f 952/7271 954/7272 944/7270
f 960/7273 966/7274 954/7272
f 970/7275 973/7276 966/7274
f 979/7277 983/7278 973/7276
f 987/7279 991/7280 983/7278
f 989/7281 985/7282 991/7280
f 981/7283 975/7284 985/7282
f 968/7285 964/7286 975/7284
f 956/7287 948/7288 964/7286
f 939/7289 930/7290 948/7288
f 993/7293 1008/7294 950/7292
f 1016/7295 1024/7296 1008/7294
f 1035/7297 1049/7298 1024/7296
f 1060/7299 1068/7300 1049/7298
f 1076/7301 1087/7302 1068/7300
f 1105/7303 1121/7304 1087/7302
f 1142/7305 1160/7306 1121/7304
f 1167/7307 1170/7308 1160/7306
f 1178/7309 1186/7310 1170/7308
f 1192/7311 1198/7312 1186/7310
f 1202/7313 1210/7314 1198/7312
f 1216/7315 1218/7316 1210/7314
f 1212/7317 1207/7318 1218/7316
f 1200/7319 1196/7320 1207/7318
f 1188/7321 1180/7322 1196/7320
f 1172/7323 1165/7324 1180/7322
f 1153/7325 1130/7326 1165/7324
f 1109/7327 1089/7328 1130/7326
f 1074/7329 1065/7330 1089/7328
f 1054/7331 1043/7332 1065/7330
f 1031/7333 1028/7334 1043/7332
f 991/7280 985/7282 983/7278
f 983/7278 985/7282 973/7276
f 973/7276 985/7282 966/7274
f 985/7282 975/7284 966/7274
f 966/7274 975/7284 954/7272
f 954/7272 975/7284 944/7270
f 944/7270 975/7284 937/7268
f 937/7268 975/7284 927/7266
f 927/7266 975/7284 921/7264
f 921/7264 975/7284 915/7262
f 915/7262 975/7284 911/7260
f 911/7260 975/7284 905/7258
f 975/7284 964/7286 905/7258
f 905/7258 964/7286 894/7256
f 964/7286 948/7288 894/7256
f 894/7256 948/7288 882/7254
f 882/7254 948/7288 875/7252
f 948/7288 930/7290 875/7252
f 930/7290 929/7291 875/7252
f 875/7252 929/7291 1028/7334
f 929/7291 950/7292 1028/7334
f 1028/7334 950/7292 1043/7332
f 950/7292 1008/7294 1043/7332
f 1043/7332 1008/7294 1065/7330
f 1008/7294 1024/7296 1065/7330
f 1065/7330 1024/7296 1089/7328
f 1089/7328 1024/7296 1130/7326
f 1024/7296 1049/7298 1130/7326
f 1130/7326 1049/7298 1165/7324
f 1165/7324 1049/7298 1180/7322
f 1049/7298 1068/7300 1180/7322
f 1068/7300 1087/7302 1180/7322
f 1180/7322 1087/7302 1196/7320
f 1087/7302 1121/7304 1196/7320
f 1121/7304 1160/7306 1196/7320
f 1160/7306 1170/7308 1196/7320
f 1170/7308 1186/7310 1196/7320
f 1186/7310 1198/7312 1196/7320
f 1196/7320 1198/7312 1207/7318
f 1210/7314 1218/7316 1198/7312
f 1198/7312 1218/7316 1207/7318
f 2713/7368 2717/7369 2714/7367
f 2714/7367 2717/7369 2723/7366
f 2717/7369 2726/7370 2723/7366
f 2723/7366 2726/7370 2737/7365
f 2726/7370 2729/7371 2737/7365
f 2737/7365 2729/7371 2750/7364
f 2729/7371 2739/7372 2750/7364
f 2739/7372 2746/7373 2750/7364
f 2750/7364 2746/7373 2760/7363
f 2746/7373 2754/7374 2760/7363
f 2760/7363 2754/7374 2770/7362
f 2754/7374 2758/7375 2770/7362
f 2770/7362 2758/7375 2782/7361
f 2758/7375 2764/7376 2782/7361
f 2782/7361 2764/7376 2804/7360
f 2804/7360 2764/7376 2831/7359
f 2764/7376 2768/7377 2831/7359
f 2831/7359 2768/7377 2849/7358
f 2768/7377 2776/7378 2849/7358
f 2849/7358 2776/7378 2856/7357
f 2776/7378 2778/7379 2856/7357
f 2856/7357 2778/7379 2860/7356
f 2778/7379 2794/7380 2860/7356
f 2623/7417 2643/7418 2624/7416
f 2624/7416 2643/7418 2634/7415
f 2634/7415 2643/7418 2636/7414
f 2636/7414 2643/7418 2641/7413
f 2641/7413 2643/7418 2648/7412
f 2706/7419 2695/7420 2643/7418
f 2860/7356 2794/7380 2865/7355
f 2794/7380 2800/7381 2865/7355
f 2800/7381 2806/7382 2865/7355
f 2865/7355 2806/7382 2869/7354
f 2806/7382 2810/7383 2869/7354
f 2869/7354 2810/7383 2886/7466
f 2810/7383 2818/7384 2886/7466
f 2886/7466 2818/7384 2892/7465
f 2818/7384 2822/7385 2892/7465
f 2892/7465 2822/7385 2898/7464
f 2822/7385 2827/7386 2898/7464
f 2898/7464 2827/7386 2904/7463
f 2827/7386 2833/7387 2904/7463
f 2904/7463 2833/7387 2912/7462
f 2833/7387 2839/7388 2912/7462
f 2912/7462 2839/7388 2918/7461
f 2839/7388 2841/7389 2918/7461
f 2918/7461 2841/7389 2922/7460
f 2841/7389 2837/7390 2922/7460
f 2922/7460 2837/7390 2928/7459
f 2928/7459 2837/7390 2926/7458
f 2837/7390 2829/7391 2926/7458
f 2926/7458 2829/7391 2920/7457
f 2829/7391 2825/7392 2920/7457
f 2920/7457 2825/7392 2916/7456
f 2916/7456 2825/7392 2910/7455
f 2825/7392 2820/7393 2910/7455
f 2910/7455 2820/7393 2902/7454
f 2820/7393 2812/7394 2902/7454
f 2902/7454 2812/7394 2896/7453
f 2812/7394 2808/7395 2896/7453
f 2896/7453 2808/7395 2890/7452
f 2808/7395 2802/7396 2890/7452
f 2890/7452 2802/7396 2878/7451
f 2802/7396 2796/7397 2878/7451
f 2878/7451 2796/7397 2867/7450
f 2796/7397 2780/7398 2867/7450
f 2867/7450 2780/7398 2863/7449
f 2863/7449 2780/7398 2858/7448
f 2780/7398 2774/7399 2858/7448
f 2858/7448 2774/7399 2854/7447
f 2854/7447 2774/7399 2843/7446
f 2774/7399 2766/7400 2843/7446
f 2843/7446 2766/7400 2815/7445
f 2766/7400 2756/7401 2815/7445
f 2815/7445 2756/7401 2792/7444
f 2792/7444 2756/7401 2772/7443
f 2756/7401 2744/7402 2772/7443
f 2772/7443 2744/7402 2762/7442
f 2744/7402 2733/7403 2762/7442
f 2762/7442 2733/7403 2748/7441
f 2733/7403 2721/7404 2748/7441
f 2748/7441 2721/7404 2735/7440
f 2721/7404 2710/7405 2735/7440
f 2735/7440 2710/7405 2719/7439
f 2710/7405 2704/7406 2719/7439
f 2719/7439 2704/7406 2708/7438
f 2708/7438 2704/7406 2702/7437
f 2704/7406 2699/7407 2702/7437
f 2702/7437 2699/7407 2697/7436
f 2699/7407 2684/7408 2697/7436
f 2697/7436 2684/7408 2687/7435
f 2684/7408 2670/7409 2687/7435
f 2687/7435 2670/7409 2674/7434
f 2670/7409 2656/7410 2674/7434
f 2674/7434 2656/7410 2664/7433
f 2664/7433 2656/7410 2659/7432
f 2656/7410 2654/7411 2659/7432
f 2654/7411 2648/7412 2659/7432
f 2648/7412 2643/7418 2659/7432
f 2659/7432 2643/7418 2660/7431
f 2660/7431 2643/7418 2662/7430
f 2662/7430 2643/7418 2666/7429
f 2666/7429 2643/7418 2668/7428
f 2668/7428 2643/7418 2672/7427
f 2672/7427 2643/7418 2676/7426
f 2676/7426 2643/7418 2678/7425
f 2678/7425 2643/7418 2680/7424
f 2680/7424 2643/7418 2689/7423
f 2689/7423 2643/7418 2691/7422
f 2691/7422 2643/7418 2693/7421
f 2643/7418 2695/7420 2693/7421
f 840/7572 800/7573 853/7571
f 1030/7480 1029/7481 1047/7479
f 1029/7481 1032/7482 1047/7479
f 1032/7482 1044/7483 1047/7479
f 1047/7479 1044/7483 1064/7478
f 1044/7483 1055/7484 1064/7478
f 1064/7478 1055/7484 1083/7477
f 1055/7484 1066/7485 1083/7477
f 1083/7477 1066/7485 1120/7476
f 1066/7485 1075/7486 1120/7476
f 1120/7476 1075/7486 1164/7475
f 1075/7486 1090/7487 1164/7475
f 1164/7475 1090/7487 1177/7474
f 1090/7487 1110/7488 1177/7474
f 1177/7474 1110/7488 1195/7473
f 1110/7488 1131/7489 1195/7473
f 1195/7473 1131/7489 1215/7472
f 1131/7489 1154/7490 1215/7472
f 1215/7472 1154/7490 1223/7471
f 1154/7490 1166/7491 1223/7471
f 1223/7471 1166/7491 1227/7470
f 1166/7491 1173/7492 1227/7470
f 1227/7470 1173/7492 1231/7469
f 1173/7492 1181/7493 1231/7469
f 1231/7469 1181/7493 1243/7468
f 1181/7493 1189/7494 1243/7468
f 1243/7468 1189/7494 1257/7467
f 1189/7494 1197/7495 1257/7467
f 1257/7467 1197/7495 1265/7656
f 1197/7495 1201/7496 1265/7656
f 951/7523 932/7524 994/7522
f 932/7524 931/7525 994/7522
f 994/7522 931/7525 1009/7521
f 931/7525 940/7526 1009/7521
f 1009/7521 940/7526 1017/7520
f 940/7526 949/7527 1017/7520
f 1265/7656 1201/7496 1273/7655
f 1017/7520 949/7527 1025/7519
f 1201/7496 1208/7497 1273/7655
f 1273/7655 1208/7497 1281/7654
f 949/7527 957/7528 1025/7519
f 853/7571 800/7573 855/7570
f 800/7573 798/7574 855/7570
f 798/7574 797/7575 855/7570
f 855/7570 797/7575 857/7569
f 797/7575 802/7576 857/7569
f 802/7576 804/7577 857/7569
f 857/7569 804/7577 859/7568
f 804/7577 806/7578 859/7568
f 859/7568 806/7578 863/7567
f 806/7578 808/7579 863/7567
f 808/7579 810/7580 863/7567
f 863/7567 810/7580 866/7566
f 810/7580 812/7581 866/7566
f 812/7581 814/7582 866/7566
f 866/7566 814/7582 872/7565
f 814/7582 816/7583 872/7565
f 872/7565 816/7583 874/7564
f 816/7583 818/7584 874/7564
f 818/7584 820/7585 874/7564
f 874/7564 820/7585 876/7563
f 820/7585 828/7586 876/7563
f 828/7586 832/7587 876/7563
f 876/7563 832/7587 881/7562
f 832/7587 838/7588 881/7562
f 881/7562 838/7588 883/7561
f 838/7588 842/7589 883/7561
f 883/7561 842/7589 891/7560
f 842/7589 844/7590 891/7560
f 844/7590 846/7591 891/7560
f 891/7560 846/7591 895/7559
f 895/7559 846/7591 900/7558
f 846/7591 848/7592 900/7558
f 900/7558 848/7592 906/7557
f 848/7592 851/7593 906/7557
f 906/7557 851/7593 908/7556
f 851/7593 868/7594 908/7556
f 908/7556 868/7594 912/7555
f 868/7594 878/7595 912/7555
f 912/7555 878/7595 914/7554
f 914/7554 878/7595 916/7553
f 878/7595 889/7596 916/7553
f 916/7553 889/7596 920/7552
f 889/7596 904/7597 920/7552
f 920/7552 904/7597 922/7551
f 904/7597 910/7598 922/7551
f 922/7551 910/7598 926/7550
f 910/7598 918/7599 926/7550
f 926/7550 918/7599 928/7549
f 918/7599 924/7600 928/7549
f 924/7600 936/7601 928/7549
f 928/7549 936/7601 934/7548
f 936/7601 947/7602 934/7548
f 934/7548 947/7602 938/7547
f 947/7602 963/7603 938/7547
f 938/7547 963/7603 942/7546
f 963/7603 978/7604 942/7546
f 978/7604 996/7605 942/7546
f 942/7546 996/7605 945/7545
f 996/7605 1014/7606 945/7545
f 1014/7606 1023/7607 945/7545
f 945/7545 1023/7607 953/7544
f 1023/7607 1042/7608 953/7544
f 953/7544 1042/7608 955/7543
f 1042/7608 1058/7609 955/7543
f 1058/7609 1071/7610 955/7543
f 955/7543 1071/7610 961/7542
f 1071/7610 1080/7611 961/7542
f 961/7542 1080/7611 967/7541
f 1080/7611 1086/7612 967/7541
f 1086/7612 1103/7613 967/7541
f 1103/7613 1113/7614 967/7541
f 967/7541 1113/7614 971/7540
f 1113/7614 1124/7615 971/7540
f 1124/7615 1133/7616 971/7540
f 1133/7616 1138/7617 971/7540
f 971/7540 1138/7617 974/7539
f 1138/7617 1145/7618 974/7539
f 1145/7618 1150/7619 974/7539
f 974/7539 1150/7619 980/7538
f 1150/7619 1147/7620 980/7538
f 1147/7620 1141/7621 980/7538
f 980/7538 1141/7621 984/7537
f 1141/7621 1135/7622 984/7537
f 1135/7622 1128/7623 984/7537
f 984/7537 1128/7623 988/7536
f 1128/7623 1118/7624 988/7536
f 1118/7624 1108/7625 988/7536
f 988/7536 1108/7625 992/7535
f 1108/7625 1097/7626 992/7535
f 1097/7626 1095/7627 992/7535
f 992/7535 1095/7627 990/7534
f 990/7534 1095/7627 986/7533
f 1025/7519 957/7528 1036/7518
f 1281/7654 1208/7497 1287/7653
f 1208/7497 1213/7498 1287/7653
f 1287/7653 1213/7498 1291/7652
f 1213/7498 1219/7499 1291/7652
f 1291/7652 1219/7499 1297/7651
f 986/7533 1095/7627 982/7532
f 1297/7651 1219/7499 1303/7650
f 1219/7499 1217/7500 1303/7650
f 1303/7650 1217/7500 1311/7649
f 1311/7649 1217/7500 1315/7648
f 1217/7500 1211/7501 1315/7648
f 1315/7648 1211/7501 1313/7647
f 1313/7647 1211/7501 1309/7646
f 1211/7501 1203/7502 1309/7646
f 1309/7646 1203/7502 1301/7645
f 1301/7645 1203/7502 1293/7644
f 1293/7644 1203/7502 1289/7643
f 1203/7502 1199/7503 1289/7643
f 1289/7643 1199/7503 1283/7642
f 1283/7642 1199/7503 1277/7641
f 1199/7503 1193/7504 1277/7641
f 1277/7641 1193/7504 1269/7640
f 1193/7504 1187/7505 1269/7640
f 1269/7640 1187/7505 1261/7639
f 1261/7639 1187/7505 1251/7638
f 1251/7638 1187/7505 1233/7637
f 1187/7505 1179/7506 1233/7637
f 1233/7637 1179/7506 1229/7636
f 1229/7636 1179/7506 1225/7635
f 1179/7506 1171/7507 1225/7635
f 1225/7635 1171/7507 1221/7634
f 1221/7634 1171/7507 1205/7633
f 1171/7507 1168/7508 1205/7633
f 1205/7633 1168/7508 1191/7632
f 1191/7632 1168/7508 1175/7631
f 1168/7508 1161/7509 1175/7631
f 1175/7631 1161/7509 1157/7630
f 1161/7509 1143/7510 1157/7630
f 1157/7630 1143/7510 1115/7629
f 1115/7629 1143/7510 1094/7628
f 1143/7510 1122/7511 1094/7628
f 1122/7511 1106/7512 1094/7628
f 1106/7512 1088/7513 1094/7628
f 1088/7513 1077/7514 1094/7628
f 957/7528 965/7529 1036/7518
f 1036/7518 965/7529 1050/7517
f 965/7529 969/7530 1050/7517
f 1050/7517 969/7530 1061/7516
f 1077/7514 1069/7515 1094/7628
f 982/7532 1095/7627 976/7531
f 969/7530 976/7531 1061/7516
f 1061/7516 976/7531 1069/7515
f 1069/7515 976/7531 1094/7628
f 976/7531 1095/7627 1094/7628
f 1411/5654 3106/5653 1412/7681
f 3106/5653 1447/7682 1412/7681
f 1447/7682 1441/7683 1412/7681
f 1441/7683 1437/7684 1412/7681
f 3771/5828 3769/5827 2629/7738
f 3769/5827 2929/7739 2629/7738
f 2929/7739 2913/7740 2629/7738
f 2913/7740 2899/7741 2629/7738
f 2299/6050 3721/6049 2300/7776
f 3721/6049 2344/7777 2300/7776
f 2344/7777 2339/7778 2300/7776
f 2339/7778 2333/7779 2300/7776
f 1437/7684 1433/7685 1412/7681
f 2899/7741 2893/7742 2629/7738
f 2333/7779 2328/7780 2300/7776
f 1433/7685 1429/7686 1412/7681
f 2893/7742 2887/7743 2629/7738
f 2328/7780 2323/7781 2300/7776
f 1429/7686 1423/7687 1412/7681
f 3734/5942 2630/5941 2570/7737
f 2887/7743 2883/7744 2629/7738
f 3693/5775 2208/5774 2156/7775
f 2323/7781 2316/7782 2300/7776
f 2570/7737 2630/5941 2563/7736
f 2883/7744 2879/7745 2629/7738
f 2156/7775 2208/5774 2146/7774
f 1423/7687 1421/7688 1412/7681
f 2316/7782 2314/7783 2300/7776
f 3724/6026 2644/6025 2411/7804
f 2563/7736 2630/5941 2557/7735
f 2879/7745 2871/7746 2629/7738
f 2146/7774 2208/5774 2142/7773
f 1421/7688 1415/7689 1412/7681
f 2314/7783 2308/7784 2300/7776
f 2411/7804 2644/6025 2407/7803
f 2142/7773 2208/5774 2134/7772
f 2407/7803 2644/6025 2403/7802
f 2557/7735 2630/5941 2546/7734
f 2871/7746 2874/7747 2629/7738
f 1415/7689 1418/7690 1412/7681
f 2308/7784 2311/7785 2300/7776
f 2403/7802 2644/6025 2396/7801
f 2546/7734 2630/5941 2541/7733
f 2134/7772 2208/5774 2129/7771
f 1418/7690 1420/7691 1412/7681
f 2874/7747 2876/6479 2629/7738
f 2876/6479 1787/6512 2629/7738
f 2629/7738 1787/6512 2630/5941
f 2311/7785 2313/7786 2300/7776
f 3732/6259 1394/7679 2852/6260
f 2852/6260 1394/7679 1376/7678
f 1376/7678 1394/7679 1373/7677
f 1373/7677 1394/7679 1381/7676
f 1381/7676 1394/7679 1385/7675
f 1385/7675 1394/7679 1392/7674
f 497/6582 2446/6581 431/7710
f 2446/6581 2445/7711 431/7710
f 431/7710 2445/7711 432/7709
f 2579/7712 2608/5969 2445/7711
f 2445/7711 2608/5969 432/7709
f 2608/5969 509/5968 432/7709
f 509/5968 508/7713 432/7709
f 508/7713 2523/7714 432/7709
f 2523/7714 2519/7715 432/7709
f 2519/7715 2515/7716 432/7709
f 2515/7716 2511/7717 432/7709
f 2511/7717 2507/7718 432/7709
f 1783/7749 1797/6507 1784/7748
f 241/7750 3700/5802 242/6506
f 2396/7801 2644/6025 2394/7800
f 1609/7805 601/6290 2644/6025
f 1392/7674 1394/7679 1388/7673
f 2507/7718 2503/7719 432/7709
f 2129/7771 2208/5774 2124/7770
f 2394/7800 2644/6025 2388/7799
f 2541/7733 2630/5941 2534/7732
f 2652/6289 1304/7657 601/6290
f 1420/7691 1425/7692 1412/7681
f 2313/7786 2319/7787 2300/7776
f 2503/7719 2499/7720 432/7709
f 432/7709 2499/7720 1847/7708
f 2388/7799 2644/6025 2382/7798
f 1388/7673 1394/7679 1384/7672
f 1847/7708 2499/7720 1606/5627
f 2499/7720 2497/7721 1606/5627
f 2497/7721 498/7722 1606/5627
f 498/7722 500/7723 1606/5627
f 500/7723 2502/7724 1606/5627
f 2502/7724 2506/7725 1606/5627
f 2506/7725 2510/7726 1606/5627
f 2510/7726 2514/7727 1606/5627
f 2514/7727 2518/7728 1606/5627
f 2518/7728 2522/7729 1606/5627
f 1304/7657 1307/7658 601/6290
f 2534/7732 2630/5941 2532/7731
f 2124/7770 2208/5774 2121/7769
f 1425/7692 1428/7693 1412/7681
f 2319/7787 2322/7788 2300/7776
f 2522/7729 2530/7730 1606/5627
f 2382/7798 2644/6025 2378/7797
f 1307/7658 1319/7659 601/6290
f 1384/7672 1394/7679 1380/7671
f 2530/7730 2532/7731 1606/5627
f 2532/7731 2630/5941 1606/5627
f 2630/5941 1787/6512 1606/5627
f 1787/6512 1784/7748 1606/5627
f 1784/7748 1797/6507 1606/5627
f 1797/6507 242/6506 1606/5627
f 2121/7769 2208/5774 2119/7768
f 2322/7788 2326/7789 2300/7776
f 2378/7797 2644/6025 2370/7796
f 1428/7693 1432/7694 1412/7681
f 1319/7659 1325/7660 601/6290
f 3700/5802 310/5801 242/6506
f 310/5801 309/7751 242/6506
f 309/7751 2116/7752 242/6506
f 3186/5628 1606/5627 1498/7707
f 2370/7796 2644/6025 2362/7795
f 1606/5627 242/6506 1498/7707
f 1498/7707 242/6506 1490/7706
f 1490/7706 242/6506 1487/7705
f 242/6506 2116/7752 1487/7705
f 2116/7752 2112/7753 1487/7705
f 2112/7753 2107/7754 1487/7705
f 2107/7754 2102/7755 1487/7705
f 2102/7755 2097/7756 1487/7705
f 2097/7756 2091/7757 1487/7705
f 1487/7705 2091/7757 1479/7704
f 2091/7757 2089/7758 1479/7704
f 1479/7704 2089/7758 1475/7703
f 2089/7758 2082/7759 1475/7703
f 1380/7671 1394/7679 1372/7670
f 1394/7679 1393/7680 1372/7670
f 1372/7670 1393/7680 1369/7669
f 1369/7669 1393/7680 1365/7668
f 1365/7668 1393/7680 1361/7667
f 1361/7667 1393/7680 1357/7666
f 1357/7666 1393/7680 1351/7665
f 1351/7665 1393/7680 1347/7664
f 1347/7664 1393/7680 1341/7663
f 1341/7663 1393/7680 1337/7662
f 1337/7662 1393/7680 1332/7661
f 1332/7661 1393/7680 1325/7660
f 1325/7660 1393/7680 601/6290
f 601/6290 1393/7680 2644/6025
f 1393/7680 1412/7681 2644/6025
f 1432/7694 1436/7695 1412/7681
f 2119/7768 2208/5774 2115/7767
f 2326/7789 2332/7790 2300/7776
f 1475/7703 2082/7759 1471/7702
f 2082/7759 2085/7760 1471/7702
f 2362/7795 2644/6025 2352/7794
f 1436/7695 1440/7696 1412/7681
f 1412/7681 1440/7696 2644/6025
f 1440/7696 1444/7697 2644/6025
f 1444/7697 1450/7698 2644/6025
f 1450/7698 1452/7699 2644/6025
f 1452/7699 1459/7700 2644/6025
f 1459/7700 1464/7701 2644/6025
f 1464/7701 1471/7702 2644/6025
f 2115/7767 2208/5774 2110/7766
f 2332/7790 2337/7791 2300/7776
f 2085/7760 2088/7761 1471/7702
f 2352/7794 2644/6025 2348/7793
f 2110/7766 2208/5774 2105/7765
f 2337/7791 2342/7792 2300/7776
f 2088/7761 2093/7762 1471/7702
f 2348/7793 2644/6025 2342/7792
f 2342/7792 2644/6025 2300/7776
f 2105/7765 2208/5774 2101/7764
f 2093/7762 2096/7763 1471/7702
f 2101/7764 2208/5774 2096/7763
f 2096/7763 2208/5774 1471/7702
f 1471/7702 2208/5774 2644/6025
f 2208/5774 2300/7776 2644/6025
f 3874/6321 3543/7911 3873/6293
f 3873/6293 3543/7911 3580/7910
f 3580/7910 3543/7911 3577/7909
f 3577/7909 3543/7911 3583/7908
f 3583/7908 3543/7911 3587/7907
f 3845/6742 3849/7849 3844/6706
f 3844/6706 3849/7849 3358/7848
f 3358/7848 3849/7849 3355/7847
f 3355/7847 3849/7849 3361/7846
f 3361/7846 3849/7849 3367/7845
f 3850/6736 3437/7828 3439/4236
f 3367/7845 3849/7849 3371/7844
f 3587/7907 3543/7911 3591/7906
f 3437/7828 3433/7829 3439/4236
f 3823/6219 3288/7850 3848/6220
f 3371/7844 3849/7849 3375/7843
f 3591/7906 3543/7911 3595/7905
f 3856/6348 3517/7912 3542/6349
f 3433/7829 3429/7830 3439/4236
f 3288/7850 3291/7851 3848/6220
f 3517/7912 3520/7913 3542/6349
f 3429/7830 3425/7831 3439/4236
f 3375/7843 3849/7849 3379/7842
f 3595/7905 3543/7911 3599/7904
f 3425/7831 3421/7832 3439/4236
f 3291/7851 3296/7852 3848/6220
f 3520/7913 3522/7914 3542/6349
f 3379/7842 3849/7849 3390/7841
f 3599/7904 3543/7911 3608/7903
f 3421/7832 3417/7833 3439/4236
f 3296/7852 3298/7853 3848/6220
f 3522/7914 3524/7915 3542/6349
f 3417/7833 3413/7834 3439/4236
f 3390/7841 3849/7849 3387/7840
f 3608/7903 3543/7911 3605/7902
f 3413/7834 3409/7835 3439/4236
f 3298/7853 3292/7854 3848/6220
f 3524/7915 3872/7916 3542/6349
f 3387/7840 3849/7849 3393/7839
f 3605/7902 3543/7911 3611/7901
f 2454/6774 2453/7932 2597/6775
f 3880/6656 401/6655 3881/7933
f 401/6655 402/7806 3881/7933
f 402/7806 2233/7807 3881/7933
f 2233/7807 2235/7808 3881/7933
f 2235/7808 2237/7809 3881/7933
f 2237/7809 2239/7810 3881/7933
f 3409/7835 3405/7836 3439/4236
f 764/7875 763/7876 3820/6222
f 3040/6501 3037/6500 3041/7878
f 3037/6500 3036/7879 3041/7878
f 3041/7878 3036/7879 772/7877
f 3036/7879 822/7880 772/7877
f 2552/7931 2597/6775 2553/7930
f 2597/6775 2453/7932 2553/7930
f 2239/7810 2241/7811 3881/7933
f 3292/7854 3286/7855 3848/6220
f 3872/7916 3515/7917 3542/6349
f 3405/7836 3399/7837 3439/4236
f 3393/7839 3849/7849 3397/7838
f 3611/7901 3543/7911 3615/7900
f 420/6626 3119/3842 421/7827
f 3399/7837 3397/7838 3439/4236
f 3397/7838 3849/7849 3439/4236
f 3849/7849 3848/6220 3439/4236
f 3286/7855 3283/7856 3848/6220
f 2241/7811 2242/7812 3881/7933
f 421/7827 3119/3842 2268/7826
f 3515/7917 3513/7918 3542/6349
f 3615/7900 3543/7911 3617/7899
f 2268/7826 3119/3842 2275/7825
f 3283/7856 3275/7857 3848/6220
f 822/7880 821/7881 772/7877
f 772/7877 821/7881 763/7876
f 763/7876 821/7881 3820/6222
f 3820/6222 821/7881 3895/6193
f 3895/6193 821/7881 3832/7874
f 3832/7874 821/7881 3831/7873
f 3831/7873 821/7881 3833/7872
f 3833/7872 821/7881 3834/7871
f 3834/7871 821/7881 3835/7870
f 3835/7870 821/7881 3837/7869
f 821/7881 885/7882 3837/7869
f 885/7882 884/7883 3837/7869
f 3837/7869 884/7883 3836/7868
f 3836/7868 884/7883 3838/7867
f 3838/7867 884/7883 3840/7866
f 884/7883 3441/6318 3840/7866
f 3840/7866 3441/6318 3839/7865
f 3839/7865 3441/6318 1040/7864
f 1040/7864 3441/6318 1038/7863
f 1038/7863 3441/6318 1052/7862
f 1052/7862 3441/6318 3262/7861
f 3262/7861 3441/6318 3259/7860
f 3259/7860 3441/6318 3267/7859
f 3267/7859 3441/6318 3278/7858
f 3278/7858 3441/6318 3275/7857
f 3275/7857 3441/6318 3848/6220
f 3848/6220 3441/6318 3439/4236
f 3441/6318 3877/6317 3439/4236
f 3877/6317 3633/7884 3439/4236
f 3633/7884 3636/7885 3439/4236
f 3636/7885 3640/7886 3439/4236
f 3640/7886 3644/7887 3439/4236
f 3644/7887 3648/7888 3439/4236
f 3648/7888 3652/7889 3439/4236
f 3652/7889 3653/7890 3439/4236
f 3513/7918 3509/7919 3542/6349
f 2242/7812 2245/7813 3881/7933
f 3617/7899 3543/7911 1527/7898
f 3653/7890 3649/7891 3439/4236
f 3509/7919 3505/7920 3542/6349
f 2245/7813 2247/7814 3881/7933
f 1527/7898 3543/7911 1525/7897
f 3864/6743 2560/6780 3866/7929
f 2453/7932 3881/7933 2553/7930
f 3649/7891 3645/7892 3439/4236
f 1525/7897 3543/7911 1534/7896
f 3505/7920 3501/7921 3542/6349
f 2247/7814 2249/7815 3881/7933
f 3866/7929 2560/6780 3867/7928
f 3645/7892 3641/7893 3439/4236
f 1534/7896 3543/7911 3631/7895
f 3501/7921 3495/7922 3542/6349
f 2249/7815 2255/7816 3881/7933
f 3867/7928 2560/6780 3901/7927
f 3641/7893 3637/7894 3439/4236
f 3631/7895 3543/7911 3637/7894
f 3637/7894 3543/7911 3439/4236
f 3439/4236 3543/7911 3119/3842
f 3543/7911 3542/6349 3119/3842
f 3542/6349 3495/7922 3119/3842
f 3495/7922 3498/7923 3119/3842
f 3498/7923 3902/7924 3119/3842
f 3902/7924 3869/7925 3119/3842
f 3869/7925 3871/7926 3119/3842
f 3871/7926 3901/7927 3119/3842
f 2255/7816 2259/7817 3881/7933
f 3881/7933 2259/7817 2553/7930
f 2259/7817 2261/7818 2553/7930
f 2261/7818 2263/7819 2553/7930
f 2263/7819 2273/7820 2553/7930
f 2273/7820 2279/7821 2553/7930
f 2279/7821 2282/7822 2553/7930
f 2282/7822 423/7823 2553/7930
f 423/7823 425/7824 2553/7930
f 425/7824 2275/7825 2553/7930
f 2275/7825 3119/3842 2553/7930
f 2553/7930 3119/3842 2560/6780
f 3119/3842 3901/7927 2560/6780
