# File exported by ZBrush version 2023
# www.zbrush.com
#Vertex Count 3572
#UV Vertex Count 4848
#Face Count 7226
#Auto scale x=0.171560 y=0.171560 z=0.171560
#Auto offset x=0.956139 y=2.029162 z=-3.538957
mtllib servo_compartment_right.mtl
usemtl defaultMat
v -6.5674079 -13.48908205 20.20878688
v -6.5674079 -13.32894577 19.98498799
v -6.5674079 -13.7641932 20.17223612
v -6.5674079 -13.92826653 20.35823906
v -6.5674079 -13.92950893 20.45320767
v -6.5674079 -13.76000184 20.45320767
v -6.5674079 -13.76000184 20.66364172
v -6.5674079 -13.48908205 20.66364172
v -6.5674079 -13.74549465 20.23033016
v -6.5674079 -13.74531816 20.23172265
v -6.5674079 -13.74531816 20.24804757
v -6.5674079 -13.74736381 20.26424464
v -6.5674079 -13.75142455 20.28005815
v -6.5674079 -13.75743365 20.29523656
v -6.5674079 -13.76529941 20.30954224
v -6.5674079 -13.77489536 20.32275004
v -6.5674079 -13.78607002 20.33465291
v -6.5674079 -13.79864967 20.34505628
v -6.5674079 -13.81243281 20.35380589
v -6.5674079 -13.82720543 20.36075583
v -6.5674079 -13.84273127 20.36580187
v -6.5674079 -13.85876852 20.36886062
v -6.5674079 -13.87506148 20.36988483
v -6.5674079 -13.89135444 20.36886062
v -6.5674079 -13.9073903 20.36580187
v -6.5674079 -13.92291753 20.36075583
v -4.70244807 -14.85230274 20.33278097
v -4.70244807 -14.86488239 20.34318712
v -6.5674079 -14.85230274 20.33278097
v -6.5674079 -8.52239418 15.28857577
v -6.5674079 -8.24501433 15.28857577
v -6.5674079 -8.24501433 14.80168117
v -6.5674079 -8.52239418 14.80168117
v -6.5674079 -13.32894577 20.2087841
v -4.57900638 -8.5223921 14.80167839
v -6.5674079 -8.94930266 14.80167978
v -4.70244807 -13.9342131 20.12432864
v -6.5674079 -13.93062903 20.12264293
v -6.5674079 -13.93768876 20.12596572
v -6.5674079 -13.92291753 20.11901439
v -6.5674079 -11.28031527 16.15874266
v -6.5674079 -11.28031527 19.35679323
v -6.5674079 -10.69346925 19.35679323
v -6.5674079 -10.69346925 16.15874266
v -6.56740651 -13.38870747 20.66363338
v -4.70244807 -15.096094 20.66363894
v -5.42199714 -15.096094 20.66363894
v -4.70244807 -15.43734145 20.66363894
v -4.70244807 -13.8629307 20.36912188
v -4.57900638 -10.69346925 15.26150144
v -4.57900638 -10.69346925 14.79923805
v -4.57900638 -9.5542698 14.80167978
v -4.57900638 -9.5542698 15.26150144
v -6.5674079 -12.95686066 20.58541912
v -4.57900638 -8.94930266 14.80167978
v -4.70244807 -17.34159706 24.71368177
v -6.5674079 -17.34159567 24.71368177
v -4.70244807 -17.34159706 20.91506944
v -6.5674079 -12.95358234 20.57714062
v -4.70244807 -13.93768876 20.12596572
v -4.70244807 -13.92291753 20.11901439
v -4.70244807 -13.97522761 20.15702157
v -4.70244807 -13.96405295 20.1451187
v -6.5674079 -13.96405295 20.1451187
v -6.5674079 -13.9670575 20.14831921
v -6.5674079 -13.97418393 20.15590841
v -6.5674079 -13.97522761 20.15702157
v -6.5674079 -12.95955948 20.59593227
v -6.5674079 -7.62120758 15.28857577
v -6.5674079 -7.62120758 14.80167978
v -6.5674079 -12.96284058 20.6347566
v -6.5674079 -12.96118544 20.64785462
v -4.70244807 -14.90788141 20.11245218
v -4.70244807 -14.73896494 20.11245218
v -4.70244807 -14.87924088 20.12382557
v -4.70244807 -14.89343815 20.11714384
v -4.70244807 -13.99869842 20.19971346
v -4.70244807 -13.99268792 20.18453505
v -6.5674079 -13.99268792 20.18453505
v -6.5674079 -13.99286441 20.18497837
v -6.5674079 -13.99725729 20.19607242
v -6.5674079 -13.99869842 20.19971346
v -4.70244807 -13.95147329 20.13471256
v -6.5674079 -13.95147329 20.13471256
v -6.5674079 -13.9639376 20.1450242
v -4.70244807 -13.98482494 20.17022798
v -6.5674079 -13.98082953 20.16473029
v -6.5674079 -13.98482355 20.17022798
v -6.5674079 -13.94088509 20.1279947
v -4.70244807 -14.00275776 20.21552558
v -6.5674079 -14.00275776 20.21552558
v -6.5674079 -13.98717633 20.17450551
v -6.5674079 -12.94896433 20.68437481
v -6.5674079 -12.94319842 20.69486295
v -4.70244807 -13.9073903 20.11396975
v -6.5674079 -13.9073903 20.11396975
v -6.5674079 -13.90808933 20.11419766
v -6.5674079 -13.91960863 20.11793876
v -4.70244807 -14.0048048 20.23172265
v -6.5674079 -14.0048048 20.23172265
v -6.5674079 -12.92995032 20.71212036
v -6.5674079 -12.92400097 20.71845466
v -4.70244807 -14.0048048 20.24804757
v -6.5674072 -14.0048048 20.24804757
v -4.70244807 -14.00275776 20.26424464
v -6.5674072 -14.00275776 20.26424464
v -4.70244807 -13.89135444 20.11091099
v -4.70244807 -13.87506148 20.109884
v -6.5674079 -13.87506148 20.109884
v -6.5674079 -13.8844587 20.11047602
v -6.5674079 -13.89135444 20.11091099
v -6.5674079 -12.8936775 20.74053437
v -6.56740998 -13.38871025 20.85289659
v -6.5674079 -12.88613971 20.7440823
v -4.70244807 -13.87506148 20.36988483
v -4.70244807 -13.85876852 20.36886062
v -4.70244807 -13.82720543 20.11901439
v -4.70244807 -13.81243281 20.12596572
v -6.5674079 -13.81243281 20.12596572
v -6.5674079 -13.82720543 20.11901439
v -4.70244807 -13.85876852 20.11091099
v -6.5674079 -13.85876852 20.11091099
v -6.5674079 -13.86254436 20.11067196
v -6.5674079 -13.87318398 20.11000351
v -4.70244807 -13.79864967 20.13471256
v -6.5674079 -13.79864967 20.13471256
v -6.5674079 -8.6081775 16.16118716
v -6.5674079 -8.94930266 16.16118716
v -5.42240294 -8.6081775 16.16118716
v -4.70244807 -8.57403789 15.78332641
v -6.5674079 -8.57713069 15.77551485
v -6.5674079 -8.57112019 15.79069327
v -4.70244807 -13.48285476 20.66363894
v -4.70244807 -13.78607002 20.1451187
v -6.5674079 -13.78607002 20.1451187
v -4.70244807 -13.77489536 20.15702157
v -6.5674079 -13.77489536 20.15702157
v -4.70244807 -13.99869842 20.28005815
v -6.5674072 -13.99958505 20.2766075
v -6.5674072 -13.99946137 20.27708695
v -6.5674072 -13.99869842 20.28005815
v -4.70244807 -13.84273127 20.11396975
v -6.5674079 -13.83558816 20.11629195
v -6.5674079 -13.83637752 20.11603347
v -6.5674079 -13.83973505 20.11494254
v -6.5674079 -13.84273127 20.11396975
v -4.70244807 -13.76529802 20.17022798
v -6.5674079 -13.76529802 20.17022798
v -4.70244807 -13.99268931 20.29523656
v -6.5674072 -13.99853999 20.28045561
v -6.5674072 -13.99668751 20.28513337
v -6.5674079 -13.9964721 20.28567953
v -6.5674079 -13.99344253 20.29332988
v -6.5674079 -13.99268792 20.29523656
v -4.70244807 -13.98482494 20.30954363
v -6.5674079 -13.98906495 20.30182935
v -6.5674079 -13.98482494 20.30954363
v -4.70244807 -13.9073903 20.36580187
v -4.70244807 -13.92291753 20.36075583
v -4.70244807 -13.89135444 20.36886062
v -4.70244807 -13.96405295 20.33465291
v -4.70244807 -13.975229 20.32275004
v -6.5674079 -13.97522761 20.32275004
v -6.5674079 -13.96845972 20.32995847
v -6.5674079 -13.96405295 20.33465291
v -4.70244807 -11.28031666 19.35679045
v -4.70244807 -11.28031666 16.15874266
v -4.57900638 -8.24501364 14.80167978
v -4.70244807 -16.12559947 22.58210991
v -4.70244807 -16.26019705 22.42640124
v -4.81319544 -16.26019705 22.42640124
v -4.70244807 -13.74531816 20.23172265
v -4.70244807 -13.74531816 20.24804757
v -6.5674079 -12.94814996 20.5653253
v -6.5674079 -12.95085017 20.57024071
v -4.70244807 -13.74736381 20.26424464
v -4.70244807 -13.95147329 20.34505628
v -6.5674079 -13.95920842 20.33865805
v -6.5674079 -13.95147329 20.34505628
v -6.5674079 -13.98351862 20.31134052
v -6.5674079 -13.97662704 20.3208239
v -4.70244807 -13.84273127 20.36580187
v -6.5674079 -7.62120758 15.47770279
v -6.5674079 -8.24501433 15.47770279
v -4.70244807 -13.75142455 20.28005815
v -4.70244807 -13.82720543 20.36075583
v -4.70244807 -13.75743365 20.29523656
v -4.70244807 -13.81243281 20.35380589
v -4.70244807 -13.76529941 20.30954224
v -6.56740998 -17.34159289 25.23723554
v -6.5674079 -15.43734145 24.71368177
v -6.5674079 -12.62981327 20.85289937
v -6.5674079 -12.80186353 20.85289937
v -6.5674079 -12.62981327 20.90254954
v -4.70244807 -13.79864967 20.34505628
v -4.70244807 -13.77489536 20.32275004
v -4.70244807 -13.78607002 20.33465291
v -6.5674079 -7.46105115 15.28857577
v -6.5674079 -7.46105115 14.80167978
v -4.70244807 -13.93768876 20.35380589
v -6.5674079 -13.93768876 20.35380589
v -4.70244807 -13.75743365 20.18453505
v -4.70244807 -13.75142455 20.19971346
v -6.5674079 -13.75142455 20.19971346
v -6.5674079 -13.7539566 20.19331524
v -6.5674079 -13.75743365 20.18453505
v -4.70244807 -12.80569913 20.4987582
v -6.5674079 -12.80089351 20.4996754
v -6.5674079 -12.81692938 20.49661665
v -6.5674079 -12.96184416 20.60854389
v -6.5674079 -12.96092 20.60123124
v -4.70244807 -8.94930266 16.16118716
v -6.5674079 -12.96296705 20.62156686
v -6.5674079 -12.96296705 20.61742831
v -4.70244807 -13.74736381 20.21552558
v -6.5674079 -13.74736381 20.21552558
v -6.5674079 -13.75001955 20.20518475
v -6.5674079 -12.96296705 20.63375323
v -6.5674079 -12.95817533 20.66064134
v -6.5674079 -12.96092 20.6499503
v -6.5674079 -12.95403816 20.67289441
v -6.5674079 -12.95686066 20.66576381
v -6.5674079 -13.949001 20.34662665
v -6.5674079 -13.93798894 20.3536155
v -4.70244807 -13.48908483 20.66364172
v -6.5674079 -12.95085017 20.68094222
v -4.60244905 -6.31382613 15.26150144
v -4.70244807 -6.31382613 15.26150144
v -4.70244807 -12.80569913 15.26150144
v -4.60244905 -12.80569913 15.26150144
v -4.70244807 -8.57713069 15.77551485
v -6.5674079 -13.75868439 20.18226148
v -4.70244807 -8.57112158 15.79069327
v -6.5674079 -12.93648751 20.70419346
v -6.5674079 -12.9429858 20.6952479
v -4.70244807 -13.51659831 20.66364172
v -5.79453808 -13.76000184 20.66364172
v -4.70244807 -13.76000184 20.66364172
v -6.5674079 -12.93338985 20.7084557
v -6.5674079 -12.91894382 20.72306294
v -6.5674079 -12.92221519 20.72035579
v -4.70244807 -17.04615029 22.56634781
v -4.70244807 -16.34706503 22.56634781
v -4.8131937 -16.34706503 22.56634781
v -4.8131937 -17.04615029 22.56634781
v -4.70244807 -12.80569913 20.75242334
v -6.5674079 -12.81692938 20.75456628
v -6.5674079 -12.80089351 20.75150752
v -4.70244807 -17.04615029 23.31709831
v -4.81319544 -17.04615029 23.31709831
v -4.81319544 -16.93322524 22.66665152
v -4.81319544 -16.93322524 23.21679878
v -6.5674079 -12.75681191 20.73076332
v -6.5674079 -12.75537356 20.72957512
v -4.70244807 -12.75681191 20.73076332
v -6.5674079 -12.74423226 20.72035579
v -6.5674079 -11.28031944 20.03544696
v -6.5674079 -11.06399997 20.03544696
v -4.81319544 -16.26019705 22.66665152
v -4.70244807 -13.38871164 20.85290354
v -4.70244807 -13.38871164 20.67539033
v -6.5674079 -12.90203938 20.73558423
v -6.5674079 -12.895851 20.73951155
v -6.5674079 -12.88098667 20.74649206
v -6.5674079 -12.88107978 20.74646288
v -6.5674079 -13.74710116 20.21760598
v -4.57900638 -8.94930266 15.26150144
v -6.5674079 -11.7764452 20.49805639
v -6.5674079 -11.65085155 20.40475127
v -6.5674079 -11.77775569 20.49813839
v -6.5674079 -11.77251788 20.49780902
v -6.5674079 -13.38870886 24.0854884
v -6.5674079 -11.75809825 20.49802026
v -6.5674079 -11.76606129 20.49752135
v -6.5674079 -11.73791271 20.50092475
v -6.5674079 -11.74837862 20.49892774
v -6.5674079 -11.70506831 20.51321118
v -6.5674079 -11.71593862 20.50809566
v -4.70244807 -16.93322524 22.66665152
v -4.70244807 -16.93322524 23.21679878
v -4.70244807 -16.34706503 22.16166845
v -4.8131937 -16.34706503 22.16166845
v -4.57900638 -7.62120619 14.80167978
v -6.5674079 -6.90067424 15.28857438
v -6.5674079 -6.90067424 14.80167978
v -4.70244807 -13.89943283 20.11245218
v -6.5674079 -13.89622815 20.11183932
v -6.56740651 -11.28031875 20.2087841
v -6.5674079 -11.66738771 20.54399464
v -6.5674079 -11.67648614 20.53430837
v -6.5674079 -11.66527674 20.54672681
v -6.5674079 -11.66300318 20.54985644
v -4.70244807 -16.26019705 22.66665152
v -4.70244807 -12.81692938 20.49661665
v -6.5674079 -11.78348408 20.75639791
v -6.5674079 -11.97935814 20.85066889
v -6.5674079 -11.78333538 20.75642571
v -4.70244807 -12.80089351 20.4996754
v -4.70244807 -15.88212923 22.70602061
v -4.70244807 -15.68081724 22.94172098
v -4.81319544 -15.68081724 22.94172098
v -4.70244807 -17.34159706 25.23723554
v -4.70244807 -17.34159706 24.74618709
v -6.5674079 -11.06400205 20.2087841
v -6.5674079 -11.65072648 20.56963062
v -6.5674079 -11.6572067 20.55784032
v -6.56740651 -15.43734145 25.23458675
v -6.5674079 -11.65085155 20.20878271
v -5.52038826 -11.65085155 20.2087841
v -4.70244807 -8.6081775 16.16118438
v -4.70244807 -13.32894577 20.2087841
v -6.5674079 -12.98694371 20.2087841
v -4.70244807 -12.98694371 20.2087841
v -4.70244807 -16.72103459 22.90591649
v -4.70244807 -16.69644229 22.90470328
v -4.81319544 -16.69644229 22.90470328
v -4.81319544 -16.72103459 22.90591649
v -4.70244807 -16.67276024 22.9033497
v -4.81319544 -16.67276024 22.9033497
v -4.70244807 -8.55365988 15.65247688
v -4.70244807 -8.54248453 15.64057541
v -6.5674079 -8.54248453 15.64057541
v -6.5674079 -8.55365988 15.65247688
v -4.70244807 -8.52990557 15.63017065
v -6.5674079 -8.52990557 15.63017065
v -4.70244807 -8.56325652 15.66568469
v -6.5674079 -8.56325513 15.66568469
v -4.70244807 -9.76476083 17.30559941
v -4.70244807 -9.89935771 17.14989075
v -4.81319544 -9.8993591 17.14989075
v -4.70244807 -8.57112019 15.67999036
v -6.5674079 -8.57112019 15.67999036
v -4.70244807 -12.81692938 20.75456628
v -4.70244807 -8.51612103 15.62142243
v -4.70244807 -8.50134981 15.6144711
v -6.5674079 -8.50134981 15.6144711
v -6.5674079 -8.51612103 15.62142243
v -4.70244807 -12.80089351 20.75150752
v -4.70244807 -8.57713069 15.69517016
v -6.5674079 -8.57713069 15.69517016
v -4.70244807 -16.64999957 22.90186966
v -4.81319544 -16.64999957 22.90186966
v -4.70244807 -8.48582258 15.60942645
v -6.5674079 -8.48582258 15.60942645
v -4.70244807 -16.72103459 23.02936443
v -4.81319544 -16.72103459 23.02936443
v -4.70244807 -8.58119003 15.71098228
v -6.5674079 -8.58119003 15.71098228
v -4.70244807 -12.74423226 20.72035579
v -4.70244807 -8.46978671 15.6063677
v -6.5674079 -8.46978671 15.6063677
v -6.5674079 -11.6395011 20.60229576
v -6.5674079 -11.06399927 20.85290354
v -6.5674079 -11.64244867 20.59081675
v -4.70244807 -8.58323707 15.72717935
v -6.5674079 -8.58323707 15.72717935
v -4.70244807 -16.62816584 22.90024787
v -4.81319544 -16.62816584 22.90024787
v -4.70244807 -8.45349306 15.60534209
v -6.5674079 -8.45349306 15.60534209
v -4.70244807 -13.85068875 20.11245218
v -6.5674079 -13.84542036 20.11345694
v -6.5674079 -13.85309434 20.11199219
v -5.70221722 -6.98452309 15.31595028
v -5.60745012 -6.89553231 15.31595028
v -5.6903147 -6.99569774 15.31595028
v -5.71262406 -6.97194413 15.31595028
v -5.67710898 -7.00529369 15.31595028
v -5.72137124 -6.9581589 15.31595028
v -5.66280226 -7.01315875 15.31595028
v -4.70244807 -8.58323707 15.74350428
v -6.5674079 -8.58323707 15.74350428
v -5.72832118 -6.94338837 15.31595028
v -5.64762316 -7.01916925 15.31595028
v -5.73336617 -6.92786114 15.31595028
v -4.81319544 -10.23192017 17.64906344
v -4.81319544 -10.13881725 17.64906344
v -4.81319544 -10.23192017 17.8649257
v -5.6318093 -7.02322929 15.31595028
v -6.5674079 -11.64308099 20.66657262
v -6.5674079 -11.63975472 20.65361636
v -4.70244807 -16.60724236 22.89849266
v -4.81319544 -16.60724236 22.89849266
v -5.73642493 -6.91182527 15.31595028
v -4.70244807 -8.4371994 15.6063677
v -6.5674079 -8.4371994 15.6063677
v -5.61561397 -7.02527564 15.31595028
v -4.81319544 -10.13881725 17.53458053
v -4.81319544 -9.8464049 17.53458053
v -5.73745019 -6.89553231 15.31595028
v -4.81319544 -10.06354708 17.64929969
v -4.81319544 -10.13834405 17.64929969
v -5.59928696 -7.02527564 15.31595028
v -4.70244807 -8.58119003 15.75970134
v -6.5674079 -8.58119003 15.75970134
v -4.70244807 -11.84340281 20.52229015
v -6.5674079 -11.85054453 20.52819642
v -6.5674079 -11.85598247 20.5326963
v -5.73642493 -6.87923797 15.31595028
v -6.5674079 -11.84340281 20.52229015
v -5.58309232 -7.02322929 15.31595028
v -4.70244807 -16.58724305 22.89660544
v -4.81319544 -16.58724305 22.89660544
v -5.73336617 -6.8632021 15.31595028
v -4.70244807 -8.42116354 15.60942645
v -6.5674079 -8.42116354 15.60942645
v -4.81319544 -10.05530471 17.649258
v -5.56727812 -7.01916925 15.31595028
v -4.81319544 -10.04658359 17.64911347
v -5.72832118 -6.84767487 15.31595028
v -4.81319544 -10.03738996 17.64887305
v -5.55209936 -7.01315875 15.31595028
v -4.81319544 -10.0277141 17.64853674
v -4.81319544 -10.13834405 17.74742572
v -5.72137124 -6.83290295 15.31595028
v -4.70244807 -16.56796638 22.89443471
v -4.81319544 -16.56796638 22.89443471
v -4.70244807 -16.70016671 23.02809423
v -4.81319544 -16.70016671 23.02809423
v -4.81319544 -10.01756505 17.64811288
v -6.5674079 -15.43733867 26.45696451
v -6.5674079 -17.34159289 26.45696729
v -5.53779229 -7.00529369 15.31595028
v -4.70244807 -8.40563701 15.6144711
v -6.5674079 -8.40563701 15.6144711
v -4.81319544 -10.00693516 17.6475834
v -5.71262406 -6.81911911 15.31595028
v -4.81319544 -9.99629207 17.64704141
v -5.52458623 -6.99569774 15.31595028
v -4.81319544 -9.98608812 17.64655363
v -4.81319544 -9.97631638 17.64612976
v -5.70221722 -6.80654015 15.31595028
v -4.70244807 -16.54919974 22.89181789
v -4.81319544 -16.54919974 22.89181789
v -4.81319544 -9.96698378 17.6457601
v -4.70244807 -16.67985054 23.02657111
v -4.81319544 -16.67985054 23.02657111
v -5.51268406 -6.98452309 15.31595028
v -4.81319544 -9.95809033 17.64544325
v -5.6903147 -6.7953648 15.31595028
v -4.70244807 -8.39086578 15.62142243
v -6.5674079 -8.39086578 15.62142243
v -4.81319544 -9.94963673 17.64518337
v -5.50227687 -6.97194413 15.31595028
v -4.70244807 -16.53095285 22.88876608
v -4.81319544 -16.53095285 22.88876608
v -5.67710898 -6.78576885 15.31595028
v -4.70244807 -8.56325652 15.80499894
v -6.5674079 -8.56325652 15.80499894
v -5.49353003 -6.9581589 15.31595028
v -4.81319544 -10.14709297 17.8649257
v -4.70244807 -16.66009025 23.02479784
v -4.81319544 -16.66009025 23.02479784
v -4.81319544 -10.03747195 17.68909821
v -5.66280226 -6.77790448 15.31595028
v -5.48658009 -6.94338837 15.31595028
v -4.70244807 -8.37708125 15.63017065
v -6.5674079 -8.37708125 15.63017065
v -4.70244807 -16.51322154 22.88526818
v -4.81319544 -16.51322154 22.88526818
v -5.64762316 -6.77189399 15.31595028
v -4.81319544 -10.03015721 17.68546272
v -4.81319544 -10.02283483 17.68185782
v -4.81319544 -10.01551245 17.67829182
v -4.70244807 -11.28031666 20.03544419
v -5.4815351 -6.92786114 15.31595028
v -4.81319544 -10.00819771 17.6747703
v -4.81319544 -10.00087533 17.67128073
v -4.70244807 -16.64088307 23.02277581
v -4.81319544 -16.64088307 23.02277581
v -6.5674079 -15.43734006 20.66364172
v -4.70244807 -15.43734145 24.71368177
v -4.81319544 -9.99355364 17.66782731
v -5.6318093 -6.76783395 15.31595028
v -4.70244807 -8.55366057 15.81820674
v -6.5674079 -8.55365988 15.81820674
v -4.81319544 -9.98623752 17.66441696
v -4.81319544 -9.97891791 17.66104969
v -4.70244807 -16.49600859 22.88133113
v -4.81319544 -16.49600859 22.88133113
v -5.478476 -6.91182527 15.31595028
v -4.81319544 -9.97159623 17.65770744
v -4.81319544 -9.96428149 17.65441105
v -4.70244807 -8.94930266 19.15840518
v -4.81319544 -9.95695911 17.65115357
v -5.61561397 -6.7657883 15.31595028
v -4.81319544 -9.94963673 17.64792666
v -5.47745109 -6.89553231 15.31595028
v -4.70244807 -8.36450229 15.64057541
v -6.5674079 -8.36450229 15.64057541
v -5.59928696 -6.7657883 15.31595028
v -4.70244807 -16.62223455 23.02051059
v -4.81319544 -16.62223455 23.02051059
v -4.70244807 -16.47931122 22.87695216
v -4.81319544 -16.47931122 22.87695216
v -5.478476 -6.87923797 15.31595028
v -5.58309232 -6.76783395 15.31595028
v -4.70244807 -10.64454034 19.50349101
v -6.5674079 -10.65008181 19.50807427
v -6.5674079 -10.6571193 19.51389716
v -6.5674079 -10.64454034 19.50349101
v -5.4815351 -6.8632021 15.31595028
v -4.70244807 -8.54248453 15.83010822
v -6.5674079 -8.54248453 15.83010822
v -5.56727812 -6.77189399 15.31595028
v -5.48658009 -6.84767487 15.31595028
v -5.55209936 -6.77790448 15.31595028
v -4.70244807 -16.46292515 22.87200062
v -4.81319544 -16.46292515 22.87200062
v -4.81319544 -9.8464049 17.68630628
v -5.49353003 -6.83290365 15.31595028
v -4.70244807 -16.60413914 23.01798409
v -4.81319544 -16.60413914 23.01798409
v -5.53779229 -6.78576885 15.31595028
v -5.50227687 -6.81911911 15.31595028
v -5.52458623 -6.7953648 15.31595028
v -5.51268406 -6.80654015 15.31595028
v -4.70244807 -8.35332693 15.65247688
v -6.5674079 -8.35332693 15.65247688
v -4.70244807 -16.44663497 22.86634311
v -4.81319544 -16.44663497 22.86634311
v -4.70244807 -16.58647037 23.01516576
v -4.81319544 -16.58647037 23.01516576
v -4.70244807 -8.52990557 15.84051437
v -6.5674079 -8.52990557 15.84051437
v -4.70244807 -16.43043512 22.85997268
v -4.81319544 -16.43043512 22.85997268
v -6.5674079 -11.82961828 20.74138071
v -6.5674079 -11.82688055 20.74267036
v -4.70244807 -11.82961828 20.74138071
v -6.5674079 -11.81675652 20.74743289
v -6.5674079 -12.90963554 20.73076332
v -4.70244807 -8.34373029 15.66568469
v -6.5674079 -8.34373029 15.66568469
v -6.5674079 -11.81484705 20.74833343
v -4.70244807 -16.41433117 22.85289628
v -4.81319544 -16.41433117 22.85289628
v -4.70244807 -16.5690851 23.01196943
v -4.81319544 -16.5690851 23.01196943
v -4.70244807 -16.39832588 22.84510279
v -4.81319544 -16.39832588 22.84510279
v -6.5674079 -12.98694371 20.40475127
v -4.70244807 -12.98694371 20.40475127
v -4.70244807 -8.51612103 15.84926259
v -6.5674079 -8.51612103 15.84926259
v -4.57900638 -7.46104907 14.80167978
v -4.70244807 -13.38871164 20.66363894
v -4.70244807 -16.55198749 23.00841733
v -4.81319544 -16.55198749 23.00841733
v -4.70244807 -16.3824137 22.83660332
v -4.81319544 -16.3824137 22.83660332
v -6.5674079 -11.66896503 24.0854884
v -4.70244807 -8.33586592 15.67999036
v -6.5674079 -8.33586592 15.67999036
v -4.70244807 -16.36642091 22.82726864
v -4.81319544 -16.36642091 22.82726864
v -4.70244807 -10.68841487 19.65729716
v -6.5674079 -10.69176477 19.64883522
v -6.5674079 -10.68575497 19.66401363
v -4.70244807 -16.53517339 23.00450391
v -4.81319544 -16.53517339 23.00450391
v -4.70244807 -16.35015853 22.81695004
v -4.81319544 -16.35015853 22.81695004
v -4.70244807 -8.50134981 15.85621253
v -6.5674079 -8.50134981 15.85621253
v -4.70244807 -16.33362237 22.80565865
v -4.81319544 -16.33362237 22.80565865
v -4.70244807 -16.31682217 22.79339029
v -4.81319544 -16.31682217 22.79339029
v -4.57900638 -8.5223921 15.26150144
v -4.70244807 -16.51865669 23.00021943
v -4.81319544 -16.51865669 23.00021943
v -4.70244807 -16.29975375 22.78014218
v -4.81319544 -16.29975375 22.78014218
v -4.70244807 -16.28241573 22.76591711
v -4.81319544 -16.28241573 22.76591711
v -4.70244807 -16.50241515 22.99556946
v -4.81319544 -16.50241515 22.99556946
v -4.70244807 -8.48582258 15.86125718
v -6.5674079 -8.48582258 15.86125718
v -4.70244807 -11.65163952 20.68695272
v -6.5674079 -11.65381441 20.69090922
v -6.5674079 -11.64936456 20.68281138
v -6.5674079 -11.65722893 20.69711845
v -4.70244807 -8.32985612 15.69517016
v -4.70244807 -8.32579609 15.71098228
v -6.5674079 -8.32579609 15.71098228
v -6.5674079 -8.32985612 15.69517016
v -4.70244807 -16.48636678 22.99048034
v -4.81319544 -16.48636678 22.99048034
v -4.70244807 -8.46978671 15.86431732
v -6.5674079 -8.46978671 15.86431732
v -4.70244807 -16.47038651 22.98484646
v -4.81319544 -16.47038651 22.98484646
v -4.70244807 -8.32374974 15.72717935
v -6.5674079 -8.32374974 15.72717935
v -4.70244807 -16.45448267 22.97867476
v -4.81319544 -16.45448267 22.97867476
v -4.70244807 -16.20724354 22.76591711
v -4.81319544 -16.20724354 22.76591711
v -4.70244807 -8.45349306 15.86534293
v -6.5674079 -8.45349306 15.86534293
v -4.70244807 -16.4386636 22.97197219
v -4.81319544 -16.4386636 22.97197219
v -4.70244807 -8.32374974 15.74350428
v -6.5674079 -8.32374974 15.74350428
v -4.81319544 -15.81474359 22.94172098
v -4.70244807 -16.42291818 22.96472763
v -4.81319544 -16.42291818 22.96472763
v -4.70244807 -8.4371994 15.86431732
v -6.5674079 -8.4371994 15.86431732
v -4.70244807 -16.40724225 22.95694942
v -4.81319544 -16.40724225 22.95694942
v -4.70244807 -8.32579609 15.75970134
v -6.5674079 -8.32579609 15.75970134
v -4.70244807 -16.39151769 22.94858337
v -4.81319544 -16.39151769 22.94858337
v -4.70244807 -8.42116354 15.86125718
v -6.5674079 -8.42116354 15.86125718
v -4.70244807 -13.76000184 20.45320767
v -4.70244807 -16.37560134 22.93955859
v -4.81319544 -16.37560134 22.93955859
v -4.70244807 -8.32985612 15.77551485
v -6.5674079 -8.32985612 15.77551485
v -4.81319544 -16.26019705 23.21679878
v -4.81319544 -16.34706503 23.31709831
v -4.70244807 -16.35948348 22.92988065
v -4.81319544 -16.35948348 22.92988065
v -4.70244807 -8.40563701 15.85621253
v -6.5674079 -8.40563701 15.85621253
v -4.70244807 -11.28031666 19.39892229
v -4.70244807 -8.33586592 15.79069327
v -6.5674079 -8.33586592 15.79069327
v -4.70244807 -16.34318774 22.91955789
v -4.81319544 -16.34318774 22.91955789
v -4.70244807 -8.39086578 15.84926259
v -6.5674079 -8.39086578 15.84926259
v -4.70244807 -16.3266905 22.90858335
v -4.81319544 -16.3266905 22.90858335
v -4.70244807 -8.34373099 15.80499894
v -6.5674079 -8.34373099 15.80499894
v -4.70244807 -8.37708125 15.84051437
v -6.5674079 -8.37708125 15.84051437
v -4.70244807 -16.31000147 22.89694869
v -4.81319544 -16.31000147 22.89694869
v -4.70244807 -8.35332693 15.81820674
v -6.5674079 -8.35332693 15.81820674
v -4.70244807 -8.36450229 15.83010822
v -6.5674079 -8.36450229 15.83010822
v -4.70244807 -8.25104706 15.47770279
v -6.5674079 -8.25104706 15.47770279
v -6.5674079 -8.25104706 15.95651624
v -4.70244807 -8.25104706 15.95651624
v -6.56740998 -11.97935814 20.90254954
v -4.70244807 -16.26019705 23.21679878
v -4.70244807 -16.34706503 23.31709831
v -6.5674079 -9.55457346 19.49193001
v -6.5674079 -9.55427119 19.35679323
v -6.5674079 -9.56445638 19.49658276
v -6.5674079 -6.31382822 15.28857438
v -6.5674079 -6.31382822 14.80167978
v -4.70244807 -11.85598247 20.5326963
v -6.5674079 -13.99244333 20.45320767
v -6.5674079 -14.00228804 20.45320767
v -6.5674079 -14.01147819 20.45320767
v -6.5674079 -14.01981645 20.45320767
v -6.5674079 -14.02716524 20.45320767
v -6.5674079 -14.03344395 20.45320767
v -6.5674079 -14.03861784 20.45320767
v -6.5674079 -14.04268691 20.45320767
v -6.5674079 -14.04568451 20.45320767
v -6.56740651 -14.04766346 20.45320767
v -6.56740651 -14.04868489 20.45320767
v -6.56740651 -14.04882526 20.45320767
v -6.56740651 -14.08850842 20.45320767
v -4.70244807 -14.08850842 20.45320767
v -6.5674079 -15.06891127 25.15610149
v -6.5674079 -15.06564684 25.16882012
v -6.5674079 -12.80186631 24.0854884
v -4.70244807 -16.31000147 23.11764019
v -4.81319544 -16.31000147 23.11764019
v -6.5674079 -9.55427119 16.16118716
v -6.5674079 -8.94932489 19.35679323
v -4.70244807 -9.5212906 17.42951012
v -4.70244807 -9.31997999 17.66521048
v -4.81319544 -9.3199786 17.66521048
v -6.5674079 -15.04940113 25.20336831
v -6.5674079 -15.04241645 25.21298232
v -4.70244807 -15.81474359 22.94172098
v -6.5674079 -15.02773833 25.22830804
v -6.5674079 -15.02115111 25.2337557
v -6.5674079 -11.97935814 20.85290215
v -4.70244807 -12.93338985 20.54272723
v -4.70244807 -12.92221519 20.53082436
v -6.5674079 -12.92221519 20.53082436
v -6.5674079 -12.93338985 20.54272723
v -4.70244807 -12.90963554 20.52041822
v -6.5674079 -12.90963554 20.52041822
v -4.70244807 -12.9429858 20.55593364
v -6.5674079 -12.9429858 20.55593364
v -4.70244807 -16.20724354 23.11764019
v -4.81319544 -16.20724354 23.11764019
v -4.70244807 -11.28031736 20.11245218
v -4.70244807 -12.895851 20.51167138
v -6.5674079 -12.895851 20.51167138
v -4.70244807 -12.88107978 20.50472144
v -6.5674079 -12.88107978 20.50472144
v -4.70244807 -10.6571193 19.51389716
v -4.70244807 -12.86555255 20.4996754
v -6.5674079 -12.86555255 20.4996754
v -6.5674079 -8.5284693 15.629259
v -4.70244807 -12.84951669 20.49661665
v -6.5674079 -12.84951669 20.49661665
v -4.70244807 -11.28031666 20.2087841
v -6.5674079 -9.46057695 19.48753714
v -6.5674079 -9.46192219 19.48710077
v -6.5674079 -9.45637238 19.48890322
v -6.56740998 -11.66896781 20.85290215
v -4.70244807 -12.83322373 20.49559105
v -6.5674079 -12.83322373 20.49559105
v -6.5674079 -9.44231546 19.49517916
v -6.5674079 -9.45023542 19.49145195
v -4.70244807 -11.81484705 20.74833343
v -6.5674079 -9.41479434 19.51420289
v -6.5674079 -9.42405051 19.50654698
v -4.70244807 -10.69176477 19.64883522
v -4.70244807 -10.68575497 19.66401363
v -6.5674079 -11.90949603 20.40475127
v -6.5674079 -11.8594484 20.53638737
v -6.5674079 -11.8410959 20.5208254
v -4.70244807 -13.32894577 19.98498799
v -4.70244807 -13.32894577 20.11245218
v -4.57900638 -8.24501364 15.26150144
v -4.70244807 -12.78536767 20.50472144
v -6.5674079 -12.78536767 20.50472144
v -4.70244807 -13.40060478 20.66363894
v -4.70244807 -9.7849151 18.20956404
v -4.70244807 -9.98622709 18.44526302
v -4.8131937 -9.98622709 18.44526302
v -4.70244807 -11.64936456 20.68281138
v -4.70244807 -11.65722893 20.69711845
v -4.70244807 -12.77059645 20.51167138
v -6.5674079 -12.77059645 20.51167138
v -6.5674079 -9.49900104 19.74035039
v -6.5674079 -9.38515392 19.82810502
v -6.5674079 -9.49130621 19.73986678
v -6.5674079 -9.48197848 19.73881754
v -6.5674079 -9.47169324 19.73685527
v -4.70244807 -12.75681191 20.52041822
v -6.5674079 -12.75681191 20.52041822
v -6.5674079 -9.4501715 19.72958431
v -6.5674079 -9.43947629 19.72455217
v -6.5674079 -9.42948427 19.71824428
v -6.5674079 -9.4254826 19.71570667
v -5.62152718 -16.43358282 26.45696729
v -5.63342727 -16.42240677 26.45696729
v -5.64383342 -16.40982851 26.45696729
v -5.60831799 -16.44317876 26.45696729
v -5.6525799 -16.39604397 26.45696729
v -5.59401336 -16.45104452 26.45696729
v -5.65953297 -16.38127136 26.45696729
v -5.57883494 -16.45705502 26.45696729
v -5.66457727 -16.36574552 26.45696729
v -5.56302144 -16.46111297 26.45696729
v -5.66763706 -16.34970826 26.45696729
v -4.70244807 -12.74423226 20.53082436
v -6.5674079 -12.74423226 20.53082436
v -5.54682506 -16.46316001 26.45696729
v -5.66866128 -16.33341669 26.45696729
v -5.5304991 -16.46316001 26.45696729
v -5.66763706 -16.31712373 26.45696729
v -5.66471937 -16.30182859 26.45696729
v -5.51430098 -16.46111297 26.45696729
v -5.62152718 -16.43358282 25.827223
v -5.5386619 -16.33341669 25.827223
v -5.63342727 -16.42240677 25.827223
v -5.64383342 -16.40982851 25.827223
v -5.60831799 -16.44317876 25.827223
v -5.6525799 -16.39604397 25.827223
v -5.59401336 -16.45104452 25.827223
v -5.65953297 -16.38127136 25.827223
v -5.5017592 -16.45789301 26.45696729
v -5.57883494 -16.45705502 25.827223
v -4.70244807 -12.7330576 20.54272723
v -6.5674079 -12.7330576 20.54272723
v -5.66457727 -16.36574552 25.827223
v -5.56302144 -16.46111297 25.827223
v -5.66763706 -16.34970826 25.827223
v -6.5674079 -11.766991 20.4974616
v -5.54682506 -16.46316001 25.827223
v -4.57900638 -17.34159706 26.45696729
v -5.66866128 -16.33341669 25.827223
v -5.5304991 -16.46316001 25.827223
v -5.66763706 -16.31712373 25.827223
v -6.5674079 -11.75069665 20.49848581
v -5.51430098 -16.46111297 25.827223
v -5.66457727 -16.30108648 25.827223
v -5.49848886 -16.45705502 25.827223
v -5.65953297 -16.28556064 25.827223
v -4.70244807 -10.68531235 17.28983315
v -4.70244807 -9.9862264 17.28983732
v -4.8131937 -9.98622709 17.28983732
v -4.8131937 -10.68531235 17.28983315
v -5.48331115 -16.45104452 25.827223
v -6.5674079 -11.72700766 20.50403215
v -6.5674079 -11.73466079 20.50154595
v -5.6525799 -16.27078802 25.827223
v -6.5674079 -9.37299048 19.59572884
v -6.56740651 -9.01537781 20.03544419
v -6.5674079 -9.3731503 19.59446976
v -5.46900408 -16.44317876 25.827223
v -6.5674079 -9.37244919 19.60001609
v -4.70244807 -12.72346026 20.55593364
v -4.70244807 -12.7155959 20.57024071
v -6.5674079 -12.7155959 20.57024071
v -6.5674079 -12.72346026 20.55593364
v -5.64383342 -16.25700349 25.827223
v -6.5674079 -11.71913495 20.5065906
v -6.5674079 -9.37215179 19.61531263
v -6.5674079 -9.37215179 19.60658664
v -5.45579489 -16.43358282 25.827223
v -5.63342727 -16.24442523 25.827223
v -6.5674079 -9.3776474 19.64832936
v -6.5674079 -9.37465674 19.63667942
v -4.70244807 -10.68531235 18.04058504
v -4.81319544 -10.68531235 18.04058504
v -5.4438948 -16.42240677 25.827223
v -4.81319544 -10.57238799 17.39013268
v -4.81319544 -10.57238799 17.94028133
v -6.5674079 -14.98912246 25.25231389
v -6.5674079 -14.9761801 25.25651915
v -5.62152718 -16.23325057 25.827223
v -4.70244807 -12.70958679 20.58541912
v -6.5674079 -12.70958679 20.58541912
v -6.5674079 -9.42125233 19.71220599
v -5.433489 -16.40982851 25.827223
v -6.5674079 -11.69492342 20.51953158
v -6.5674079 -11.70436372 20.51354193
v -6.5674079 -9.41124363 19.70353003
v -6.5674079 -9.40213409 19.69382846
v -5.60831799 -16.22365462 25.827223
v -5.42474217 -16.39604397 25.827223
v -4.81319544 -9.8993591 17.39013268
v -5.59401336 -16.21578747 25.827223
v -5.4177891 -16.38127136 25.827223
v -6.5674079 -14.92388114 25.26019633
v -6.5674079 -14.91180873 25.25789219
v -4.70244807 -12.70552606 20.60123124
v -6.5674079 -12.70552606 20.60123124
v -5.57883494 -16.20977837 25.827223
v -5.41274619 -16.36574552 25.827223
v -5.56302144 -16.20571903 25.827223
v -4.70244807 -12.84951669 20.75456628
v -4.70244807 -12.86555255 20.75150752
v -6.5674079 -12.86555255 20.75150752
v -6.5674079 -12.84951669 20.75456628
v -4.70244807 -11.06399858 20.2087841
v -4.70244807 -11.06399858 20.81291603
v -5.40968709 -16.34970826 25.827223
v -5.54682506 -16.20367198 25.827223
v -4.70244807 -12.70348041 20.61742831
v -6.5674079 -12.70348041 20.61742831
v -5.40866114 -16.33341669 25.827223
v -5.5304991 -16.20367198 25.827223
v -5.40968709 -16.31712373 25.827223
v -4.70244807 -12.83322373 20.75559049
v -6.5674079 -12.83322373 20.75559049
v -5.51430098 -16.20571903 25.827223
v -5.41274619 -16.30108648 25.827223
v -5.49848886 -16.20977837 25.827223
v -5.4177891 -16.28556064 25.827223
v -5.66457727 -16.30108648 26.45696729
v -4.70244807 -14.08850842 20.11245218
v -4.70244807 -12.70348041 20.63375323
v -6.5674079 -12.70348041 20.63375323
v -5.48331115 -16.21578747 25.827223
v -5.42474217 -16.27078802 25.827223
v -5.46900408 -16.22365462 25.827223
v -5.433489 -16.25700349 25.827223
v -5.45579489 -16.23325057 25.827223
v -5.4438948 -16.24442523 25.827223
v -6.5674079 -11.86496138 20.71266652
v -6.5674079 -11.97935814 20.84743086
v -6.5674079 -11.97935814 20.84812433
v -6.5674079 -11.8564772 20.72170103
v -4.70244807 -14.96440091 25.00375871
v -6.5674079 -14.95758717 25.00245794
v -6.5674079 -14.97362303 25.00551808
v -4.70244807 -12.70552606 20.6499503
v -6.5674079 -12.70552606 20.6499503
v -6.5674079 -11.68656432 20.52561017
v -6.5674079 -11.67799815 20.5326963
v -4.81319544 -16.26019705 23.45704211
v -4.8131937 -16.34706503 23.72178185
v -4.70244807 -12.70958679 20.66576381
v -6.5674079 -12.70958679 20.66576381
v -4.70244807 -16.26019705 23.45704211
v -4.70244807 -12.78536767 20.74646288
v -6.5674079 -12.78536767 20.74646288
v -6.5674079 -11.66682488 20.54459639
v -4.70244807 -12.7155959 20.68094222
v -6.5674079 -12.7155959 20.68094222
v -6.5674079 -9.38515392 20.03544696
v -6.5674079 -11.97935814 20.84964467
v -6.5674079 -11.97935814 20.84997403
v -4.70244807 -12.77059645 20.73951155
v -6.5674079 -12.77059645 20.73951155
v -6.5674079 -9.4254826 19.50536017
v -4.70244807 -9.41290364 19.51576632
v -4.70244807 -12.72346165 20.6952479
v -6.5674079 -12.72346165 20.6952479
v -4.70244807 -10.57238799 17.39013268
v -4.70244807 -10.57238799 17.94028133
v -6.5674079 -9.41290364 19.51576632
v -4.70244807 -12.7330576 20.7084557
v -6.5674079 -12.7330576 20.7084557
v -4.70244807 -9.9862264 16.88515517
v -4.8131937 -9.98622709 16.88515517
v -6.5674079 -11.79842624 20.75354762
v -6.5674079 -11.97935814 20.85041457
v -6.5674079 -11.97935814 20.85054659
v -6.5674079 -11.79093709 20.75497624
v -6.5674079 -11.97935814 20.85062859
v -6.5674079 -11.78595637 20.7559268
v -5.6903147 -6.99569774 14.80167978
v -5.70221722 -6.98452309 14.80167978
v -5.71262406 -6.97194413 14.80167978
v -5.67710898 -7.00529369 14.80167978
v -5.72137124 -6.9581589 14.80167978
v -5.66280226 -7.01315875 14.80167978
v -5.72832118 -6.94338837 14.80167978
v -6.5674079 -9.54975116 19.73140344
v -6.5674079 -9.54458353 19.7330836
v -4.70244807 -9.54975116 19.73140344
v -5.64762316 -7.01916925 14.80167978
v -6.5674079 -9.53422532 19.73644809
v -6.5674079 -11.65722893 20.55780419
v -5.73336617 -6.92786114 14.80167978
v -4.70244807 -14.84112808 25.04856852
v -6.5674079 -14.84112808 25.04856852
v -6.5674079 -14.85230274 25.03666982
v -4.70244807 -9.89935771 17.39013268
v -5.6318093 -7.02322929 14.80167978
v -6.5674079 -8.94933462 20.03544419
v -5.73642493 -6.91182527 14.80167978
v -5.61561397 -7.02527564 14.80167978
v -4.70244807 -16.34706503 23.72178185
v -5.59928696 -7.02527564 14.80167978
v -6.5674079 -9.37419814 19.63489226
v -4.70244807 -9.37465674 19.63668081
v -6.5674079 -9.37825817 19.65070576
v -6.5674079 -14.98915026 25.25230555
v -4.70244807 -14.97362303 25.2573502
v -5.73745019 -6.89553231 14.80167978
v -5.73642493 -6.87923797 14.80167978
v -6.5674079 -14.97362303 25.2573502
v -6.5674079 -14.96294589 25.25938751
v -5.58309232 -7.02322929 14.80167978
v -6.5674079 -9.40172899 19.69339765
v -4.70244807 -9.41290364 19.70529913
v -6.5674079 -9.41290364 19.70529913
v -6.5674079 -14.95758717 25.26041034
v -6.5674079 -14.94964497 25.26090786
v -4.70244807 -14.95758717 25.26040756
v -5.73336617 -6.8632021 14.80167978
v -6.5674079 -14.94129421 25.26143595
v -5.56727812 -7.01916925 14.80167978
v -5.72832118 -6.84767487 14.80167978
v -4.70244807 -10.36019735 17.64906344
v -4.70244807 -10.36019735 17.53458053
v -4.81319544 -10.36019735 17.53458053
v -4.81319544 -10.36019735 17.64906344
v -4.70244807 -10.23192017 17.53458053
v -4.81319544 -10.23192017 17.53458053
v -4.70244807 -7.60059123 15.95651624
v -6.5674079 -7.60059123 15.95651624
v -6.5674079 -7.60059123 15.47770279
v -4.70244807 -7.60059123 15.47770279
v -5.55209936 -7.01315875 14.80167978
v -5.93175318 -9.38515392 20.03544696
v -5.72137124 -6.83290295 14.80167978
v -5.53779229 -7.00529369 14.80167978
v -4.81319544 -10.23192017 17.47802767
v -4.81319544 -10.13881725 17.47802767
v -5.71262406 -6.81911911 14.80167978
v -4.70244807 -10.23192017 17.47802767
v -4.57900638 -7.62120619 15.26150144
v -5.65953297 -16.28556064 26.45696729
v -5.52458623 -6.99569774 14.80167978
v -5.6525799 -16.27078802 26.45696729
v -4.70244807 -7.48742715 15.65434604
v -4.70244807 -7.4762525 15.64244735
v -6.5674079 -7.4762525 15.64244735
v -6.5674079 -7.48742715 15.65434604
v -4.70244807 -7.46367354 15.63203981
v -6.5674079 -7.46367354 15.63203981
v -4.70244807 -7.4970231 15.66755524
v -6.5674079 -7.4970231 15.66755524
v -4.70244807 -10.13881725 17.47802767
v -5.49848886 -16.45705502 26.45696729
v -5.70221722 -6.80654015 14.80167978
v -4.70244807 -7.50488816 15.68186091
v -6.5674079 -7.50488816 15.68186091
v -5.64383342 -16.25700349 26.45696729
v -4.70244807 -7.44988831 15.62329297
v -4.70244807 -7.43511708 15.61634026
v -6.5674079 -7.43511708 15.61634026
v -6.5674079 -7.44988831 15.62329297
v -5.48331115 -16.45104452 26.45696729
v -4.70244807 -7.51089796 15.69704071
v -6.5674079 -7.51089796 15.69704071
v -5.63342727 -16.24442523 26.45696729
v -6.5674079 -9.01538198 20.21122582
v -5.51268406 -6.98452309 14.80167978
v -6.5674079 -6.31382822 16.16118716
v -6.5674079 -6.90067424 16.16118716
v -5.46900408 -16.44317876 26.45696729
v -4.70244807 -7.41958985 15.61129561
v -6.5674079 -7.41958985 15.61129561
v -5.62152718 -16.23325057 26.45696729
v -4.70244807 -7.514958 15.71285144
v -6.5674079 -7.514958 15.71285144
v -5.45579489 -16.43358282 26.45696729
v -5.6903147 -6.7953648 14.80167978
v -4.70244807 -7.40355399 15.60823686
v -6.5674079 -7.40355399 15.60823686
v -5.60831799 -16.22365462 26.45696729
v -6.5674079 -8.37687626 15.84034482
v -5.4438948 -16.42240677 26.45696729
v -4.70244807 -7.51700435 15.7290499
v -6.5674079 -7.51700435 15.7290499
v -5.50227687 -6.97194413 14.80167978
v -5.59401336 -16.21578747 26.45696729
v -4.70244807 -7.38726033 15.60721264
v -6.5674079 -7.38726033 15.60721264
v -5.57883494 -16.20977837 26.45696729
v -5.67710898 -6.78576885 14.80167978
v -4.70244807 -7.51700435 15.74537482
v -6.5674079 -7.51700435 15.74537482
v -4.70244807 -10.13881725 17.53458053
v -4.70244807 -7.37096738 15.60823686
v -6.5674079 -7.37096738 15.60823686
v -4.70244807 -10.23192017 17.64906344
v -6.5674079 -8.94931239 20.21122582
v -5.49353003 -6.9581589 14.80167978
v -4.70244807 -7.514958 15.76157189
v -6.5674079 -7.514958 15.76157189
v -6.5674079 -11.63785568 20.61448351
v -6.5674079 -11.63929403 20.60310179
v -5.66280226 -6.77790448 14.80167978
v -4.70244807 -7.35493082 15.61129561
v -6.5674079 -7.35493082 15.61129561
v -6.5674079 -11.63724699 20.62729247
v -6.5674079 -11.63724699 20.61929886
v -5.48658009 -6.94338837 14.80167978
v -6.5674079 -11.63785359 20.64042662
v -6.5674079 -11.63724699 20.63562378
v -5.64762316 -6.77189399 14.80167978
v -4.70244807 -7.33940428 15.61634026
v -6.5674079 -7.33940428 15.61634026
v -6.5674079 -11.63929403 20.65182085
v -5.4815351 -6.92786114 14.80167978
v -4.70244807 -7.50488816 15.79256382
v -4.70244807 -7.51089796 15.77738401
v -6.5674079 -7.51089796 15.77738401
v -6.5674079 -7.50488816 15.79256382
v -5.6318093 -6.76783395 14.80167978
v -4.70244807 -14.97362303 25.00551808
v -6.5674079 -11.6478741 20.67905083
v -6.5674079 -11.64335337 20.66763297
v -4.70244807 -7.32463306 15.62329297
v -6.5674079 -7.32463236 15.62329297
v -4.70244807 -14.95758717 25.00245794
v -5.478476 -6.91182527 14.80167978
v -6.5674079 -11.66074212 20.70195464
v -6.5674079 -11.66841332 20.71201892
v -6.5674079 -11.66682488 20.71032764
v -4.70244807 -7.4970231 15.80687088
v -6.5674079 -7.4970231 15.80687088
v -5.61561397 -6.7657883 14.80167978
v -4.70244807 -7.31084852 15.63203981
v -6.5674079 -7.31084852 15.63203981
v -4.70244807 -9.4254826 19.50536017
v -6.5674079 -8.3696463 15.95651624
v -6.5674079 -8.6081775 15.95651624
v -4.70244807 -8.6081775 15.95651624
v -5.59928696 -6.7657883 14.80167978
v -4.70244807 -7.48742715 15.82007868
v -6.5674079 -7.48742715 15.82007868
v -5.478476 -6.87923797 14.80167978
v -5.47745109 -6.89553231 14.80167978
v -4.70244807 -10.13881725 17.64906344
v -4.70244807 -7.29826887 15.64244735
v -6.5674079 -7.29826887 15.64244735
v -5.58309232 -6.76783395 14.80167978
v -5.4815351 -6.8632021 14.80167978
v -4.70244807 -7.4762525 15.83197877
v -6.5674079 -7.4762525 15.83197877
v -5.56727812 -6.77189399 14.80167978
v -5.48658009 -6.84767487 14.80167978
v -4.70244807 -7.28709421 15.65434604
v -6.5674079 -7.28709421 15.65434604
v -5.55209936 -6.77790448 14.80167978
v -5.49353003 -6.83290365 14.80167978
v -5.53779229 -6.78576885 14.80167978
v -4.70244807 -7.46367354 15.84238492
v -6.5674079 -7.46367354 15.84238492
v -5.50227687 -6.81911911 14.80167978
v -5.52458623 -6.7953648 14.80167978
v -4.70244807 -14.85230274 25.03666982
v -5.51268406 -6.80654015 14.80167978
v -4.70244807 -9.53422532 19.73644809
v -4.70244807 -7.27749757 15.66755524
v -6.5674079 -7.27749757 15.66755524
v -4.70244807 -7.449889 15.85113175
v -6.5674079 -7.44988831 15.85113175
v -4.70244807 -7.2696332 15.68186091
v -6.5674079 -7.2696332 15.68186091
v -4.70244807 -10.23192017 17.8649257
v -4.70244807 -9.37419814 19.63489226
v -4.70244807 -9.37825817 19.65070576
v -4.70244807 -14.98915026 25.25230555
v -4.70244807 -9.8464049 17.53458053
v -4.70244807 -7.2636234 15.69704071
v -6.5674079 -7.2636234 15.69704071
v -4.70244807 -10.06354708 17.64929969
v -4.70244807 -10.13834405 17.64929969
v -4.70244807 -9.40172899 19.69339765
v -4.70244807 -7.41958985 15.86312912
v -4.70244807 -7.43511708 15.85808447
v -6.5674079 -7.43511708 15.85808447
v -6.5674079 -7.41958985 15.86312912
v -4.70244807 -10.13834405 17.74742572
v -4.70244807 -12.95085017 20.57024071
v -4.70244807 -14.94129421 25.26143595
v -4.70244807 -7.25956336 15.71285144
v -6.5674079 -7.25956336 15.71285144
v -4.70244807 -12.95686066 20.58541912
v -4.70244807 -7.40355399 15.86618787
v -6.5674079 -7.40355399 15.86618787
v -4.70244807 -7.25751701 15.7290499
v -6.5674079 -7.25751701 15.7290499
v -4.70244807 -10.05530471 17.649258
v -4.70244807 -12.96092 20.60123124
v -4.70244807 -7.38726033 15.86721209
v -6.5674079 -7.38726033 15.86721209
v -4.70244807 -10.04658359 17.64911347
v -4.70244807 -7.25751701 15.74537482
v -6.5674079 -7.25751701 15.74537482
v -4.70244807 -10.03738996 17.64887305
v -4.70244807 -7.37096738 15.86618787
v -6.5674079 -7.37096738 15.86618787
v -4.70244807 -12.96296705 20.61742831
v -6.56740651 -9.01537155 20.73212524
v -6.5674079 -8.58119003 20.60370075
v -4.70244807 -10.0277141 17.64853674
v -4.81319544 -9.45390704 17.66521048
v -4.70244807 -7.35493082 15.86312912
v -6.5674079 -7.35493082 15.86312912
v -4.70244807 -10.01756505 17.64811288
v -4.70244807 -10.03747195 17.68909821
v -4.70244807 -7.25956336 15.76157189
v -4.70244807 -7.2636234 15.77738401
v -6.5674079 -7.2636234 15.77738401
v -6.5674079 -7.25956336 15.76157189
v -4.70244807 -12.96296705 20.63375323
v -4.70244807 -10.00693516 17.6475834
v -4.70244807 -7.33940428 15.85808447
v -6.5674079 -7.33940428 15.85808447
v -4.70244807 -7.2696332 15.79256382
v -6.5674079 -7.2696332 15.79256382
v -4.70244807 -7.32463306 15.85113175
v -6.5674079 -7.32463306 15.85113175
v -4.70244807 -9.99629207 17.64704141
v -4.70244807 -7.27749757 15.80687088
v -6.5674079 -7.27749757 15.80687088
v -4.81319544 -9.8993591 17.94028133
v -4.81319544 -9.98622709 18.04058504
v -4.70244807 -7.31084852 15.84238492
v -6.5674079 -7.31084852 15.84238492
v -4.70244807 -10.03015721 17.68546272
v -4.70244807 -7.28709421 15.82007868
v -6.5674079 -7.28709421 15.82007868
v -4.70244807 -7.29826887 15.83197877
v -6.5674079 -7.29826887 15.83197877
v -4.70244807 -9.98608812 17.64655363
v -4.70244807 -9.04911232 20.03544696
v -4.70244807 -10.02283483 17.68185782
v -4.70244807 -10.01551245 17.67829182
v -4.70244807 -10.00819771 17.6747703
v -4.70244807 -9.97631638 17.64612976
v -4.70244807 -10.00087533 17.67128073
v -6.5674079 -11.06399858 24.0854884
v -4.57900638 -7.46104907 15.26150144
v -6.5674079 -8.5785878 20.5935656
v -4.70244807 -9.99355364 17.66782731
v -4.70244807 -9.96698378 17.6457601
v -4.70244807 -10.14709297 17.8649257
v -4.57900638 -15.43734145 26.45696729
v -4.70244807 -9.98623752 17.66441696
v -4.70244807 -9.97891791 17.66104969
v -4.70244807 -9.95809033 17.64544325
v -4.70244807 -9.97159623 17.65770744
v -4.70244807 -13.8586365 25.0043535
v -6.5674079 -13.84273127 25.00738863
v -6.5674079 -13.85876852 25.00433127
v -4.70244807 -9.96428149 17.65441105
v -5.433489 -16.40982851 26.45696729
v -4.70244807 -9.94963673 17.64518337
v -4.70244807 -9.95695911 17.65115357
v -4.70244807 -12.95686066 20.66576381
v -4.70244807 -12.96092 20.6499503
v -4.70244807 -9.94963673 17.64792666
v -5.42474217 -16.39604397 26.45696729
v -4.70244807 -9.8993591 17.94028133
v -4.70244807 -9.98622709 18.04058504
v -5.4177891 -16.38127136 26.45696729
v -5.41274619 -16.36574552 26.45696729
v -6.5674079 -8.6081775 20.21122582
v -5.54285813 -8.6081775 20.21122721
v -5.56302144 -16.20571903 26.45696729
v -4.70244807 -12.62981327 20.90254954
v -4.70244807 -11.97935814 20.90254954
v -4.70244807 -12.95085156 20.68094222
v -5.40968709 -16.34970826 26.45696729
v -6.5674079 -13.98482494 25.20296251
v -6.5674079 -13.98159665 25.2074068
v -4.70244807 -13.98482494 25.20296251
v -5.54682506 -16.20367198 26.45696729
v -6.5674079 -13.97522761 25.21617031
v -5.40866114 -16.33341669 26.45696729
v -5.5304991 -16.20367198 26.45696729
v -5.40968709 -16.31712373 26.45696729
v -4.70244807 -8.94930405 19.35679323
v -4.70244807 -8.94930405 19.99331374
v -4.70244807 -8.33055445 15.69340662
v -5.51430098 -16.20571903 26.45696729
v -5.41274619 -16.30108648 26.45696729
v -5.49848886 -16.20977837 26.45696729
v -5.4177891 -16.28556064 26.45696729
v -5.48331115 -16.21578747 26.45696729
v -5.42474217 -16.27078802 26.45696729
v -5.46900408 -16.22365462 26.45696729
v -5.433489 -16.25700349 26.45696729
v -5.45579489 -16.23325057 26.45696729
v -5.4438948 -16.24442523 26.45696729
v -4.70244807 -9.8464049 17.68630628
v -6.5674079 -8.58249289 20.6140124
v -6.5674079 -8.58102049 20.65307854
v -6.5674079 -8.57773243 20.66588749
v -4.70244807 -12.93339124 20.7084557
v -4.70244807 -12.9429858 20.6952479
v -4.70244807 -11.87675446 20.55780419
v -4.70244807 -11.86715713 20.54459639
v -6.5674079 -11.86715713 20.54459639
v -6.5674079 -11.87675307 20.55780419
v -4.70244807 -9.45390704 17.66521048
v -6.5674079 -13.38871025 24.71368177
v -6.56740998 -12.80186631 25.51427422
v -6.5674079 -12.80186631 24.72960229
v -4.70244807 -11.88461744 20.57210987
v -6.5674079 -11.88461744 20.57210987
v -4.70244807 -11.82961828 20.51354193
v -4.70244807 -11.81484705 20.5065906
v -6.5674079 -11.81484705 20.5065906
v -6.5674079 -11.82961828 20.51354193
v -4.70244807 -11.89062794 20.58728967
v -6.5674079 -11.89062794 20.58728967
v -6.5674079 -8.56113096 20.70064414
v -6.5674079 -8.55409555 20.71032625
v -4.81319544 -12.31672274 22.52104049
v -4.81319544 -12.25516136 22.60332383
v -4.81319544 -12.32930934 22.53311012
v -4.81319544 -12.26049507 22.60806552
v -4.81319544 -12.34024775 22.54617201
v -4.81319544 -12.30248794 22.50996589
v -4.81319544 -12.2485255 22.59891706
v -4.81319544 -12.34952406 22.56012608
v -4.70244807 -11.79931982 20.50154595
v -6.5674079 -11.79931982 20.50154595
v -4.81319544 -12.28661328 22.49989189
v -4.81319544 -12.24059442 22.59486188
v -4.81319544 -12.26479761 22.61308932
v -4.81319544 -12.3571091 22.57483477
v -4.70244807 -13.86998209 25.26298686
v -6.5674079 -13.87506148 25.26330372
v -6.5674079 -13.85876852 25.26228089
v -4.81319544 -12.2690807 22.49081291
v -4.81319544 -12.23137092 22.59114302
v -4.81319544 -12.2683108 22.61832714
v -4.81319544 -12.36300703 22.59031197
v -4.81319544 -12.27104714 22.62376646
v -4.81319544 -12.36722063 22.60655768
v -4.81319544 -12.2499027 22.48272619
v -4.81319544 -12.22085221 22.58776741
v -4.70244807 -11.78328396 20.49848581
v -6.5674079 -11.78328396 20.49848581
v -6.5674079 -8.53891783 20.72577704
v -6.5674079 -8.53226182 20.73128308
v -4.81319544 -12.27300246 22.6294198
v -4.81319544 -12.36974295 22.6235719
v -4.81319544 -12.22912376 22.47577069
v -4.81319544 -12.20902855 22.58473368
v -4.70244807 -11.89673432 20.61929886
v -4.70244807 -11.89468728 20.60310179
v -6.5674079 -11.89468728 20.60310179
v -6.5674079 -11.89673432 20.61929886
v -4.81319544 -12.27417816 22.63528299
v -4.81319544 -12.37059206 22.6413449
v -4.81319544 -12.20676472 22.470084
v -4.81319544 -12.19566232 22.58212102
v -4.81319544 -12.27456172 22.64134768
v -4.81319544 -12.36974295 22.65892612
v -4.81319544 -12.18283252 22.46565499
v -4.81319544 -12.18047557 22.57997392
v -4.70244807 -11.89673432 20.63562378
v -6.5674079 -11.89673432 20.63562378
v -4.81319544 -12.27417816 22.64722338
v -4.81319544 -12.36722063 22.67579442
v -4.70244807 -12.90963554 20.73076332
v -4.70244807 -12.92221519 20.72035579
v -4.81319544 -12.1573369 22.46249618
v -4.81319544 -12.16348498 22.57830627
v -4.81319544 -12.27300246 22.65293786
v -4.81319544 -12.36300703 22.69195397
v -4.70244807 -11.89468728 20.65182085
v -6.5674079 -11.89468728 20.65182085
v -6.5674079 -8.51414487 20.74291078
v -6.56740998 -9.01536877 20.85533692
v -6.5674079 -8.50662237 20.74645037
v -6.5674079 -8.50151935 20.74885179
v -4.81319544 -12.27104714 22.65850226
v -4.81319544 -12.3571091 22.70739921
v -6.5674079 -12.73262957 20.54331647
v -4.81319544 -12.13026813 22.46060062
v -4.81319544 -12.12407002 22.57639959
v -4.81319544 -12.2683108 22.66391657
v -4.81319544 -12.34952406 22.72214403
v -6.5674079 -14.09239683 26.45696451
v -4.70244807 -11.89062794 20.66763297
v -6.5674079 -11.89062794 20.66763297
v -4.81319544 -12.1446822 22.57711251
v -4.81319544 -12.1016276 22.45996691
v -4.81319544 -12.10163733 22.57615917
v -4.81319544 -12.26479761 22.66918079
v -4.81319544 -12.34024775 22.73617454
v -4.70244807 -11.76549984 22.28122241
v -4.70244807 -11.90009603 22.12551375
v -4.81319544 -11.90009742 22.12551375
v -4.70244807 -12.895851 20.73951155
v -4.81319544 -12.26049507 22.67428381
v -4.81319544 -12.32930934 22.74935733
v -4.81319544 -12.07303988 22.46060062
v -4.81319544 -12.07924771 22.57639959
v -4.70244807 -7.27208534 16.16118716
v -6.5674079 -7.27208534 16.16118716
v -6.5674079 -7.27208534 15.95651624
v -4.70244807 -7.27208534 15.95651624
v -4.70244807 -11.88461883 20.68281138
v -6.5674079 -11.88461744 20.68281138
v -4.81319544 -12.31672274 22.76153814
v -4.81319544 -12.25516136 22.67915196
v -4.81319544 -12.04611008 22.46249618
v -4.81319544 -12.05871475 22.57711251
v -4.81319544 -12.2485255 22.68366435
v -4.81319544 -12.30248794 22.77272669
v -4.70244807 -11.87675446 20.69711845
v -6.5674079 -11.87675446 20.69711845
v -4.81319544 -12.24059442 22.68783765
v -4.81319544 -12.28661328 22.78291882
v -4.70244807 -9.38515392 20.03544696
v -4.81319544 -12.02085488 22.46565499
v -4.81319544 -12.04005233 22.57830627
v -4.81319544 -12.23137092 22.69167186
v -4.81319544 -12.2690807 22.79211592
v -4.81319544 -11.99726177 22.470084
v -4.81319544 -12.02325908 22.57997392
v -4.81319544 -12.22085221 22.69515864
v -4.81319544 -12.2499027 22.80031104
v -4.70244807 -9.01536947 20.03544696
v -4.81319544 -12.20902855 22.69830216
v -4.70244807 -12.88107978 20.74646288
v -4.81319544 -11.97533771 22.47577069
v -4.81319544 -12.00833359 22.58212102
v -4.81319544 -12.19566232 22.70103294
v -4.81319544 -12.22912376 22.80737216
v -4.81319544 -11.95507435 22.48272619
v -4.81319544 -11.99527449 22.58473368
v -4.70244807 -10.66829396 19.52579724
v -6.5674079 -10.66829396 19.52579724
v -4.81319544 -12.18047557 22.70326482
v -4.81319544 -12.20676472 22.81315057
v -4.70244807 -10.6778913 19.53900505
v -6.5674079 -10.6778913 19.53900505
v -4.70244807 -10.63075581 19.49474418
v -6.5674079 -10.63075581 19.49474418
v -4.70244807 -10.68575497 19.55331072
v -6.5674079 -10.68575497 19.55331072
v -4.70244807 -10.61598389 19.48779146
v -6.5674079 -10.61598389 19.48779146
v -4.81319544 -12.16348498 22.70499223
v -4.81319544 -12.18283252 22.81764073
v -4.70244807 -10.69176477 19.56849191
v -6.5674079 -10.69176477 19.56849191
v -4.81319544 -11.98380104 22.58776741
v -4.70244807 -10.60045735 19.48274681
v -6.5674079 -10.60045735 19.48274681
v -4.81319544 -11.97362558 22.59114302
v -4.70244807 -10.69582481 19.58430264
v -6.5674079 -10.69582481 19.58430264
v -4.81319544 -12.1446822 22.70623602
v -4.81319544 -12.1573369 22.82084818
v -4.81319544 -11.96473839 22.59486188
v -4.70244807 -10.58442149 19.47968667
v -6.5674079 -10.58442149 19.47968667
v -4.70244807 -8.90561435 20.21122721
v -4.81319544 -11.95715752 22.59891706
v -4.81319544 -11.95086353 22.60332383
v -4.70244807 -10.69787115 19.6005011
v -6.5674079 -10.69787115 19.6005011
v -4.81319544 -12.12407002 22.70697673
v -4.81319544 -12.13026813 22.82277154
v -4.81319544 -11.94586752 22.60806552
v -6.5674079 -13.38871303 26.45696451
v -6.5674079 -15.05598697 25.07074551
v -6.5674079 -15.06147632 25.08253581
v -6.5674079 -15.05892065 25.07608199
v -4.81319544 -11.94188739 22.61308932
v -4.70244807 -10.56812783 19.47866245
v -6.5674079 -10.56812783 19.47866245
v -4.81319544 -11.93862713 22.61832714
v -4.57900638 -6.90067285 14.80167978
v -4.57900638 -6.90067285 15.26150144
v -4.81319544 -11.93608813 22.62376646
v -4.81319544 -11.93645501 22.49081291
v -4.81319544 -11.83898632 22.65892612
v -4.70244807 -13.85876852 25.00433127
v -4.81319544 -12.10163733 22.7072241
v -4.81319544 -12.1016276 22.82341636
v -4.81319544 -11.93428429 22.6294198
v -4.70244807 -10.69787115 19.61682603
v -6.5674079 -10.69787115 19.61682603
v -4.81319544 -11.93319336 22.63528299
v -4.70244807 -13.84273127 25.00738863
v -4.81319544 -11.91944774 22.49989189
v -4.70244807 -10.55183418 19.47968667
v -6.5674079 -10.55183418 19.47968667
v -4.81319544 -12.07924771 22.70697673
v -4.81319544 -12.07302737 22.82277154
v -4.81319544 -11.90404003 22.50996589
v -4.81319544 -11.83817889 22.6413449
v -4.70244807 -10.69582481 19.6330231
v -6.5674079 -10.69582481 19.6330231
v -6.5674079 -12.82822355 20.75527642
v -4.70244807 -11.64936456 20.57210987
v -4.70244807 -11.64335337 20.58728967
v -6.5674079 -11.64335337 20.58728967
v -6.5674079 -11.64936456 20.57210987
v -4.81319544 -11.89024716 22.52104049
v -4.81319544 -12.05871475 22.70623602
v -4.81319544 -12.04607533 22.82084818
v -4.70244807 -10.53579832 19.48274681
v -6.5674079 -10.53579832 19.48274681
v -4.81319544 -12.04005233 22.70499223
v -4.81319544 -11.87806774 22.53311012
v -4.81319544 -11.90352167 22.77272669
v -4.81319544 -11.86748927 22.54617201
v -4.81319544 -12.02325908 22.70326482
v -4.81319544 -12.02076594 22.81764073
v -4.70244807 -10.52027178 19.48779146
v -6.5674079 -10.52027178 19.48779146
v -4.70244807 -13.975229 25.21617031
v -4.81319544 -11.84139885 22.67579442
v -4.81319544 -11.85853537 22.56012608
v -4.81319544 -12.00833359 22.70103294
v -4.81319544 -11.99711029 22.81315057
v -4.81319544 -11.84541928 22.69195397
v -4.81319544 -11.99527449 22.69830216
v -4.81319544 -11.9750959 22.80737216
v -4.81319544 -11.85120604 22.57483477
v -4.81319544 -11.85105317 22.70739921
v -6.5674079 -9.54378166 19.48772336
v -6.5674079 -9.54975116 19.48966201
v -4.81319544 -11.85829495 22.72214403
v -4.81319544 -11.98380104 22.69515864
v -4.81319544 -11.95473109 22.80031104
v -4.81319544 -11.86714323 22.73617454
v -4.81319544 -11.8776272 22.74935733
v -4.81319544 -11.88974964 22.76153814
v -4.70244807 -10.50549986 19.49474418
v -6.5674079 -10.50549986 19.49474418
v -4.81319544 -11.84550822 22.59031197
v -6.5674079 -9.53239716 19.48426854
v -6.5674079 -9.53422532 19.48461736
v -4.81319544 -11.93282926 22.64134768
v -4.81319544 -11.97362558 22.69167186
v -4.81319544 -11.93602003 22.79211592
v -4.70244807 -11.766991 20.75746243
v -4.70244807 -11.78328396 20.75643544
v -6.5674079 -11.78328396 20.75643544
v -6.5674079 -11.766991 20.75746243
v -4.81319544 -11.93319336 22.64722338
v -4.70244807 -8.94930405 20.21122582
v -4.81319544 -11.93428429 22.65293786
v -4.81319544 -11.96473839 22.68783765
v -4.81319544 -11.91895162 22.78291882
v -4.81319544 -11.93608813 22.65850226
v -4.81319544 -11.84144054 22.60655768
v -4.81319544 -11.93862713 22.66391657
v -4.81319544 -11.95715752 22.68366435
v -4.81319544 -11.94188739 22.66918079
v -4.81319544 -11.95086353 22.67915196
v -4.81319544 -11.94586752 22.67428381
v -4.70244807 -10.6778913 19.67832069
v -6.5674079 -10.6778913 19.67832069
v -4.81319544 -11.83899882 22.6235719
v -4.70244807 -11.75069665 20.75643544
v -6.5674079 -11.75069665 20.75643544
v -4.70244807 -10.49171533 19.50349101
v -6.5674079 -10.49171533 19.50349101
v -4.70244807 -11.65085155 20.2087841
v -6.5674079 -8.25104706 20.85534109
v -6.5674079 -8.42852136 20.8553397
v -6.5674079 -8.25104706 20.90254954
v -4.70244807 -10.66829535 19.69152849
v -6.5674079 -10.66829396 19.69152849
v -4.70244807 -11.73466079 20.75337668
v -6.5674079 -11.73466079 20.75337668
v -4.70244807 -10.47913637 19.51389716
v -6.5674079 -10.47913637 19.51389716
v -4.70244807 -11.71913495 20.74833343
v -6.5674079 -11.71913495 20.74833343
v -4.81319544 -9.8993591 18.18053022
v -4.70244807 -11.70436372 20.74138071
v -6.5674079 -11.70436372 20.74138071
v -4.70244807 -10.6571193 19.70342858
v -6.5674079 -10.6571193 19.70342858
v -4.70244807 -9.8993591 18.18053022
v -4.70244807 -11.69057919 20.73263387
v -6.5674079 -11.69057919 20.73263387
v -4.70244807 -10.46796171 19.52579724
v -6.5674079 -10.46796032 19.52579724
v -4.70244807 -13.87506148 25.26330372
v -6.5674079 -15.06850964 25.10520198
v -6.5674079 -15.07028986 25.11735638
v -6.5674079 -15.06899048 25.1070753
v -4.70244807 -13.85876852 25.26228089
v -6.5674079 -15.07103753 25.13008056
v -6.5674079 -15.07103753 25.12327098
v -4.70244807 -10.64454034 19.71383473
v -6.5674079 -10.64454034 19.71383473
v -6.5674079 -15.07059699 25.14308269
v -6.5674079 -15.07103753 25.1395973
v -4.70244807 -10.45836368 19.53900505
v -6.5674079 -10.45836368 19.53900505
v -4.70244807 -6.90067285 16.16118716
v -6.5674079 -15.06899048 25.15579576
v -4.70244807 -13.38871164 24.0854884
v -4.70244807 -10.63075581 19.72258156
v -6.5674079 -10.63075581 19.72258156
v -4.70244807 -10.4505 19.55331072
v -6.5674079 -10.4505 19.55331072
v -4.70244807 -11.06399858 20.19802357
v -6.5674079 -15.06118031 25.18108014
v -6.5674079 -15.06493114 25.1716051
v -4.70244807 -10.61598389 19.72953428
v -6.5674079 -10.61598389 19.72953428
v -6.5674079 -15.05568957 25.19266476
v -6.5674079 -15.05892065 25.18678629
v -4.70244807 -10.60045735 19.73457893
v -6.5674079 -10.60045735 19.73457893
v -6.5674079 -15.05105767 25.20109196
v -4.70244807 -10.4444909 19.56849191
v -4.70244807 -10.44043086 19.58430264
v -6.5674079 -10.44043086 19.58430264
v -6.5674079 -10.4444909 19.56849191
v -4.70244807 -9.01536877 20.73213219
v -4.70244807 -9.01536877 20.24356437
v -4.70244807 -10.72124608 20.03544419
v -6.5674079 -10.72124608 20.03544696
v -4.70244807 -11.06399858 20.03544419
v -4.70244807 -10.58442149 19.73763629
v -6.5674079 -10.58442149 19.73763629
v -6.5674079 -15.03485226 25.22133726
v -6.5674079 -15.04146033 25.21429977
v -4.70244807 -10.43838451 19.6005011
v -6.5674079 -10.43838451 19.6005011
v -6.5674079 -8.52990557 20.73323284
v -6.5674079 -8.52245811 20.73795785
v -4.70244807 -8.52990557 20.73323284
v -6.5674079 -8.51612103 20.74197967
v -4.70244807 -10.56812783 19.73866329
v -6.5674079 -10.56812783 19.73866329
v -6.5674079 -15.03028567 25.22620124
v -6.5674079 -11.86715713 20.71032764
v -6.5674079 -11.87289941 20.70242575
v -6.5674079 -11.97935814 20.73108574
v -4.70244807 -8.51612103 20.74197967
v -4.70244807 -10.43838451 19.61682603
v -6.5674079 -10.43838451 19.61682603
v -6.5674079 -8.50134981 20.748931
v -4.70244807 -10.55183418 19.73763629
v -6.5674079 -10.55183418 19.73763629
v -4.70244807 -10.44043086 19.6330231
v -6.5674079 -10.44043086 19.6330231
v -4.70244807 -10.53579832 19.73457893
v -6.5674079 -10.53579832 19.73457893
v -6.5674079 -9.45403906 19.48966201
v -4.70244807 -10.4444909 19.64883522
v -6.5674079 -10.4444909 19.64883522
v -4.70244807 -10.52027178 19.72953428
v -6.5674079 -10.52027178 19.72953428
v -4.70244807 -10.4505 19.66401363
v -6.5674079 -10.4505 19.66401363
v -4.70244807 -10.72124608 19.82810502
v -6.5674079 -10.72124608 19.82810502
v -4.70244807 -10.50549986 19.72258156
v -6.5674079 -10.50549986 19.72258156
v -6.5674079 -9.43354431 19.50024465
v -6.5674079 -9.43926714 19.49661334
v -4.70244807 -10.45836576 19.67832069
v -6.5674079 -10.45836576 19.67832069
v -4.70244807 -10.49171533 19.71383473
v -6.5674079 -10.49171533 19.71383473
v -5.62152718 -13.93415056 25.87089881
v -5.5386619 -13.83398305 25.87089881
v -5.63342727 -13.92297451 25.87089881
v -5.64383342 -13.91039625 25.87089881
v -4.70244807 -10.46796171 19.69152849
v -6.5674079 -10.46796171 19.69152849
v -5.60831799 -13.94374651 25.87089881
v -5.6525799 -13.89661171 25.87089881
v -4.70244807 -10.47913637 19.70342858
v -6.5674079 -10.47913637 19.70342858
v -5.59401336 -13.95161088 25.87089881
v -5.65953297 -13.88184049 25.87089881
v -5.57883494 -13.95762137 25.87089881
v -5.66457727 -13.86631326 25.87089881
v -5.56302144 -13.9616821 25.87089881
v -5.66763706 -13.85027739 25.87089881
v -6.5674079 -11.97935814 20.84872468
v -6.5674079 -11.84699104 20.72966406
v -6.5674079 -11.85598247 20.72222773
v -5.54682506 -13.96372776 25.87089881
v -5.66866128 -13.83398305 25.87089881
v -5.5304991 -13.96372776 25.87089881
v -5.66763706 -13.81769009 25.87089881
v -5.51430098 -13.9616821 25.87089881
v -6.5674079 -9.40600999 19.52310816
v -6.56740651 -11.06399927 24.60638782
v -5.66457727 -13.80165422 25.87089881
v -6.5674079 -11.97935814 20.84923054
v -6.5674079 -11.83701849 20.73668488
v -6.5674079 -11.84340281 20.73263387
v -4.70244807 -11.522031 22.40513312
v -4.70244807 -11.320719 22.64083349
v -4.81319544 -11.320719 22.64083349
v -5.49848886 -13.95762137 25.87089881
v -6.5674079 -11.66896503 24.72959673
v -5.65953297 -13.78612699 25.87089881
v -5.48331115 -13.95161088 25.87089881
v -6.5674079 -9.3977968 19.53307932
v -6.5674079 -9.4017276 19.52766779
v -4.70244807 -11.58924293 22.79654215
v -4.70244807 -11.45464605 22.64083349
v -4.81319544 -11.45464535 22.64083349
v -5.6525799 -13.77135577 25.87089881
v -5.46900408 -13.94374651 25.87089881
v -6.5674079 -9.55491115 19.72897562
v -6.5674079 -9.55620567 19.82810502
v -5.64383342 -13.75757123 25.87089881
v -4.70244807 -9.01536877 20.85534526
v -4.70244807 -9.01536877 20.73978254
v -5.45579489 -13.93415056 25.87089881
v -5.63342727 -13.74499297 25.87089881
v -6.5674079 -9.53372572 19.73654398
v -5.4438948 -13.92297451 25.87089881
v -5.62152718 -13.73381692 25.87089881
v -6.5674079 -11.97935814 20.85022835
v -6.5674079 -11.80690347 20.75091412
v -5.433489 -13.91039625 25.87089881
v -5.60831799 -13.72422097 25.87089881
v -4.70244807 -8.6081775 20.21122721
v -5.42474217 -13.89661171 25.87089881
v -6.5674079 -7.45219036 15.62475356
v -6.5674079 -11.79931982 20.75337807
v -5.59401336 -13.71635661 25.87089881
v -4.70244807 -9.7136605 19.34929157
v -6.5674079 -9.7136605 19.34929157
v -6.5674079 -10.36411563 19.34929157
v -4.70244807 -10.36411563 19.34929157
v -5.4177891 -13.88184049 25.87089881
v -6.5674079 -9.01536877 24.08548562
v -5.57883494 -13.71034611 25.87089881
v -5.41274619 -13.86631326 25.87089881
v -5.56302144 -13.70628538 25.87089881
v -5.40968709 -13.85027739 25.87089881
v -5.54682506 -13.70423972 25.87089881
v -5.73712708 -6.90067424 14.80167978
v -5.40866114 -13.83398305 25.87089881
v -5.5304991 -13.70423972 25.87089881
v -5.40968709 -13.81769009 25.87089881
v -5.51430098 -13.70628538 25.87089881
v -5.41274619 -13.80165422 25.87089881
v -5.49848886 -13.71034611 25.87089881
v -5.4177891 -13.78612699 25.87089881
v -5.48331115 -13.71635661 25.87089881
v -5.42474217 -13.77135438 25.87089881
v -5.46900408 -13.72422097 25.87089881
v -5.433489 -13.75757123 25.87089881
v -5.45579489 -13.73381692 25.87089881
v -5.4438948 -13.74499297 25.87089881
v -6.5674079 -9.48560146 19.73950823
v -6.5674079 -9.46105431 19.73368257
v -6.5674079 -9.46956559 19.73644809
v -6.5674079 -9.45403906 19.73140344
v -4.57900638 -14.09239544 26.45697006
v -6.5674079 -9.43926714 19.7244535
v -4.70244807 -6.31382613 15.28857577
v -4.70244807 -6.31382613 16.16118716
v -6.5674079 -15.096094 24.71368177
v -4.70244807 -15.096094 24.71368177
v -4.57900638 -6.31382613 14.80167978
v -4.57900638 -6.31382613 15.26150144
v -6.5674079 -11.06399858 24.72959673
v -6.5674079 -9.37215179 19.60237026
v -4.70244807 -11.06399858 20.11245218
v -6.5674079 -9.37299812 19.62539637
v -6.5674079 -9.37215179 19.61869658
v -4.70244807 -8.50134981 20.748931
v -6.5674079 -9.38197217 19.66008631
v -6.5674079 -9.38751225 19.67178628
v -6.5674079 -9.38426797 19.66588418
v -6.5674079 -7.60059123 20.85534387
v -6.5674079 -7.60059123 20.90254954
v -6.5674079 -6.90067424 20.85534526
v -6.5674079 -9.3942579 19.68311519
v -6.5674079 -9.39213304 19.68019124
v -6.5674079 -14.93653167 25.26113577
v -6.5674079 -14.92499986 25.26040756
v -4.57900638 -13.38871164 26.45697006
v -4.70244807 -11.06399858 20.85290354
v -6.5674079 -7.62497925 20.90254954
v -6.5674079 -10.69584009 24.47724208
v -6.5674079 -10.69736322 24.48929364
v -6.5674079 -10.69530853 24.52785254
v -6.5674079 -10.69204132 24.54057672
v -6.5674079 -7.44022913 15.85567749
v -6.5674079 -10.66793958 24.58472503
v -6.5674079 -10.66007938 24.59309386
v -6.5674079 -15.096094 24.9014427
v -4.70244807 -15.096094 24.9014427
v -6.5674079 -10.65248323 24.6000841
v -6.5674079 -10.64586682 24.60555678
v -5.4777742 -6.90067285 14.80167978
v -6.5674079 -10.62618644 24.61755275
v -6.5674079 -10.61847633 24.6211799
v -6.5674079 -10.61234285 24.62353684
v -6.5674079 -10.60855797 24.62476535
v -6.5674079 -10.60771581 24.62503773
v -6.5674079 -11.67799815 20.72222773
v -6.5674079 -11.6876872 20.73024218
v -6.5674079 -7.44154588 15.95651624
v -4.57900638 -12.80186631 25.51427978
v -4.70244807 -9.60206123 19.52766779
v -4.70244807 -9.59088658 19.51576632
v -6.5674079 -9.59088658 19.51576632
v -6.5674079 -9.60206123 19.52766779
v -4.70244807 -9.57830762 19.50536017
v -6.5674079 -9.57830762 19.50536017
v -4.70244807 -9.61165857 19.54087421
v -6.5674079 -9.61165857 19.54087421
v -4.70244807 -9.56452308 19.49661334
v -6.5674079 -9.56452308 19.49661334
v -4.70244807 -11.97935814 20.40475127
v -6.5674079 -11.97935814 20.40475127
v -4.70244807 -11.65085155 20.40475127
v -4.70244807 -9.61952224 19.55518127
v -6.5674079 -9.61952224 19.55518127
v -4.70244807 -9.62553205 19.57036107
v -6.5674079 -9.62553205 19.57036107
v -4.70244807 -9.62959208 19.58617458
v -6.5674079 -9.62959208 19.58617458
v -4.70244807 -9.63163843 19.60237026
v -6.5674079 -9.63163843 19.60237026
v -4.70244807 -9.51818876 19.48155861
v -4.70244807 -9.50189511 19.48053439
v -6.5674079 -9.50189511 19.48053439
v -6.5674079 -9.51818876 19.48155861
v -4.70244807 -9.63163843 19.61869658
v -6.5674079 -9.63163843 19.61869658
v -4.70244807 -9.48560146 19.48155861
v -6.5674079 -9.48560146 19.48155861
v -4.70244807 -9.62959208 19.63489226
v -6.5674079 -9.62959208 19.63489226
v -4.70244807 -9.46956559 19.48461736
v -6.5674079 -9.46956559 19.48461736
v -4.70244807 -15.04146033 25.04856852
v -4.70244807 -15.03028567 25.03666982
v -6.5674079 -15.03028567 25.03666982
v -6.5674079 -15.04146033 25.04856852
v -4.70244807 -15.01770602 25.02626367
v -6.5674079 -15.01770602 25.02626367
v -4.70244807 -15.05105767 25.06177632
v -6.5674079 -15.05105628 25.06177632
v -4.70244807 -15.00392287 25.01751406
v -6.5674079 -15.00392287 25.01751406
v -4.70244807 -14.98915026 25.01056273
v -6.5674079 -14.98915026 25.01056273
v -4.70244807 -7.51367322 15.76657763
v -4.70244807 -9.61952224 19.66588418
v -4.70244807 -9.62553205 19.65070576
v -6.5674079 -9.62553205 19.65070576
v -6.5674079 -9.61952224 19.66588418
v -4.70244807 -14.94129421 25.00143511
v -6.5674079 -14.94129421 25.00143511
v -4.70244807 -9.61165857 19.68019124
v -6.5674079 -9.61165857 19.68019124
v -4.70244807 -14.92499986 25.00245794
v -6.5674079 -14.92499986 25.00245794
v -4.70244807 -9.60206262 19.69339765
v -6.5674079 -9.60206123 19.69339765
v -4.70244807 -14.90896399 25.00551808
v -6.5674079 -14.90896399 25.00551808
v -6.5674079 -12.68813662 20.40475127
v -6.5674079 -12.62981327 20.40475127
v -4.70244807 -12.62981327 20.40475127
v -4.70244807 -12.80569913 20.40475127
v -4.70244807 -9.59088658 19.70529913
v -6.5674079 -9.59088658 19.70529913
v -4.70244807 -14.89343815 25.01056273
v -6.5674079 -14.89343815 25.01056273
v -6.5674079 -6.31382822 20.85534665
v -4.70244807 -9.57830762 19.71570667
v -6.5674079 -9.57830762 19.71570667
v -4.70244807 -14.87866554 25.01751406
v -6.5674079 -14.87866554 25.01751406
v -4.70244807 -9.56452308 19.7244535
v -6.5674079 -9.56452308 19.7244535
v -4.70244807 -14.86488239 25.02626367
v -6.5674079 -14.86488239 25.02626367
v -4.70244807 -9.39213165 19.54087421
v -4.70244807 -9.38426797 19.55518127
v -6.5674079 -9.38426797 19.55518127
v -6.5674079 -9.39213165 19.54087421
v -4.70244807 -9.37825817 19.57036107
v -6.5674079 -9.37825817 19.57036107
v -4.70244807 -9.37419814 19.58617458
v -6.5674079 -9.37419814 19.58617458
v -4.70244807 -14.83153075 25.06177632
v -6.5674079 -14.83153075 25.06177632
v -4.70244807 -9.50189511 19.74053245
v -4.70244807 -9.51818876 19.73950823
v -6.5674079 -9.51818876 19.73950823
v -6.5674079 -9.50189511 19.74053245
v -4.70244807 -15.00392287 25.24535422
v -4.70244807 -15.01770602 25.23660739
v -6.5674079 -15.01770602 25.23660739
v -6.5674079 -15.00392287 25.24535422
v -4.70244807 -14.82366638 25.07608199
v -6.5674079 -14.82366638 25.07608199
v -4.70244807 -11.73466079 20.50154595
v -4.70244807 -11.71913495 20.5065906
v -6.56740998 -8.56391177 25.51427422
v -4.70244807 -14.81765727 25.09126318
v -6.5674079 -14.81765727 25.09126318
v -4.70244807 -14.81359654 25.1070753
v -6.5674079 -14.81359654 25.1070753
v -4.70244807 -14.81155089 25.12327098
v -6.5674079 -14.81155089 25.12327098
v -4.70244807 -14.81155089 25.1395973
v -6.5674079 -14.81155089 25.1395973
v -4.70244807 -11.70436372 20.51354193
v -4.70244807 -11.69057919 20.52229015
v -6.5674079 -11.69057919 20.52229015
v -4.70244807 -14.81359654 25.15579576
v -6.5674079 -14.81359654 25.15579576
v -4.70244807 -11.86715852 20.71032764
v -4.70244807 -14.81765727 25.1716051
v -6.5674079 -14.81765727 25.1716051
v -4.70244807 -14.89343815 25.25230555
v -4.70244807 -14.90896399 25.2573502
v -6.5674079 -14.90896399 25.2573502
v -6.5674079 -14.89343815 25.25230555
v -4.70244807 -11.67799815 20.5326963
v -4.70244807 -14.82366638 25.18678629
v -6.5674079 -14.82366638 25.18678629
v -4.70244807 -14.83153213 25.20109196
v -6.5674079 -14.83153213 25.20109196
v -4.70244807 -14.86488239 25.23660739
v -4.70244807 -14.87866554 25.24535422
v -6.5674079 -14.87866554 25.24535422
v -6.5674079 -14.86488239 25.23660739
v -4.70244807 -14.84112808 25.21429977
v -6.5674079 -14.84112808 25.21429977
v -4.70244807 -14.85230274 25.22620124
v -6.5674079 -14.85230274 25.22620124
v -4.70244807 -7.25769073 15.7467562
v -4.57900638 -10.63758137 24.96340153
v -4.57900638 -12.80186631 24.96340153
v -4.70244807 -11.84340281 20.73263387
v -4.70244807 -11.85598247 20.72222773
v -6.5674079 -12.62981327 20.73223781
v -6.5674079 -9.01537086 24.72960507
v -4.70244807 -11.79931982 20.75337807
v -4.70244807 -11.63929403 20.60310179
v -4.70244807 -11.63724699 20.61929886
v -4.70244807 -11.63724699 20.63562378
v -4.70244807 -11.63929403 20.65182085
v -6.5674079 -6.90067424 20.21122721
v -6.5674079 -6.31382822 20.21122582
v -4.70244807 -11.64335337 20.66763297
v -4.70244807 -11.66682488 20.71032764
v -4.70244807 -11.67799815 20.72222773
v -4.57900638 -15.43734145 25.62625982
v -4.57900638 -17.34159706 25.62625982
v -4.70244807 -11.8910657 20.58899345
v -6.5674079 -15.06493114 25.09126318
v -6.5674079 -9.51818876 24.63232815
v -4.70244807 -9.53422532 24.62926801
v -6.5674079 -9.53422532 24.62926801
v -6.5674079 -9.50189511 24.63335376
v -4.70244807 -9.51818876 24.63232537
v -4.70244807 -12.68605205 22.26545893
v -4.70244807 -11.9869668 22.26545893
v -4.8131937 -11.9869668 22.26545893
v -4.8131937 -12.68605205 22.26545893
v -4.70244807 -12.68605205 23.01620665
v -4.81319544 -12.68605205 23.01620665
v -4.81319544 -12.57312839 22.36575986
v -4.81319544 -12.57312839 22.91590712
v -4.81319544 -11.90009742 22.36575986
v -6.5674079 -8.56922046 20.56925262
v -6.5674079 -8.57452776 20.58131392
v -6.5674079 -8.57112019 20.57270883
v -6.5674079 -8.57713069 20.58788724
v -6.5674079 -10.36411563 19.35679323
v -6.5674079 -10.36411563 19.82810502
v -4.70244807 -10.36411563 19.82810502
v -4.70244807 -8.94930474 20.03544419
v -4.70244807 -12.57312839 22.36575986
v -4.70244807 -12.57312839 22.91590712
v -6.5674079 -10.4916243 19.71375829
v -4.70244807 -11.9869668 21.86078096
v -4.8131937 -11.9869668 21.86078096
v -4.70244807 -11.90009603 22.36575986
v -4.70244807 -13.38871164 24.71368177
v -6.5674079 -8.58323707 20.62686722
v -6.5674079 -8.58323707 20.61989782
v -6.5674079 -8.58276318 20.63997496
v -6.5674079 -8.58323707 20.63622275
v -6.5674079 -8.58119003 20.65241981
v -4.70244807 -13.76000184 24.9014427
v -6.5674079 -13.76000184 24.9014427
v -6.5674079 -13.76000184 24.71368177
v -4.70244807 -13.76000184 24.71368177
v -6.5674079 -10.48450968 19.82810502
v -4.70244807 -9.01536947 20.04635897
v -6.5674079 -8.57317488 20.67822256
v -6.5674079 -8.57713069 20.66823193
v -4.70244807 -13.96405295 25.03853759
v -4.70244807 -13.95147329 25.02813144
v -6.5674079 -13.95147329 25.02813144
v -6.5674079 -13.96405295 25.03853759
v -4.70244807 -13.98482494 25.06364687
v -4.70244807 -13.97522761 25.05043906
v -6.5674079 -13.97522761 25.05043906
v -6.5674079 -13.98482355 25.06364687
v -4.70244807 -13.93768876 25.01938461
v -6.5674079 -13.93768876 25.01938461
v -4.70244807 -12.32930934 22.53311012
v -4.70244807 -12.31672274 22.52104049
v -6.5674079 -8.56756601 20.68987667
v -6.5674079 -8.57112019 20.68341035
v -4.70244807 -12.34024775 22.54617201
v -4.70244807 -13.99268792 25.07795254
v -6.5674079 -13.99268792 25.07795254
v -4.70244807 -12.30248794 22.50996589
v -4.70244807 -12.34952406 22.56012608
v -4.70244807 -13.92291753 25.01243328
v -6.5674079 -13.92291753 25.01243328
v -4.70244807 -12.28661328 22.49989189
v -4.70244807 -13.99869842 25.09313373
v -6.5674079 -13.99869842 25.09313373
v -4.70244807 -12.3571091 22.57483477
v -4.70244807 -12.2690807 22.49081291
v -4.70244807 -13.9073903 25.00738863
v -6.5674079 -13.9073903 25.00738863
v -6.5674079 -8.56325652 20.69771741
v -4.70244807 -12.36300703 22.59031197
v -4.70244807 -14.00275776 25.10894307
v -6.5674079 -14.00275776 25.10894307
v -4.70244807 -12.2499027 22.48272619
v -4.70244807 -13.89135444 25.00433127
v -6.5674079 -13.89135444 25.00433127
v -4.70244807 -12.36722063 22.60655768
v -4.70244807 -14.0048048 25.12514153
v -6.5674079 -14.0048048 25.12514153
v -4.70244807 -12.22912376 22.47577069
v -6.5674079 -8.54631804 20.71874233
v -6.5674079 -8.55365988 20.71092382
v -4.70244807 -13.87506148 25.00330288
v -6.5674079 -13.87506148 25.00330288
v -4.70244807 -12.36974295 22.6235719
v -4.70244807 -14.0048048 25.14146785
v -6.5674079 -14.0048048 25.14146785
v -6.5674079 -8.54248453 20.72282669
v -4.70244807 -12.20676472 22.470084
v -4.70244807 -12.37059206 22.6413449
v -4.70244807 -14.00275776 25.15766353
v -6.5674079 -14.00275776 25.15766353
v -4.70244807 -9.50189511 24.63335376
v -4.70244807 -12.18283252 22.46565499
v -4.70244807 -12.36974295 22.65892612
v -4.70244807 -13.99869842 25.17347843
v -6.5674079 -13.99869842 25.17347843
v -4.70244807 -12.1573369 22.46249618
v -4.70244807 -13.82720543 25.01243328
v -6.5674079 -13.82720543 25.01243328
v -4.70244807 -12.36722063 22.67579442
v -4.70244807 -13.99268931 25.18865684
v -6.5674079 -13.99268792 25.18865684
v -4.70244807 -12.13026813 22.46060062
v -4.70244807 -12.36300703 22.69195397
v -4.70244807 -13.81243281 25.01938461
v -6.5674079 -13.81243281 25.01938461
v -6.5674079 -8.49819794 20.74995522
v -4.70244807 -8.94930474 20.20031381
v -4.70244807 -12.3571091 22.70739921
v -4.70244807 -13.79864967 25.02813144
v -6.5674079 -13.79864967 25.02813144
v -4.70244807 -12.1016276 22.45996691
v -4.70244807 -12.25516136 22.60332383
v -4.70244807 -12.26049507 22.60806552
v -4.70244807 -12.26479761 22.61308932
v -4.70244807 -12.2683108 22.61832714
v -4.70244807 -12.2485255 22.59891706
v -4.70244807 -12.27104714 22.62376646
v -4.70244807 -12.24059442 22.59486188
v -4.70244807 -12.27300246 22.6294198
v -4.70244807 -12.23137092 22.59114302
v -4.70244807 -12.27417816 22.63528299
v -4.60244905 -17.34159706 25.62625982
v -4.70244807 -17.34159706 25.62625982
v -4.70244807 -13.40060478 25.62625982
v -4.60244905 -13.40060478 25.62625982
v -4.70244807 -12.34952406 22.72214403
v -4.70244807 -12.22085221 22.58776741
v -4.70244807 -13.78607002 25.03853759
v -6.5674079 -13.78607002 25.03853759
v -4.70244807 -12.27456172 22.64134768
v -4.70244807 -12.27417816 22.64722338
v -4.70244807 -12.20902855 22.58473368
v -4.70244807 -12.07303988 22.46060062
v -4.70244807 -13.96405295 25.22806901
v -6.5674079 -13.96405295 25.22806901
v -4.70244807 -12.27300246 22.65293786
v -4.70244807 -12.19566232 22.58212102
v -4.70244807 -12.27104714 22.65850226
v -4.70244807 -12.34024775 22.73617454
v -4.70244807 -13.77489536 25.05043906
v -6.5674079 -13.77489536 25.05043906
v -4.70244807 -12.2683108 22.66391657
v -4.70244807 -12.18047557 22.57997392
v -4.70244807 -13.95147329 25.23847516
v -6.5674079 -13.95147329 25.23847516
v -4.70244807 -12.26479761 22.66918079
v -4.70244807 -12.04611008 22.46249618
v -4.70244807 -12.16348498 22.57830627
v -4.70244807 -12.32930934 22.74935733
v -4.70244807 -12.26049507 22.67428381
v -4.70244807 -13.76529802 25.06364687
v -6.5674079 -13.76529802 25.06364687
v -4.70244807 -12.25516136 22.67915196
v -4.70244807 -13.93768876 25.24722477
v -6.5674079 -13.93768876 25.24722477
v -4.70244807 -12.1446822 22.57711251
v -4.70244807 -12.2485255 22.68366435
v -4.70244807 -12.02085488 22.46565499
v -4.70244807 -12.31672274 22.76153814
v -4.70244807 -12.24059442 22.68783765
v -4.70244807 -12.12407002 22.57639959
v -4.70244807 -13.92291753 25.2541761
v -6.5674079 -13.92291753 25.2541761
v -4.70244807 -12.23137092 22.69167186
v -4.70244807 -13.75743365 25.07795254
v -4.70244807 -13.75142455 25.09313373
v -6.5674079 -13.75142455 25.09313373
v -6.5674079 -13.75743365 25.07795254
v -4.70244807 -9.01536947 20.21122721
v -4.70244807 -12.30248794 22.77272669
v -4.70244807 -11.99726177 22.470084
v -4.70244807 -12.10163733 22.57615917
v -4.70244807 -13.9073903 25.25922075
v -6.5674079 -13.9073903 25.25922075
v -4.70244807 -12.22085221 22.69515864
v -4.70244807 -13.74736381 25.10894307
v -6.5674079 -13.74736381 25.10894307
v -4.70244807 -12.20902855 22.69830216
v -4.70244807 -12.28661328 22.78291882
v -4.70244807 -10.44806523 19.55946436
v -4.70244807 -13.89135444 25.26228089
v -6.5674079 -13.89135444 25.26228089
v -4.70244807 -12.07924771 22.57639959
v -4.70244807 -11.97533771 22.47577069
v -4.70244807 -13.74531816 25.12514153
v -6.5674079 -13.74531816 25.12514153
v -4.70244807 -12.19566232 22.70103294
v -4.70244807 -12.05871475 22.57711251
v -4.70244807 -12.2690807 22.79211592
v -4.70244807 -13.74531816 25.14146785
v -6.5674079 -13.74531816 25.14146785
v -4.70244807 -11.95507435 22.48272619
v -4.70244807 -12.18047557 22.70326482
v -4.70244807 -13.74736381 25.15766353
v -6.5674079 -13.74736381 25.15766353
v -4.70244807 -11.06399858 24.08548562
v -4.70244807 -12.04005233 22.57830627
v -4.70244807 -12.16348498 22.70499223
v -4.70244807 -13.84273127 25.25922075
v -6.5674079 -13.84273127 25.25922075
v -4.70244807 -12.2499027 22.80031104
v -4.70244807 -13.75142455 25.17347843
v -6.5674079 -13.75142455 25.17347843
v -4.70244807 -11.93645501 22.49081291
v -4.70244807 -13.82720543 25.2541761
v -6.5674079 -13.82720543 25.2541761
v -4.70244807 -12.02325908 22.57997392
v -4.57900638 -8.56390968 25.51427422
v -4.70244807 -13.75743365 25.18865684
v -6.5674079 -13.75743365 25.18865684
v -4.70244807 -12.1446822 22.70623602
v -4.70244807 -13.81243281 25.24722477
v -6.5674079 -13.81243281 25.24722477
v -4.70244807 -13.76529941 25.20296251
v -6.5674079 -13.76529941 25.20296251
v -4.70244807 -13.79864967 25.23847516
v -6.5674079 -13.79864967 25.23847516
v -4.70244807 -13.77489536 25.21617031
v -6.5674079 -13.77489536 25.21617031
v -4.70244807 -13.78607002 25.22806901
v -6.5674079 -13.78607002 25.22806901
v -4.70244807 -12.22912376 22.80737216
v -4.70244807 -12.00833359 22.58212102
v -4.70244807 -11.91944774 22.49989189
v -4.70244807 -12.12407002 22.70697673
v -4.70244807 -11.99527449 22.58473368
v -4.70244807 -12.20676472 22.81315057
v -4.70244807 -11.90404003 22.50996589
v -4.70244807 -12.10163733 22.7072241
v -4.70244807 -11.98380104 22.58776741
v -4.70244807 -11.97362558 22.59114302
v -4.70244807 -12.07924771 22.70697673
v -4.70244807 -11.89024716 22.52104049
v -4.70244807 -12.18283252 22.81764073
v -4.70244807 -11.96473839 22.59486188
v -4.81319544 -11.90009742 22.91590712
v -4.81319544 -11.9869668 23.01620665
v -4.70244807 -11.95715752 22.59891706
v -4.70244807 -12.05871475 22.70623602
v -4.70244807 -11.87806774 22.53311012
v -4.70244807 -11.95086353 22.60332383
v -4.70244807 -12.1573369 22.82084818
v -4.70244807 -12.04005233 22.70499223
v -4.70244807 -11.94586752 22.60806552
v -4.70244807 -11.94188739 22.61308932
v -4.70244807 -11.86748927 22.54617201
v -4.70244807 -12.02325908 22.70326482
v -4.70244807 -11.93862713 22.61832714
v -4.70244807 -12.13026813 22.82277154
v -4.70244807 -11.90009742 22.91590712
v -4.70244807 -11.9869668 23.01620665
v -4.70244807 -11.93608813 22.62376646
v -4.70244807 -12.00833359 22.70103294
v -4.70244807 -11.85853537 22.56012608
v -4.70244807 -11.93428429 22.6294198
v -4.70244807 -11.99527449 22.69830216
v -4.70244807 -11.93319336 22.63528299
v -4.70244807 -11.93282926 22.64134768
v -4.70244807 -12.1016276 22.82341636
v -4.70244807 -11.98380104 22.69515864
v -4.70244807 -11.93319336 22.64722338
v -4.70244807 -11.85120604 22.57483477
v -4.70244807 -11.97362558 22.69167186
v -4.70244807 -11.93428429 22.65293786
v -4.70244807 -9.01536947 20.11245218
v -4.70244807 -11.93608813 22.65850226
v -4.70244807 -11.96473839 22.68783765
v -4.70244807 -11.93862713 22.66391657
v -4.70244807 -11.95715752 22.68366435
v -4.70244807 -11.94188739 22.66918079
v -4.70244807 -11.95086353 22.67915196
v -4.70244807 -11.94586752 22.67428381
v -4.70244807 -11.84550822 22.59031197
v -4.70244807 -8.94930474 20.11245218
v -4.70244807 -12.07302737 22.82277154
v -4.70244807 -11.84144054 22.60655768
v -4.70244807 -12.04607533 22.82084818
v -4.70244807 -11.83899882 22.6235719
v -4.70244807 -12.02076594 22.81764073
v -4.70244807 -11.83817889 22.6413449
v -4.70244807 -11.99711029 22.81315057
v -4.70244807 -11.83898632 22.65892612
v -4.70244807 -11.9750959 22.80737216
v -4.70244807 -11.84139885 22.67579442
v -4.70244807 -11.95473109 22.80031104
v -4.70244807 -11.84541928 22.69195397
v -4.70244807 -11.93602003 22.79211592
v -4.70244807 -11.85105317 22.70739921
v -4.70244807 -11.91895162 22.78291882
v -4.70244807 -11.85829495 22.72214403
v -4.70244807 -11.86714323 22.73617454
v -4.70244807 -11.90352167 22.77272669
v -4.70244807 -11.8776272 22.74935733
v -4.70244807 -11.88974964 22.76153814
v -4.70244807 -9.7136605 19.82810502
v -6.5674079 -9.7136605 19.82810502
v -6.5674079 -9.7136605 19.35679323
v -4.70244807 -11.766991 20.4974616
v -4.70244807 -11.75069665 20.49848581
v -4.70244807 -8.55365988 20.54519535
v -4.70244807 -8.54248453 20.53329527
v -6.5674079 -8.54248453 20.53329527
v -6.5674079 -8.55365988 20.54519535
v -4.70244807 -8.52990557 20.52288912
v -6.5674079 -8.52990557 20.52288912
v -4.70244807 -8.51612103 20.51413951
v -6.5674079 -8.51612103 20.51413951
v -4.70244807 -8.50134981 20.50718957
v -6.5674079 -8.50134981 20.50718957
v -4.81319544 -11.90009742 23.15615323
v -4.8131937 -11.9869668 23.42089019
v -4.70244807 -8.48582258 20.50214353
v -6.5674079 -8.48582258 20.50214353
v -4.70244807 -11.90009742 23.15615323
v -4.70244807 -8.46978671 20.49908478
v -6.5674079 -8.46978671 20.49908478
v -4.70244807 -8.45349306 20.49806056
v -6.5674079 -8.45349306 20.49806056
v -4.70244807 -8.4371994 20.49908478
v -6.5674079 -8.4371994 20.49908478
v -4.70244807 -8.42116354 20.50214353
v -6.5674079 -8.42116354 20.50214353
v -4.70244807 -9.54975116 19.48966201
v -4.70244807 -9.53422532 19.48461736
v -4.70244807 -8.40563701 20.50718957
v -6.5674079 -8.40563701 20.50718957
v -4.70244807 -11.9869668 23.42089019
v -4.70244807 -8.39086578 20.51413951
v -6.5674079 -8.39086578 20.51413951
v -4.70244807 -8.37708125 20.52288912
v -6.5674079 -8.37708125 20.52288912
v -4.70244807 -8.36450229 20.53329527
v -6.5674079 -8.36450229 20.53329527
v -6.5674079 -14.7938974 24.9014427
v -6.5674079 -14.73896494 24.9014427
v -4.70244807 -14.73896494 24.9014427
v -4.70244807 -8.35332693 20.54519535
v -6.5674079 -8.35332693 20.54519535
v -4.70244807 -15.05892065 25.07608199
v -4.70244807 -15.06493114 25.09126318
v -4.70244807 -11.66682488 20.54459639
v -4.70244807 -15.06899048 25.1070753
v -4.70244807 -8.34373029 20.55840316
v -4.70244807 -8.33586592 20.57270883
v -6.5674079 -8.33586592 20.57270883
v -6.5674079 -8.34373029 20.55840316
v -4.70244807 -15.07103753 25.12327098
v -5.63342727 -13.92297451 26.45696729
v -5.62152718 -13.93415056 26.45696729
v -5.64383342 -13.91039625 26.45696729
v -5.60831799 -13.94374651 26.45696729
v -5.6525799 -13.89661171 26.45696729
v -4.70244807 -8.32985612 20.58788724
v -6.5674079 -8.32985612 20.58788724
v -5.59401336 -13.95161088 26.45696729
v -5.65953297 -13.88184049 26.45696729
v -4.70244807 -11.65722893 20.55780419
v -5.57883494 -13.95762137 26.45696729
v -4.70244807 -15.07103753 25.1395973
v -5.66457727 -13.86631326 26.45696729
v -4.70244807 -8.32579609 20.60370075
v -6.5674079 -8.32579609 20.60370075
v -5.56302144 -13.9616821 26.45696729
v -4.70244807 -9.43926714 19.49661334
v -5.66763706 -13.85027739 26.45696729
v -4.70244807 -8.46978671 20.7570344
v -4.70244807 -8.48582258 20.75397565
v -6.5674079 -8.48582258 20.75397565
v -6.5674079 -8.46978671 20.7570344
v -5.54682506 -13.96372776 26.45696729
v -4.70244807 -15.06899048 25.15579576
v -4.70244807 -8.32374974 20.61989782
v -6.5674079 -8.32374974 20.61989782
v -5.66866128 -13.83398305 26.45696729
v -4.70244807 -8.45349306 20.7580614
v -6.5674079 -8.45349306 20.7580614
v -5.5304991 -13.96372776 26.45696729
v -4.70244807 -8.32374974 20.63622275
v -6.5674079 -8.32374974 20.63622275
v -5.66763706 -13.81769009 26.45696729
v -5.51430098 -13.9616821 26.45696729
v -4.70244807 -8.32579609 20.65241981
v -6.5674079 -8.32579609 20.65241981
v -5.66457727 -13.80165422 26.45696729
v -4.70244807 -8.42116354 20.75397565
v -4.70244807 -8.4371994 20.7570344
v -6.5674079 -8.4371994 20.7570344
v -6.5674079 -8.42116354 20.75397565
v -4.70244807 -8.32985612 20.66823193
v -6.5674079 -8.32985612 20.66823193
v -4.57900638 -14.09239544 25.62625982
v -5.49848886 -13.95762137 26.45696729
v -4.70244807 -8.40563701 20.748931
v -6.5674079 -8.40563701 20.748931
v -5.65953297 -13.78612699 26.45696729
v -4.70244807 -9.40172899 19.52766779
v -4.70244807 -8.39086578 20.74197967
v -6.5674079 -8.39086578 20.74197967
v -4.70244807 -15.05892204 25.18678629
v -4.70244807 -15.06493114 25.1716051
v -4.70244807 -8.33586592 20.68341035
v -4.70244807 -8.34373099 20.69771741
v -6.5674079 -8.34373099 20.69771741
v -6.5674079 -8.33586592 20.68341035
v -5.48331115 -13.95161088 26.45696729
v -4.70244807 -8.37708125 20.73323284
v -6.5674079 -8.37708125 20.73323284
v -4.70244807 -8.35332693 20.71092382
v -6.5674079 -8.35332693 20.71092382
v -4.70244807 -8.36450229 20.72282669
v -6.5674079 -8.36450229 20.72282669
v -5.6525799 -13.77135577 26.45696729
v -5.46900408 -13.94374651 26.45696729
v -4.57900638 -8.29785944 24.96340153
v -4.57900638 -8.88085597 24.96340153
v -4.70244807 -15.05105767 25.20109196
v -5.64383342 -13.75757123 26.45696729
v -5.45579489 -13.93415056 26.45696729
v -5.63342727 -13.74499297 26.45696729
v -5.4438948 -13.92297451 26.45696729
v -5.62152718 -13.73381692 26.45696729
v -5.433489 -13.91039625 26.45696729
v -4.70244807 -15.03028567 25.22620124
v -4.70244807 -15.04146172 25.21429977
v -5.60831799 -13.72422097 26.45696729
v -5.42474217 -13.89661171 26.45696729
v -5.59401336 -13.71635661 26.45696729
v -5.4177891 -13.88184049 26.45696729
v -5.57883494 -13.71034611 26.45696729
v -5.41274619 -13.86631326 26.45696729
v -5.56302144 -13.70628538 26.45696729
v -5.40968709 -13.85027739 26.45696729
v -5.54682506 -13.70423972 26.45696729
v -5.40866114 -13.83398305 26.45696729
v -5.5304991 -13.70423972 26.45696729
v -4.70244807 -9.37215179 19.61869658
v -5.40968709 -13.81769009 26.45696729
v -5.51430098 -13.70628538 26.45696729
v -5.41274619 -13.80165422 26.45696729
v -5.49848886 -13.71034611 26.45696729
v -4.70244807 -9.45403906 19.73140344
v -4.70244807 -9.46956559 19.73644809
v -5.4177891 -13.78612699 26.45696729
v -5.48331115 -13.71635661 26.45696729
v -4.70244807 -9.38426797 19.66588418
v -4.70244807 -9.38515392 19.82810502
v -5.42474217 -13.77135438 26.45696729
v -5.46900408 -13.72422097 26.45696729
v -5.433489 -13.75757123 26.45696729
v -5.45579489 -13.73381692 26.45696729
v -4.70244807 -9.39213304 19.68019124
v -5.4438948 -13.74499297 26.45696729
v -4.70244807 -9.4254826 19.71570667
v -4.70244807 -9.43926714 19.7244535
v -6.5674079 -10.68339941 24.44184617
v -6.5674079 -10.68876091 24.45372263
v -6.5674079 -10.68575497 24.44613203
v -6.5674079 -14.88625335 25.24892578
v -6.5674079 -14.86233784 25.23450059
v -4.70244807 -9.62815095 19.64050668
v -6.5674079 -10.69787115 24.50193444
v -6.5674079 -10.69787115 24.49331824
v -6.5674079 -10.69721035 24.5148782
v -6.5674079 -10.69787115 24.50964456
v -6.5674079 -10.69582481 24.52584024
v -6.5674079 -14.73896494 25.2371188
v -6.5674079 -14.73896494 25.39924237
v -4.70244807 -14.73896494 25.39924237
v -6.5674079 -10.68734688 24.55281451
v -6.5674079 -10.69176477 24.54165513
v -6.5674079 -10.68160182 24.56438801
v -6.5674079 -10.68575497 24.55683355
v -6.5674079 -10.67501946 24.57509156
v -6.5674079 -10.6778913 24.57113922
v -6.5674079 -10.66829396 24.58434702
v -6.5674079 -10.6571193 24.5962485
v -6.5674079 -10.63510213 24.61264152
v -6.5674079 -10.63075581 24.61540148
v -6.5674079 -10.61598389 24.62235281
v -4.70244807 -7.27208534 20.40475127
v -6.5674079 -7.27208534 20.40475127
v -6.5674079 -7.27208534 20.21122721
v -4.70244807 -7.27208534 20.21122721
v -4.70244807 -7.4762525 20.53516443
v -4.70244807 -7.46367354 20.52475828
v -6.5674079 -7.46367354 20.52475828
v -6.5674079 -7.4762525 20.53516443
v -4.70244807 -7.4970231 20.56027232
v -4.70244807 -7.48742715 20.5470659
v -6.5674079 -7.48742715 20.5470659
v -6.5674079 -7.4970231 20.56027232
v -4.70244807 -7.44988831 20.51601006
v -6.5674079 -7.44988831 20.51601006
v -4.70244807 -7.50488816 20.57457938
v -6.5674079 -7.50488816 20.57457938
v -4.70244807 -7.43511708 20.50906012
v -6.5674079 -7.43511708 20.50906012
v -4.70244807 -7.51089796 20.58975779
v -6.5674079 -7.51089796 20.58975779
v -4.70244807 -7.41958985 20.50401547
v -6.5674079 -7.41958985 20.50401547
v -4.70244807 -7.40355399 20.50095533
v -6.5674079 -7.40355399 20.50095533
v -4.70244807 -7.51700435 20.62176698
v -4.70244807 -7.514958 20.60556991
v -6.5674079 -7.514958 20.60556991
v -6.5674079 -7.51700435 20.62176698
v -4.70244807 -7.38726033 20.49992972
v -6.5674079 -7.38726033 20.49992972
v -4.70244807 -7.51700435 20.63809191
v -6.5674079 -7.51700435 20.63809191
v -4.70244807 -7.37096738 20.50095533
v -6.5674079 -7.37096738 20.50095533
v -4.70244807 -6.90067285 20.21122721
v -4.70244807 -7.514958 20.65428897
v -6.5674079 -7.514958 20.65428897
v -4.70244807 -7.35493082 20.50401547
v -6.5674079 -7.35493082 20.50401547
v -4.70244807 -7.51089796 20.67010387
v -6.5674079 -7.51089796 20.67010387
v -4.70244807 -7.33940428 20.50906012
v -6.5674079 -7.33940428 20.50906012
v -4.70244807 -7.50488816 20.68528229
v -6.5674079 -7.50488816 20.68528229
v -4.70244807 -12.80569913 24.96340153
v -4.60244905 -12.80569913 24.96340153
v -4.70244807 -7.32463306 20.51601006
v -6.5674079 -7.32463236 20.51601006
v -4.70244807 -7.4970231 20.69958657
v -6.5674079 -7.4970231 20.69958657
v -6.5674079 -10.72124608 24.0854884
v -4.70244807 -10.72124608 24.08548562
v -4.70244807 -7.31084852 20.52475828
v -6.5674079 -7.31084852 20.52475828
v -6.5674079 -10.49627705 24.60954802
v -6.5674079 -10.36411563 24.60895601
v -6.5674079 -10.49123796 24.60625997
v -6.5674079 -10.49171533 24.60665465
v -4.70244807 -7.29826887 20.53516443
v -6.5674079 -7.29826887 20.53516443
v -4.70244807 -7.4762525 20.72469585
v -4.70244807 -7.48742715 20.71279576
v -6.5674079 -7.48742715 20.71279576
v -6.5674079 -7.4762525 20.72469585
v -4.70244807 -7.28709421 20.5470659
v -6.5674079 -7.28709421 20.5470659
v -4.70244807 -7.46367354 20.735102
v -6.5674079 -7.46367354 20.735102
v -4.70244807 -7.27749757 20.56027232
v -6.5674079 -7.27749757 20.56027232
v -4.70244807 -7.449889 20.74385161
v -6.5674079 -7.44988831 20.74385161
v -4.70244807 -7.43511708 20.75080155
v -6.5674079 -7.43511708 20.75080155
v -4.70244807 -7.2696332 20.57457938
v -4.70244807 -7.2636234 20.58975779
v -6.5674079 -7.2636234 20.58975779
v -6.5674079 -7.2696332 20.57457938
v -4.70244807 -7.41958985 20.7558462
v -6.5674079 -7.41958985 20.7558462
v -4.70244807 -7.25956336 20.60556991
v -6.5674079 -7.25956336 20.60556991
v -4.70244807 -7.40355399 20.75890634
v -6.5674079 -7.40355399 20.75890634
v -4.70244807 -7.25751701 20.62176698
v -6.5674079 -7.25751701 20.62176698
v -4.70244807 -7.38726033 20.75993056
v -6.5674079 -7.38726033 20.75993056
v -4.70244807 -7.25751701 20.63809191
v -6.5674079 -7.25751701 20.63809191
v -4.70244807 -7.37096738 20.75890634
v -6.5674079 -7.37096738 20.75890634
v -4.70244807 -7.25956336 20.65428897
v -6.5674079 -7.25956336 20.65428897
v -4.70244807 -7.35493082 20.7558462
v -6.5674079 -7.35493082 20.7558462
v -4.70244807 -7.2636234 20.67010387
v -6.5674079 -7.2636234 20.67010387
v -4.70244807 -7.33940428 20.75080155
v -6.5674079 -7.33940428 20.75080155
v -4.70244807 -7.2696332 20.68528229
v -6.5674079 -7.2696332 20.68528229
v -4.70244807 -7.32463306 20.74385161
v -6.5674079 -7.32463306 20.74385161
v -4.70244807 -7.27749757 20.69958657
v -6.5674079 -7.27749757 20.69958657
v -4.70244807 -7.31084852 20.735102
v -6.5674079 -7.31084852 20.735102
v -4.70244807 -7.28709421 20.71279576
v -6.5674079 -7.28709421 20.71279576
v -4.70244807 -7.29826887 20.72469585
v -6.5674079 -7.29826887 20.72469585
v -4.70244807 -9.01536877 24.08548562
v -6.5674079 -10.72124608 24.27634005
v -4.70244807 -10.72124608 24.27634005
v -6.5674079 -8.55399271 20.54565257
v -6.5674079 -8.56325513 20.55840316
v -4.70244807 -14.08850842 24.9014427
v -6.5674079 -14.08850842 24.9014427
v -6.5674079 -14.02101299 24.9014427
v -4.70244807 -10.66829396 24.41861855
v -4.70244807 -10.6571193 24.40671708
v -6.5674079 -10.6571193 24.40671708
v -6.5674079 -10.66829396 24.41861855
v -4.70244807 -10.64454034 24.39630815
v -6.5674079 -10.64454034 24.39630815
v -4.70244807 -10.6778913 24.43182358
v -6.5674079 -10.6778913 24.43182358
v -4.70244807 -10.63075581 24.38756132
v -6.5674079 -10.63075581 24.38756132
v -4.70244807 -10.61598389 24.38061277
v -6.5674079 -10.61598389 24.38061277
v -4.70244807 -10.60045735 24.37556534
v -6.5674079 -10.60045735 24.37556534
v -4.70244807 -10.69582481 24.47712256
v -4.70244807 -10.69176477 24.46131044
v -6.5674079 -10.69176477 24.46131044
v -6.5674079 -10.69582481 24.47712256
v -4.70244807 -10.58442149 24.37250798
v -6.5674079 -10.58442149 24.37250798
v -4.70244807 -10.56812783 24.37148237
v -6.5674079 -10.56812783 24.37148237
v -6.5674079 -14.09239961 25.39924237
v -6.5674079 -14.08850842 25.39924237
v -4.70244807 -14.08850842 25.39924237
v -4.70244807 -10.55183418 24.37250798
v -6.5674079 -10.55183418 24.37250798
v -4.70244807 -10.53579832 24.37556812
v -6.5674079 -10.53579832 24.37556812
v -6.5674079 -13.96749665 25.04220642
v -6.5674079 -14.08850842 25.23618492
v -4.70244807 -10.52027178 24.38061277
v -6.5674079 -10.52027178 24.38061277
v -4.70244807 -10.50549986 24.38756132
v -6.5674079 -10.50549986 24.38756132
v -4.70244807 -10.49171533 24.39630815
v -6.5674079 -10.49171533 24.39630815
v -4.70244807 -10.47913637 24.40671708
v -6.5674079 -10.47913637 24.40671708
v -4.70244807 -10.46796171 24.41861855
v -6.5674079 -10.46796032 24.41861855
v -4.70244807 -10.45836368 24.43182358
v -4.70244807 -10.4505 24.44613203
v -6.5674079 -10.4505 24.44613203
v -6.5674079 -10.45836368 24.43182358
v -4.70244807 -10.4444909 24.46131044
v -6.5674079 -10.4444909 24.46131044
v -4.70244807 -10.44043086 24.47712256
v -6.5674079 -10.44043086 24.47712256
v -4.70244807 -10.58442149 24.6304576
v -4.70244807 -10.60045735 24.62739746
v -6.5674079 -10.60045735 24.62739746
v -6.5674079 -10.58442149 24.6304576
v -4.70244807 -10.43838451 24.49331824
v -6.5674079 -10.43838451 24.49331824
v -4.70244807 -10.56812783 24.63148043
v -6.5674079 -10.56812783 24.63148043
v -4.70244807 -10.43838451 24.50964456
v -6.5674079 -10.43838451 24.50964456
v -4.70244807 -10.55183418 24.6304576
v -6.5674079 -10.55183418 24.6304576
v -4.70244807 -10.44043086 24.52584024
v -6.5674079 -10.44043086 24.52584024
v -4.70244807 -10.53579832 24.62739746
v -6.5674079 -10.53579832 24.62739746
v -4.70244807 -10.4444909 24.54165513
v -6.5674079 -10.4444909 24.54165513
v -4.70244807 -10.52027178 24.62235281
v -6.5674079 -10.52027178 24.62235281
v -4.70244807 -10.50549986 24.61540148
v -6.5674079 -10.50549986 24.61540148
v -4.70244807 -10.4505 24.55683355
v -4.70244807 -10.45836576 24.57113922
v -6.5674079 -10.45836576 24.57113922
v -6.5674079 -10.4505 24.55683355
v -4.70244807 -10.46796171 24.58434702
v -6.5674079 -10.46796171 24.58434702
v -4.70244807 -10.47913637 24.5962485
v -6.5674079 -10.47913637 24.5962485
v -6.5674079 -13.76127203 25.07097342
v -4.70244807 -6.31382683 20.21122721
v -4.70244807 -6.31382822 20.85534665
v -4.70244807 -13.40060478 24.71368177
v -4.70244807 -10.36411563 24.77413693
v -6.5674079 -10.36411563 24.77413693
v -6.5674079 -9.7136605 24.77413693
v -4.70244807 -9.7136605 24.77413693
v -4.70244807 -9.38515392 24.27634005
v -6.5674079 -9.38515392 24.27634005
v -6.5674079 -9.38515392 24.08548562
v -4.70244807 -9.38515392 24.08548562
v -4.70244807 -9.59088658 24.40858763
v -4.70244807 -9.57830762 24.39818148
v -6.5674079 -9.57830762 24.39818148
v -6.5674079 -9.59088658 24.40858763
v -4.70244807 -9.61165857 24.43369413
v -4.70244807 -9.60206123 24.42048632
v -6.5674079 -9.60206123 24.42048632
v -6.5674079 -9.61165857 24.43369413
v -4.70244807 -9.56452308 24.38943187
v -6.5674079 -9.56452308 24.38943187
v -4.70244807 -9.61952224 24.4479998
v -6.5674079 -9.61952224 24.4479998
v -4.70244807 -9.54975116 24.38248054
v -6.5674079 -9.54975116 24.38248054
v -4.70244807 -9.62553205 24.46318099
v -6.5674079 -9.62553205 24.46318099
v -4.70244807 -9.53422532 24.37743589
v -6.5674079 -9.53422532 24.37743589
v -4.70244807 -9.51818876 24.37437575
v -6.5674079 -9.51818876 24.37437575
v -4.70244807 -9.63163843 24.49518879
v -4.70244807 -9.62959208 24.47899311
v -6.5674079 -9.62959208 24.47899311
v -6.5674079 -9.63163843 24.49518879
v -4.70244807 -9.45403906 19.48966201
v -4.70244807 -9.50189511 24.37335292
v -6.5674079 -9.50189511 24.37335292
v -4.70244807 -9.63163843 24.5115151
v -6.5674079 -9.63163843 24.5115151
v -4.70244807 -9.48560146 24.37437575
v -6.5674079 -9.48560146 24.37437575
v -4.70244807 -9.62959208 24.52771356
v -6.5674079 -9.62959208 24.52771356
v -4.70244807 -9.46956559 24.37743589
v -6.5674079 -9.46956559 24.37743589
v -4.70244807 -9.62553205 24.5435229
v -6.5674079 -9.62553205 24.5435229
v -4.70244807 -9.45403906 24.38248054
v -6.5674079 -9.45403906 24.38248054
v -4.70244807 -9.61952224 24.5587041
v -6.5674079 -9.61952224 24.5587041
v -4.70244807 -9.43926714 24.38943187
v -6.5674079 -9.43926714 24.38943187
v -4.70244807 -9.61165857 24.57300977
v -6.5674079 -9.61165857 24.57300977
v -4.70244807 -9.4254826 24.39818148
v -6.5674079 -9.4254826 24.39818148
v -4.70244807 -9.41290364 24.40858763
v -6.5674079 -9.41290364 24.40858763
v -4.70244807 -9.59088658 24.59811905
v -4.70244807 -9.60206262 24.58621757
v -6.5674079 -9.60206123 24.58621757
v -6.5674079 -9.59088658 24.59811905
v -4.70244807 -9.40172899 24.42048632
v -6.5674079 -9.4017276 24.42048632
v -4.70244807 -9.57830762 24.6085252
v -6.5674079 -9.57830762 24.6085252
v -4.70244807 -9.39213165 24.43369413
v -6.5674079 -9.39213165 24.43369413
v -4.70244807 -9.56452308 24.61727203
v -6.5674079 -9.56452308 24.61727203
v -4.70244807 -9.54975116 24.62422336
v -6.5674079 -9.54975116 24.62422336
v -4.70244807 -9.38426797 24.4479998
v -4.70244807 -9.37825817 24.46318099
v -6.5674079 -9.37825817 24.46318099
v -6.5674079 -9.38426797 24.4479998
v -4.70244807 -9.37419814 24.47899311
v -6.5674079 -9.37419814 24.47899311
v -6.5674079 -8.6081775 20.40475127
v -4.70244807 -8.6081775 20.40475127
v -4.70244807 -9.37215179 24.49518879
v -6.5674079 -9.37215179 24.49518879
v -4.70244807 -9.48560146 24.63232537
v -6.5674079 -9.48560146 24.63232537
v -4.70244807 -9.37215179 24.5115151
v -4.70244807 -9.37419814 24.52771356
v -6.5674079 -9.37419814 24.52771356
v -6.5674079 -9.37215179 24.5115151
v -4.70244807 -9.46956559 24.62926801
v -6.5674079 -9.46956559 24.62926801
v -4.70244807 -9.37825817 24.5435229
v -6.5674079 -9.37825817 24.5435229
v -4.70244807 -9.45403906 24.62422336
v -6.5674079 -9.45403906 24.62422336
v -4.70244807 -9.38426797 24.5587041
v -6.5674079 -9.38426797 24.5587041
v -4.70244807 -9.43926714 24.61727203
v -6.5674079 -9.43926714 24.61727203
v -4.70244807 -9.39213304 24.57300977
v -6.5674079 -9.39213304 24.57300977
v -4.70244807 -9.4254826 24.6085252
v -6.5674079 -9.4254826 24.6085252
v -4.70244807 -9.40172899 24.58621757
v -6.5674079 -9.40172899 24.58621757
v -4.70244807 -9.41290364 24.59811905
v -6.5674079 -9.41290364 24.59811905
v -4.70244807 -8.56325652 20.55840316
v -4.70244807 -8.57112019 20.57270883
v -6.5674079 -8.30770901 20.40475127
v -6.5674079 -8.25104706 20.40475127
v -4.70244807 -8.25104706 20.40475127
v -4.70244807 -9.37215179 19.60237026
v -4.70244807 -9.48560146 19.73950823
v -4.70244807 -8.58119003 20.60370075
v -4.70244807 -8.57713069 20.58788724
v -4.70244807 -8.58323707 20.61989782
v -4.70244807 -6.90067285 20.11245218
v -4.70244807 -8.58323707 20.63622275
v -4.70244807 -8.58119003 20.65241981
v -4.70244807 -8.29785944 24.96340153
v -4.60244905 -8.29785944 24.96340153
v -4.70244807 -8.57112158 20.68341035
v -4.70244807 -8.57713069 20.66823193
v -4.70244807 -8.56325652 20.69771741
v -4.70244807 -14.92499986 25.26040756
v -4.70244807 -8.54248453 20.72282669
v -4.70244807 -8.55366057 20.71092382
v -6.5674079 -8.35296422 20.54569287
v -4.70244807 -13.94618962 18.06621268
v -4.70244807 -14.14750161 17.83051092
v -4.70244807 -14.61243602 17.28616014
v -4.70244807 -13.40060478 15.30987447
v -4.70244807 -13.40060478 20.11245218
v -4.70244807 -14.08850842 19.97439562
v -4.70244807 -14.73896494 19.97439562
v -4.70244807 -14.90896399 20.1120992
v -4.70244807 -14.92499986 20.10903906
v -4.70244807 -14.94129421 20.10801484
v -6.5674079 -8.4380235 20.75708582
v -6.5674079 -8.37561232 20.73201823
v -4.70244807 -17.34159706 20.66364172
v -4.70244807 -17.34159706 20.11245218
v -4.70244807 -14.974707 20.11245218
v -4.70244807 -14.98915026 20.11714384
v -4.70244807 -15.00392287 20.12409656
v -4.70244807 -15.01770602 20.1328434
v -4.70244807 -15.03028567 20.14324954
v -4.70244807 -15.04146033 20.15514963
v -4.70244807 -15.05105767 20.16835882
v -4.70244807 -15.05892065 20.18266311
v -4.70244807 -15.06493114 20.1978443
v -4.70244807 -15.06899048 20.21365642
v -4.70244807 -15.07103753 20.22985349
v -4.70244807 -15.07103753 20.24617841
v -4.70244807 -15.06899048 20.26237548
v -4.70244807 -15.06493114 20.2781876
v -4.70244807 -15.05892204 20.29336601
v -4.70244807 -15.05105767 20.30767308
v -4.70244807 -15.04146172 20.32088088
v -4.70244807 -15.03028567 20.33278097
v -4.70244807 -15.01770602 20.34318712
v -4.70244807 -15.00392287 20.35193534
v -4.70244807 -14.98915026 20.35888667
v -4.70244807 -14.98285765 20.36093232
v -4.70244807 -14.93601887 25.26110242
v -4.70244807 -6.31382683 20.11245218
v -4.70244807 -8.33131393 20.67191606
v -4.70244807 -7.60059123 20.40475127
v -6.5674079 -7.60059123 20.40475127
v -6.5674079 -7.53078332 20.40475127
v -4.70244807 -8.25104706 20.90254954
v -4.70244807 -7.60059123 20.90254954
v -6.5674079 -7.47977402 20.53891664
v -6.5674079 -10.64454034 24.60665465
v -6.5674079 -7.49319723 20.70485357
v -6.5674079 -7.27305745 20.56835209
v -4.57900638 -12.80569913 24.96340153
v -4.57900638 -13.38871164 25.61300755
v -4.57900638 -13.40060478 25.62625982
v -4.70244807 -7.51134684 20.59150744
v -4.70244807 -10.68575497 24.44613203
v -6.5674079 -10.42154679 24.27634005
v -6.5674079 -10.36411563 24.27634005
v -4.70244807 -10.36411563 24.27634005
v -4.70244807 -7.29608008 20.72236531
v -4.70244807 -10.69787115 24.50964456
v -4.70244807 -10.69787115 24.49331824
v -4.70244807 -10.69582481 24.52584024
v -4.70244807 -10.68575497 24.55683355
v -4.70244807 -10.69176477 24.54165513
v -4.70244807 -10.6778913 24.57113922
v -4.70244807 -10.66829535 24.58434702
v -6.5674079 -10.46745516 24.41931341
v -4.70244807 -10.63075581 24.61540148
v -4.70244807 -10.64454034 24.60665465
v -4.70244807 -10.49171533 24.60665465
v -4.70244807 -10.44903178 24.55312302
v -4.70244807 -9.7136605 24.27634005
v -6.5674079 -9.7136605 24.27634005
v -6.5674079 -9.64649374 24.27634005
v -6.5674079 -9.59467909 24.41262612
v -6.5674079 -9.6073331 24.57896329
v -4.70244807 -8.57274615 20.57681542
v -6.5674079 -9.38741011 24.44228531
v -6.5674079 -8.25104706 20.73466007
v -4.70244807 -9.6259976 24.46499595
v -4.70244807 -9.37215179 24.49898826
v -6.5674079 -7.60059123 20.73376093
v -4.57900638 -12.80569913 15.26150144
v -4.57900638 -11.84069149 15.26150144
v -4.57900638 -11.28031666 15.26150144
v -4.70244807 -10.6571193 24.5962485
v -4.70244807 -10.61598389 24.62235281
v -4.70244807 -10.68723223 24.44986201
v -6.5674079 -10.36411563 24.72959951
v -6.5674079 -9.7136605 24.72960229
v -6.5674079 -9.7136605 24.60758575
v -6.5674079 -8.94930266 15.28857577
v -4.70244807 -14.97362303 20.36393132
v -4.70244807 -14.95758717 20.36699007
v -4.70244807 -14.94129421 20.36801567
v -4.70244807 -14.92499986 20.36699007
v -4.70244807 -14.90896399 20.36392993
v -4.70244807 -14.89343815 20.35888667
v -4.70244807 -14.87866554 20.35193534
v -4.70244807 -14.84112808 20.32088088
v -4.70244807 -14.83153213 20.30767308
v -4.70244807 -14.82366638 20.29336601
v -4.70244807 -14.81765727 20.2781876
v -4.70244807 -14.81359654 20.26237548
v -4.70244807 -14.81155089 20.24617841
v -4.70244807 -14.81155089 20.22985349
v -4.70244807 -14.81359654 20.21365642
v -4.70244807 -14.81765727 20.1978443
v -4.70244807 -14.82366638 20.18266311
v -4.70244807 -14.83153075 20.16835882
v -4.70244807 -14.84112808 20.15514963
v -4.70244807 -14.85230274 20.14324954
v -4.70244807 -14.86488239 20.1328434
v -4.70244807 -14.87866554 20.12409656
v -4.70244807 -14.73896494 20.45320767
v -4.70244807 -15.096094 20.45320767
v -4.70244807 -11.63813293 15.71878689
v -4.70244807 -11.63929403 15.70959813
v -4.70244807 -11.64335337 15.69378601
v -4.70244807 -11.64936456 15.67860621
v -4.70244807 -11.65722893 15.66430054
v -4.70244807 -11.66682488 15.65109273
v -4.70244807 -11.67799815 15.63919126
v -4.70244807 -11.69057919 15.6287865
v -4.70244807 -11.70436372 15.62003827
v -4.70244807 -11.71913495 15.61308694
v -4.70244807 -11.73466079 15.6080423
v -4.70244807 -11.75069665 15.60498216
v -4.70244807 -11.766991 15.60395794
v -4.70244807 -11.78328396 15.60498216
v -4.70244807 -11.79931982 15.6080423
v -4.70244807 -11.81484705 15.61308694
v -4.70244807 -11.82961828 15.62003827
v -4.70244807 -11.84340281 15.6287865
v -4.70244807 -11.85598247 15.63919126
v -4.70244807 -11.86715713 15.65109273
v -4.70244807 -11.87675446 15.66430054
v -4.70244807 -11.88461744 15.67860621
v -4.70244807 -11.89062794 15.69378601
v -4.70244807 -11.89468728 15.70959813
v -4.70244807 -11.89673432 15.7257952
v -4.70244807 -11.89673432 15.74212151
v -4.70244807 -11.89468728 15.75831858
v -4.70244807 -11.89312247 15.76441802
v -4.70244807 -11.97935814 15.95651624
v -4.70244807 -11.97935814 15.47770279
v -4.70244807 -12.62981327 15.47770279
v -4.70244807 -12.62981327 15.95651624
v -4.70244807 -12.80569913 15.95651624
v -4.70244807 -12.80569913 15.85891969
v -4.70244807 -12.80089351 15.85800387
v -4.70244807 -12.78536767 15.85295922
v -4.70244807 -12.77059645 15.84600789
v -4.70244807 -12.75681191 15.83725967
v -4.70244807 -12.74423226 15.82685352
v -4.70244807 -12.7330576 15.81495343
v -4.70244807 -12.72346165 15.80174424
v -4.70244807 -12.7155959 15.78743996
v -4.70244807 -12.70958679 15.77226015
v -4.70244807 -12.70552606 15.75644664
v -4.70244807 -12.70348041 15.74025096
v -4.70244807 -12.70348041 15.72392465
v -4.70244807 -12.70552606 15.70772758
v -4.70244807 -12.70958679 15.69191685
v -4.70244807 -12.7155959 15.67673705
v -4.70244807 -12.72346026 15.66242999
v -4.70244807 -12.7330576 15.64922218
v -4.70244807 -12.74423226 15.6373221
v -4.70244807 -12.75681191 15.62691456
v -4.70244807 -12.77059645 15.61816772
v -4.70244807 -12.78536767 15.6112164
v -4.70244807 -12.80089351 15.60617175
v -4.70244807 -12.80569913 15.60525593
v -6.5674079 -9.55427119 14.80167978
v -6.5674079 -14.89343815 20.11714384
v -6.5674079 -14.90896399 20.1120992
v -6.56740998 -14.08850842 19.97439562
v -6.56740998 -14.73896494 19.97439562
v -6.5674079 -9.55427119 15.28857438
v -6.5674079 -14.98915026 20.35888667
v -6.5674079 -14.97362303 20.36393132
v -6.56740998 -13.94908716 19.98498938
v -6.5674079 -14.84112808 20.32088088
v -6.5674079 -14.83153213 20.30767308
v -6.5674079 -14.87866554 20.35193534
v -6.5674079 -14.86489073 20.34319406
v -6.5674079 -14.82366638 20.29336601
v -6.5674079 -14.89343815 20.35888667
v -6.5674079 -14.81765727 20.2781876
v -6.5674079 -15.096094 20.45320767
v -6.5674079 -15.096094 20.66364172
v -6.5674079 -14.90896399 20.36392993
v -6.5674079 -14.81359654 20.26237548
v -6.5674079 -14.92499986 20.36699007
v -6.5674079 -14.81155089 20.24617841
v -6.5674079 -14.94129421 20.36801567
v -6.5674079 -14.81155089 20.22985349
v -6.5674079 -14.95758717 20.36699007
v -6.5674079 -14.81359654 20.21365642
v -6.5674079 -14.81765727 20.1978443
v -6.5674079 -14.82366638 20.18266311
v -6.5674079 -17.34159706 20.66364172
v -6.5674079 -15.00392287 20.35193534
v -6.5674079 -14.83153075 20.16835882
v -6.5674079 -15.01770602 20.34318712
v -6.5674079 -14.84112808 20.15514963
v -6.5674079 -15.03028567 20.33278097
v -6.5674079 -14.08850842 20.1200261
v -6.5674079 -14.08850842 19.98498938
v -6.5674079 -14.87866554 20.12409656
v -6.5674079 -14.85230274 20.14324954
v -6.5674079 -15.04146033 20.32088088
v -6.5674079 -14.86488239 20.1328434
v -6.5674079 -15.05105767 20.30767308
v -6.5674079 -15.05892065 20.29336601
v -5.51268406 -10.58539151 15.42986064
v -5.60745012 -10.67438228 15.42986064
v -5.52458623 -10.57421476 15.42986064
v -5.50227687 -10.59797047 15.42986064
v -6.5674079 -15.06493114 20.2781876
v -5.53779229 -10.56461951 15.42986064
v -5.49353003 -10.6117543 15.42986064
v -5.55209936 -10.55675514 15.42986064
v -5.48658009 -10.62652623 15.42986064
v -5.56727812 -10.55074534 15.42986064
v -5.4815351 -10.64205276 15.42986064
v -5.58309232 -10.54668461 15.42986064
v -5.478476 -10.65808862 15.42986064
v -5.59928696 -10.54463896 15.42986064
v -5.47745109 -10.67438228 15.42986064
v -6.5674079 -14.73896494 20.45320767
v -6.5674079 -14.85804502 20.45320767
v -4.81319544 -13.94618962 18.06621268
v -5.61561397 -10.54463896 15.42986064
v -6.5674079 -15.06899048 20.26237548
v -5.478476 -10.69067593 15.42986064
v -5.6318093 -10.54668461 15.42986064
v -6.5674079 -14.08850842 20.1481038
v -6.5674079 -14.08850842 20.15047048
v -5.4815351 -10.70671179 15.42986064
v -6.5674079 -14.92499986 20.10903906
v -5.64762316 -10.55074534 15.42986064
v -5.48658009 -10.72223902 15.42986064
v -6.5674079 -14.08850842 20.14130673
v -6.5674079 -14.08850842 20.14253523
v -6.5674079 -15.07103753 20.24617841
v -5.66280226 -10.55675514 15.42986064
v -5.49353003 -10.73701025 15.42986064
v -6.5674079 -14.94129421 20.10801484
v -5.67710898 -10.56461951 15.42986064
v -5.50227687 -10.75079478 15.42986064
v -6.5674079 -15.07103753 20.22985349
v -5.6903147 -10.57421476 15.42986064
v -5.51268406 -10.76337374 15.42986064
v -4.70244807 -14.95758717 20.10903906
v -6.5674079 -14.95758717 20.10903906
v -5.70221722 -10.58539151 15.42986064
v -5.52458623 -10.7745484 15.42986064
v -6.5674079 -15.06899048 20.21365642
v -6.5674079 -14.73896494 19.98498799
v -5.71262406 -10.59797047 15.42986064
v -4.70244807 -14.97362303 20.1120992
v -6.5674079 -14.97362303 20.1120992
v -5.53779229 -10.78414574 15.42986064
v -6.5674079 -14.98915026 20.11714384
v -5.72137124 -10.61175361 15.42986064
v -6.5674079 -15.06493114 20.1978443
v -5.55209936 -10.79200941 15.42986064
v -5.72832118 -10.62652623 15.42986064
v -5.56727812 -10.79801991 15.42986064
v -6.5674079 -15.05892065 20.18266311
v -5.73336617 -10.64205276 15.42986064
v -6.5674079 -15.00392287 20.12409656
v -5.58309232 -10.80208064 15.42986064
v -6.5674079 -15.05105628 20.16835882
v -5.73642493 -10.65808862 15.42986064
v -6.5674079 -15.04146033 20.15514963
v -6.5674079 -15.01770602 20.1328434
v -6.5674079 -15.03028567 20.14324954
v -5.59928696 -10.80412629 15.42986064
v -5.73745019 -10.67438228 15.42986064
v -5.61561397 -10.80412629 15.42986064
v -5.73642493 -10.69067593 15.42986064
v -5.6318093 -10.80208064 15.42986064
v -4.57900638 -11.28031666 14.79923805
v -5.73336617 -10.70671179 15.42986064
v -5.64762316 -10.79801991 15.42986064
v -5.72832118 -10.72223902 15.42986064
v -5.66280226 -10.79200941 15.42986064
v -5.72137124 -10.73701025 15.42986064
v -5.67710898 -10.78414574 15.42986064
v -5.71262406 -10.75079478 15.42986064
v -5.6903147 -10.7745484 15.42986064
v -5.70221722 -10.76337374 15.42986064
v -4.70244807 -14.61243741 18.84627216
v -4.8131937 -14.61243741 18.84627216
v -6.5674079 -14.08850842 20.14595253
v -6.5674079 -14.08850842 20.14408476
v -5.73642493 -10.69067593 14.79924222
v -4.81319544 -14.52556803 18.58153241
v -4.81319544 -14.08011596 18.06621268
v -4.70244807 -14.61243741 18.44159001
v -4.81319544 -14.61243741 18.44159001
v -4.70244807 -14.52556803 18.58153241
v -4.70244807 -14.08011596 18.06621268
v -6.5674079 -15.01043089 19.98498799
v -5.73589302 -10.69346994 14.79923667
v -5.73336617 -10.70671179 14.79923667
v -4.70244807 -14.52556803 18.34129048
v -4.81319544 -14.52556803 18.34129048
v -4.70244807 -13.32894577 16.15874266
v -6.5674079 -13.32894577 16.15874266
v -4.70244807 -14.39097185 17.70660021
v -4.70244807 -14.52556664 17.55089155
v -4.81319544 -14.52556803 17.55089155
v -6.5674079 -11.65085155 16.15874266
v -4.70244807 -11.65085155 16.15874266
v -6.5674079 -10.69346994 15.28613266
v -5.52458623 -10.57421476 14.79949237
v -5.51268406 -10.58539151 14.79946875
v -5.50227687 -10.59797047 14.79944095
v -5.53779229 -10.56461951 14.79951322
v -5.49353003 -10.6117543 14.79941177
v -5.55209936 -10.55675514 14.79952989
v -5.48658009 -10.62652623 14.79937981
v -5.56727812 -10.55074534 14.7995424
v -5.4815351 -10.64205276 14.79934784
v -5.58309232 -10.54668461 14.79955074
v -5.478476 -10.65808862 14.7993131
v -5.59928696 -10.54463896 14.79955491
v -5.47745109 -10.67438228 14.79927697
v -5.61561397 -10.54463896 14.79955491
v -5.478476 -10.69067593 14.79924222
v -5.6318093 -10.54668461 14.79955074
v -4.70244807 -12.98694371 16.15874127
v -5.41945988 -12.98694371 16.15874266
v -5.64762316 -10.55074534 14.7995424
v -5.4815351 -10.70671179 14.79923667
v -5.48658009 -10.72223902 14.79923667
v -5.66280226 -10.55675514 14.79952989
v -6.5674079 -15.01597305 20.13174275
v -5.49353003 -10.73701025 14.79923667
v -4.57900638 -11.84069149 14.79923667
v -5.67710898 -10.56461951 14.79951322
v -5.50227687 -10.75079478 14.79923667
v -5.6903147 -10.57421476 14.79949237
v -5.51268406 -10.76337374 14.79923667
v -4.70244807 -14.47261453 18.19245115
v -4.70244807 -14.72709821 18.20555473
v -4.81319544 -14.72709821 18.20555473
v -4.81319544 -14.47261453 18.19245115
v -5.70221722 -10.58539151 14.79946875
v -5.52458623 -10.7745484 14.79923667
v -4.70244807 -14.47261453 17.90417945
v -4.81319544 -14.47261453 17.90417945
v -5.71262406 -10.59797047 14.79944095
v -5.53779229 -10.78414574 14.79923667
v -5.72137124 -10.61175361 14.79941177
v -5.55209936 -10.79200941 14.79923667
v -6.5674079 -11.65085155 15.95651624
v -4.70244807 -11.65085155 15.95651624
v -5.72832118 -10.62652623 14.79937981
v -5.56727812 -10.79801991 14.79923667
v -5.73336617 -10.64205276 14.79934784
v -5.58309232 -10.80208064 14.79923667
v -5.73642493 -10.65808862 14.7993131
v -4.70244807 -15.31152128 18.44159001
v -4.81319544 -15.31152128 18.44159001
v -4.70244807 -15.19859761 18.34129048
v -4.81319544 -15.19859761 18.34129048
v -5.59928696 -10.80412629 14.79923667
v -4.70244807 -14.66226824 18.09452107
v -4.70244807 -14.57537246 18.08693742
v -4.81319544 -14.57537246 18.08693742
v -4.81319544 -14.66226824 18.09452107
v -5.73745019 -10.67438228 14.79927697
v -5.61561397 -10.80412629 14.79923667
v -5.6318093 -10.80208064 14.79923667
v -4.70244807 -14.76226899 18.15176461
v -4.81319544 -14.76226899 18.15176461
v -5.64762316 -10.79801991 14.79923667
v -4.70244807 -14.6605186 18.08996282
v -4.81319544 -14.6605186 18.08996282
v -4.70244807 -14.6589385 18.08547962
v -4.81319544 -14.6589385 18.08547962
v -5.72832118 -10.72223902 14.79923667
v -4.70244807 -14.65753072 18.08108118
v -4.81319544 -14.65753072 18.08108118
v -5.66280226 -10.79200941 14.79923667
v -4.70244807 -14.65629666 18.07674807
v -4.81319544 -14.65629666 18.07674807
v -4.70244807 -14.57537246 17.90417945
v -4.81319544 -14.57537246 17.90417945
v -4.70244807 -14.65523492 18.07249417
v -4.81319544 -14.65523492 18.07249417
v -5.72137124 -10.73701025 14.79923667
v -4.70244807 -14.65433856 18.06831392
v -4.81319544 -14.65433856 18.06831392
v -5.67710898 -10.78414574 14.79923667
v -4.70244807 -14.65360757 18.06412116
v -4.81319544 -14.65360757 18.06412116
v -5.71262406 -10.75079478 14.79923667
v -5.6903147 -10.7745484 14.79923667
v -4.70244807 -14.65300166 18.05981028
v -4.81319544 -14.65300166 18.05981028
v -5.70221722 -10.76337374 14.79923667
v -4.70244807 -14.65253193 18.05538962
v -4.81319544 -14.65253193 18.05538962
v -4.70244807 -14.65219423 18.05084665
v -4.81319544 -14.65219423 18.05084665
v -4.70244807 -14.65199412 18.04619252
v -4.81319544 -14.65199412 18.04619252
v -4.8131937 -14.61243741 17.28616014
v -4.70244807 -14.65192463 18.04142025
v -4.81319544 -14.65192463 18.04142025
v -4.70244807 -14.75770518 18.14441722
v -4.81319544 -14.75770518 18.14441722
v -4.70244807 -14.75364862 18.13755066
v -4.81319544 -14.75364862 18.13755066
v -4.70244807 -14.75011737 18.13116494
v -4.81319544 -14.75011737 18.13116494
v -4.70244807 -14.65240825 18.02712986
v -4.81319544 -14.65240825 18.02712986
v -4.70244807 -14.74709614 18.12525173
v -4.81319544 -14.74709614 18.12525173
v -4.70244807 -14.74460161 18.11982769
v -4.81319544 -14.74460161 18.11982769
v -4.70244807 -14.74261432 18.11486781
v -4.81319544 -14.74261432 18.11486781
v -4.70244807 -14.74103561 18.10995519
v -4.81319544 -14.74103561 18.10995519
v -4.70244807 -14.65384243 18.01322582
v -4.81319544 -14.65384243 18.01322582
v -4.70244807 -14.73974596 18.10464094
v -4.81319544 -14.73974596 18.10464094
v -4.70244807 -14.73873842 18.09892367
v -4.81319544 -14.73873842 18.09892367
v -4.70244807 -14.73802133 18.09279644
v -4.81319544 -14.73802133 18.09279644
v -4.70244807 -14.73758635 18.08628148
v -4.81319544 -14.73758635 18.08628148
v -4.70244807 -14.65623551 17.9996956
v -4.81319544 -14.65623551 17.9996956
v -4.70244807 -14.73744182 18.07934961
v -4.81319544 -14.73744182 18.07934961
v -4.70244807 -14.85231108 18.18550121
v -4.70244807 -14.84778757 18.19038465
v -4.81319544 -14.84778757 18.19038465
v -4.81319544 -14.85231108 18.18550121
v -4.70244807 -14.73800743 18.06865301
v -4.81319544 -14.73800743 18.06865301
v -4.70244807 -14.65959305 17.98655728
v -4.81319544 -14.65959305 17.98655728
v -4.70244807 -14.92502904 18.24624682
v -4.81319544 -14.92502904 18.24624682
v -4.70244807 -14.85667755 18.18049964
v -4.81319544 -14.85667755 18.18049964
v -4.70244807 -14.73970288 18.05862486
v -4.81319544 -14.73970288 18.05862486
v -4.70244807 -14.86089115 18.17538551
v -4.81319544 -14.86089115 18.17538551
v -4.70244807 -14.66390393 17.97379697
v -4.81319544 -14.66390393 17.97379697
v -4.70244807 -14.93159403 18.23921211
v -4.81319544 -14.93159403 18.23921211
v -4.70244807 -14.74253233 18.04926655
v -4.81319544 -14.74253233 18.04926655
v -4.70244807 -14.86495327 18.17015881
v -4.81319544 -14.86495327 18.17015881
v -6.5674079 -17.34159706 16.61563204
v -4.70244807 -14.66916537 17.96141882
v -4.81319544 -14.66916537 17.96141882
v -4.70244807 -14.93794501 18.23188
v -4.81319544 -14.93794501 18.23188
v -4.70244807 -14.86886391 18.16480982
v -4.81319544 -14.86886391 18.16480982
v -4.70244807 -14.74649022 18.0405767
v -4.81319544 -14.74649022 18.0405767
v -4.57900638 -13.25366102 15.26150144
v -6.5674079 -11.84069427 14.79923667
v -4.70244807 -14.87261474 18.15935104
v -4.81319544 -14.87261474 18.15935104
v -4.70244807 -14.75157239 18.03256224
v -4.81319544 -14.75157239 18.03256224
v -4.70244807 -14.94408335 18.22426578
v -4.81319544 -14.94408335 18.22426578
v -4.70244807 -14.67543574 17.94965354
v -4.81319544 -14.67543574 17.94965354
v -4.70244807 -14.8761724 18.15377135
v -4.81319544 -14.8761724 18.15377135
v -4.70244807 -14.75778718 18.02521207
v -4.81319544 -14.75778718 18.02521207
v -4.70244807 -14.95001464 18.2163625
v -4.81319544 -14.95001464 18.2163625
v -4.70244807 -11.66682488 15.81682259
v -4.70244807 -11.67799815 15.82872407
v -6.5674079 -11.67799815 15.82872407
v -6.5674079 -11.66682488 15.81682259
v -4.70244807 -14.87947574 18.1480527
v -4.81319544 -14.87947574 18.1480527
v -4.70244807 -11.69057919 15.83913022
v -6.5674079 -11.69057919 15.83913022
v -4.70244807 -11.65722893 15.80361618
v -6.5674079 -11.65722893 15.80361618
v -4.70244807 -11.70436372 15.84787844
v -6.5674079 -11.70436372 15.84787844
v -4.70244807 -11.64936456 15.78930912
v -6.5674079 -11.64936456 15.78930912
v -4.70244807 -14.68273033 17.93870123
v -4.81319544 -14.68273033 17.93870123
v -4.70244807 -14.88253171 18.14219646
v -4.81319544 -14.88253171 18.14219646
v -4.70244807 -11.71913495 15.85482977
v -6.5674079 -11.71913495 15.85482977
v -4.70244807 -14.7650762 18.01879161
v -4.81319544 -14.7650762 18.01879161
v -4.70244807 -14.9557319 18.20817572
v -4.81319544 -14.9557319 18.20817572
v -4.70244807 -11.64335337 15.7741307
v -6.5674079 -11.64335337 15.7741307
v -4.70244807 -14.88533892 18.13621237
v -4.81319544 -14.88533892 18.13621237
v -4.70244807 -11.73466079 15.85987442
v -6.5674079 -11.73466079 15.85987442
v -4.70244807 -11.63929403 15.75831858
v -6.5674079 -11.63929403 15.75831858
v -4.70244807 -14.77338667 18.01353155
v -4.81319544 -14.77338667 18.01353155
v -4.70244807 -14.69106164 17.92857719
v -4.81319544 -14.69106164 17.92857719
v -4.70244807 -14.88789738 18.13008931
v -4.81319544 -14.88789738 18.13008931
v -4.70244807 -14.96123376 18.19969571
v -4.81319544 -14.96123376 18.19969571
v -4.70244807 -11.75069665 15.86293178
v -6.5674079 -11.75069665 15.86293178
v -4.70244807 -14.89020152 18.12383283
v -4.81319544 -14.89020152 18.12383283
v -4.70244807 -11.63724699 15.74212151
v -6.5674079 -11.63724699 15.74212151
v -4.70244807 -14.78270468 18.00943747
v -4.81319544 -14.78270468 18.00943747
v -4.70244807 -14.96644935 18.19087244
v -4.81319544 -14.96644935 18.19087244
v -4.70244807 -14.89220687 18.11748881
v -4.81319544 -14.89220687 18.11748881
v -4.70244807 -14.70043524 17.91927309
v -4.81319544 -14.70043524 17.91927309
v -4.70244807 -11.766991 15.86395877
v -6.5674079 -11.766991 15.86395877
v -4.70244807 -14.89384256 18.11107251
v -4.81319544 -14.89384256 18.11107251
v -4.70244807 -14.79304273 18.0065163
v -4.81319544 -14.79304273 18.0065163
v -4.70244807 -11.63724699 15.7257952
v -6.5674079 -11.63724699 15.7257952
v -4.70244807 -14.9712772 18.18165171
v -4.81319544 -14.9712772 18.18165171
v -4.70244807 -14.89511831 18.10461036
v -4.81319544 -14.89511831 18.10461036
v -4.70244807 -11.78328396 15.86293178
v -6.5674079 -11.78328396 15.86293178
v -4.70244807 -14.71083583 17.91079724
v -4.81319544 -14.71083583 17.91079724
v -4.70244807 -14.80438693 18.00476526
v -4.81319544 -14.80438693 18.00476526
v -4.70244807 -14.89602718 18.09808707
v -4.81319544 -14.89602718 18.09808707
v -4.70244807 -14.97571732 18.1720238
v -4.81319544 -14.97571732 18.1720238
v -4.70244807 -14.89657334 18.09150679
v -4.81319544 -14.89657334 18.09150679
v -4.70244807 -14.81675257 18.00417742
v -4.81319544 -14.81675257 18.00417742
v -4.70244807 -11.79931982 15.85987442
v -6.5674079 -11.79931982 15.85987442
v -4.70244807 -14.89675261 18.08486536
v -4.81319544 -14.89675261 18.08486536
v -4.70244807 -14.72227036 17.90314133
v -4.81319544 -14.72227036 17.90314133
v -4.70244807 -14.97977944 18.16199844
v -4.81319544 -14.97977944 18.16199844
v -4.70244807 -14.89650524 18.07678281
v -4.81319544 -14.89650524 18.07678281
v -4.70244807 -14.82526315 18.00445953
v -4.81319544 -14.82526315 18.00445953
v -6.5674079 -11.63929403 15.70959813
v -6.5674079 -11.64335337 15.69378601
v -4.70244807 -14.89575897 18.06908799
v -4.81319544 -14.89575897 18.06908799
v -4.70244807 -14.83330401 18.00529474
v -4.81319544 -14.83330401 18.00529474
v -4.70244807 -14.98346218 18.15156171
v -4.81319544 -14.98346218 18.15156171
v -4.70244807 -11.81484705 15.85482977
v -6.5674079 -11.81484705 15.85482977
v -4.70244807 -14.73478053 17.89650825
v -4.81319544 -14.73478053 17.89650825
v -4.70244807 -14.89451101 18.06176422
v -4.81319544 -14.89451101 18.06176422
v -4.70244807 -14.84089044 18.00668028
v -4.81319544 -14.84089044 18.00668028
v -4.70244807 -14.89277387 18.05483234
v -4.81319544 -14.89277387 18.05483234
v -4.70244807 -14.84802243 18.00862588
v -4.81319544 -14.84802243 18.00862588
v -6.5674079 -11.64936456 15.67860621
v -4.70244807 -14.9867544 18.14072893
v -4.81319544 -14.9867544 18.14072893
v -4.70244807 -14.89053088 18.04827847
v -4.81319544 -14.89053088 18.04827847
v -4.70244807 -14.8546847 18.01112458
v -4.81319544 -14.8546847 18.01112458
v -4.70244807 -14.8877862 18.04210677
v -4.81319544 -14.8877862 18.04210677
v -4.70244807 -14.86089115 18.01417638
v -4.81319544 -14.86089115 18.01417638
v -4.70244807 -14.88455374 18.03635754
v -4.81319544 -14.88455374 18.03635754
v -4.70244807 -14.74840108 17.89107587
v -4.81319544 -14.74840108 17.89107587
v -4.70244807 -14.86662231 18.01773543
v -4.81319544 -14.86662231 18.01773543
v -4.70244807 -14.88081542 18.03104051
v -4.81319544 -14.88081542 18.03104051
v -4.70244807 -14.87184901 18.02172945
v -4.81319544 -14.87184901 18.02172945
v -4.70244807 -14.87658097 18.02616541
v -4.81319544 -14.87658097 18.02616541
v -4.70244807 -14.98959219 18.12948617
v -4.81319544 -14.98959219 18.12948617
v -4.70244807 -14.52556664 17.79114183
v -4.81319544 -14.52556803 17.79114183
v -6.5674079 -11.65722893 15.66430054
v -4.70244807 -14.763132 17.88685254
v -4.81319544 -14.763132 17.88685254
v -4.70244807 -14.99192551 18.11781678
v -4.81319544 -14.99192551 18.11781678
v -4.70244807 -11.82961828 15.84787844
v -4.70244807 -11.84340281 15.83913022
v -6.5674079 -11.84340281 15.83913022
v -6.5674079 -11.82961828 15.84787844
v -4.70244807 -14.99373074 18.10572908
v -4.81319544 -14.99373074 18.10572908
v -6.5674079 -11.66682488 15.65109273
v -4.70244807 -14.77897886 17.88383131
v -4.81319544 -14.77897886 17.88383131
v -4.60244905 -13.25366102 15.26150144
v -6.5674079 -10.69346994 14.79923667
v -4.70244807 -11.85598247 15.82872407
v -6.5674079 -11.85598247 15.82872407
v -4.70244807 -14.99502734 18.09322447
v -4.81319544 -14.99502734 18.09322447
v -6.5674079 -11.67799815 15.63919126
v -4.70244807 -14.79593193 17.88202747
v -4.81319544 -14.79593193 17.88202747
v -4.70244807 -14.99580141 18.080296
v -4.81319544 -14.99580141 18.080296
v -4.70244807 -13.25366102 15.26150144
v -4.70244807 -11.86715852 15.81682259
v -6.5674079 -11.86715713 15.81682259
v -4.70244807 -14.99606268 18.06693672
v -4.81319544 -14.99606268 18.06693672
v -4.70244807 -14.813994 17.88142017
v -4.81319544 -14.813994 17.88142017
v -6.5674079 -11.69057919 15.6287865
v -4.70244807 -14.99546371 18.0505979
v -4.81319544 -14.99546371 18.0505979
v -4.70244807 -11.87675446 15.80361618
v -6.5674079 -11.87675446 15.80361618
v -4.70244807 -14.83262723 17.88214143
v -4.81319544 -14.83262723 17.88214143
v -6.5674079 -11.70436372 15.62003827
v -4.70244807 -14.99368349 18.03468016
v -4.81319544 -14.99368349 18.03468016
v -4.70244807 -14.85035993 17.8842927
v -4.81319544 -14.85035993 17.8842927
v -4.70244807 -11.88461883 15.78930912
v -6.5674079 -11.88461744 15.78930912
v -4.70244807 -14.99071785 18.01917655
v -4.81319544 -14.99071785 18.01917655
v -6.5674079 -11.71913495 15.61308694
v -4.70244807 -14.86718653 17.88788649
v -4.81319544 -14.86718653 17.88788649
v -4.70244807 -14.98655984 18.00410098
v -4.81319544 -14.98655984 18.00410098
v -4.70244807 -11.89062794 15.7741307
v -6.5674079 -11.89062794 15.7741307
v -4.70244807 -14.88311678 17.89291446
v -4.81319544 -14.88311678 17.89291446
v -4.70244807 -14.98122196 17.9894451
v -4.81319544 -14.98122196 17.9894451
v -6.5674079 -11.73466079 15.6080423
v -4.70244807 -14.8981451 17.89938356
v -4.81319544 -14.8981451 17.89938356
v -4.70244807 -14.97468338 17.97521308
v -4.81319544 -14.97468338 17.97521308
v -6.5674079 -12.98694371 16.15874266
v -5.47900826 -10.69346925 14.79923667
v -4.70244807 -14.91226872 17.90727989
v -4.81319544 -14.91226872 17.90727989
v -4.70244807 -14.96701357 17.96163978
v -4.81319544 -14.96701357 17.96163978
v -4.70244807 -14.92540704 17.91635608
v -4.81319544 -14.92540704 17.91635608
v -4.70244807 -14.95824867 17.94897119
v -4.81319544 -14.95824867 17.94897119
v -4.70244807 -14.93744193 17.92633142
v -4.81319544 -14.93744193 17.92633142
v -4.70244807 -14.94839423 17.93719895
v -4.81319544 -14.94839423 17.93719895
v -6.5674079 -11.75069665 15.60498216
v -6.5674079 -11.89673432 15.74212151
v -6.5674079 -11.89468728 15.75831858
v -6.5674079 -11.766991 15.60395794
v -6.5674079 -11.89673432 15.7257952
v -4.8131937 -14.61243741 17.69083812
v -6.5674079 -11.78328396 15.60498216
v -6.5674079 -11.89468728 15.70959813
v -6.5674079 -11.79931982 15.6080423
v -6.5674079 -11.89062794 15.69378601
v -4.70244807 -15.19859761 17.79114183
v -4.81319544 -15.19859761 17.79114183
v -6.5674079 -11.81484705 15.61308694
v -6.5674079 -11.28031736 15.28613266
v -6.5674079 -11.88461744 15.67860621
v -6.5674079 -11.82961828 15.62003827
v -6.5674079 -11.87675307 15.66430054
v -6.5674079 -11.86715713 15.65109273
v -6.5674079 -11.84340281 15.6287865
v -6.5674079 -11.85598247 15.63919126
v -4.70244807 -14.61243602 17.69083812
v -4.70244807 -13.32894577 15.28613266
v -6.5674079 -13.32894577 15.28613266
v -6.5674079 -11.97935814 15.95651624
v -6.5674079 -11.97935814 15.47770279
v -4.8131937 -15.31152128 17.69083812
v -4.70244807 -15.31152128 17.69083812
v -6.5674079 -15.43734006 19.98498799
v -6.5674079 -11.28031736 14.79923667
v -6.5674079 -17.34159706 19.98498799
v -6.5674079 -12.62981327 15.47770279
v -6.5674079 -12.62981327 15.95651624
v -6.5674079 -12.74423226 15.82685352
v -6.5674079 -12.7330576 15.81495343
v -6.5674079 -12.72346165 15.80174424
v -6.5674079 -12.77059645 15.84600789
v -6.5674079 -12.75681191 15.83725967
v -6.5674079 -12.7155959 15.78743996
v -6.5674079 -12.78536767 15.85295922
v -6.5674079 -12.70958679 15.77226015
v -6.5674079 -12.80089351 15.85800387
v -6.5674079 -12.70552606 15.75644664
v -6.5674079 -12.70348041 15.74025096
v -4.70244807 -12.81692938 15.86106262
v -4.70244807 -12.83322373 15.86208684
v -6.5674079 -12.83322373 15.86208684
v -6.5674079 -12.81692938 15.86106262
v -6.5674079 -12.70348041 15.72392465
v -4.70244807 -12.84951669 15.86106262
v -6.5674079 -12.84951669 15.86106262
v -6.5674079 -12.70552606 15.70772758
v -6.5674079 -11.82122165 15.95651624
v -4.70244807 -12.86555255 15.85800387
v -6.5674079 -12.86555255 15.85800387
v -6.5674079 -12.70958679 15.69191685
v -4.70244807 -12.88107978 15.85295922
v -6.5674079 -12.88107978 15.85295922
v -6.5674079 -12.7155959 15.67673705
v -4.70244807 -12.895851 15.84600789
v -6.5674079 -12.895851 15.84600789
v -6.5674079 -12.72346026 15.66242999
v -4.70244807 -12.90963554 15.83725967
v -6.5674079 -12.90963554 15.83725967
v -6.5674079 -12.7330576 15.64922218
v -4.70244807 -12.92221519 15.82685352
v -6.5674079 -12.92221519 15.82685352
v -6.5674079 -12.74423226 15.6373221
v -4.70244807 -12.93339124 15.81495343
v -6.5674079 -12.93338985 15.81495343
v -6.5674079 -12.75681191 15.62691456
v -4.70244807 -12.9429858 15.80174424
v -6.5674079 -12.9429858 15.80174424
v -6.5674079 -12.77059645 15.61816772
v -4.70244807 -12.95085156 15.78743996
v -6.5674079 -12.95085017 15.78743996
v -6.5674079 -12.78536767 15.6112164
v -6.5674079 -11.81986252 15.85246726
v -4.70244807 -12.95686066 15.77226015
v -6.5674079 -12.95686066 15.77226015
v -6.5674079 -12.80089351 15.60617175
v -4.70244807 -12.96092 15.75644664
v -6.5674079 -12.96092 15.75644664
v -4.70244807 -12.96296705 15.74025096
v -6.5674079 -12.96296705 15.74025096
v -4.70244807 -12.83322373 15.60208739
v -4.70244807 -12.81692938 15.603113
v -6.5674079 -12.81692938 15.603113
v -6.5674079 -12.83322373 15.60208739
v -4.70244807 -12.96296705 15.72392465
v -6.5674079 -12.96296705 15.72392465
v -4.70244807 -12.84951669 15.603113
v -6.5674079 -12.84951669 15.603113
v -4.70244807 -12.96092 15.70772758
v -6.5674079 -12.96092 15.70772758
v -4.70244807 -12.86555255 15.60617175
v -6.5674079 -12.86555255 15.60617175
v -4.70244807 -12.95686066 15.69191685
v -6.5674079 -12.95686066 15.69191685
v -4.70244807 -12.88107978 15.6112164
v -6.5674079 -12.88107978 15.6112164
v -4.70244807 -12.95085017 15.67673705
v -6.5674079 -12.95085017 15.67673705
v -4.70244807 -12.895851 15.61816772
v -6.5674079 -12.895851 15.61816772
v -4.70244807 -17.34159706 16.61563204
v -4.70244807 -12.9429858 15.66242999
v -6.5674079 -12.9429858 15.66242999
v -4.70244807 -12.93338985 15.64922218
v -6.5674079 -12.93338985 15.64922218
v -4.70244807 -12.92221519 15.6373221
v -4.70244807 -12.90963554 15.62691456
v -6.5674079 -12.90963554 15.62691456
v -6.5674079 -12.92221519 15.6373221
v -6.5674079 -11.84069427 15.28613266
v -6.5674079 -11.83185571 15.62145856
v -6.5674079 -12.00085139 15.47770279
v -6.5674079 -12.00085139 15.28613266
v -6.5674079 -12.62465745 15.28613266
v -6.5674079 -12.62465745 15.47770279
v -4.70244807 -12.98694371 15.95651624
v -6.5674079 -12.98694371 15.95651624
v -4.70244807 -17.34159706 19.98498521
v -6.5674079 -12.75657149 15.83706094
v -6.5674079 -12.90809852 15.62594037
v -6.5674079 -12.74913794 15.95651624
v -6.5674079 -12.90203799 15.28613405
v -4.70244807 -10.23192017 17.53458053
v -4.70244807 -10.13881725 17.53458053
v -4.81319544 -10.23192017 17.64906344
v -4.81319544 -10.23192017 17.53458053
v -4.81319544 -10.13881725 17.53458053
v -4.70244807 -10.23192017 17.64906344
vt 0.23608 0.15949
vt 0.24154 0.16346
vt 0.23603 0.16597
vt 0.24157 0.1636
vt 0.24174 0.16389
vt 0.24202 0.16421
vt 0.2424 0.16456
vt 0.24288 0.16493
vt 0.24345 0.16531
vt 0.24355 0.16536
vt 0.24171 0.16867
vt 0.24728 0.1617
vt 0.24906 0.16064
vt 0.24732 0.16181
vt 0.24739 0.16215
vt 0.24873 0.16488
vt 0.24743 0.16251
vt 0.24744 0.16288
vt 0.24741 0.16326
vt 0.24734 0.16363
vt 0.24723 0.164
vt 0.24709 0.16435
vt 0.24468 0.16583
vt 0.25302 0.17406
vt 0.24471 0.16584
vt 0.24502 0.16585
vt 0.24534 0.16581
vt 0.24565 0.16573
vt 0.24594 0.1656
vt 0.24622 0.16543
vt 0.24648 0.16521
vt 0.24671 0.16496
vt 0.25302 0.16441
vt 0.24692 0.16467
vt 0.86 0.40807
vt 0.86 0.68718
vt 0.88001 0.40807
vt 0.88 0.68718
vt 0.23628 0.13768
vt 0.23623 0.14387
vt 0.32911 0.1281
vt 0.23636 0.12883
vt 0.42 0.40807
vt 0.40955 0.40807
vt 0.42 0.68718
vt 0.4 0.40807
vt 0.4 0.68718
vt 0.4047 0.68718
vt 0.31087 0.17406
vt 0.2811 0.1993
vt 0.3298 0.20014
vt 0.33856 0.12876
vt 0.25302 0.13719
vt 0.25302 0.1281
vt 0.98 0.68718
vt 0.98 0.40807
vt 0.9651 0.68718
vt 0.96 0.40807
vt 0.96 0.68718
vt 0.23573 0.19851
vt 0.23663 0.09939
vt 0.33642 0.13648
vt 0.3362 0.13649
vt 0.33603 0.13652
vt 0.32911 0.1008
vt 0.25774 0.09971
vt 0.34 0.68718
vt 0.36 0.68718
vt 0.34 0.40807
vt 0.36 0.40807
vt 0.35462 0.40807
vt 0.34186 0.40807
vt 0.2361 0.15787
vt 0.33715 0.1364
vt 0.3374 0.13644
vt 0.25 0.08235
vt 0.25 0.08578
vt 0.2501 0.08265
vt 0.25025 0.08293
vt 0.28 0.68718
vt 0.3 0.68718
vt 0.28 0.40807
vt 0.3 0.40807
vt 0.29941 0.40807
vt 0.28479 0.40807
vt 0.38 0.68718
vt 0.38 0.40807
vt 0.36018 0.40807
vt 0.32 0.68718
vt 0.32 0.40807
vt 0.32832 0.40807
vt 0.39536 0.40807
vt 0.26 0.68718
vt 0.26 0.40807
vt 0.31401 0.40807
vt 0.33809 0.13672
vt 0.33829 0.13686
vt 0.44 0.68718
vt 0.44 0.40807
vt 0.43909 0.40807
vt 0.42426 0.40807
vt 0.24 0.68718
vt 0.24 0.40807
vt 0.33862 0.13718
vt 0.33875 0.13733
vt 0.22 0.68718
vt 0.22 0.40807
vt 0.2 0.68718
vt 0.2 0.40807
vt 0.46 0.68718
vt 0.48 0.68718
vt 0.46 0.40807
vt 0.48 0.40807
vt 0.46846 0.40807
vt 0.33977 0.13892
vt 0.35192 0.14366
vt 0.33994 0.13925
vt 0.54 0.68718
vt 0.56 0.68718
vt 0.54 0.40807
vt 0.56 0.40807
vt 0.5 0.68718
vt 0.5 0.40807
vt 0.49536 0.40807
vt 0.4823 0.40807
vt 0.58 0.68718
vt 0.58 0.40807
vt 0.25302 0.13719
vt 0.18 0.68718
vt 0.18 0.40807
vt 0.1697 0.68718
vt 0.16 0.40807
vt 0.16 0.68718
vt 0.25833 0.17125
vt 0.6 0.68718
vt 0.6 0.40807
vt 0.62 0.68718
vt 0.62 0.40807
vt 0.18 0.40807
vt 0.18436 0.40807
vt 0.18375 0.40807
vt 0.52 0.68718
vt 0.52 0.40807
vt 0.5292 0.40807
vt 0.52386 0.40807
vt 0.52818 0.40807
vt 0.64 0.68718
vt 0.64 0.40807
vt 0.17947 0.40807
vt 0.16251 0.40807
vt 0.17259 0.40807
vt 0.17331 0.40807
vt 0.14 0.68718
vt 0.14 0.40807
vt 0.15078 0.40807
vt 0.02 0.68718
vt 0.04 0.68718
vt 0.02 0.40807
vt 0.04 0.40807
vt 0 0.68718
vt 0 0.40807
vt 0.1 0.68718
vt 0.12 0.68718
vt 0.1 0.40807
vt 0.12 0.40807
vt 0.10788 0.40807
vt 1 0.68718
vt 1 0.40807
vt 0.5 0.99341
vt 0.5 0.99056
vt 0.72 0.68718
vt 0.74 0.68718
vt 0.72 0.40807
vt 0.74 0.40807
vt 0.3359 0.13658
vt 0.33581 0.13664
vt 0.76 0.68718
vt 0.76 0.40807
vt 0.08 0.68718
vt 0.08 0.40807
vt 0.09229 0.40807
vt 0.13727 0.40807
vt 0.12291 0.40807
vt 0.94 0.68718
vt 0.94 0.40807
vt 0.24 0.15732
vt 0.24004 0.14429
vt 0.78 0.68718
vt 0.78 0.40807
vt 0.92 0.68718
vt 0.92 0.40807
vt 0.8 0.68718
vt 0.8 0.40807
vt 0.9 0.68718
vt 0.9 0.40807
vt 0.82 0.68718
vt 0.82 0.40807
vt 0.33764 0.10093
vt 0.35129 0.18472
vt 0.34074 0.17203
vt 0.27161 0.09992
vt 0.33528 0.20024
vt 0.35221 0.16556
vt 0.35214 0.16011
vt 0.35052 0.16371
vt 0.88 0.40807
vt 0.84 0.68718
vt 0.84 0.40807
vt 0.06 0.68718
vt 0.06 0.40807
vt 0.04724 0.40807
vt 0.66 0.68718
vt 0.68 0.68718
vt 0.66 0.40807
vt 0.68 0.40807
vt 0.67157 0.40807
vt 0.514 0.68718
vt 0.33652 0.13645
vt 0.33666 0.13643
vt 0.33683 0.1364
vt 0.3369 0.1364
vt 0.7 0.68718
vt 0.7 0.40807
vt 0.68692 0.40807
vt 0.33713 0.1364
vt 0.33744 0.13645
vt 0.33764 0.13651
vt 0.33787 0.1366
vt 0.33773 0.13654
vt 0.07641 0.40807
vt 0.06043 0.40807
vt 0.33802 0.13668
vt 0.5 0.53501
vt 0.375 0.53501
vt 0.5 0.625
vt 0.375 0.625
vt 0.65682 0.40807
vt 0.6428 0.40807
vt 0.33847 0.13702
vt 0.3383 0.13686
vt 0.25302 0.17308
vt 0.33855 0.1371
vt 0.33885 0.13747
vt 0.33879 0.13739
vt 1 0
vt 1 1
vt 0.94599 0.68718
vt 0 -0.1033
vt 0 0
vt 1 -0.1033
vt 0.87771 0.40807
vt 0.25302 0.13201
vt 1.12823 1
vt 1.12823 0
vt 0.33939 0.12968
vt 0.33974 0.13885
vt 0.33959 0.1386
vt 0.34013 0.1396
vt 0.34013 0.13959
vt 0.71828 0.40807
vt 0.70256 0.40807
vt 0.33454 0.16268
vt 0.33279 0.16479
vt 0.33454 0.16262
vt 0.33454 0.16281
vt 0.28566 0.19938
vt 0.25855 0.17406
vt 0.31791 0.17406
vt 0.33454 0.16318
vt 0.33453 0.16298
vt 0.3346 0.16365
vt 0.33456 0.16341
vt 0.33483 0.1644
vt 0.33473 0.16416
vt 0.33333 1
vt 0.33333 1.21224
vt 0.44992 0.68718
vt 0.45392 0.40807
vt 0.32911 0.17406
vt 0.32911 0.1703
vt 0.3354 0.16524
vt 0.33522 0.16503
vt 0.33546 0.16529
vt 0.33551 0.16534
vt 0.34191 0.16894
vt 0.35225 0.18561
vt 0.3423 0.16992
vt 0.33333 0.99714
vt 1 1.21224
vt 0.32964 0.1008
vt 0.33589 0.16562
vt 0.33566 0.16547
vt 0.32911 0.16397
vt 0.32911 0.13577
vt 0.48994 0.00199
vt 0.48994 0.02201
vt 0.58064 0.00199
vt 0.58064 0.02201
vt 0.48994 0.0413
vt 0.58064 0.0413
vt 0.48994 0.05983
vt 0.58064 0.05983
vt 0.00189 0.8037
vt 0.10242 0.8037
vt 0.00189 0.71299
vt 0.10242 0.71299
vt 0.46 0.40807
vt 0.33693 0.16645
vt 0.35255 0.191
vt 0.33675 0.16643
vt 0.48994 0.07761
vt 0.58064 0.07761
vt 0.51007 0.68718
vt 0.51664 0.40807
vt 0.50707 0.40807
vt 0.86636 0.21056
vt 0.50188 0.125
vt 0.82059 0.22131
vt 0.90638 0.19847
vt 0.76979 0.23054
vt 0.94003 0.18521
vt 0.71476 0.2381
vt 0.22 0.40807
vt 0.96676 0.17101
vt 0.65638 0.24388
vt 0.98617 0.15608
vt 0.18222 0.32392
vt 0.18222 0.24618
vt 0.00195 0.32392
vt 0.59557 0.24778
vt 0.33807 0.1663
vt 0.33782 0.16638
vt 0.48994 0.09465
vt 0.58064 0.09465
vt 0.99793 0.14066
vt 0.53327 0.24975
vt 1.00188 0.125
vt 0.18202 0.18332
vt 0.18202 0.24578
vt 0.47048 0.24975
vt 0.2 0.40807
vt 0.36864 0.40807
vt 0.99793 0.10933
vt 0.40818 0.24778
vt 0.10007 0.24578
vt 0.48994 0.11094
vt 0.58064 0.11094
vt 0.98617 0.09391
vt 0.52 0.40807
vt 0.18205 0.17644
vt 0.34737 0.24388
vt 0.18217 0.16915
vt 0.96676 0.07898
vt 0.18237 0.16147
vt 0.28899 0.2381
vt 0.18265 0.15339
vt 0.94003 0.06478
vt 0.48994 0.12663
vt 0.58064 0.12663
vt 0.75707 0.44117
vt 0.75707 0.42418
vt 0.66637 0.44117
vt 0.66637 0.42418
vt 0.18301 0.14492
vt 0.35134 0.10113
vt 0.23396 0.23054
vt 0.18345 0.13604
vt 0.90638 0.05152
vt 0.1839 0.12716
vt 0.18316 0.22131
vt 0.18431 0.11863
vt 0.18467 0.11047
vt 0.86636 0.03943
vt 0.48994 0.14191
vt 0.58064 0.14191
vt 0.18498 0.10268
vt 0.75707 0.45772
vt 0.66637 0.45772
vt 0.13739 0.21056
vt 0.18524 0.09525
vt 0.82059 0.02868
vt 0.15112 0.00199
vt 0.18546 0.08819
vt 0.27782 0.00199
vt 0.27782 0.24618
vt 0.09737 0.19847
vt 0.48994 0.15677
vt 0.58064 0.15677
vt 0.76979 0.01945
vt 0.06372 0.18521
vt 0.00195 0.25309
vt 0.14878 0.16154
vt 0.75707 0.47381
vt 0.66637 0.47381
vt 0.71476 0.01189
vt 0.03699 0.17101
vt 0.48994 0.17121
vt 0.58064 0.17121
vt 0.65638 0.00611
vt 0.15182 0.15543
vt 0.15483 0.14932
vt 0.15781 0.14321
vt 0.28682 0.14685
vt 0.01758 0.15608
vt 0.16075 0.1371
vt 0.16366 0.13098
vt 0.75707 0.48945
vt 0.66637 0.48945
vt 0.16655 0.12487
vt 0.59557 0.00221
vt 0.16939 0.11876
vt 0.17221 0.11265
vt 0.48994 0.18523
vt 0.58064 0.18523
vt 0.00582 0.14066
vt 0.175 0.10653
vt 0.17775 0.10042
vt 0.30203 0.1281
vt 0.18047 0.09431
vt 0.53327 0.00024
vt 0.18316 0.08819
vt 0.00187 0.125
vt 0.47048 0.00024
vt 0.75707 0.50463
vt 0.66637 0.50463
vt 0.48994 0.19883
vt 0.58064 0.19883
vt 0.00582 0.10933
vt 0.40818 0.00221
vt 0.37118 0.40807
vt 0.01758 0.09391
vt 0.34737 0.00611
vt 0.03699 0.07898
vt 0.28899 0.01189
vt 0.48994 0.21217
vt 0.58064 0.21217
vt 0.06372 0.06478
vt 0.75707 0.51937
vt 0.66637 0.51937
vt 0.23396 0.01945
vt 0.09737 0.05152
vt 0.18316 0.02868
vt 0.13739 0.03943
vt 0.48994 0.22543
vt 0.58064 0.22543
vt 0.75707 0.53376
vt 0.66637 0.53376
vt 0.48994 0.23863
vt 0.58064 0.23863
vt 0.05629 0.40807
vt 0.04258 0.40807
vt 0.33333 0.99056
vt 0.33931 0.13816
vt 0.48994 0.25174
vt 0.58064 0.25174
vt 0.75707 0.54792
vt 0.66637 0.54792
vt 0.48994 0.26477
vt 0.58064 0.26477
vt 0.5574 0.98898
vt 0.40649 0.98898
vt 0.5574 1
vt 0.40649 1
vt 0.75707 0.56184
vt 0.66637 0.56184
vt 0.48994 0.27773
vt 0.58064 0.27773
vt 0.48994 0.29075
vt 0.58064 0.29075
vt 0.16885 0.68718
vt 0.75707 0.57553
vt 0.66637 0.57553
vt 0.48994 0.304
vt 0.58064 0.304
vt 0.48994 0.31746
vt 0.58064 0.31746
vt 0.48994 0.33114
vt 0.58064 0.33114
vt 0.75707 0.58898
vt 0.66637 0.58898
vt 0.48994 0.34504
vt 0.58064 0.34504
vt 0.48994 0.35916
vt 0.58064 0.35916
vt 0.75707 0.60221
vt 0.66637 0.60221
vt 0.81131 0.40807
vt 0.80578 0.68718
vt 0.75707 0.61527
vt 0.66637 0.61527
vt 0.75707 0.62829
vt 0.66637 0.62829
vt 0.75707 0.64124
vt 0.66637 0.64124
vt 0.48994 0.42038
vt 0.58064 0.42038
vt 0.75707 0.65412
vt 0.66637 0.65412
vt 0.5 1
vt 0.75707 0.66694
vt 0.66637 0.66694
vt 0.75707 0.67971
vt 0.66637 0.67971
vt 0.75707 0.69251
vt 0.66637 0.69251
vt 0.5574 0.48817
vt 0.46903 0.48817
vt 0.5574 0.5
vt 0.40649 0.5
vt 0.40649 0.48817
vt 0.75707 0.70547
vt 0.66637 0.70547
vt 0.46156 0.95725
vt 0.12823 -0.04274
vt 0.75707 0.7186
vt 0.66637 0.7186
vt 0.2374 0.12878
vt 0.75707 0.73187
vt 0.66637 0.73187
vt 0.75707 0.7453
vt 0.66637 0.7453
vt 0.75707 0.75889
vt 0.66637 0.75889
vt 0.5574 0.68291
vt 0.40649 0.68291
vt 0.24221 0.16161
vt 0.24226 0.16136
vt 0.5574 0.5601
vt 0.40649 0.53101
vt 0.40649 0.54252
vt 0.40649 0.54432
vt 0.40649 0.54601
vt 0.40649 0.54753
vt 0.40649 0.54888
vt 0.40649 0.55002
vt 0.40649 0.55097
vt 0.40649 0.55172
vt 0.40649 0.55226
vt 0.40649 0.55263
vt 0.40649 0.55281
vt 0.40649 0.55284
vt 0.40649 0.5601
vt 0.3374 0.1364
vt 0.33764 0.13647
vt 0.10042 0.51488
vt 0.28013 0.51488
vt 0.10042 0.42418
vt 0.28013 0.42418
vt 0.25302 0.09964
vt 0.30531 0.10043
vt 0.30528 0.1281
vt 0.33829 0.13684
vt 0.33847 0.137
vt 0.33875 0.13734
vt 0.33885 0.13749
vt 0.56982 0.42418
vt 0.56982 0.71059
vt 0.66052 0.42418
vt 0.66052 0.71059
vt 0.38208 0.40807
vt 0.24231 0.16314
vt 0.24222 0.16293
vt 0.2424 0.16338
vt 0.24261 0.1639
vt 0.2425 0.16363
vt 0.24303 0.16466
vt 0.24287 0.16442
vt 0.33526 0.16108
vt 0.33519 0.16115
vt 0.33279 0.15995
vt 0.33511 0.16127
vt 0.33497 0.16148
vt 0.335 0.16143
vt 0.29149 0.14556
vt 0.32842 0.13412
vt 0 0.99429
vt 0 1
vt 0.36966 0.61849
vt 0.28598 0.61849
vt 0.36966 0.70919
vt 0.28598 0.70919
vt 0.24735 0.16266
vt 0.24853 0.16311
vt 0.24735 0.16289
vt 0.24734 0.16314
vt 0.24731 0.1634
vt 0.24719 0.16392
vt 0.24709 0.16416
vt 0.35161 0.12087
vt 0.35161 0.1208
vt 0.35161 0.12075
vt 0.35166 0.12435
vt 0.35165 0.12401
vt 0.35165 0.12365
vt 0.35164 0.12328
vt 0.35164 0.12293
vt 0.35161 0.12089
vt 0.35163 0.12258
vt 0.35161 0.12102
vt 0.35163 0.12225
vt 0.35161 0.1212
vt 0.35162 0.12194
vt 0.35162 0.12141
vt 0.35162 0.12166
vt 0.33453 0.16295
vt 0.33455 0.16335
vt 0.27143 0.1281
vt 0.33461 0.16373
vt 0.33465 0.16391
vt 0.24476 0.16575
vt 0.25302 0.17091
vt 0.24473 0.16569
vt 0.24484 0.16581
vt 0.3347 0.16408
vt 0.24512 0.16588
vt 0.24496 0.16585
vt 0.24574 0.1658
vt 0.24553 0.16585
vt 0.33908 0.13839
vt 0.33915 0.13868
vt 0.25302 0.16231
vt 0.24697 0.16439
vt 0.24696 0.16459
vt 0.24694 0.16484
vt 0.33483 0.16441
vt 0.33495 0.16463
vt 0.24678 0.16506
vt 0.2466 0.16527
vt 0.33919 0.1399
vt 0.33913 0.1402
vt 0.3511 0.18995
vt 0.25 0.10281
vt 0.25003 0.10265
vt 0.25 0.09897
vt 0.25014 0.10233
vt 0.25026 0.1021
vt 0.35203 0.18518
vt 0.3399 0.16398
vt 0.35199 0.18512
vt 0.33973 0.16379
vt 0.4515 0.68718
vt 0.33519 0.165
vt 0.33506 0.16481
vt 1 1.31837
vt 0 1.31837
vt 0.33542 0.16525
vt 0.35216 0.18541
vt 0.34058 0.16535
vt 0.35213 0.18536
vt 0.3404 0.1649
vt 0.58227 0.40807
vt 0.59699 0.40807
vt 0.35222 0.18553
vt 0.34123 0.16718
vt 0.3522 0.1855
vt 0.34099 0.16649
vt 0.35223 0.18556
vt 0.34154 0.16801
vt 0.84 0.48496
vt 0.86 0.48496
vt 0.84 0.25
vt 0.86 0.25
vt 0.88 0.48496
vt 0.88 0.25
vt 0.82 0.48496
vt 0.82 0.25
vt 0.9 0.48496
vt 0.9 0.25
vt 0.8 0.48496
vt 0.8 0.25
vt 0.92 0.48496
vt 0.92 0.25
vt 0.03334 0.40807
vt 0.78 0.48496
vt 0.78 0.25
vt 0.94 0.48496
vt 0.94 0.25
vt 0.61999 0.40807
vt 0.76 0.48496
vt 0.76 0.25
vt 0.46 0.53801
vt 0.46 0.25
vt 0.44092 0.53801
vt 0.44 0.25
vt 0.44 0.53801
vt 0.96 0.48496
vt 0.96 0.25
vt 0.33333 0.98112
vt 0.33333 0.98112
vt 0.74 0.48496
vt 0.74 0.25
vt 0.72 0.48496
vt 0.72 0.25
vt 0 0.98112
vt 0.77699 0.40807
vt 0.76 0.40807
vt 0.76226 0.40807
vt 0.76226 0.68718
vt 0.03996 0.40807
vt 0.02329 0.40807
vt 0.98 0.48496
vt 1 0.48496
vt 0.98 0.25
vt 1 0.25
vt 0.00668 0.40807
vt 0.7 0.48496
vt 0.7 0.25
vt 0.84072 0.40807
vt 0.85702 0.40807
vt 0.99025 0.40807
vt 0 0.48496
vt 0.02 0.48496
vt 0 0.25
vt 0.02 0.25
vt 0.68 0.48496
vt 0.68 0.25
vt 0.04 0.48496
vt 0.04 0.25
vt 0.77281 0.42086
vt 0.86842 0.42086
vt 0.77281 0.32785
vt 0.86842 0.32785
vt 0.65966 0.42086
vt 0.76678 0.42086
vt 0.65966 0.32785
vt 0.76678 0.32785
vt 0.96417 0.73117
vt 0.96417 0.62405
vt 0.86857 0.73117
vt 0.86857 0.62405
vt 0.66 0.48496
vt 0.66 0.25
vt 0.25302 0.17012
vt 0.06 0.48496
vt 0.06 0.25
vt 0.64 0.48496
vt 0.64 0.25
vt 0.87993 0.998
vt 0.87993 0.92026
vt 0.83271 0.998
vt 0.83271 0.92026
vt 0.08 0.48496
vt 0.08 0.25
vt 0.46936 0.42086
vt 0.51658 0.42086
vt 0.46936 0.32785
vt 0.51658 0.32785
vt 0.62 0.48496
vt 0.62 0.25
vt 0.38558 0.42086
vt 0.46332 0.42086
vt 0.38558 0.32785
vt 0.46332 0.32785
vt 0.35166 0.12437
vt 0.35166 0.12472
vt 0.35167 0.12505
vt 0.35167 0.12535
vt 0.35167 0.12563
vt 0.35164 0.12293
vt 0.35168 0.12588
vt 0.35168 0.1261
vt 0.35168 0.12627
vt 0.35168 0.12641
vt 0.35169 0.1265
vt 0.35169 0.12654
vt 0.1 0.48496
vt 0.1 0.25
vt 0.32911 0.13022
vt 0.6 0.48496
vt 0.6 0.25
vt 0 0.98112
vt 0.12 0.48496
vt 0.12 0.25
vt 0.87967 0.40807
vt 0.58 0.48496
vt 0.58 0.25
vt 0.14 0.48496
vt 0.14 0.25
vt 0.60037 0.52711
vt 0.52262 0.52711
vt 0.60037 0.62013
vt 0.52262 0.62013
vt 0.98157 0.49745
vt 0.87445 0.49745
vt 0.98157 0.59047
vt 0.87445 0.59047
vt 0.56 0.48496
vt 0.56 0.25
vt 0.96225 0.20125
vt 0.86665 0.20125
vt 0.96225 0.29426
vt 0.86665 0.29426
vt 0.33694 0.16646
vt 0.33712 0.16646
vt 0.16 0.48496
vt 0.16 0.25
vt 0.65363 0.52711
vt 0.6064 0.52711
vt 0.65363 0.62013
vt 0.6064 0.62013
vt 0.33721 0.16647
vt 0.33734 0.16645
vt 0.54 0.48496
vt 0.54 0.25
vt 0.3375 0.16645
vt 0.33758 0.16642
vt 0.18 0.48496
vt 0.18 0.25
vt 0.33779 0.16639
vt 0.52 0.48496
vt 0.52 0.25
vt 0.2 0.48496
vt 0.2 0.25
vt 0.33809 0.1663
vt 0.3383 0.1662
vt 0.33854 0.16607
vt 0.33838 0.16617
vt 0.5 0.48496
vt 0.5 0.25
vt 0.33876 0.16594
vt 0.33867 0.16602
vt 0.33898 0.16579
vt 0.33894 0.16583
vt 0.22 0.48496
vt 0.22 0.25
vt 0.5574 0.75
vt 0.40649 0.70519
vt 0.40649 0.75
vt 0.24 0.48496
vt 0.24 0.25
vt 0.46 0.48496
vt 0.48 0.48496
vt 0.48 0.25
vt 0.08649 0.71707
vt 0.18209 0.71707
vt 0.08649 0.62405
vt 0.18209 0.62405
vt 0.26 0.48496
vt 0.26 0.25
vt 0.00195 0.71707
vt 0.0797 0.71707
vt 0.00195 0.62405
vt 0.0797 0.62405
vt 0.44 0.48496
vt 0.28 0.48496
vt 0.28 0.25
vt 0.42 0.48496
vt 0.42 0.25
vt 0.3 0.48496
vt 0.3 0.25
vt 0.4 0.48496
vt 0.4 0.25
vt 0.32 0.48496
vt 0.32 0.25
vt 0.38 0.48496
vt 0.38 0.25
vt 0.34 0.48496
vt 0.34 0.25
vt 0.36 0.48496
vt 0.36 0.25
vt 0.06654 0.42086
vt 0.24681 0.42086
vt 0.06654 0.32785
vt 0.24681 0.32785
vt 0.19 0.71707
vt 0.43419 0.71707
vt 0.19 0.62405
vt 0.43419 0.62405
vt 0.50357 0.82332
vt 0.44111 0.82332
vt 0.50357 0.91633
vt 0.44111 0.91633
vt 0.6879 0.82332
vt 0.60596 0.82332
vt 0.6879 0.91633
vt 0.60596 0.91633
vt 0.30687 0.40807
vt 0.2909 0.40807
vt 0.51045 0.82332
vt 0.51045 0.91633
vt 0.2667 0.40807
vt 0.51773 0.82332
vt 0.51773 0.91633
vt 0.52541 0.82332
vt 0.52541 0.91633
vt 0.25097 0.40807
vt 0.33647 0.13644
vt 0.33629 0.13647
vt 0.53349 0.82332
vt 0.53349 0.91633
vt 0.54197 0.82332
vt 0.54197 0.91633
vt 0.69413 0.71707
vt 0.77837 0.71707
vt 0.69413 0.62405
vt 0.77837 0.62405
vt 0.23492 0.40807
vt 0.55084 0.82332
vt 0.55084 0.91633
vt 0.55973 0.82332
vt 0.55973 0.91633
vt 0.78448 0.71707
vt 0.78448 0.62405
vt 0.56825 0.82332
vt 0.56825 0.91633
vt 0.79059 0.71707
vt 0.79059 0.62405
vt 0.79671 0.71707
vt 0.79671 0.62405
vt 0.80282 0.71707
vt 0.80282 0.62405
vt 0.57641 0.82332
vt 0.57641 0.91633
vt 0.80893 0.71707
vt 0.80893 0.62405
vt 0.81504 0.71707
vt 0.81504 0.62405
vt 0.58421 0.82332
vt 0.58421 0.91633
vt 0.37694 0.07283
vt 0.37694 0.00199
vt 0.28393 0.07283
vt 0.28393 0.00199
vt 0.82115 0.71707
vt 0.82115 0.62405
vt 0.82727 0.71707
vt 0.82727 0.62405
vt 0.59163 0.82332
vt 0.59163 0.91633
vt 0.83338 0.71707
vt 0.83338 0.62405
vt 0.50016 0.68718
vt 0.83949 0.71707
vt 0.83949 0.62405
vt 0.59869 0.82332
vt 0.59869 0.91633
vt 0.8456 0.71707
vt 0.8456 0.62405
vt 0.18647 0.40807
vt 0.5574 0.7615
vt 0.49914 0.7615
vt 0.40649 0.7615
vt 0.85172 0.71707
vt 0.85172 0.62405
vt 0.85898 0.71707
vt 0.86128 0.71707
vt 0.85898 0.62405
vt 0.86128 0.62405
vt 0.32911 0.13684
vt 0.32911 0.13107
vt 0.5574 0.06708
vt 0.40649 0.06708
vt 0.5574 0.18989
vt 0.40649 0.18989
vt 0.1706 0.40807
vt 0.13327 0.40807
vt 0.12 0.40807
vt 0.25196 0.17356
vt 0.67767 0.68718
vt 0.37954 0.52711
vt 0.25284 0.52711
vt 0.37954 0.62013
vt 0.25284 0.62013
vt 0.37694 0.32392
vt 0.28393 0.32392
vt 0.33739 0.13645
vt 0.33763 0.13653
vt 0.12645 0.40807
vt 0.34503 0.20041
vt 0.35263 0.20038
vt 0.33829 0.13691
vt 0.33847 0.13708
vt 0.2444 0.38573
vt 0.17842 0.33637
vt 0.23472 0.39582
vt 0.17462 0.34064
vt 0.22425 0.40459
vt 0.25328 0.37432
vt 0.18195 0.33104
vt 0.21306 0.41203
vt 0.17059 0.34409
vt 0.26136 0.36159
vt 0.1852 0.32468
vt 0.20126 0.41812
vt 0.16639 0.34691
vt 0.97376 0.68718
vt 0.26864 0.34753
vt 0.18819 0.31729
vt 0.18885 0.42285
vt 0.16203 0.3491
vt 0.17582 0.42622
vt 0.15749 0.35067
vt 0.27513 0.33215
vt 0.19089 0.30885
vt 0.33875 0.13744
vt 0.33885 0.13761
vt 0.16218 0.42825
vt 0.15279 0.35161
vt 0.2807 0.31548
vt 0.19332 0.29937
vt 0.14793 0.42893
vt 0.14793 0.35192
vt 0.28526 0.29756
vt 0.19542 0.28865
vt 0.13383 0.42825
vt 0.14322 0.35161
vt 0.28881 0.27837
vt 0.19714 0.27647
vt 0.12031 0.42622
vt 0.13863 0.35067
vt 0.1 0.40807
vt 0.0948 0.40807
vt 0.29135 0.25792
vt 0.19848 0.26285
vt 0.10735 0.42285
vt 0.13417 0.3491
vt 0.33976 0.13892
vt 0.33993 0.13925
vt 0.34012 0.1396
vt 0.09496 0.41812
vt 0.12983 0.34691
vt 0.62089 0.40807
vt 0.29287 0.23621
vt 0.19944 0.24777
vt 0.20001 0.23124
vt 0.08314 0.41203
vt 0.12561 0.34409
vt 0.35249 0.18598
vt 0.29338 0.21325
vt 0.2002 0.21325
vt 0.07189 0.40459
vt 0.12152 0.34064
vt 0.06897 0.40807
vt 0.06131 0.39582
vt 0.29287 0.19032
vt 0.20001 0.1953
vt 0.5574 0.48849
vt 0.40649 0.48849
vt 0.05155 0.38573
vt 0.11761 0.33637
vt 0.29135 0.16873
vt 0.19944 0.17883
vt 0.11399 0.33104
vt 0.04258 0.37432
vt 0.11065 0.32468
vt 0.0344 0.36159
vt 0.28881 0.14847
vt 0.19848 0.16387
vt 0.10757 0.31729
vt 0.02703 0.34753
vt 0.28526 0.12956
vt 0.19714 0.1504
vt 0.10478 0.30885
vt 0.02046 0.33215
vt 0.10226 0.29937
vt 0.03988 0.40807
vt 0.2807 0.11197
vt 0.19542 0.13843
vt 0.10007 0.28865
vt 0.01479 0.31548
vt 0.27513 0.09573
vt 0.19332 0.12796
vt 0.09828 0.27647
vt 0.01016 0.29756
vt 0.09689 0.26285
vt 0.00656 0.27837
vt 0.19089 0.11876
vt 0.18819 0.1106
vt 0.09589 0.24777
vt 0.00399 0.25792
vt 0.1852 0.10348
vt 0.18195 0.0974
vt 0.17842 0.09235
vt 0.0953 0.23124
vt 0.00244 0.23621
vt 0.17462 0.08834
vt 0.33604 0.13653
vt 0.33592 0.13659
vt 0.33582 0.13665
vt 0.17059 0.08515
vt 0.16639 0.08254
vt 0.16203 0.0805
vt 0.26864 0.08079
vt 0.12031 0.00457
vt 0.13383 0.00263
vt 0.0951 0.21325
vt 0.00193 0.21325
vt 0.15749 0.07906
vt 0.04258 0.05439
vt 0.15279 0.07818
vt 0.26136 0.06716
vt 0.0953 0.1953
vt 0.00244 0.19031
vt 0.25328 0.0548
vt 0.14793 0.00199
vt 0.97386 0.40807
vt 0.2444 0.04374
vt 0.09589 0.17883
vt 0.00399 0.1687
vt 0.09689 0.16387
vt 0.23472 0.03398
vt 0.22425 0.02549
vt 0.09828 0.1504
vt 0.00656 0.1484
vt 0.21306 0.01831
vt 0.10007 0.13843
vt 0.01016 0.12943
vt 0.10735 0.00779
vt 0.10226 0.12796
vt 0.01479 0.11178
vt 0.20126 0.01243
vt 0.09496 0.01231
vt 0.24217 0.16172
vt 0.24216 0.16187
vt 0.08314 0.01812
vt 0.10478 0.11876
vt 0.02046 0.09545
vt 0.07189 0.02521
vt 0.06131 0.03362
vt 0.05155 0.04334
vt 0.18885 0.00787
vt 0.2421 0.16213
vt 0.2421 0.16208
vt 0.14793 0.07789
vt 0.14322 0.07818
vt 0.10757 0.1106
vt 0.02703 0.08045
vt 0.13863 0.07906
vt 0.11065 0.10348
vt 0.0344 0.06676
vt 0.13417 0.0805
vt 0.17582 0.0046
vt 0.12983 0.08254
vt 0.11399 0.0974
vt 0.12561 0.08515
vt 0.11761 0.09235
vt 0.12152 0.08834
vt 0.16218 0.00265
vt 0.33644 0.13641
vt 0.33648 0.1364
vt 0.33667 0.13637
vt 0.33678 0.13635
vt 0.33691 0.13635
vt 0.33709 0.13635
vt 0.33716 0.13636
vt 0.25302 0.16327
vt 0.3374 0.1364
vt 0.32438 0.17145
vt 0.33769 0.13649
vt 0.33787 0.13657
vt 0.33809 0.1367
vt 0.33798 0.13662
vt 0.33825 0.1368
vt 0.32969 0.12814
vt 0.25302 0.13888
vt 0.33862 0.13717
vt 0.33849 0.13702
vt 0.06919 0.40807
vt 0.33871 0.13728
vt 0.33941 0.16307
vt 0.33838 0.16076
vt 0.33892 0.15838
vt 0.05732 0.40807
vt 0.04713 0.40807
vt 0.04023 0.40807
vt 0.24243 0.16347
vt 0.5574 0.76165
vt 0.40649 0.76165
vt 0.24264 0.16398
vt 0.24273 0.16416
vt 0.24284 0.16437
vt 0.35206 0.18525
vt 0.34006 0.1642
vt 0.33992 0.164
vt 0.40649 0.56399
vt 0.40649 0.68177
vt 0.24306 0.16471
vt 0.24321 0.16489
vt 0.34449 0.10103
vt 0.3521 0.18531
vt 0.34022 0.16451
vt 0.34015 0.16437
vt 0.2433 0.16498
vt 0.24341 0.16509
vt 0.33333 0.98682
vt 0.34038 0.16484
vt 0.24726 0.16171
vt 0.24912 0.1606
vt 0.24731 0.16183
vt 0.24734 0.16195
vt 0.2474 0.1622
vt 0.2474 0.16219
vt 0.35218 0.18546
vt 0.34076 0.16586
vt 0.34064 0.16549
vt 0.39666 0.40807
vt 0.34098 0.16645
vt 0.29932 0.19923
vt 0.33438 0.19984
vt 0.33509 0.20024
vt 0.27432 0.17406
vt 0.97368 0.48496
vt 0.24735 0.16304
vt 0.24731 0.16345
vt 0.24726 0.16367
vt 0.24722 0.16382
vt 0.24709 0.16417
vt 0.32911 0.13575
vt 0.24488 0.16582
vt 0.28682 0.15069
vt 0.24519 0.16588
vt 0.24531 0.16588
vt 0.24549 0.16586
vt 0.24579 0.16578
vt 0.24597 0.16571
vt 0.24607 0.16566
vt 0.24619 0.16559
vt 0.21876 0.40807
vt 0.20258 0.40807
vt 0.33917 0.13874
vt 0.33921 0.13898
vt 0.24634 0.16549
vt 0.2464 0.16544
vt 0.24659 0.16528
vt 0.24682 0.16502
vt 0.33923 0.13929
vt 0.33922 0.13911
vt 0.33922 0.1396
vt 0.33923 0.13949
vt 0.3392 0.13988
vt 0.34114 0.14259
vt 0.34117 0.1425
vt 0.34105 0.14187
vt 0.3407 0.14089
vt 0.33645 0.1364
vt 0.33668 0.13636
vt 0.3374 0.1364
vt 0.33764 0.13648
vt 0.1552 0.40807
vt 0.14053 0.40807
vt 0.04692 0.40807
vt 0.33847 0.13702
vt 0.33862 0.1372
vt 0.5574 0.98944
vt 0.40649 0.98944
vt 0.33875 0.13738
vt 0.33885 0.13753
vt 0.6 0.53801
vt 0.62 0.53801
vt 0.58 0.53801
vt 0.64 0.53801
vt 0.56 0.53801
vt 0.66 0.53801
vt 0.54 0.53801
vt 0.68 0.53801
vt 0.48631 0.48496
vt 0.52 0.53801
vt 0.7 0.53801
vt 0.29888 0.19961
vt 0.3398 0.13893
vt 0.33998 0.13927
vt 0.5 0.53801
vt 0.34017 0.13961
vt 0.34037 0.13997
vt 0.34061 0.14032
vt 0.72 0.53801
vt 0.48 0.53801
vt 0.74 0.53801
vt 0.11384 0.40807
vt 0.10319 0.40807
vt 0.35252 0.18824
vt 0.33996 0.16738
vt 0.34073 0.16861
vt 0.76 0.53801
vt 0.42 0.53801
vt 0.78 0.53801
vt 0.8 0.53801
vt 0.4 0.53801
vt 0.40649 0.531
vt 0.82 0.53801
vt 0.38 0.53801
vt 0.84 0.53801
vt 0.36 0.53801
vt 0.86 0.53801
vt 0.34 0.53801
vt 0.88 0.53801
vt 0.05705 0.40807
vt 0.04685 0.40807
vt 0.5574 0.25
vt 0.40649 0.20267
vt 0.40649 0.25
vt 0.32 0.53801
vt 0.9 0.53801
vt 0.3 0.53801
vt 0.92 0.53801
vt 0.28 0.53801
vt 0.94 0.53801
vt 0.26 0.53801
vt 0.96 0.53801
vt 0.24 0.53801
vt 0.19366 0.68718
vt 0.98 0.53801
vt 0.22 0.53801
vt 1 0.53801
vt 0.2 0.53801
vt 0 0.53801
vt 0.02 0.53801
vt 0.18 0.53801
vt 0.04 0.53801
vt 0.16 0.53801
vt 0.06 0.53801
vt 0.14 0.53801
vt 0.08 0.53801
vt 0.12 0.53801
vt 0.1 0.53801
vt 0.40649 0
vt 0.40649 0.05613
vt 0.5574 0
vt 0.5574 0.03404
vt 0.35379 0.40807
vt 0.38334 0.40807
vt 0.64 0.40807
vt 0.7 0.40807
vt 0.08 0.40807
vt 0.52985 0.40807
vt 0.58 0.40807
vt 0.57369 0.40807
vt 0.13196 0.40807
vt 0.58638 0.40807
vt 0.5574 0.26101
vt 0.49121 0.26101
vt 0.40649 0.26101
vt 0.7417 0.68718
vt 0.35253 0.19027
vt 0.34729 0.2004
vt 0.0857 0.40807
vt 0.07073 0.40807
vt 0.02976 0.40807
vt 0.71405 0.40807
vt 0.72979 0.40807
vt 0.74592 0.40807
vt 0.335 0.16472
vt 0.79504 0.40807
vt 0.82732 0.40807
vt 0.8754 0.40807
vt 0.84284 0.40807
vt 0.34284 0.13353
vt 0.34201 0.10099
vt 0.27784 0.68718
vt 0.33619 0.13647
vt 0.33606 0.13656
vt 0.3359 0.13664
vt 0.33583 0.13668
vt 0.33618 0.1365
vt 0.87985 0.40807
vt 0.33677 0.13641
vt 0.3369 0.13641
vt 0.33708 0.13641
vt 0.33715 0.13641
vt 0.33738 0.13645
vt 0.5574 0.26055
vt 0.40649 0.26055
vt 0.40649 0.70552
vt 0.25774 0.16825
vt 0.33768 0.13654
vt 0.33787 0.13663
vt 0.87925 0.41598
vt 0.87925 0.42608
vt 0.96856 0.41598
vt 0.96856 0.42608
vt 0.33808 0.13676
vt 0.33796 0.13668
vt 0.87925 0.40721
vt 0.96856 0.40721
vt 0.87925 0.43749
vt 0.96856 0.43749
vt 0.87925 0.39977
vt 0.96856 0.39977
vt 0.87925 0.45022
vt 0.96856 0.45022
vt 0.53427 0.52212
vt 0.54607 0.52212
vt 0.53427 0.4328
vt 0.54607 0.4328
vt 0.87925 0.46428
vt 0.96856 0.46428
vt 0.33823 0.13686
vt 0.52186 0.52212
vt 0.52186 0.4328
vt 0.87925 0.47966
vt 0.96856 0.47966
vt 0.50883 0.52212
vt 0.50883 0.4328
vt 0.87925 0.49632
vt 0.96856 0.49632
vt 0.33862 0.13726
vt 0.33848 0.13709
vt 0.49519 0.52212
vt 0.49519 0.4328
vt 0.3387 0.13736
vt 0.87925 0.51425
vt 0.96856 0.51425
vt 0.48094 0.52212
vt 0.48094 0.4328
vt 0.87925 0.53344
vt 0.96856 0.53344
vt 0.46684 0.52212
vt 0.46684 0.4328
vt 0.87925 0.55389
vt 0.96856 0.55389
vt 0.45331 0.52212
vt 0.45331 0.4328
vt 0.87925 0.57559
vt 0.96856 0.57559
vt 0.33973 0.13886
vt 0.33958 0.1386
vt 0.44036 0.52212
vt 0.44036 0.4328
vt 0.34031 0.13995
vt 0.34013 0.13962
vt 0.32438 0.13294
vt 0.42797 0.52212
vt 0.42797 0.4328
vt 0.87925 0.59856
vt 0.96856 0.59856
vt 0.11385 0.62415
vt 0.10957 0.62415
vt 0.11385 0.71347
vt 0.10957 0.71347
vt 0.10612 0.62415
vt 0.10612 0.71347
vt 0.10331 0.62415
vt 0.10331 0.71347
vt 0.11917 0.62415
vt 0.11917 0.71347
vt 0.09735 0.62415
vt 0.09299 0.62415
vt 0.09735 0.71347
vt 0.09299 0.71347
vt 0.12553 0.62415
vt 0.12553 0.71347
vt 0.08845 0.62415
vt 0.08845 0.71347
vt 0.13293 0.62415
vt 0.13293 0.71347
vt 0.08375 0.62415
vt 0.08375 0.71347
vt 0.5 0.03298
vt 0.375 0.03298
vt 0.5 0.11293
vt 0.375 0.11293
vt 0.41614 0.52212
vt 0.41614 0.4328
vt 0.14136 0.62415
vt 0.14136 0.71347
vt 0.07889 0.62415
vt 0.07889 0.71347
vt 0.07418 0.62415
vt 0.07418 0.71347
vt 0.15084 0.62415
vt 0.15084 0.71347
vt 0.87925 0.62149
vt 0.96856 0.62149
vt 0.0696 0.62415
vt 0.0696 0.71347
vt 0.16156 0.62415
vt 0.16156 0.71347
vt 0.06513 0.62415
vt 0.06513 0.71347
vt 0.68914 0.00943
vt 0.68914 0.00199
vt 0.59982 0.00943
vt 0.59982 0.00199
vt 0.06079 0.62415
vt 0.06079 0.71347
vt 0.17374 0.62415
vt 0.17374 0.71347
vt 0.00193 0.80666
vt 0.00475 0.80666
vt 0.00193 0.71734
vt 0.00475 0.71734
vt 0.87925 0.64308
vt 0.96856 0.64308
vt 0.18736 0.62415
vt 0.18736 0.71347
vt 0.68914 0.0182
vt 0.59982 0.0182
vt 0.0082 0.80666
vt 0.0082 0.71734
vt 0.01247 0.80666
vt 0.01247 0.71734
vt 0.20244 0.62415
vt 0.20244 0.71347
vt 0.01779 0.80666
vt 0.01779 0.71734
vt 0.87925 0.66333
vt 0.96856 0.66333
vt 0.68914 0.02829
vt 0.59982 0.02829
vt 0.02415 0.80666
vt 0.02415 0.71734
vt 0.21897 0.62415
vt 0.21897 0.71347
vt 0.03155 0.80666
vt 0.03155 0.71734
vt 0.68914 0.0397
vt 0.59982 0.0397
vt 0.87925 0.68225
vt 0.96856 0.68225
vt 0.23696 0.62415
vt 0.23696 0.71347
vt 0.03999 0.80666
vt 0.03999 0.71734
vt 0.33599 0.16572
vt 0.33661 0.16631
vt 0.04947 0.80666
vt 0.04947 0.71734
vt 0.68914 0.05244
vt 0.59982 0.05244
vt 0.6681 0.68718
vt 0.25492 0.62415
vt 0.25492 0.71347
vt 0.87925 0.69983
vt 0.96856 0.69983
vt 0.06019 0.80666
vt 0.06019 0.71734
vt 0.27138 0.62415
vt 0.27138 0.71347
vt 0.68914 0.06649
vt 0.59982 0.06649
vt 0.87925 0.71608
vt 0.96856 0.71608
vt 0.07236 0.80666
vt 0.07236 0.71734
vt 0.28635 0.62415
vt 0.28635 0.71347
vt 0.08599 0.80666
vt 0.08599 0.71734
vt 0.68914 0.08187
vt 0.59982 0.08187
vt 0.87925 0.73101
vt 0.96856 0.73101
vt 0.29981 0.62415
vt 0.29981 0.71347
vt 0.10106 0.80666
vt 0.10106 0.71734
vt 0.68914 0.09854
vt 0.59982 0.09854
vt 0.31178 0.62415
vt 0.31178 0.71347
vt 0.87925 0.74465
vt 0.96856 0.74465
vt 0.11759 0.80666
vt 0.11759 0.71734
vt 0.32225 0.62415
vt 0.32225 0.71347
vt 0.68914 0.11647
vt 0.59982 0.11647
vt 0.87925 0.75701
vt 0.96856 0.75701
vt 0.13558 0.80666
vt 0.13558 0.71734
vt 0.33145 0.62415
vt 0.33145 0.71347
vt 0.33961 0.62415
vt 0.33961 0.71347
vt 0.15354 0.80666
vt 0.15354 0.71734
vt 0.87925 0.76807
vt 0.96856 0.76807
vt 0.68914 0.13566
vt 0.59982 0.13566
vt 0.34674 0.62415
vt 0.34674 0.71347
vt 0.35282 0.62415
vt 0.35282 0.71347
vt 0.17 0.80666
vt 0.17 0.71734
vt 0.87925 0.77783
vt 0.96856 0.77783
vt 0.35787 0.62415
vt 0.35787 0.71347
vt 0.68914 0.1561
vt 0.59982 0.1561
vt 0.18497 0.80666
vt 0.18497 0.71734
vt 0.36187 0.62415
vt 0.36187 0.71347
vt 0.36506 0.62415
vt 0.36506 0.71347
vt 0.87925 0.78632
vt 0.96856 0.78632
vt 0.19843 0.80666
vt 0.19843 0.71734
vt 0.36768 0.62415
vt 0.36768 0.71347
vt 0.68914 0.17781
vt 0.59982 0.17781
vt 0.40583 0.52212
vt 0.41019 0.52212
vt 0.40583 0.4328
vt 0.41019 0.4328
vt 0.2104 0.80666
vt 0.2104 0.71734
vt 0.87925 0.7935
vt 0.96856 0.7935
vt 0.40129 0.52212
vt 0.40129 0.4328
vt 0.22087 0.80666
vt 0.22087 0.71734
vt 0.39659 0.52212
vt 0.39659 0.4328
vt 0.39173 0.52212
vt 0.39173 0.4328
vt 0.68914 0.20077
vt 0.59982 0.20077
vt 0.23007 0.80666
vt 0.23007 0.71734
vt 0.38702 0.52212
vt 0.38702 0.4328
vt 0.68195 0.62415
vt 0.67015 0.62415
vt 0.68195 0.71347
vt 0.67015 0.71347
vt 0.23824 0.80666
vt 0.23824 0.71734
vt 0.38243 0.52212
vt 0.38243 0.4328
vt 0.28635 0.15215
vt 0.37797 0.52212
vt 0.37797 0.4328
vt 0.24536 0.80666
vt 0.24536 0.71734
vt 0.37363 0.52212
vt 0.37363 0.4328
vt 0.25144 0.80666
vt 0.25144 0.71734
vt 0.26369 0.80666
vt 0.2663 0.80666
vt 0.26369 0.71734
vt 0.2663 0.71734
vt 0.25649 0.80666
vt 0.25649 0.71734
vt 0.26049 0.80666
vt 0.26049 0.71734
vt 0.65774 0.62415
vt 0.65774 0.71347
vt 0.28635 0.15485
vt 0.68914 0.22371
vt 0.59982 0.22371
vt 0.64471 0.62415
vt 0.64471 0.71347
vt 0.68914 0.24532
vt 0.59982 0.24532
vt 0.63107 0.62415
vt 0.63107 0.71347
vt 0.68914 0.26562
vt 0.59982 0.26562
vt 0.61682 0.62415
vt 0.61682 0.71347
vt 0.68914 0.28459
vt 0.59982 0.28459
vt 0.60272 0.62415
vt 0.60272 0.71347
vt 0.68914 0.30224
vt 0.59982 0.30224
vt 0.58919 0.62415
vt 0.58919 0.71347
vt 0.68914 0.31857
vt 0.59982 0.31857
vt 0.57623 0.62415
vt 0.57623 0.71347
vt 0.68914 0.33357
vt 0.59982 0.33357
vt 0.56385 0.62415
vt 0.56385 0.71347
vt 0.68914 0.34726
vt 0.59982 0.34726
vt 0.55202 0.62415
vt 0.55202 0.71347
vt 0.68914 0.3959
vt 0.68914 0.38881
vt 0.59982 0.3959
vt 0.59982 0.38881
vt 0.68914 0.35963
vt 0.59982 0.35963
vt 0.68914 0.3804
vt 0.59982 0.3804
vt 0.68914 0.37068
vt 0.59982 0.37068
vt 0.49091 0.40807
vt 0.48114 0.40807
vt 0.51594 0.40807
vt 0.50289 0.40807
vt 0.55904 0.40807
vt 0.54432 0.40807
vt 0.42769 0.40807
vt 0.44227 0.40807
vt 0.40649 0.05676
vt 0.11606 0.40807
vt 0.10088 0.40807
vt 0.30746 0.40807
vt 0.29149 0.40807
vt 0.61899 0.40807
vt 0.6027 0.40807
vt 0.26236 0.40807
vt 0.2473 0.40807
vt 0.6 0.52563
vt 0.62 0.52563
vt 0.58 0.52563
vt 0.64 0.52563
vt 0.56 0.52563
vt 0.66 0.52563
vt 0.54 0.52563
vt 0.62796 0.40807
vt 0.62322 0.40807
vt 0.68 0.52563
vt 0.23165 0.40807
vt 0.77586 0.53801
vt 0.52 0.52563
vt 0.7 0.52563
vt 0.5683 0.40807
vt 0.5 0.52563
vt 0.72 0.52563
vt 0.21569 0.40807
vt 0.48 0.52563
vt 0.74 0.52563
vt 0.46 0.52563
vt 0.65653 0.40807
vt 0.64005 0.40807
vt 0.76 0.52563
vt 0.44 0.52563
vt 0.34326 0.16711
vt 0.78 0.52563
vt 0.42 0.52563
vt 0.61233 0.40807
vt 0.16751 0.40807
vt 0.8 0.52563
vt 0.4 0.52563
vt 0.82 0.52563
vt 0.33957 0.20031
vt 0.35031 0.1938
vt 0.62819 0.40807
vt 0.15177 0.40807
vt 0.38 0.52563
vt 0.84 0.52563
vt 0.69897 0.40807
vt 0.68446 0.40807
vt 0.36 0.52563
vt 0.86 0.52563
vt 0.04698 0.40807
vt 0.34 0.52563
vt 0.88 0.52564
vt 0.10817 0.40807
vt 0.32 0.52563
vt 0.9 0.52564
vt 0.3 0.52563
vt 0.92 0.52564
vt 0.01937 0.40807
vt 0.28 0.52563
vt 0.94 0.52564
vt 0.26 0.52564
vt 0.96 0.52564
vt 0.24 0.52564
vt 0.98 0.52564
vt 0.77865 0.40807
vt 0.76227 0.40807
vt 0.22 0.52564
vt 0.74827 0.40807
vt 1 0.52564
vt 0.2 0.52564
vt 0 0.52564
vt 0.02 0.52564
vt 0.18 0.52564
vt 0.92903 0.40807
vt 0.04 0.52564
vt 0.16 0.52564
vt 0.79236 0.40807
vt 0.40649 0.53129
vt 0.06 0.52564
vt 0.14 0.52564
vt 0.08 0.52564
vt 0.12 0.52564
vt 0.80824 0.40807
vt 0.1 0.52564
vt 0.88 0.40807
vt 0.8858 0.40807
vt 0.82442 0.40807
vt 0.87327 0.40807
vt 0.33603 0.13652
vt 0.33588 0.13658
vt 0.3358 0.13664
vt 0.91027 0.40807
vt 0.87595 0.40807
vt 0.1929 0.68718
vt 0.33675 0.13635
vt 0.33691 0.13635
vt 0.33706 0.13635
vt 0.33716 0.13636
vt 0.33736 0.13639
vt 0.33766 0.13648
vt 0.33787 0.13658
vt 0.33809 0.13671
vt 0.33795 0.13662
vt 0.33829 0.13686
vt 0.33821 0.1368
vt 0.33846 0.13701
vt 0.33868 0.13727
vt 0.33973 0.13879
vt 0.33963 0.13862
vt 0.34007 0.13943
vt 0.5574 0.26087
vt 0.40649 0.26087
vt 0.32911 0.16573
vt 0.375 0.125
vt 0.5 0.125
vt 0.32911 0.13579
vt 0.33895 0.14084
vt 0.33894 0.1438
vt 0.3389 0.14094
vt 0.33889 0.14095
vt 0.5574 0.48834
vt 0.45792 0.48834
vt 0.40649 0.48834
vt 0.23746 0.14461
vt 0.23905 0.14565
vt 0.2361 0.15806
vt 0.23643 0.15817
vt 0.5574 0.98927
vt 0.40649 0.98927
vt 0.33563 0.13683
vt 0.33539 0.13705
vt 0.40649 0.20224
vt 0.40649 0.18916
vt 0.35383 0.40807
vt 0.47321 0.40807
vt 0.46678 0.40807
vt 0.46839 0.40807
vt 0.2474 0.16239
vt 0.24736 0.16261
vt 0.33455 0.16251
vt 0.33461 0.16222
vt 0.3347 0.16194
vt 0.33483 0.16168
vt 0.33907 0.13789
vt 0.65024 0.40807
vt 0.33904 0.14073
vt 0.34067 0.14672
vt 0.33901 0.14084
vt 0.33891 0.14098
vt 0.33889 0.141
vt 0.33894 0.14377
vt 0.32911 0.16573
vt 0.32911 0.17379
vt 0.41347 0.40807
vt 0.40009 0.40807
vt 0.34114 0.14289
vt 0.33894 0.14378
vt 0.33889 0.14097
vt 0.33902 0.14113
vt 0.33993 0.14224
vt 0.34059 0.1429
vt 0.34097 0.14306
vt 0.5574 0.26072
vt 0.40649 0.26072
vt 0.55587 0.40807
vt 0.54514 0.40807
vt 0.32911 0.16576
vt 0.32911 0.16576
vt 0.19961 0.40807
vt 0.18352 0.40807
vt 0.5574 0.98912
vt 0.48939 0.98912
vt 0.40649 0.98912
vt 0.13655 0.40807
vt 0.12199 0.40807
vt 0.09595 0.40807
vt 0.08548 0.40807
vt 0.3393 0.40807
vt 0.30483 0.40807
vt 0.40649 0.05644
vt 0.72 0.40807
vt 0.73585 0.40807
vt 0.72516 0.40807
vt 0.97644 0.40807
vt 0.967 0.40807
vt 0.26 0.40807
vt 0.27281 0.40807
vt 0.24726 0.40807
vt 0.95548 0.40807
vt 0.94265 0.40807
vt 0.32725 0.17406
vt 0.23146 0.40807
vt 0.21536 0.40807
vt 0.91476 0.40807
vt 0.90028 0.40807
vt 0.375 0.18748
vt 0.5 0.18748
vt 0.16683 0.40807
vt 0.15096 0.40807
vt 0.9586 0.40807
vt 0.94354 0.40807
vt 0.10686 0.40807
vt 0.62075 0.40807
vt 0.24988 0.08167
vt 0.19727 0.10186
vt 0.24991 0.08201
vt 0.24999 0.08233
vt 0.25 0.11293
vt 0.25 0.1038
vt 0.12624 0.11293
vt 0.24996 0.10363
vt 0.24644 0.09897
vt 0.24644 0.08578
vt 0.24993 0.1033
vt 0.24996 0.10297
vt 0.17717 0.08835
vt 0.19119 0.09778
vt 0.03594 0.40807
vt 0.96101 0.40807
vt 0.87766 0.40807
vt 0.25 0.081
vt 0.2501 0.0807
vt 0.25 0.03298
vt 0.25026 0.0804
vt 0.25563 0.08083
vt 0.26819 0.03298
vt 0.25558 0.0807
vt 0.25046 0.08012
vt 0.25542 0.0804
vt 0.25069 0.07987
vt 0.25523 0.08012
vt 0.25096 0.07964
vt 0.25499 0.07987
vt 0.25126 0.07945
vt 0.25472 0.07964
vt 0.25159 0.07929
vt 0.25442 0.07945
vt 0.25193 0.07917
vt 0.26249 0.03298
vt 0.2541 0.07929
vt 0.25229 0.07908
vt 0.25375 0.07917
vt 0.25266 0.07904
vt 0.25339 0.07908
vt 0.25303 0.07904
vt 0.97352 0.68718
vt 0.97415 0.40807
vt 0.34347 0.20038
vt 0.18357 0.16196
vt 0.18652 0.16196
vt 0.18357 0.16067
vt 0.18652 0.16067
vt 0.78485 0.68718
vt 0.36618 0.03298
vt 0.35504 0.03298
vt 0.33182 0.05316
vt 0.35431 0.03298
vt 0.30563 0.05316
vt 0.30563 0.03898
vt 0.29645 0.05316
vt 0.32265 0.03898
vt 0.32265 0.05316
vt 0.40649 0.20266
vt 0.40649 0.18529
vt 0.35369 0.40807
vt 0.33897 0.13769
vt 0.33899 0.138
vt 0.33888 0.1376
vt 0.13202 0.40807
vt 0.65129 0.40807
vt 0.5293 0.11293
vt 0.5293 0.11317
vt 0.5293 0.125
vt 0.27778 0.68718
vt 0.3412 0.1828
vt 0.34141 0.18267
vt 0.53699 0.40807
vt 0.52984 0.40807
vt 0.53157 0.40807
vt 0.3472 0.20025
vt 0.30599 0.40807
vt 0.40649 0.05629
vt 0.85608 0.68718
vt 0.22944 0.40807
vt 0.21353 0.40807
vt 0.16529 0.40807
vt 0.14943 0.40807
vt 0.13401 0.40807
vt 0.62105 0.40807
vt 0.0663 0.40807
vt 0.71709 0.40807
vt 0.71024 0.40807
vt 0.71179 0.40807
vt 0.88661 0.40807
vt 0.87924 0.40807
vt 0.5293 0.09889
vt 0.5293 0.07161
vt 0.5293 0.03298
vt 0.79511 0.68718
vt 0.24197 0.16223
vt 0.24192 0.16238
vt 0.24197 0.16258
vt 0.24211 0.1628
vt 0.19916 0.40807
vt 0.18296 0.40807
vt 0.40649 0.20218
vt 0.13557 0.40807
vt 0.1209 0.40807
vt 0.09432 0.40807
vt 0.08374 0.40807
vt 0.35321 0.40807
vt 0.01888 0.40807
vt 0.00006 0.40807
vt 0.00025 0.40807
vt 0.00333 0.40807
vt 0.00954 0.40807
vt 0.13098 0.40807
vt 0.29458 0.68718
vt 0.28866 0.40807
vt 0.652 0.40807
vt 0.2777 0.68718
vt 0.24356 0.16518
vt 0.24385 0.16533
vt 0.24418 0.16548
vt 0.24454 0.16562
vt 0.72465 0.68718
vt 0.33616 0.13646
vt 0.33645 0.1364
vt 0.33913 0.14026
vt 0.33908 0.1406
vt 0.34074 0.16195
vt 0.34114 0.14306
vt 0.34124 0.14278
vt 0.35215 0.16133
vt 0.34112 0.1421
vt 0.34077 0.14105
vt 0.25985 0.40807
vt 0.24497 0.40807
vt 0.5293 0.625
vt 0.5293 0.61162
vt 0.5293 0.60385
vt 0.5293 0.59572
vt 0.5293 0.57993
vt 0.5293 0.57154
vt 0.5293 0.56563
vt 0.5293 0.56178
vt 0.5293 0.55314
vt 0.5293 0.55092
vt 0.5293 0.54315
vt 0.5293 0.53501
vt 0.19745 0.40807
vt 0.18136 0.40807
vt 0.11936 0.40807
vt 0.10529 0.40807
vt 0.09262 0.40807
vt 0.08211 0.40807
vt 0.05381 0.40807
vt 0.04337 0.40807
vt 0.29508 0.68718
vt 0.28999 0.40807
vt 0.18748 0.16601
vt 0.18357 0.16601
vt 0.17767 0.16714
vt 0.17366 0.16528
vt 0.17985 0.16528
vt 0.18211 0.16196
vt 0.17985 0.15595
vt 0.18211 0.16067
vt 0.18357 0.15889
vt 0.34088 0.16878
vt 0.34136 0.16926
vt 0.34181 0.16974
vt 0.35249 0.18602
vt 0.34218 0.17017
vt 0.34241 0.1704
vt 0.34231 0.16992
vt 0.34246 0.17033
vt 0.33872 0.14122
vt 0.33849 0.14147
vt 0.33825 0.14168
vt 0.33798 0.14186
vt 0.33279 0.14378
vt 0.33279 0.14248
vt 0.33769 0.14199
vt 0.3374 0.14208
vt 0.33539 0.14148
vt 0.33563 0.14168
vt 0.33709 0.14213
vt 0.33678 0.14213
vt 0.33648 0.14208
vt 0.33618 0.14199
vt 0.3359 0.14186
vt 0.03531 0.40807
vt 0.02934 0.40807
vt 0.03043 0.40807
vt 0.20021 0.16528
vt 0.19402 0.16528
vt 0.18693 0.17145
vt 0.19208 0.16185
vt 0.19402 0.15595
vt 0.19208 0.16067
vt 0.18652 0.15889
vt 0.5293 0.12505
vt 0.5293 0.15505
vt 0.5293 0.18748
vt 0.5293 0.1794
vt 0.33538 0.14147
vt 0.33516 0.14122
vt 0.33496 0.14093
vt 0.33563 0.13676
vt 0.33538 0.13697
vt 0.33279 0.13577
vt 0.33516 0.13722
vt 0.33496 0.13751
vt 0.3348 0.14063
vt 0.33467 0.14029
vt 0.33457 0.13995
vt 0.33451 0.13959
vt 0.3345 0.13922
vt 0.33451 0.13885
vt 0.33457 0.13849
vt 0.33467 0.13815
vt 0.3348 0.13781
vt 0.3079 0.04127
vt 0.31332 0.04557
vt 0.32037 0.04127
vt 0.31612 0.04557
vt 0.32037 0.05492
vt 0.31609 0.046
vt 0.31606 0.04641
vt 0.31602 0.04681
vt 0.31597 0.0472
vt 0.31592 0.04758
vt 0.31586 0.04794
vt 0.3158 0.0483
vt 0.31573 0.04866
vt 0.31565 0.049
vt 0.31556 0.04934
vt 0.31546 0.04968
vt 0.31536 0.05001
vt 0.31524 0.05033
vt 0.33828 0.16068
vt 0.33801 0.1605
vt 0.33279 0.15838
vt 0.33773 0.16037
vt 0.33743 0.16028
vt 0.33542 0.1609
vt 0.33713 0.16023
vt 0.33682 0.16023
vt 0.33652 0.16028
vt 0.33622 0.16037
vt 0.33593 0.16051
vt 0.33566 0.16069
vt 0.34114 0.14309
vt 0.35223 0.16664
vt 0.33894 0.14376
vt 0.33889 0.14097
vt 0.33902 0.14115
vt 0.33994 0.14235
vt 0.34059 0.14306
vt 0.34096 0.14324
vt 0.243 0.13754
vt 0.24285 0.13784
vt 0.24272 0.13818
vt 0.24262 0.13854
vt 0.24256 0.13891
vt 0.24254 0.13928
vt 0.24256 0.13966
vt 0.24262 0.14003
vt 0.24272 0.14039
vt 0.24921 0.14516
vt 0.24004 0.14414
vt 0.24917 0.14212
vt 0.24285 0.14073
vt 0.24301 0.14106
vt 0.24321 0.14136
vt 0.24343 0.14163
vt 0.24368 0.14186
vt 0.24699 0.14111
vt 0.24679 0.14143
vt 0.24395 0.14206
vt 0.24424 0.14221
vt 0.24657 0.1417
vt 0.24454 0.14232
vt 0.24632 0.14193
vt 0.24484 0.14238
vt 0.24605 0.14212
vt 0.24515 0.14239
vt 0.24576 0.14226
vt 0.24546 0.14235
vt 0.35249 0.18602
vt 0.35217 0.18645
vt 0.35198 0.16777
vt 0.35221 0.16568
vt 0.24699 0.14111
vt 0.24716 0.14082
vt 0.24728 0.14049
vt 0.24914 0.13654
vt 0.24738 0.14015
vt 0.24744 0.13979
vt 0.24745 0.13942
vt 0.24743 0.13904
vt 0.24738 0.13867
vt 0.24728 0.13831
vt 0.24715 0.13797
vt 0.24698 0.13764
vt 0.24679 0.13735
vt 0.24656 0.13709
vt 0.24631 0.13686
vt 0.24302 0.13751
vt 0.24322 0.13726
vt 0.24605 0.13668
vt 0.24576 0.13654
vt 0.24546 0.13644
vt 0.24516 0.13639
vt 0.24344 0.13702
vt 0.24369 0.13681
vt 0.24396 0.13664
vt 0.24425 0.13651
vt 0.24454 0.13643
vt 0.24485 0.13638
vt 0.23998 0.15773
vt 0.24291 0.16156
vt 0.24304 0.16127
vt 0.24324 0.16095
vt 0.24917 0.16057
vt 0.24728 0.1617
vt 0.24921 0.15652
vt 0.24719 0.16145
vt 0.24702 0.16111
vt 0.24683 0.16081
vt 0.2466 0.16055
vt 0.24347 0.16068
vt 0.24635 0.16032
vt 0.24371 0.16044
vt 0.24608 0.16014
vt 0.24398 0.16023
vt 0.24579 0.16001
vt 0.24549 0.15992
vt 0.24519 0.15988
vt 0.24488 0.1599
vt 0.24457 0.15996
vt 0.24427 0.16008
vt 0.33874 0.14122
vt 0.33851 0.14147
vt 0.33826 0.14169
vt 0.338 0.14187
vt 0.33263 0.14377
vt 0.33263 0.14253
vt 0.33771 0.142
vt 0.33741 0.14209
vt 0.3354 0.14147
vt 0.33565 0.14169
vt 0.33711 0.14214
vt 0.3368 0.14214
vt 0.3365 0.14209
vt 0.3362 0.142
vt 0.33592 0.14187
vt 0.34087 0.1408
vt 0.34121 0.14157
vt 0.34133 0.14209
vt 0.34123 0.14232
vt 0.3409 0.14229
vt 0.34035 0.14198
vt 0.33959 0.1414
vt 0.33838 0.16076
vt 0.3383 0.16069
vt 0.33892 0.15836
vt 0.33803 0.16051
vt 0.33263 0.15836
vt 0.33263 0.15988
vt 0.33775 0.16037
vt 0.33745 0.16028
vt 0.33528 0.16109
vt 0.33543 0.16091
vt 0.33714 0.16024
vt 0.33684 0.16024
vt 0.33653 0.16028
vt 0.33624 0.16038
vt 0.33595 0.16051
vt 0.33568 0.16069
vt 0.2503 0.10203
vt 0.2505 0.10175
vt 0.25772 0.10564
vt 0.25772 0.09897
vt 0.25581 0.10355
vt 0.25583 0.1033
vt 0.25581 0.10297
vt 0.25574 0.10265
vt 0.25562 0.10233
vt 0.25074 0.1015
vt 0.25547 0.10203
vt 0.25101 0.10127
vt 0.25527 0.10175
vt 0.25131 0.10108
vt 0.25503 0.1015
vt 0.25163 0.10092
vt 0.25476 0.10127
vt 0.25446 0.10108
vt 0.25197 0.1008
vt 0.25233 0.10071
vt 0.2527 0.10067
vt 0.25307 0.10067
vt 0.25344 0.10071
vt 0.2538 0.1008
vt 0.25414 0.10092
vt 0.33518 0.14122
vt 0.33498 0.14094
vt 0.33565 0.13676
vt 0.3354 0.13698
vt 0.33482 0.14063
vt 0.33264 0.13575
vt 0.33468 0.1403
vt 0.33459 0.13995
vt 0.33453 0.13959
vt 0.33451 0.13923
vt 0.33453 0.13886
vt 0.33459 0.1385
vt 0.33468 0.13815
vt 0.33482 0.13782
vt 0.33498 0.13751
vt 0.33518 0.13723
vt 0.33872 0.14122
vt 0.3385 0.14147
vt 0.33825 0.14168
vt 0.33798 0.14186
vt 0.33274 0.14376
vt 0.33274 0.14249
vt 0.33769 0.142
vt 0.3374 0.14209
vt 0.33539 0.14148
vt 0.33563 0.14168
vt 0.33709 0.14213
vt 0.33679 0.14213
vt 0.33648 0.14209
vt 0.33618 0.142
vt 0.3359 0.14186
vt 0.33838 0.16077
vt 0.33828 0.16068
vt 0.33892 0.15836
vt 0.33801 0.1605
vt 0.33274 0.15836
vt 0.33274 0.15993
vt 0.33773 0.16037
vt 0.33743 0.16028
vt 0.33526 0.16108
vt 0.33542 0.16091
vt 0.33713 0.16023
vt 0.33682 0.16023
vt 0.33652 0.16028
vt 0.33622 0.16037
vt 0.33593 0.16051
vt 0.33566 0.16069
vt 0.25003 0.10396
vt 0.25014 0.10427
vt 0.2503 0.10457
vt 0.2505 0.10485
vt 0.25581 0.10363
vt 0.25074 0.10511
vt 0.25574 0.10396
vt 0.25101 0.10534
vt 0.25131 0.10553
vt 0.25562 0.10427
vt 0.25163 0.10569
vt 0.25547 0.10457
vt 0.26249 0.11293
vt 0.25197 0.10581
vt 0.25233 0.10589
vt 0.2527 0.10594
vt 0.25307 0.10594
vt 0.25344 0.10589
vt 0.26249 0.11126
vt 0.2538 0.10581
vt 0.26249 0.11113
vt 0.26249 0.11057
vt 0.25414 0.10569
vt 0.25446 0.10553
vt 0.25476 0.10534
vt 0.25503 0.10511
vt 0.26249 0.10564
vt 0.25527 0.10485
vt 0.23603 0.16584
vt 0.23603 0.16565
vt 0.23603 0.16547
vt 0.23603 0.1653
vt 0.23603 0.16514
vt 0.23603 0.165
vt 0.23604 0.16487
vt 0.23604 0.16476
vt 0.23604 0.16467
vt 0.23604 0.1646
vt 0.23604 0.16455
vt 0.23604 0.16453
vt 0.24226 0.16136
vt 0.24241 0.16111
vt 0.2426 0.16085
vt 0.24913 0.15656
vt 0.2471 0.16146
vt 0.24687 0.16112
vt 0.24662 0.16082
vt 0.24635 0.16056
vt 0.24283 0.16061
vt 0.24606 0.16034
vt 0.24308 0.16039
vt 0.24574 0.16016
vt 0.24336 0.16021
vt 0.2454 0.16002
vt 0.24504 0.15993
vt 0.24469 0.15989
vt 0.24434 0.1599
vt 0.24399 0.15996
vt 0.24367 0.16006
vt 0.33521 0.16116
vt 0.33501 0.16144
vt 0.33263 0.16573
vt 0.33485 0.16175
vt 0.33472 0.16208
vt 0.33463 0.16242
vt 0.33457 0.16278
vt 0.33455 0.16315
vt 0.33457 0.16351
vt 0.33463 0.16387
vt 0.33472 0.16422
vt 0.33582 0.1657
vt 0.33568 0.16561
vt 0.33485 0.16455
vt 0.33543 0.16539
vt 0.33521 0.16514
vt 0.33502 0.16486
vt 0.33838 0.16078
vt 0.33827 0.16068
vt 0.33892 0.15839
vt 0.338 0.16051
vt 0.33269 0.15839
vt 0.33269 0.15991
vt 0.33771 0.16037
vt 0.33742 0.16028
vt 0.33525 0.16107
vt 0.3354 0.16091
vt 0.33711 0.16023
vt 0.3368 0.16023
vt 0.3365 0.16028
vt 0.3362 0.16037
vt 0.33592 0.16051
vt 0.33565 0.16069
vt 0.3387 0.14122
vt 0.33848 0.14147
vt 0.33823 0.14169
vt 0.33796 0.14186
vt 0.33269 0.1438
vt 0.33269 0.14251
vt 0.33768 0.142
vt 0.33738 0.14209
vt 0.33538 0.14148
vt 0.33561 0.14169
vt 0.33708 0.14213
vt 0.33677 0.14213
vt 0.33646 0.14209
vt 0.33617 0.142
vt 0.33588 0.14186
vt 0.18905 0.16197
vt 0.18652 0.16197
vt 0.18755 0.16336
vt 0.18652 0.163
vt 0.18652 0.16312
vt 0.18652 0.16324
vt 0.18746 0.16347
vt 0.18651 0.16337
vt 0.18736 0.16357
vt 0.1865 0.1635
vt 0.18727 0.16367
vt 0.18649 0.16364
vt 0.18718 0.16377
vt 0.18648 0.16379
vt 0.18709 0.16387
vt 0.187 0.16397
vt 0.18647 0.16394
vt 0.18691 0.16407
vt 0.18645 0.16408
vt 0.18683 0.16418
vt 0.18644 0.16421
vt 0.18674 0.16428
vt 0.18643 0.16434
vt 0.18666 0.16438
vt 0.18643 0.16447
vt 0.18657 0.16448
vt 0.18649 0.16458
vt 0.18642 0.16458
vt 0.33538 0.14147
vt 0.33516 0.14123
vt 0.33496 0.14096
vt 0.33538 0.13706
vt 0.3348 0.14066
vt 0.33274 0.13638
vt 0.33467 0.14034
vt 0.33457 0.14
vt 0.33452 0.13965
vt 0.3345 0.1393
vt 0.33452 0.13894
vt 0.33457 0.13859
vt 0.33467 0.13824
vt 0.3348 0.13791
vt 0.33496 0.1376
vt 0.33516 0.13732
vt 0.2426 0.13755
vt 0.24243 0.13769
vt 0.24215 0.13802
vt 0.23623 0.14379
vt 0.24195 0.13835
vt 0.24181 0.1387
vt 0.24172 0.13906
vt 0.24169 0.13942
vt 0.2417 0.13977
vt 0.24176 0.14012
vt 0.24186 0.14047
vt 0.242 0.14079
vt 0.24218 0.1411
vt 0.24915 0.14519
vt 0.24912 0.14209
vt 0.2424 0.14138
vt 0.24264 0.14164
vt 0.24291 0.14186
vt 0.2432 0.14205
vt 0.24697 0.14111
vt 0.24663 0.14142
vt 0.24352 0.1422
vt 0.24631 0.14169
vt 0.24386 0.1423
vt 0.24599 0.14192
vt 0.24421 0.14236
vt 0.24566 0.1421
vt 0.24458 0.14237
vt 0.24531 0.14224
vt 0.24495 0.14233
vt 0.13844 0.18365
vt 0.13863 0.18369
vt 0.1429 0.18318
vt 0.139 0.1838
vt 0.13934 0.18393
vt 0.13965 0.18409
vt 0.13992 0.18426
vt 0.14014 0.18445
vt 0.14032 0.18466
vt 0.1429 0.18813
vt 0.14045 0.18487
vt 0.14053 0.18509
vt 0.14056 0.18532
vt 0.14053 0.18555
vt 0.14045 0.18577
vt 0.14032 0.18598
vt 0.14014 0.18619
vt 0.13992 0.18638
vt 0.13965 0.18655
vt 0.13934 0.18671
vt 0.139 0.18684
vt 0.13863 0.18695
vt 0.13824 0.18703
vt 0.13612 0.18702
vt 0.13057 0.18813
vt 0.13617 0.18703
vt 0.13658 0.18709
vt 0.137 0.18712
vt 0.13742 0.18712
vt 0.13783 0.18709
vt 0.23602 0.16625
vt 0.23601 0.16716
vt 0.23601 0.16804
vt 0.236 0.16891
vt 0.23599 0.16973
vt 0.23598 0.17049
vt 0.23598 0.17119
vt 0.23597 0.17181
vt 0.23597 0.17234
vt 0.23596 0.17278
vt 0.23596 0.17311
vt 0.23596 0.17333
vt 0.23596 0.17345
vt 0.31515 0.14558
vt 0.30907 0.14279
vt 0.26638 0.14006
vt 0.25753 0.13645
vt 0.26228 0.13767
vt 0.27035 0.13645
vt 0.26264 0.13762
vt 0.26306 0.13759
vt 0.26348 0.13759
vt 0.26389 0.13762
vt 0.29505 0.13634
vt 0.2643 0.13768
vt 0.26469 0.13776
vt 0.26506 0.13787
vt 0.26651 0.13984
vt 0.2654 0.138
vt 0.26659 0.13962
vt 0.26571 0.13816
vt 0.26662 0.13939
vt 0.26659 0.13917
vt 0.26598 0.13833
vt 0.26651 0.13894
vt 0.2662 0.13852
vt 0.26638 0.13873
vt 0.24698 0.1411
vt 0.24711 0.14087
vt 0.24722 0.14058
vt 0.24861 0.13792
vt 0.2473 0.14026
vt 0.24734 0.13992
vt 0.24735 0.13957
vt 0.24732 0.13922
vt 0.24725 0.13887
vt 0.24714 0.13852
vt 0.247 0.13819
vt 0.24683 0.13788
vt 0.24662 0.1376
vt 0.24639 0.13734
vt 0.24273 0.13745
vt 0.24612 0.13713
vt 0.24301 0.13727
vt 0.24584 0.13695
vt 0.24329 0.13709
vt 0.24554 0.13681
vt 0.24359 0.13693
vt 0.24522 0.13672
vt 0.24391 0.1368
vt 0.24489 0.13667
vt 0.24423 0.13671
vt 0.24456 0.13667
vt 0.33519 0.16116
vt 0.335 0.16143
vt 0.33582 0.1657
vt 0.33567 0.1656
vt 0.33542 0.16539
vt 0.33483 0.16174
vt 0.33274 0.16573
vt 0.3347 0.16207
vt 0.33461 0.16242
vt 0.33455 0.16278
vt 0.33453 0.16314
vt 0.33455 0.16351
vt 0.33461 0.16387
vt 0.3347 0.16422
vt 0.33483 0.16455
vt 0.33519 0.16514
vt 0.335 0.16486
vt 0.24288 0.16159
vt 0.24732 0.16177
vt 0.24274 0.16183
vt 0.24264 0.16212
vt 0.24741 0.16205
vt 0.24911 0.16392
vt 0.24746 0.16237
vt 0.24748 0.16271
vt 0.24746 0.16307
vt 0.2474 0.16343
vt 0.2473 0.16378
vt 0.24717 0.16412
vt 0.24258 0.16245
vt 0.24256 0.16279
vt 0.24258 0.16314
vt 0.24264 0.16348
vt 0.24273 0.16382
vt 0.24287 0.16414
vt 0.24303 0.16444
vt 0.24323 0.16472
vt 0.24345 0.16496
vt 0.247 0.16443
vt 0.2437 0.16518
vt 0.24397 0.16535
vt 0.24681 0.16472
vt 0.24426 0.16549
vt 0.24456 0.16558
vt 0.24658 0.16498
vt 0.24633 0.16519
vt 0.24606 0.16537
vt 0.24578 0.1655
vt 0.24548 0.16559
vt 0.24517 0.16563
vt 0.24486 0.16563
vt 0.33537 0.14147
vt 0.33514 0.14122
vt 0.33495 0.14094
vt 0.33561 0.13676
vt 0.33537 0.13698
vt 0.33478 0.14063
vt 0.33269 0.13579
vt 0.33465 0.1403
vt 0.33456 0.13995
vt 0.3345 0.13959
vt 0.33448 0.13922
vt 0.3345 0.13886
vt 0.33456 0.1385
vt 0.33465 0.13815
vt 0.33478 0.13782
vt 0.33495 0.13751
vt 0.33514 0.13723
vt 0.33518 0.16116
vt 0.33498 0.16144
vt 0.33581 0.16571
vt 0.33565 0.16561
vt 0.3354 0.16539
vt 0.33482 0.16174
vt 0.33269 0.16576
vt 0.33469 0.16207
vt 0.33459 0.16242
vt 0.33453 0.16278
vt 0.33452 0.16315
vt 0.33453 0.16351
vt 0.33459 0.16387
vt 0.33469 0.16422
vt 0.33482 0.16455
vt 0.33518 0.16514
vt 0.33498 0.16486
vt 0.30245 0.05492
vt 0.30598 0.05765
vt 0.3079 0.05492
vt 0.32582 0.05492
vt 0.31414 0.06396
vt 0.3133 0.04607
vt 0.31327 0.04655
vt 0.31323 0.04701
vt 0.3132 0.04746
vt 0.31316 0.04788
vt 0.31311 0.04829
vt 0.31306 0.04868
vt 0.313 0.04906
vt 0.31294 0.04943
vt 0.31286 0.04979
vt 0.31277 0.05014
vt 0.31267 0.05048
vt 0.31256 0.05081
vt 0.31243 0.05114
vt 0.31228 0.05147
vt 0.31212 0.05179
vt 0.31195 0.05212
vt 0.31175 0.05244
vt 0.31154 0.05277
vt 0.31131 0.0531
vt 0.31105 0.05343
vt 0.31077 0.05377
vt 0.31047 0.05412
vt 0.31015 0.05447
vt 0.31312 0.05391
vt 0.31812 0.05391
vt 0.31338 0.05357
vt 0.31363 0.05324
vt 0.31511 0.05066
vt 0.31387 0.05291
vt 0.31497 0.05098
vt 0.31482 0.0513
vt 0.31409 0.05258
vt 0.31466 0.05162
vt 0.31015 0.056
vt 0.31429 0.05226
vt 0.31448 0.05194
vt 0.31812 0.056
vt 0.23827 0.15434
vt 0.23844 0.15438
vt 0.24267 0.15389
vt 0.23881 0.15449
vt 0.23915 0.15462
vt 0.23946 0.15478
vt 0.23972 0.15495
vt 0.23995 0.15514
vt 0.24013 0.15535
vt 0.24267 0.15884
vt 0.24026 0.15556
vt 0.24034 0.15578
vt 0.24036 0.15601
vt 0.24034 0.15624
vt 0.24026 0.15646
vt 0.24013 0.15667
vt 0.23995 0.15688
vt 0.23972 0.15707
vt 0.23946 0.15724
vt 0.23915 0.1574
vt 0.23881 0.15753
vt 0.23844 0.15764
vt 0.23805 0.15772
vt 0.23575 0.15767
vt 0.23033 0.15884
vt 0.23598 0.15772
vt 0.23639 0.15778
vt 0.2368 0.15781
vt 0.23722 0.15781
vt 0.23764 0.15778
vt 0.13801 0.19835
vt 0.13829 0.19838
vt 0.1429 0.19714
vt 0.13868 0.19847
vt 0.13905 0.19858
vt 0.12569 0.21498
vt 0.14818 0.21498
vt 0.1375 0.20189
vt 0.13939 0.19871
vt 0.13788 0.20187
vt 0.13829 0.20181
vt 0.1397 0.19886
vt 0.25 0.21498
vt 0.25 0.20684
vt 0.14818 0.20169
vt 0.1429 0.20169
vt 0.14818 0.20684
vt 0.13868 0.20173
vt 0.13996 0.19904
vt 0.13905 0.20162
vt 0.13939 0.20149
vt 0.14019 0.19923
vt 0.14037 0.19944
vt 0.1405 0.19965
vt 0.14058 0.19987
vt 0.1406 0.2001
vt 0.14058 0.20032
vt 0.1405 0.20055
vt 0.14037 0.20076
vt 0.14019 0.20097
vt 0.13996 0.20116
vt 0.1397 0.20133
vt 0.23783 0.16904
vt 0.2381 0.16907
vt 0.24267 0.16785
vt 0.24801 0.17753
vt 0.24801 0.17706
vt 0.23774 0.17255
vt 0.23849 0.16916
vt 0.24801 0.17241
vt 0.24267 0.17241
vt 0.2381 0.1725
vt 0.23849 0.17242
vt 0.23886 0.17231
vt 0.2392 0.17218
vt 0.2395 0.17202
vt 0.23886 0.16927
vt 0.23977 0.17185
vt 0.2392 0.1694
vt 0.24 0.17166
vt 0.2395 0.16955
vt 0.24018 0.17145
vt 0.24031 0.17124
vt 0.24039 0.17101
vt 0.24041 0.17079
vt 0.24039 0.17056
vt 0.24031 0.17034
vt 0.24018 0.17012
vt 0.24 0.16992
vt 0.23977 0.16973
vt 0.07378 0.42038
vt 0.1743 0.42038
vt 0.07481 0.40338
vt 0.17529 0.40035
vt 0.07605 0.38684
vt 0.17639 0.38106
vt 0.0775 0.37075
vt 0.1776 0.36253
vt 0.07914 0.35511
vt 0.08099 0.33992
vt 0.17892 0.34475
vt 0.08304 0.32519
vt 0.18035 0.32771
vt 0.08534 0.3108
vt 0.18189 0.31143
vt 0.08794 0.29664
vt 0.09083 0.28272
vt 0.18365 0.29573
vt 0.09402 0.26903
vt 0.18578 0.28045
vt 0.09751 0.25558
vt 0.18827 0.26559
vt 0.1013 0.24235
vt 0.19112 0.25115
vt 0.10544 0.22928
vt 0.11003 0.21627
vt 0.19432 0.23713
vt 0.11506 0.20332
vt 0.19789 0.22354
vt 0.12051 0.19044
vt 0.20192 0.21019
vt 0.12641 0.17762
vt 0.20653 0.19693
vt 0.13275 0.16485
vt 0.13956 0.15205
vt 0.21172 0.18374
vt 0.14691 0.13908
vt 0.21748 0.17062
vt 0.15479 0.12596
vt 0.22383 0.15759
vt 0.1632 0.11269
vt 0.23074 0.14463
vt 0.17213 0.09926
vt 0.23835 0.13161
vt 0.1816 0.08567
vt 0.24675 0.11837
vt 0.28831 0.00199
vt 0.00189 0.00199
vt 0.28831 0.0632
vt 0.27672 0.07732
vt 0.26593 0.09122
vt 0.25594 0.1049
vt 0.00189 0.08567
vt 0.34073 0.16204
vt 0.33847 0.16109
vt 0.33861 0.16152
vt 0.33877 0.1619
vt 0.3389 0.16228
vt 0.33901 0.16266
vt 0.33909 0.16304
vt 0.33914 0.16342
vt 0.33915 0.1638
vt 0.33912 0.16418
vt 0.33906 0.16454
vt 0.33896 0.16489
vt 0.33883 0.16521
vt 0.33867 0.16551
vt 0.33589 0.16591
vt 0.33848 0.16578
vt 0.3361 0.16621
vt 0.33827 0.16601
vt 0.33803 0.16621
vt 0.33777 0.16636
vt 0.33749 0.16646
vt 0.33721 0.16652
vt 0.33692 0.16653
vt 0.33664 0.16649
vt 0.33636 0.16638
vt 0.35856 0.07853
vt 0.35856 0.08578
vt 0.36088 0.08121
vt 0.36085 0.08134
vt 0.36083 0.08167
vt 0.36085 0.08201
vt 0.36672 0.08178
vt 0.3667 0.08201
vt 0.36985 0.08578
vt 0.36092 0.08233
vt 0.36663 0.08233
vt 0.36104 0.08265
vt 0.36652 0.08265
vt 0.3612 0.08295
vt 0.36636 0.08295
vt 0.36139 0.08322
vt 0.36616 0.08322
vt 0.36163 0.08348
vt 0.36593 0.08348
vt 0.3619 0.08371
vt 0.36566 0.08371
vt 0.3622 0.0839
vt 0.36536 0.0839
vt 0.36252 0.08406
vt 0.36503 0.08406
vt 0.36287 0.08418
vt 0.36469 0.08418
vt 0.36433 0.08427
vt 0.36396 0.08431
vt 0.36359 0.08431
vt 0.36323 0.08427
vt 0.36676 0.10341
vt 0.36674 0.10363
vt 0.36667 0.10396
vt 0.3609 0.10364
vt 0.35856 0.10564
vt 0.36097 0.10396
vt 0.36656 0.10427
vt 0.3664 0.10457
vt 0.36108 0.10427
vt 0.3662 0.10485
vt 0.36597 0.10511
vt 0.36124 0.10457
vt 0.35431 0.10564
vt 0.35431 0.11293
vt 0.3657 0.10534
vt 0.36144 0.10485
vt 0.3654 0.10553
vt 0.36507 0.10569
vt 0.36167 0.10511
vt 0.36473 0.10581
vt 0.36194 0.10534
vt 0.36437 0.10589
vt 0.36401 0.10594
vt 0.36224 0.10553
vt 0.36257 0.10569
vt 0.36291 0.10581
vt 0.36327 0.10589
vt 0.36363 0.10594
vt 0.35251 0.18794
vt 0.35251 0.18783
vt 0.35251 0.18771
vt 0.35251 0.1876
vt 0.35251 0.18749
vt 0.3525 0.18738
vt 0.3525 0.18728
vt 0.3525 0.18719
vt 0.3525 0.18711
vt 0.3525 0.18704
vt 0.3525 0.18699
vt 0.3525 0.18694
vt 0.3525 0.18692
vt 0.3525 0.1869
vt 0.35251 0.18806
vt 0.35252 0.18817
vt 0.35252 0.18827
vt 0.35252 0.18837
vt 0.35252 0.18846
vt 0.35252 0.18854
vt 0.35252 0.18861
vt 0.35252 0.18866
vt 0.35252 0.18866
vt 0.35252 0.18871
vt 0.35252 0.18874
vt 0.35252 0.18875
vt 0.3362 0.16628
vt 0.33687 0.16715
vt 0.33738 0.16764
vt 0.33784 0.16798
vt 0.33828 0.16824
vt 0.33871 0.16845
vt 0.33914 0.16862
vt 0.33956 0.16877
vt 0.35249 0.18601
vt 0.33997 0.16889
vt 0.34036 0.16899
vt 0.33915 0.16226
vt 0.34073 0.16907
vt 0.34107 0.16912
vt 0.34005 0.16402
vt 0.34137 0.16913
vt 0.34065 0.16519
vt 0.34161 0.16909
vt 0.3411 0.1661
vt 0.3418 0.16898
vt 0.34144 0.16687
vt 0.3419 0.16878
vt 0.34169 0.16752
vt 0.34185 0.16806
vt 0.34192 0.16848
vt 0.26196 0.18367
vt 0.25753 0.18318
vt 0.26186 0.18369
vt 0.26149 0.1838
vt 0.26115 0.18393
vt 0.26084 0.18409
vt 0.26057 0.18426
vt 0.26035 0.18445
vt 0.26017 0.18466
vt 0.25753 0.18813
vt 0.26004 0.18487
vt 0.25996 0.18509
vt 0.25993 0.18532
vt 0.25996 0.18555
vt 0.26004 0.18577
vt 0.26017 0.18598
vt 0.26035 0.18619
vt 0.26057 0.18638
vt 0.26084 0.18655
vt 0.26115 0.18671
vt 0.26149 0.18684
vt 0.26186 0.18695
vt 0.26441 0.18701
vt 0.26432 0.18703
vt 0.27035 0.18813
vt 0.26391 0.18709
vt 0.26349 0.18712
vt 0.26307 0.18712
vt 0.26265 0.18709
vt 0.26225 0.18703
vt 0.35458 0.11317
vt 0.26649 0.125
vt 0.34031 0.11317
vt 0.2665 0.12477
vt 0.26646 0.12444
vt 0.25995 0.125
vt 0.25986 0.12477
vt 0.25753 0.125
vt 0.25721 0.12132
vt 0.25979 0.12444
vt 0.25978 0.12411
vt 0.25982 0.12378
vt 0.25991 0.12347
vt 0.26005 0.12317
vt 0.26024 0.12289
vt 0.26637 0.12411
vt 0.25 0.11438
vt 0.25226 0.11438
vt 0.26253 0.11317
vt 0.25235 0.12132
vt 0.26047 0.12263
vt 0.26075 0.12241
vt 0.26106 0.12221
vt 0.2614 0.12205
vt 0.26177 0.12193
vt 0.26215 0.12185
vt 0.26255 0.12181
vt 0.26296 0.12181
vt 0.26624 0.12378
vt 0.26338 0.12185
vt 0.2628 0.11317
vt 0.26683 0.11317
vt 0.26378 0.12193
vt 0.26418 0.12205
vt 0.26456 0.12221
vt 0.26606 0.12347
vt 0.26493 0.12241
vt 0.26583 0.12317
vt 0.26526 0.12263
vt 0.26556 0.12289
vt 0.35237 0.14914
vt 0.2648 0.14099
vt 0.26908 0.14914
vt 0.26223 0.13768
vt 0.26184 0.13776
vt 0.26147 0.13787
vt 0.26113 0.138
vt 0.26805 0.14914
vt 0.26469 0.14102
vt 0.25248 0.14914
vt 0.2643 0.14111
vt 0.26389 0.14116
vt 0.26348 0.14119
vt 0.26306 0.14119
vt 0.26264 0.14116
vt 0.26223 0.14111
vt 0.26184 0.14102
vt 0.26082 0.13816
vt 0.26147 0.14091
vt 0.25248 0.141
vt 0.25248 0.14614
vt 0.25753 0.141
vt 0.25 0.14614
vt 0.25 0.14914
vt 0.2522 0.14914
vt 0.26113 0.14078
vt 0.26082 0.14063
vt 0.26056 0.14045
vt 0.26033 0.14026
vt 0.26015 0.14006
vt 0.26002 0.13984
vt 0.25994 0.13962
vt 0.25992 0.13939
vt 0.25994 0.13917
vt 0.26002 0.13894
vt 0.26015 0.13873
vt 0.26033 0.13852
vt 0.26056 0.13833
vt 0.33616 0.16625
vt 0.33685 0.16714
vt 0.33737 0.16764
vt 0.33782 0.16798
vt 0.33826 0.16823
vt 0.33868 0.16843
vt 0.3391 0.16858
vt 0.33951 0.16871
vt 0.33991 0.16881
vt 0.34029 0.16889
vt 0.33908 0.16215
vt 0.34065 0.16895
vt 0.34098 0.16897
vt 0.33998 0.16391
vt 0.34127 0.16897
vt 0.34058 0.16506
vt 0.34151 0.16891
vt 0.34101 0.16594
vt 0.34168 0.16878
vt 0.34134 0.16669
vt 0.34179 0.16857
vt 0.34158 0.16732
vt 0.34174 0.16784
vt 0.34181 0.16826
vt 0.36176 0.15436
vt 0.35729 0.15389
vt 0.36167 0.15438
vt 0.3613 0.15449
vt 0.36096 0.15462
vt 0.36065 0.15478
vt 0.36038 0.15495
vt 0.36016 0.15514
vt 0.35998 0.15535
vt 0.35729 0.15884
vt 0.35985 0.15556
vt 0.35977 0.15578
vt 0.35974 0.15601
vt 0.35977 0.15624
vt 0.35985 0.15646
vt 0.35998 0.15667
vt 0.36016 0.15688
vt 0.36038 0.15707
vt 0.36065 0.15724
vt 0.36096 0.1574
vt 0.3613 0.15753
vt 0.36167 0.15764
vt 0.36206 0.15772
vt 0.36442 0.15766
vt 0.36413 0.15772
vt 0.37012 0.15884
vt 0.36372 0.15778
vt 0.3633 0.15781
vt 0.36288 0.15781
vt 0.36247 0.15778
vt 0.36215 0.16907
vt 0.35729 0.16785
vt 0.36211 0.16907
vt 0.36303 0.17259
vt 0.36293 0.17259
vt 0.35237 0.17753
vt 0.35237 0.17241
vt 0.35729 0.17241
vt 0.36251 0.17256
vt 0.36211 0.1725
vt 0.36171 0.17242
vt 0.36135 0.17231
vt 0.36101 0.17218
vt 0.36171 0.16916
vt 0.3607 0.17202
vt 0.36135 0.16927
vt 0.36043 0.17185
vt 0.36101 0.1694
vt 0.36021 0.17166
vt 0.3607 0.16955
vt 0.36003 0.17145
vt 0.3599 0.17124
vt 0.35982 0.17101
vt 0.35979 0.17079
vt 0.35982 0.17056
vt 0.3599 0.17034
vt 0.36003 0.17012
vt 0.36021 0.16992
vt 0.36043 0.16973
vt 0.31516 0.13103
vt 0.31561 0.13104
vt 0.32224 0.12822
vt 0.32843 0.13755
vt 0.32224 0.13755
vt 0.31916 0.14186
vt 0.31605 0.13107
vt 0.3147 0.13839
vt 0.31516 0.13841
vt 0.31646 0.13113
vt 0.31561 0.13839
vt 0.31686 0.13121
vt 0.31605 0.13836
vt 0.31646 0.13831
vt 0.31686 0.13823
vt 0.31724 0.13813
vt 0.3176 0.138
vt 0.31794 0.13786
vt 0.31826 0.13769
vt 0.31855 0.1375
vt 0.31881 0.13729
vt 0.31905 0.13705
vt 0.31724 0.13132
vt 0.3176 0.13145
vt 0.31926 0.13679
vt 0.31794 0.1316
vt 0.31944 0.13651
vt 0.31826 0.13177
vt 0.31959 0.1362
vt 0.31855 0.13197
vt 0.31881 0.13219
vt 0.3197 0.13588
vt 0.31979 0.13552
vt 0.31984 0.13515
vt 0.31985 0.13475
vt 0.31984 0.13436
vt 0.31979 0.13398
vt 0.3197 0.13363
vt 0.31959 0.1333
vt 0.31944 0.13299
vt 0.31926 0.1327
vt 0.31905 0.13243
vt 0.30806 0.12822
vt 0.3147 0.13104
vt 0.30187 0.13755
vt 0.30588 0.13941
vt 0.30806 0.13755
vt 0.31426 0.13107
vt 0.31385 0.13113
vt 0.31345 0.13121
vt 0.31307 0.13132
vt 0.31271 0.13145
vt 0.31237 0.1316
vt 0.31515 0.14372
vt 0.31426 0.13836
vt 0.31385 0.1383
vt 0.31345 0.13823
vt 0.31307 0.13812
vt 0.31271 0.138
vt 0.31237 0.13785
vt 0.31206 0.13768
vt 0.31178 0.13749
vt 0.31152 0.13728
vt 0.31128 0.13704
vt 0.31107 0.13679
vt 0.31089 0.1365
vt 0.31206 0.13177
vt 0.31075 0.1362
vt 0.31178 0.13197
vt 0.31152 0.13219
vt 0.31063 0.13587
vt 0.31055 0.13552
vt 0.3105 0.13515
vt 0.31049 0.13475
vt 0.3105 0.13436
vt 0.31055 0.13398
vt 0.31063 0.13363
vt 0.31075 0.1333
vt 0.31089 0.13299
vt 0.31107 0.1327
vt 0.31128 0.13243
vt 0.23033 0.16785
vt 0.23769 0.16902
vt 0.23727 0.16899
vt 0.23685 0.16899
vt 0.23643 0.16902
vt 0.23603 0.16907
vt 0.23564 0.16916
vt 0.23527 0.16927
vt 0.23493 0.1694
vt 0.23462 0.16955
vt 0.16683 0.16408
vt 0.14818 0.17845
vt 0.18086 0.17052
vt 0.23435 0.16973
vt 0.19661 0.16408
vt 0.20704 0.16408
vt 0.19661 0.15439
vt 0.25 0.17845
vt 0.25 0.17753
vt 0.24801 0.17845
vt 0.24829 0.17753
vt 0.24693 0.17845
vt 0.23413 0.16992
vt 0.23052 0.17845
vt 0.23769 0.17256
vt 0.23727 0.17259
vt 0.23685 0.17259
vt 0.23643 0.17256
vt 0.23603 0.1725
vt 0.23564 0.17242
vt 0.23527 0.17231
vt 0.23493 0.17218
vt 0.22541 0.17845
vt 0.23462 0.17202
vt 0.23435 0.17185
vt 0.23413 0.17166
vt 0.23395 0.17012
vt 0.18693 0.17331
vt 0.20096 0.16687
vt 0.23395 0.17145
vt 0.23382 0.17124
vt 0.23374 0.17101
vt 0.23371 0.17079
vt 0.23374 0.17056
vt 0.23382 0.17034
vt 0.26234 0.19838
vt 0.25753 0.19714
vt 0.26229 0.19838
vt 0.2619 0.19847
vt 0.26154 0.19858
vt 0.26119 0.19871
vt 0.26089 0.19886
vt 0.25254 0.20169
vt 0.25254 0.20684
vt 0.25753 0.20169
vt 0.25254 0.21498
vt 0.26914 0.21498
vt 0.26062 0.19904
vt 0.26039 0.19923
vt 0.26022 0.19944
vt 0.26009 0.19965
vt 0.26001 0.19987
vt 0.25998 0.2001
vt 0.26001 0.20032
vt 0.26009 0.20055
vt 0.26022 0.20076
vt 0.26039 0.20097
vt 0.26062 0.20116
vt 0.26089 0.20133
vt 0.26119 0.20149
vt 0.26154 0.20162
vt 0.2619 0.20173
vt 0.26229 0.20181
vt 0.2627 0.20187
vt 0.26312 0.2019
vt 0.26354 0.2019
vt 0.26396 0.20187
vt 0.26437 0.20181
vt 0.26476 0.20173
vt 0.26512 0.20162
vt 0.26547 0.20149
vt 0.26571 0.20136
vt 0.31613 0.13263
vt 0.31601 0.13255
vt 0.31625 0.13272
vt 0.31588 0.13249
vt 0.31574 0.13244
vt 0.3156 0.13241
vt 0.31546 0.13238
vt 0.31531 0.13236
vt 0.31516 0.13236
vt 0.315 0.13236
vt 0.31485 0.13238
vt 0.31471 0.13241
vt 0.31457 0.13244
vt 0.31443 0.13249
vt 0.3143 0.13255
vt 0.31418 0.13263
vt 0.31407 0.13272
vt 0.31396 0.13283
vt 0.31636 0.13283
vt 0.31387 0.13296
vt 0.31646 0.13296
vt 0.31378 0.1331
vt 0.31655 0.1331
vt 0.3137 0.13327
vt 0.31663 0.13327
vt 0.31363 0.13345
vt 0.3167 0.13345
vt 0.31358 0.13366
vt 0.31676 0.13366
vt 0.31354 0.1339
vt 0.3168 0.1339
vt 0.31351 0.13416
vt 0.31683 0.13416
vt 0.31349 0.13444
vt 0.31685 0.13444
vt 0.31348 0.13475
vt 0.31686 0.13475
vt 0.31349 0.13506
vt 0.31685 0.13506
vt 0.31351 0.13535
vt 0.31683 0.13535
vt 0.31354 0.13561
vt 0.3168 0.13561
vt 0.31358 0.13584
vt 0.31676 0.13584
vt 0.31363 0.13605
vt 0.3167 0.13605
vt 0.3137 0.13623
vt 0.31663 0.13623
vt 0.31378 0.13639
vt 0.31655 0.13639
vt 0.31387 0.13653
vt 0.31646 0.13653
vt 0.31396 0.13665
vt 0.31636 0.13665
vt 0.31407 0.13676
vt 0.31625 0.13676
vt 0.31418 0.13684
vt 0.3143 0.13691
vt 0.31613 0.13684
vt 0.31443 0.13697
vt 0.31601 0.13691
vt 0.31457 0.13701
vt 0.31471 0.13705
vt 0.31485 0.13707
vt 0.31588 0.13697
vt 0.315 0.13709
vt 0.31516 0.13709
vt 0.31574 0.13701
vt 0.31531 0.13709
vt 0.31546 0.13707
vt 0.3156 0.13705
vt 0.25026 0.08295
vt 0.25046 0.08322
vt 0.35856 0.09897
vt 0.3609 0.10363
vt 0.36087 0.1033
vt 0.3609 0.10297
vt 0.36097 0.10265
vt 0.25069 0.08348
vt 0.36092 0.08102
vt 0.36108 0.10233
vt 0.36104 0.0807
vt 0.36124 0.10203
vt 0.25096 0.08371
vt 0.3612 0.0804
vt 0.36144 0.10175
vt 0.25126 0.0839
vt 0.36167 0.1015
vt 0.36139 0.08012
vt 0.26249 0.07853
vt 0.26249 0.07161
vt 0.25772 0.07853
vt 0.35431 0.07853
vt 0.35431 0.07161
vt 0.25159 0.08406
vt 0.36194 0.10127
vt 0.36163 0.07987
vt 0.25193 0.08418
vt 0.25772 0.08578
vt 0.25229 0.08427
vt 0.25266 0.08431
vt 0.25303 0.08431
vt 0.25339 0.08427
vt 0.25375 0.08418
vt 0.2541 0.08406
vt 0.25442 0.0839
vt 0.25472 0.08371
vt 0.25499 0.08348
vt 0.25523 0.08322
vt 0.25542 0.08295
vt 0.36224 0.10108
vt 0.3619 0.07964
vt 0.25558 0.08265
vt 0.2557 0.08233
vt 0.25577 0.08201
vt 0.25579 0.08167
vt 0.25577 0.08134
vt 0.2557 0.08102
vt 0.30879 0.06259
vt 0.36257 0.10092
vt 0.3622 0.07945
vt 0.31414 0.06667
vt 0.36291 0.1008
vt 0.36985 0.09897
vt 0.36327 0.10071
vt 0.36364 0.10067
vt 0.36401 0.10067
vt 0.36437 0.10071
vt 0.36473 0.1008
vt 0.36507 0.10092
vt 0.3654 0.10108
vt 0.3657 0.10127
vt 0.36597 0.1015
vt 0.3662 0.10175
vt 0.3664 0.10203
vt 0.36656 0.10233
vt 0.36667 0.10265
vt 0.36672 0.08167
vt 0.36677 0.1033
vt 0.36674 0.10297
vt 0.36252 0.07929
vt 0.36287 0.07917
vt 0.36323 0.07908
vt 0.36359 0.07904
vt 0.36396 0.07904
vt 0.36433 0.07908
vt 0.36469 0.07917
vt 0.36503 0.07929
vt 0.36536 0.07945
vt 0.36566 0.07964
vt 0.36593 0.07987
vt 0.3667 0.08134
vt 0.36616 0.08012
vt 0.36663 0.08102
vt 0.36652 0.0807
vt 0.36636 0.0804
vt 0.13057 0.19714
vt 0.13788 0.19833
vt 0.13746 0.1983
vt 0.13704 0.1983
vt 0.1429 0.13645
vt 0.13057 0.13645
vt 0.13795 0.13764
vt 0.1378 0.13762
vt 0.13738 0.13759
vt 0.13696 0.13759
vt 0.13663 0.19833
vt 0.13654 0.13762
vt 0.13622 0.19838
vt 0.13613 0.13768
vt 0.13583 0.19847
vt 0.13578 0.18695
vt 0.23559 0.15764
vt 0.13574 0.13776
vt 0.13541 0.18684
vt 0.23522 0.15753
vt 0.13546 0.19858
vt 0.13537 0.13787
vt 0.13746 0.2019
vt 0.13507 0.18671
vt 0.23488 0.1574
vt 0.13704 0.2019
vt 0.13512 0.19871
vt 0.13503 0.138
vt 0.13663 0.20187
vt 0.13476 0.18655
vt 0.23457 0.15724
vt 0.13481 0.19886
vt 0.13473 0.13816
vt 0.13622 0.20181
vt 0.1345 0.18638
vt 0.2343 0.15707
vt 0.13454 0.19904
vt 0.13446 0.13833
vt 0.125 0.21498
vt 0.125 0.125
vt 0.13583 0.20173
vt 0.14818 0.18318
vt 0.17726 0.16408
vt 0.17726 0.15439
vt 0.24801 0.15389
vt 0.24801 0.14914
vt 0.24801 0.14614
vt 0.23161 0.14614
vt 0.23805 0.1543
vt 0.23764 0.15424
vt 0.23722 0.15421
vt 0.2368 0.15421
vt 0.23639 0.15424
vt 0.23598 0.1543
vt 0.1429 0.125
vt 0.14039 0.125
vt 0.1429 0.12743
vt 0.14037 0.12506
vt 0.14024 0.12528
vt 0.14006 0.12548
vt 0.13983 0.12567
vt 0.13956 0.12585
vt 0.13926 0.126
vt 0.13546 0.20162
vt 0.13427 0.18619
vt 0.23559 0.15438
vt 0.23408 0.15688
vt 0.13432 0.19923
vt 0.13423 0.13852
vt 0.13385 0.125
vt 0.13388 0.12506
vt 0.23522 0.15449
vt 0.23052 0.14614
vt 0.13512 0.20149
vt 0.14812 0.14614
vt 0.23488 0.15462
vt 0.23457 0.15478
vt 0.2343 0.15495
vt 0.23408 0.15514
vt 0.2339 0.15535
vt 0.23377 0.15556
vt 0.23369 0.15578
vt 0.23366 0.15601
vt 0.23369 0.15624
vt 0.13892 0.12614
vt 0.13409 0.18598
vt 0.2339 0.15667
vt 0.13401 0.12528
vt 0.13414 0.19944
vt 0.13406 0.13873
vt 0.13481 0.20133
vt 0.23377 0.15646
vt 0.13419 0.12548
vt 0.13454 0.20116
vt 0.13401 0.19965
vt 0.13396 0.18577
vt 0.13855 0.12624
vt 0.13393 0.13894
vt 0.13441 0.12567
vt 0.13678 0.14118
vt 0.13654 0.14116
vt 0.13613 0.14111
vt 0.13574 0.14102
vt 0.13824 0.18361
vt 0.13783 0.18355
vt 0.13742 0.18352
vt 0.137 0.18352
vt 0.13658 0.18355
vt 0.13617 0.18361
vt 0.13578 0.18369
vt 0.13541 0.1838
vt 0.13537 0.14091
vt 0.13432 0.20097
vt 0.13393 0.19987
vt 0.13388 0.18555
vt 0.13385 0.13917
vt 0.13816 0.12633
vt 0.13057 0.12743
vt 0.13775 0.12638
vt 0.13733 0.12641
vt 0.13691 0.12641
vt 0.13649 0.12638
vt 0.13609 0.12633
vt 0.1357 0.12624
vt 0.13533 0.12614
vt 0.13499 0.126
vt 0.13468 0.12585
vt 0.13507 0.18393
vt 0.13503 0.14078
vt 0.13414 0.20076
vt 0.1339 0.2001
vt 0.13386 0.18532
vt 0.13382 0.13939
vt 0.13385 0.13962
vt 0.13393 0.13984
vt 0.13406 0.14006
vt 0.13423 0.14026
vt 0.13446 0.14045
vt 0.13473 0.14063
vt 0.13476 0.18409
vt 0.13401 0.20055
vt 0.13393 0.20032
vt 0.13388 0.18509
vt 0.1345 0.18426
vt 0.13396 0.18487
vt 0.13427 0.18445
vt 0.13409 0.18466
vt 0.37012 0.16785
vt 0.36251 0.16902
vt 0.36293 0.16899
vt 0.36335 0.16899
vt 0.36377 0.16902
vt 0.27035 0.19714
vt 0.2627 0.19833
vt 0.26312 0.1983
vt 0.26354 0.1983
vt 0.26396 0.19833
vt 0.26577 0.20133
vt 0.36418 0.16907
vt 0.26437 0.19838
vt 0.26506 0.14091
vt 0.26604 0.20116
vt 0.26471 0.18695
vt 0.36452 0.15764
vt 0.36457 0.16916
vt 0.26476 0.19847
vt 0.26627 0.20097
vt 0.36489 0.15753
vt 0.26508 0.18684
vt 0.36494 0.16927
vt 0.26512 0.19858
vt 0.26644 0.20076
vt 0.26657 0.20055
vt 0.36523 0.1574
vt 0.26542 0.18671
vt 0.36528 0.1694
vt 0.26547 0.19871
vt 0.26665 0.20032
vt 0.26572 0.18655
vt 0.36553 0.15724
vt 0.36558 0.16955
vt 0.26577 0.19886
vt 0.26668 0.2001
vt 0.26599 0.18638
vt 0.26665 0.19987
vt 0.3658 0.15707
vt 0.36585 0.16973
vt 0.26604 0.19904
vt 0.25753 0.12743
vt 0.25997 0.12506
vt 0.2601 0.12528
vt 0.26028 0.12548
vt 0.26051 0.12567
vt 0.26078 0.12585
vt 0.27035 0.12743
vt 0.30547 0.13634
vt 0.30547 0.12665
vt 0.32482 0.13634
vt 0.33525 0.13634
vt 0.32482 0.12665
vt 0.35237 0.15389
vt 0.25254 0.17753
vt 0.25226 0.17845
vt 0.25254 0.17845
vt 0.25337 0.17753
vt 0.25254 0.18318
vt 0.25254 0.17905
vt 0.26657 0.19965
vt 0.36603 0.15688
vt 0.26622 0.18619
vt 0.26108 0.126
vt 0.36608 0.16992
vt 0.26627 0.19923
vt 0.26644 0.19944
vt 0.26646 0.12506
vt 0.2662 0.14026
vt 0.2664 0.18598
vt 0.36621 0.15667
vt 0.26633 0.12528
vt 0.26142 0.12614
vt 0.36626 0.17012
vt 0.26598 0.14045
vt 0.26615 0.12548
vt 0.36634 0.15646
vt 0.26596 0.17753
vt 0.26225 0.18361
vt 0.26265 0.18355
vt 0.26307 0.18352
vt 0.26349 0.18352
vt 0.26391 0.18355
vt 0.26432 0.18361
vt 0.26616 0.17753
vt 0.26914 0.17753
vt 0.26471 0.18369
vt 0.26508 0.1838
vt 0.26542 0.18393
vt 0.26572 0.18409
vt 0.26599 0.18426
vt 0.26622 0.18445
vt 0.2664 0.18466
vt 0.26653 0.18487
vt 0.26661 0.18509
vt 0.26663 0.18532
vt 0.26661 0.18555
vt 0.26653 0.18577
vt 0.36335 0.17259
vt 0.36377 0.17256
vt 0.36418 0.1725
vt 0.36457 0.17242
vt 0.36494 0.17231
vt 0.36528 0.17218
vt 0.36558 0.17202
vt 0.26571 0.14063
vt 0.36639 0.17034
vt 0.26179 0.12624
vt 0.36585 0.17185
vt 0.26593 0.12567
vt 0.2654 0.14078
vt 0.36642 0.15624
vt 0.36206 0.1543
vt 0.36246 0.15424
vt 0.36646 0.17056
vt 0.26218 0.12633
vt 0.36288 0.15421
vt 0.36608 0.17166
vt 0.26566 0.12585
vt 0.36644 0.15601
vt 0.36649 0.17079
vt 0.26259 0.12638
vt 0.3633 0.15421
vt 0.36626 0.17145
vt 0.26535 0.126
vt 0.36642 0.15578
vt 0.36646 0.17101
vt 0.26301 0.12641
vt 0.26343 0.12641
vt 0.26385 0.12638
vt 0.26425 0.12633
vt 0.26464 0.12624
vt 0.26501 0.12614
vt 0.36372 0.15424
vt 0.36413 0.1543
vt 0.36452 0.15438
vt 0.36489 0.15449
vt 0.36523 0.15462
vt 0.36553 0.15478
vt 0.3658 0.15495
vt 0.36603 0.15514
vt 0.36621 0.15535
vt 0.36639 0.17124
vt 0.36634 0.15556
vt 0.24444 0.16579
vt 0.24375 0.16551
vt 0.2444 0.16579
vt 0.2442 0.16573
vt 0.24397 0.16563
vt 0.24409 0.16569
vt 0.2438 0.16554
vt 0.52139 0.68718
vt 0.03189 0.68718
vt 0.24906 0.15939
vt 0.24906 0.15964
vt 0.24706 0.16135
vt 0.24719 0.1616
vt 0.24582 0.16011
vt 0.24906 0.15803
vt 0.24591 0.16018
vt 0.5574 0.76182
vt 0.49917 0.76182
vt 0.40649 0.76182
vt 0.2472 0.1616
vt 0.2464 0.16055
vt 0.24906 0.15852
vt 0.24658 0.16072
vt 0.24906 0.15871
vt 0.2417 0.16352
vt 0.24182 0.16352
vt 0.24191 0.16344
vt 0.24197 0.16332
vt 0.24592 0.16019
vt 0.24906 0.15812
vt 0.24606 0.16029
vt 0.24906 0.15823
vt 0.24201 0.16313
vt 0.24205 0.16292
vt 0.24575 0.15998
vt 0.24906 0.15794
vt 0.24576 0.16004
vt 0.24906 0.15797
vt 0.24218 0.16216
vt 0.24225 0.1619
vt 0.24233 0.16165
vt 0.24226 0.16182
vt 0.24906 0.15914
vt 0.24691 0.16112
vt 0.24703 0.1613
vt 0.24675 0.16091
vt 0.24906 0.15892
vt 0.24684 0.16101
vt 0.24661 0.16075
vt 0.24622 0.16041
vt 0.24906 0.15836
vt 0.24636 0.16052
vt 0.24236 0.1572
vt 0.2361 0.15808
vt 0.55922 0.68718
vt 0.2461 0.16031
vt 0.24185 0.16347
vt 0.24198 0.1632
vt 0.24581 0.16009
vt 0.24204 0.16288
vt 0.24209 0.16268
vt 0.2421 0.16253
vt 0.24213 0.16243
vt 0.24217 0.16218
vt 0.2424 0.16141
vt 0.24236 0.16148
vt 0.40649 0.70528
vt 0.24343 0.15749
vt 0.24347 0.15749
vt 0.24404 0.16036
vt 0.24425 0.16027
vt 0.24335 0.16092
vt 0.2433 0.15745
vt 0.2435 0.16077
vt 0.24333 0.15746
vt 0.4386 0.68718
vt 0.24339 0.15748
vt 0.24384 0.16049
vt 0.24403 0.16037
vt 0.24366 0.16063
vt 0.24336 0.15747
vt 0.24376 0.16054
vt 0.24352 0.16075
vt 0.96 0.54156
vt 0.95651 0.54156
vt 0.94 0.54156
vt 0.2432 0.16097
vt 0.24321 0.16096
vt 0.24272 0.16119
vt 0.32001 0.1281
vt 0.25302 0.1633
vt 0.34 0.54144
vt 0.36 0.54146
vt 0.38 0.54147
vt 0.32 0.54144
vt 0.4 0.54148
vt 0.3 0.54143
vt 0.42 0.5415
vt 0.28 0.54142
vt 0.44 0.54151
vt 0.26 0.54142
vt 0.46 0.54153
vt 0.24 0.54142
vt 0.48 0.54154
vt 0.22 0.54142
vt 0.5 0.54156
vt 0.2 0.54142
vt 0.25302 0.13721
vt 0.18 0.54142
vt 0.52 0.54156
vt 0.54 0.54156
vt 0.16 0.54143
vt 0.38251 0.40807
vt 0.56 0.54156
vt 0.14 0.54144
vt 0.58 0.54156
vt 0.12 0.54144
vt 0.6 0.54156
vt 0.92594 0.48132
vt 0.72031 0.48132
vt 0.92594 0.57133
vt 0.72031 0.57133
vt 0.1 0.54146
vt 0.62 0.54156
vt 0.83891 0.1948
vt 0.60597 0.1948
vt 0.83891 0.28481
vt 0.60597 0.28481
vt 0.08 0.54147
vt 0.64 0.54156
vt 0.06 0.54148
vt 0.66 0.54156
vt 0.5574 0.48863
vt 0.40649 0.48863
vt 0.04 0.5415
vt 0.68 0.54156
vt 0.02 0.54151
vt 0.7 0.54156
vt 0 0.54153
vt 0.72 0.54156
vt 0.36729 0.80519
vt 0.4375 0.80519
vt 0.36729 0.71519
vt 0.4375 0.71519
vt 0.98 0.54154
vt 1 0.54153
vt 0.74 0.54156
vt 0.76 0.54156
vt 0.69189 0.48132
vt 0.69189 0.57133
vt 0.78 0.54156
vt 0.24801 0.908
vt 0.24433 0.908
vt 0.24801 0.998
vt 0.24433 0.998
vt 0.25163 0.908
vt 0.25163 0.998
vt 0.92 0.54156
vt 0.25519 0.908
vt 0.25519 0.998
vt 0.8 0.54156
vt 0.25869 0.908
vt 0.25869 0.998
vt 0.44323 0.80519
vt 0.59091 0.80519
vt 0.44323 0.71519
vt 0.59091 0.71519
vt 0.26213 0.908
vt 0.26213 0.998
vt 0.9 0.54156
vt 0.2655 0.908
vt 0.2655 0.998
vt 0.82 0.54156
vt 0.26889 0.908
vt 0.26889 0.998
vt 0.88 0.54156
vt 0.84 0.54156
vt 0.27237 0.908
vt 0.27237 0.998
vt 0.86 0.54156
vt 0.27595 0.908
vt 0.27595 0.998
vt 0.27962 0.908
vt 0.27962 0.998
vt 0.28338 0.908
vt 0.28338 0.998
vt 0.28724 0.908
vt 0.28724 0.998
vt 0.59635 0.51867
vt 0.60228 0.51867
vt 0.59635 0.42866
vt 0.60228 0.42866
vt 0.60783 0.51867
vt 0.60783 0.42866
vt 0.613 0.51867
vt 0.613 0.42866
vt 0.29878 0.908
vt 0.29878 0.998
vt 0.59693 0.80519
vt 0.67997 0.80519
vt 0.59693 0.71519
vt 0.67997 0.71519
vt 0.61777 0.51867
vt 0.61777 0.42866
vt 0.62216 0.51867
vt 0.62216 0.42866
vt 0.62616 0.51867
vt 0.62616 0.42866
vt 0.63013 0.51867
vt 0.63013 0.42866
vt 0.31002 0.908
vt 0.31002 0.998
vt 0.63443 0.51867
vt 0.63443 0.42866
vt 0.63905 0.51867
vt 0.63905 0.42866
vt 0.644 0.51867
vt 0.644 0.42866
vt 0.64926 0.51867
vt 0.64926 0.42866
vt 0.32095 0.908
vt 0.32095 0.998
vt 0.65486 0.51867
vt 0.65486 0.42866
vt 0.35289 0.62148
vt 0.34894 0.62148
vt 0.35289 0.71148
vt 0.34894 0.71148
vt 0.66351 0.51867
vt 0.66351 0.42866
vt 0.33157 0.908
vt 0.33157 0.998
vt 0.3038 0.62148
vt 0.3038 0.71148
vt 0.35693 0.62148
vt 0.35693 0.71148
vt 0.67161 0.51867
vt 0.67161 0.42866
vt 0.36106 0.62148
vt 0.36106 0.71148
vt 0.34188 0.908
vt 0.34188 0.998
vt 0.06813 0.51867
vt 0.07382 0.51867
vt 0.06813 0.42866
vt 0.07382 0.42866
vt 0.67917 0.51867
vt 0.67917 0.42866
vt 0.36529 0.62148
vt 0.36529 0.71148
vt 0.31971 0.10065
vt 0.25317 0.09975
vt 0.26165 0.09977
vt 0.26237 0.09999
vt 0.35188 0.908
vt 0.35188 0.998
vt 0.07974 0.51867
vt 0.07974 0.42866
vt 0.36961 0.62148
vt 0.36961 0.71148
vt 0.68619 0.51867
vt 0.68619 0.42866
vt 0.37402 0.62148
vt 0.37402 0.71148
vt 0.59066 0.62148
vt 0.58655 0.62148
vt 0.59066 0.71148
vt 0.58655 0.71148
vt 0.08589 0.51867
vt 0.08589 0.42866
vt 0.36139 0.908
vt 0.36139 0.998
vt 0.37853 0.62148
vt 0.37853 0.71148
vt 0.58153 0.62148
vt 0.58153 0.71148
vt 0.09228 0.51867
vt 0.09228 0.42866
vt 0.38315 0.62148
vt 0.38315 0.71148
vt 0.23156 0.80519
vt 0.23745 0.80519
vt 0.23156 0.71519
vt 0.23745 0.71519
vt 0.38788 0.62148
vt 0.38788 0.71148
vt 0.57564 0.62148
vt 0.57564 0.71148
vt 0.09889 0.51867
vt 0.09889 0.42866
vt 0.39272 0.62148
vt 0.39272 0.71148
vt 0.56892 0.62148
vt 0.56892 0.71148
vt 0.22483 0.80519
vt 0.22483 0.71519
vt 0.39766 0.62148
vt 0.39766 0.71148
vt 0.10575 0.51867
vt 0.10575 0.42866
vt 0.40272 0.62148
vt 0.40272 0.71148
vt 0.56139 0.62148
vt 0.56139 0.71148
vt 0.11288 0.51867
vt 0.11288 0.42866
vt 0.40785 0.62148
vt 0.40785 0.71148
vt 0.21725 0.80519
vt 0.21725 0.71519
vt 0.41303 0.62148
vt 0.41303 0.71148
vt 0.55304 0.62148
vt 0.55304 0.71148
vt 0.12033 0.51867
vt 0.12033 0.42866
vt 0.41825 0.62148
vt 0.41825 0.71148
vt 0.20885 0.80519
vt 0.20885 0.71519
vt 0.54387 0.62148
vt 0.54387 0.71148
vt 0.42352 0.62148
vt 0.42352 0.71148
vt 0.12811 0.51867
vt 0.12811 0.42866
vt 0.42884 0.62148
vt 0.42884 0.71148
vt 0.53388 0.62148
vt 0.53388 0.71148
vt 0.4342 0.62148
vt 0.4342 0.71148
vt 0.19961 0.80519
vt 0.19961 0.71519
vt 0.13621 0.51867
vt 0.13621 0.42866
vt 0.44074 0.62148
vt 0.44074 0.71148
vt 0.527 0.62148
vt 0.527 0.71148
vt 0.44696 0.62148
vt 0.44696 0.71148
vt 0.52051 0.62148
vt 0.52051 0.71148
vt 0.14464 0.51867
vt 0.14464 0.42866
vt 0.1895 0.80519
vt 0.1895 0.71519
vt 0.45287 0.62148
vt 0.45287 0.71148
vt 0.51438 0.62148
vt 0.51438 0.71148
vt 0.45847 0.62148
vt 0.45847 0.71148
vt 0.50861 0.62148
vt 0.50861 0.71148
vt 0.1534 0.51867
vt 0.1534 0.42866
vt 0.46377 0.62148
vt 0.46377 0.71148
vt 0.50323 0.62148
vt 0.50323 0.71148
vt 0.46876 0.62148
vt 0.46876 0.71148
vt 0.49822 0.62148
vt 0.49822 0.71148
vt 0.4734 0.62148
vt 0.4734 0.71148
vt 0.17849 0.80519
vt 0.17849 0.71519
vt 0.49358 0.62148
vt 0.49358 0.71148
vt 0.48212 0.62148
vt 0.4791 0.62148
vt 0.48212 0.71148
vt 0.4791 0.71148
vt 0.48936 0.62148
vt 0.48936 0.71148
vt 0.48554 0.62148
vt 0.48554 0.71148
vt 0.16248 0.51867
vt 0.16248 0.42866
vt 0.16659 0.80519
vt 0.16659 0.71519
vt 0.17191 0.51867
vt 0.17191 0.42866
vt 0.18168 0.51867
vt 0.18168 0.42866
vt 0.15379 0.80519
vt 0.15379 0.71519
vt 0.19178 0.51867
vt 0.19178 0.42866
vt 0.14009 0.80519
vt 0.14009 0.71519
vt 0.20223 0.51867
vt 0.20223 0.42866
vt 0.21302 0.51867
vt 0.21302 0.42866
vt 0.12549 0.80519
vt 0.12549 0.71519
vt 0.22623 0.51867
vt 0.22623 0.42866
vt 0.11043 0.80519
vt 0.11043 0.71519
vt 0.23909 0.51867
vt 0.23909 0.42866
vt 0.09611 0.80519
vt 0.09611 0.71519
vt 0.25162 0.51867
vt 0.25162 0.42866
vt 0.08251 0.80519
vt 0.08251 0.71519
vt 0.2638 0.51867
vt 0.2638 0.42866
vt 0.06964 0.80519
vt 0.06964 0.71519
vt 0.27564 0.51867
vt 0.27564 0.42866
vt 0.05749 0.80519
vt 0.05749 0.71519
vt 0.28714 0.51867
vt 0.28714 0.42866
vt 0.50348 0.54156
vt 0.04608 0.80519
vt 0.04608 0.71519
vt 0.29811 0.51867
vt 0.29811 0.42866
vt 0.03546 0.80519
vt 0.03546 0.71519
vt 0.00184 0.80519
vt 0.00893 0.80519
vt 0.00184 0.71519
vt 0.00893 0.71519
vt 0.02574 0.80519
vt 0.02574 0.71519
vt 0.01689 0.80519
vt 0.01689 0.71519
vt 0.23635 0.13038
vt 0.23626 0.13979
vt 0.24909 0.15668
vt 0.24432 0.16021
vt 0.24461 0.16004
vt 0.24492 0.15993
vt 0.24552 0.15991
vt 0.24522 0.15989
vt 0.71134 0.68718
vt 0.5 0.63408
vt 0.5293 0.63408
vt 0.23637 0.1283
vt 0.375 0.63408
vt 0.19228 0.68718
vt 0.40649 0.53117
vt 0.04679 0.40807
vt 0.39675 0.40807
vt 0.24005 0.15732
vt 0.24009 0.1443
vt 0.5574 0.76136
vt 0.49938 0.76136
vt 0.40649 0.76136
vt 0.23971 0.09943
vt 0.87961 0.40807
vt 0.38223 0.40807
vt 0.40649 0.70532
vt 0.5574 0.71595
vt 0.40649 0.56416
vt 0.40649 0.68193
vt 0.21737 0.08835
vt 0.15989 0.03298
vt 0.24671 0.03298
vt 0.1876 0.08835
vt 0.18759 0.07416
vt 0.20694 0.07416
vt 0.24999 0.08102
vt 0.20694 0.08835
vt 0.24991 0.08134
vt 0.13696 0.14119
vt 0.1382 0.13768
vt 0.13738 0.14119
vt 0.1386 0.13776
vt 0.1378 0.14116
vt 0.14812 0.141
vt 0.1429 0.141
vt 0.1382 0.14111
vt 0.1386 0.14102
vt 0.13896 0.14091
vt 0.13931 0.14078
vt 0.13961 0.14063
vt 0.13896 0.13787
vt 0.13988 0.14045
vt 0.13931 0.138
vt 0.14011 0.14026
vt 0.13961 0.13816
vt 0.14028 0.14006
vt 0.14041 0.13984
vt 0.14049 0.13962
vt 0.14052 0.13939
vt 0.14049 0.13917
vt 0.14041 0.13894
vt 0.14028 0.13873
vt 0.14011 0.13852
vt 0.13988 0.13833
vt 0.24241 0.13755
vt 0.24216 0.13783
vt 0.24197 0.13817
vt 0.23623 0.14374
vt 0.24185 0.13853
vt 0.24177 0.13889
vt 0.24174 0.13926
vt 0.24176 0.13963
vt 0.24182 0.14
vt 0.24192 0.14036
vt 0.24206 0.1407
vt 0.24224 0.14102
vt 0.24908 0.14514
vt 0.24906 0.14207
vt 0.24245 0.14131
vt 0.24268 0.14158
vt 0.24295 0.14181
vt 0.247 0.14112
vt 0.24665 0.14143
vt 0.24324 0.14201
vt 0.24355 0.14216
vt 0.24633 0.14169
vt 0.24389 0.14227
vt 0.24601 0.14192
vt 0.24424 0.14234
vt 0.24568 0.1421
vt 0.2446 0.14235
vt 0.24533 0.14223
vt 0.24497 0.14232
vt 0.23573 0.19778
vt 0.23574 0.19692
vt 0.23575 0.1961
vt 0.23576 0.19533
vt 0.23576 0.19463
vt 0.23577 0.19401
vt 0.23577 0.19348
vt 0.23578 0.19305
vt 0.23578 0.19271
vt 0.23578 0.19249
vt 0.23578 0.19237
vt 0.24712 0.14083
vt 0.24723 0.1405
vt 0.2485 0.13652
vt 0.24731 0.14016
vt 0.24735 0.1398
vt 0.24735 0.13943
vt 0.24732 0.13905
vt 0.24725 0.13868
vt 0.24714 0.13832
vt 0.247 0.13798
vt 0.24682 0.13765
vt 0.24243 0.13752
vt 0.24271 0.13726
vt 0.24299 0.13703
vt 0.24328 0.13682
vt 0.24358 0.13665
vt 0.2439 0.13652
vt 0.24422 0.13644
vt 0.24455 0.13639
vt 0.24488 0.1364
vt 0.24521 0.13645
vt 0.24553 0.13655
vt 0.24583 0.13669
vt 0.24612 0.13687
vt 0.24638 0.1371
vt 0.24662 0.13736
vt 0.20436 0.07646
vt 0.19018 0.07646
vt 0.19729 0.08056
vt 0.19687 0.08058
vt 0.19646 0.08061
vt 0.19606 0.08067
vt 0.19567 0.08076
vt 0.19529 0.08087
vt 0.19492 0.081
vt 0.19457 0.08115
vt 0.19425 0.08133
vt 0.19394 0.08153
vt 0.19348 0.08656
vt 0.19326 0.08635
vt 0.19018 0.09011
vt 0.19366 0.08175
vt 0.19307 0.08612
vt 0.19341 0.082
vt 0.19317 0.08226
vt 0.19289 0.08586
vt 0.19297 0.08255
vt 0.19275 0.08559
vt 0.1928 0.08286
vt 0.19265 0.08529
vt 0.19257 0.08497
vt 0.19252 0.08462
vt 0.19251 0.08426
vt 0.19252 0.08388
vt 0.19258 0.08352
vt 0.19267 0.08318
vt 0.23573 0.19827
vt 0.23574 0.19685
vt 0.23576 0.19543
vt 0.23577 0.19404
vt 0.23578 0.19269
vt 0.23579 0.1914
vt 0.2358 0.1902
vt 0.23581 0.18911
vt 0.23582 0.18813
vt 0.23583 0.1873
vt 0.23584 0.18662
vt 0.23584 0.18609
vt 0.23584 0.18574
vt 0.23585 0.18556
vt 0.24003 0.15774
vt 0.24289 0.16155
vt 0.24303 0.16126
vt 0.24322 0.16095
vt 0.24922 0.16054
vt 0.24726 0.16171
vt 0.24925 0.15653
vt 0.24717 0.16145
vt 0.24701 0.16111
vt 0.24681 0.16081
vt 0.24659 0.16055
vt 0.24345 0.16067
vt 0.24634 0.16033
vt 0.2437 0.16043
vt 0.24606 0.16014
vt 0.24397 0.16023
vt 0.24578 0.16001
vt 0.24548 0.15992
vt 0.24517 0.15988
vt 0.24486 0.15989
vt 0.24455 0.15996
vt 0.24425 0.16007
vt 0.1338 0.12477
vt 0.14045 0.12477
vt 0.1429 0.12132
vt 0.14047 0.12444
vt 0.14045 0.12411
vt 0.14037 0.12378
vt 0.14024 0.12347
vt 0.14006 0.12317
vt 0.13983 0.12289
vt 0.125 0.11591
vt 0.13377 0.12444
vt 0.1338 0.12411
vt 0.13388 0.12378
vt 0.13401 0.12347
vt 0.13419 0.12317
vt 0.13441 0.12289
vt 0.13468 0.12263
vt 0.14812 0.12132
vt 0.14812 0.11438
vt 0.24671 0.11438
vt 0.12563 0.11438
vt 0.13499 0.12241
vt 0.13956 0.12263
vt 0.13533 0.12221
vt 0.13926 0.12241
vt 0.1357 0.12205
vt 0.13609 0.12193
vt 0.13892 0.12221
vt 0.13855 0.12205
vt 0.13816 0.12193
vt 0.13775 0.12185
vt 0.13733 0.12181
vt 0.13691 0.12181
vt 0.13649 0.12185
vt 0.24298 0.13754
vt 0.24283 0.13783
vt 0.2427 0.13818
vt 0.2426 0.13854
vt 0.24255 0.13891
vt 0.24253 0.13928
vt 0.24255 0.13966
vt 0.2426 0.14003
vt 0.2427 0.14039
vt 0.24925 0.14518
vt 0.24009 0.14417
vt 0.24922 0.14214
vt 0.24283 0.14073
vt 0.243 0.14106
vt 0.24319 0.14136
vt 0.24342 0.14163
vt 0.24367 0.14186
vt 0.24678 0.14142
vt 0.24394 0.14206
vt 0.24422 0.14221
vt 0.24655 0.14169
vt 0.24452 0.14232
vt 0.2463 0.14192
vt 0.24483 0.14238
vt 0.24603 0.14211
vt 0.24514 0.14239
vt 0.24574 0.14225
vt 0.24545 0.14234
vt 0.24286 0.16158
vt 0.2473 0.16178
vt 0.24272 0.16182
vt 0.24262 0.16211
vt 0.24739 0.16206
vt 0.24916 0.16393
vt 0.24745 0.16238
vt 0.24746 0.16273
vt 0.24744 0.16309
vt 0.24738 0.16344
vt 0.24729 0.16379
vt 0.24256 0.16244
vt 0.24255 0.16278
vt 0.24256 0.16312
vt 0.24262 0.16347
vt 0.24272 0.1638
vt 0.24285 0.16412
vt 0.24301 0.16443
vt 0.24321 0.1647
vt 0.24716 0.16413
vt 0.24344 0.16495
vt 0.24699 0.16445
vt 0.24369 0.16516
vt 0.24396 0.16534
vt 0.24679 0.16473
vt 0.24424 0.16548
vt 0.24454 0.16558
vt 0.24657 0.16499
vt 0.24632 0.1652
vt 0.24605 0.16538
vt 0.24576 0.16551
vt 0.24546 0.16559
vt 0.24516 0.16563
vt 0.24485 0.16563
vt 0.24698 0.1411
vt 0.24714 0.14081
vt 0.24727 0.14048
vt 0.24919 0.13656
vt 0.24736 0.14014
vt 0.24742 0.13977
vt 0.24744 0.1394
vt 0.24742 0.13903
vt 0.24736 0.13866
vt 0.24727 0.1383
vt 0.24713 0.13796
vt 0.24697 0.13764
vt 0.24677 0.13734
vt 0.24655 0.13708
vt 0.2463 0.13686
vt 0.243 0.13751
vt 0.2432 0.13725
vt 0.24603 0.13668
vt 0.24574 0.13653
vt 0.24545 0.13644
vt 0.24514 0.13639
vt 0.24342 0.13702
vt 0.24367 0.13681
vt 0.24394 0.13664
vt 0.24423 0.13651
vt 0.24453 0.13643
vt 0.24483 0.13638
vt 0.19763 0.08057
vt 0.21055 0.09011
vt 0.20436 0.09011
vt 0.19727 0.09914
vt 0.19796 0.08058
vt 0.18399 0.09011
vt 0.188 0.09284
vt 0.19829 0.08061
vt 0.1986 0.08065
vt 0.1989 0.0807
vt 0.19919 0.08075
vt 0.19947 0.08082
vt 0.198 0.08733
vt 0.19788 0.08737
vt 0.1978 0.0891
vt 0.19974 0.08089
vt 0.19776 0.0874
vt 0.19999 0.08098
vt 0.19765 0.08743
vt 0.20024 0.08107
vt 0.19754 0.08746
vt 0.20048 0.08116
vt 0.19372 0.08675
vt 0.19309 0.0891
vt 0.19743 0.08748
vt 0.19732 0.0875
vt 0.19721 0.08751
vt 0.1971 0.08752
vt 0.19699 0.08753
vt 0.19687 0.08754
vt 0.19675 0.08754
vt 0.19663 0.08754
vt 0.19626 0.08754
vt 0.1959 0.08751
vt 0.19555 0.08746
vt 0.19522 0.08739
vt 0.19489 0.0873
vt 0.19457 0.0872
vt 0.20071 0.08127
vt 0.19426 0.08707
vt 0.19398 0.08692
vt 0.20093 0.08138
vt 0.20114 0.0815
vt 0.20134 0.08162
vt 0.19309 0.09118
vt 0.20052 0.09118
vt 0.20086 0.08602
vt 0.20154 0.08174
vt 0.20173 0.08187
vt 0.20191 0.082
vt 0.20047 0.08357
vt 0.19947 0.08531
vt 0.20034 0.08348
vt 0.20021 0.08339
vt 0.20008 0.08331
vt 0.19995 0.08322
vt 0.19981 0.08314
vt 0.19967 0.08307
vt 0.19952 0.083
vt 0.19938 0.08293
vt 0.19923 0.08287
vt 0.19928 0.0854
vt 0.19907 0.08281
vt 0.19891 0.08276
vt 0.19911 0.08548
vt 0.19875 0.08271
vt 0.19859 0.08267
vt 0.19894 0.08555
vt 0.19842 0.08264
vt 0.19826 0.08261
vt 0.19879 0.08561
vt 0.19809 0.08259
vt 0.19865 0.08566
vt 0.19792 0.08258
vt 0.19775 0.08258
vt 0.19852 0.08571
vt 0.19839 0.08574
vt 0.19826 0.08576
vt 0.19811 0.08578
vt 0.19795 0.0858
vt 0.19754 0.08258
vt 0.19778 0.08581
vt 0.19734 0.0826
vt 0.19761 0.08581
vt 0.19715 0.08262
vt 0.19733 0.0858
vt 0.19697 0.08266
vt 0.19707 0.08576
vt 0.19683 0.08571
vt 0.19661 0.08563
vt 0.1964 0.08552
vt 0.19621 0.0854
vt 0.19605 0.08525
vt 0.19591 0.08508
vt 0.1958 0.08489
vt 0.19573 0.08468
vt 0.19568 0.08445
vt 0.19567 0.0842
vt 0.19568 0.08403
vt 0.1957 0.08387
vt 0.19681 0.0827
vt 0.19573 0.08371
vt 0.19578 0.08357
vt 0.19665 0.08276
vt 0.19585 0.08343
vt 0.1965 0.08283
vt 0.19593 0.08331
vt 0.19636 0.0829
vt 0.19624 0.08299
vt 0.19612 0.08308
vt 0.19602 0.08319
vt 0.04698 0.30515
vt 0.00184 0.36756
vt 0.05093 0.3088
vt 0.27825 0.08502
vt 0.27825 0.00199
vt 0.13057 0.08502
vt 0.04531 0.00199
vt 0.03472 0.20762
vt 0.12444 0.15524
vt 0.07819 0.23604
vt 0.08413 0.23235
vt 0.08968 0.22908
vt 0.09484 0.22622
vt 0.09961 0.22378
vt 0.104 0.22177
vt 0.108 0.22016
vt 0.11197 0.21889
vt 0.11627 0.21784
vt 0.12089 0.21703
vt 0.12584 0.21645
vt 0.1311 0.2161
vt 0.05497 0.31233
vt 0.00753 0.37287
vt 0.0591 0.31573
vt 0.01345 0.378
vt 0.06333 0.31902
vt 0.0196 0.38296
vt 0.06765 0.32218
vt 0.02599 0.38775
vt 0.07206 0.32521
vt 0.03261 0.39237
vt 0.07657 0.32808
vt 0.03946 0.39682
vt 0.08119 0.33075
vt 0.04659 0.40103
vt 0.08592 0.33322
vt 0.05404 0.40493
vt 0.09076 0.33549
vt 0.06182 0.40852
vt 0.09571 0.33756
vt 0.06992 0.4118
vt 0.10076 0.33942
vt 0.07835 0.41478
vt 0.10589 0.34104
vt 0.08711 0.41744
vt 0.11107 0.34236
vt 0.09619 0.41973
vt 0.11629 0.34339
vt 0.10562 0.42162
vt 0.12156 0.34413
vt 0.11539 0.42308
vt 0.12688 0.34457
vt 0.12549 0.42412
vt 0.13225 0.34471
vt 0.13594 0.42475
vt 0.13878 0.34451
vt 0.14674 0.42496
vt 0.145 0.34391
vt 0.15994 0.42448
vt 0.15092 0.3429
vt 0.1728 0.42304
vt 0.15652 0.3415
vt 0.18533 0.42064
vt 0.16181 0.33969
vt 0.19751 0.41728
vt 0.1668 0.33747
vt 0.20935 0.41297
vt 0.17145 0.33485
vt 0.22085 0.40769
vt 0.17574 0.33183
vt 0.23182 0.40149
vt 0.17968 0.32841
vt 0.24206 0.39441
vt 0.18327 0.32459
vt 0.25157 0.38644
vt 0.26035 0.37759
vt 0.18649 0.32037
vt 0.26841 0.36787
vt 0.18937 0.31573
vt 0.27575 0.35725
vt 0.19184 0.31072
vt 0.28213 0.34584
vt 0.19385 0.30534
vt 0.28735 0.3337
vt 0.19543 0.29957
vt 0.29142 0.32082
vt 0.29432 0.30722
vt 0.19655 0.29344
vt 0.29606 0.2929
vt 0.19722 0.28695
vt 0.29664 0.27784
vt 0.19745 0.28007
vt 0.29615 0.26324
vt 0.19697 0.27008
vt 0.29469 0.24955
vt 0.19556 0.26091
vt 0.29225 0.23674
vt 0.28884 0.22484
vt 0.1932 0.25256
vt 0.28445 0.21383
vt 0.27909 0.20372
vt 0.18989 0.24503
vt 0.2729 0.19448
vt 0.26605 0.18608
vt 0.18564 0.23831
vt 0.25854 0.17851
vt 0.25036 0.17177
vt 0.24151 0.16588
vt 0.18045 0.23242
vt 0.232 0.16081
vt 0.222 0.15656
vt 0.17451 0.2274
vt 0.21169 0.15308
vt 0.20107 0.15036
vt 0.16803 0.22329
vt 0.19014 0.14843
vt 0.1789 0.14727
vt 0.16101 0.22009
vt 0.16735 0.14688
vt 0.15345 0.21781
vt 0.1635 0.14694
vt 0.15974 0.1471
vt 0.15606 0.14737
vt 0.14535 0.21644
vt 0.15249 0.14775
vt 0.14901 0.14824
vt 0.14562 0.14883
vt 0.14224 0.14955
vt 0.13881 0.15041
vt 0.13531 0.15141
vt 0.1367 0.21598
vt 0.13175 0.15255
vt 0.12813 0.15382
vt 0 0
vt 0 0
vt 0 0
vt 0 0
vt 0 700856426277562463174650388021248
vt 0 0
vt 0 0
vt 0 0
vt 0.00004 0
vt 0 0
vt 0.00004 77973157278109277213214673731584
vt 0 0
g Group31581
f 2911/1 143/2 2/3
f 143/2 120/4 2/3
f 120/4 119/5 2/3
f 119/5 126/6 2/3
f 126/6 135/7 2/3
f 135/7 137/8 2/3
f 137/8 148/9 2/3
f 148/9 3/10 2/3
f 3/10 1/11 2/3
f 4/12 5/13 26/14
f 26/14 5/13 25/15
f 5/13 6/16 25/15
f 25/15 6/16 24/17
f 24/17 6/16 23/18
f 23/18 6/16 22/19
f 22/19 6/16 21/20
f 21/20 6/16 20/21
f 20/21 6/16 19/22
f 1/11 9/23 8/24
f 9/23 10/25 8/24
f 10/25 11/26 8/24
f 11/26 12/27 8/24
f 12/27 13/28 8/24
f 13/28 14/29 8/24
f 14/29 15/30 8/24
f 15/30 16/31 8/24
f 16/31 17/32 8/24
f 7/33 8/24 6/16
f 17/32 18/34 8/24
f 19/22 6/16 18/34
f 6/16 8/24 18/34
f 29/35 27/36 2915/37
f 2915/37 27/36 28/38
f 30/39 31/40 33/39
f 33/39 31/40 32/40
f 34/41 2/11 1/41
f 36/42 33/39 55/42
f 55/42 33/39 35/39
f 40/43 38/44 61/45
f 39/46 60/47 38/44
f 60/47 37/48 38/44
f 38/44 37/48 61/45
f 41/24 42/49 44/50
f 44/50 42/49 43/51
f 34/41 1/11 45/52
f 45/52 1/11 8/24
f 46/53 47/53 48/54
f 48/54 47/53 471/54
f 115/55 23/56 49/57
f 22/58 116/59 23/56
f 49/57 23/56 116/59
f 51/60 52/61 50/60
f 50/60 52/61 53/61
f 68/62 54/63 45/52
f 59/64 34/41 54/63
f 34/41 45/52 54/63
f 56/65 57/65 58/66
f 62/67 63/68 67/69
f 64/70 65/71 63/68
f 67/69 63/68 66/72
f 63/68 65/71 66/72
f 31/40 69/73 32/40
f 32/40 69/73 70/73
f 71/74 45/52 72/75
f 73/76 74/77 76/78
f 74/77 75/79 76/78
f 77/80 78/81 82/82
f 79/83 80/84 78/81
f 82/82 78/81 81/85
f 78/81 80/84 81/85
f 63/68 83/86 64/70
f 84/87 85/88 83/86
f 83/86 85/88 64/70
f 86/89 62/67 88/90
f 67/69 87/91 62/67
f 62/67 87/91 88/90
f 83/86 60/47 84/87
f 39/46 89/92 60/47
f 60/47 89/92 84/87
f 90/93 77/80 91/94
f 91/94 77/80 82/82
f 78/81 86/89 79/83
f 88/90 92/95 86/89
f 86/89 92/95 79/83
f 93/96 45/52 94/97
f 61/45 95/98 40/43
f 96/99 97/100 95/98
f 40/43 95/98 98/101
f 95/98 97/100 98/101
f 99/102 90/93 100/103
f 100/103 90/93 91/94
f 101/104 45/52 102/105
f 103/106 99/102 104/107
f 104/107 99/102 100/103
f 105/108 103/106 106/109
f 106/109 103/106 104/107
f 107/110 108/111 111/112
f 109/113 110/114 108/111
f 108/111 110/114 111/112
f 112/115 113/116 114/117
f 117/118 118/119 120/120
f 120/120 118/119 119/121
f 108/111 121/122 109/113
f 122/123 123/124 121/122
f 109/113 121/122 124/125
f 121/122 123/124 124/125
f 118/119 125/126 119/121
f 119/121 125/126 126/127
f 127/128 128/54 129/128
f 231/129 131/130 130/131
f 131/130 132/132 130/131
f 130/131 132/132 233/133
f 225/24 133/134 8/24
f 133/134 45/52 8/24
f 125/126 134/135 126/127
f 126/127 134/135 135/136
f 134/135 136/137 135/136
f 135/136 136/137 137/138
f 138/129 105/108 141/139
f 106/109 139/140 105/108
f 141/139 105/108 140/141
f 105/108 139/140 140/141
f 142/142 117/118 146/143
f 120/120 143/144 117/118
f 146/143 117/118 145/145
f 143/144 144/146 117/118
f 117/118 144/146 145/145
f 136/137 147/147 137/138
f 137/138 147/147 148/148
f 149/133 138/129 154/132
f 141/139 150/149 138/129
f 154/132 138/129 153/150
f 153/150 138/129 152/151
f 152/151 138/129 151/152
f 138/129 150/149 151/152
f 155/153 149/133 157/154
f 154/132 156/155 149/133
f 149/133 156/155 157/154
f 158/156 159/157 25/158
f 25/158 159/157 26/159
f 160/160 158/156 24/161
f 24/161 158/156 25/158
f 161/162 162/163 165/164
f 163/165 164/166 162/163
f 162/163 164/166 165/164
f 166/49 42/49 167/24
f 167/24 42/49 41/24
f 35/39 33/39 168/40
f 168/40 33/39 32/40
f 115/55 160/167 23/56
f 23/56 160/167 24/168
f 169/169 170/170 171/170
f 172/171 173/172 10/173
f 10/173 173/172 11/174
f 59/64 175/175 34/41
f 174/176 34/41 175/175
f 173/172 176/177 11/174
f 11/174 176/177 12/178
f 177/179 161/162 179/180
f 165/164 178/181 161/162
f 161/162 178/181 179/180
f 162/163 155/153 163/165
f 157/154 180/182 155/153
f 163/165 155/153 181/183
f 155/153 180/182 181/183
f 182/184 116/59 21/185
f 21/185 116/59 22/58
f 183/186 69/73 184/187
f 184/187 69/73 31/40
f 176/177 185/188 12/178
f 12/178 185/188 13/189
f 186/190 182/184 20/191
f 20/191 182/184 21/185
f 185/188 187/192 13/189
f 13/189 187/192 14/193
f 188/194 186/190 19/195
f 19/195 186/190 20/191
f 187/192 189/196 14/193
f 14/193 189/196 15/197
f 191/41 57/65 307/52
f 307/52 57/65 190/198
f 692/199 654/200 718/201
f 718/201 654/200 552/65
f 552/65 654/200 679/202
f 192/203 193/204 194/205
f 193/204 679/202 194/205
f 654/200 194/205 679/202
f 195/38 188/194 18/206
f 18/206 188/194 19/195
f 189/196 196/207 15/197
f 15/197 196/207 16/208
f 197/36 195/38 17/35
f 17/35 195/38 18/206
f 196/207 197/36 16/208
f 16/208 197/36 17/35
f 69/73 198/1 70/73
f 70/73 198/1 199/1
f 159/157 200/209 26/159
f 201/210 4/211 200/209
f 200/209 4/211 26/159
f 202/212 203/213 206/214
f 204/215 205/216 203/213
f 203/213 205/216 206/214
f 298/142 208/143 207/217
f 208/143 209/123 207/217
f 207/217 209/123 294/122
f 68/62 45/52 211/218
f 45/52 210/219 211/218
f 128/54 212/54 129/128
f 129/128 212/54 310/128
f 210/219 45/52 214/220
f 45/52 213/221 214/220
f 203/213 215/222 204/215
f 216/223 217/224 215/222
f 215/222 217/224 204/215
f 71/74 218/225 45/52
f 213/221 45/52 218/225
f 72/75 45/52 220/226
f 45/52 219/227 220/226
f 221/228 222/229 45/52
f 219/227 45/52 222/229
f 200/209 177/179 201/210
f 179/180 223/230 177/179
f 201/210 177/179 224/231
f 177/179 223/230 224/231
f 93/96 226/232 45/52
f 221/228 45/52 226/232
f 227/233 228/234 230/235
f 230/235 228/234 229/236
f 147/147 202/212 148/148
f 206/214 232/237 202/212
f 148/148 202/212 3/238
f 202/212 232/237 3/238
f 234/239 235/240 45/52
f 94/97 45/52 235/240
f 236/241 237/33 238/33
f 101/104 239/242 45/52
f 234/239 45/52 239/242
f 240/243 241/244 45/52
f 102/105 45/52 241/244
f 242/245 243/246 245/245
f 245/245 243/246 244/246
f 333/59 247/58 246/247
f 248/185 338/184 247/58
f 246/247 247/58 338/184
f 249/248 242/249 250/248
f 250/248 242/249 245/249
f 251/245 252/250 245/249
f 245/249 252/250 250/248
f 255/38 253/206 349/36
f 253/206 254/251 349/36
f 254/251 256/35 349/36
f 42/42 257/54 258/252
f 259/253 251/254 244/246
f 244/246 251/254 245/245
f 260/116 113/116 261/255
f 112/115 263/256 113/116
f 262/257 113/116 263/256
f 264/258 265/259 113/116
f 114/117 113/116 265/259
f 215/222 172/171 216/223
f 10/173 9/260 172/171
f 216/223 172/171 266/261
f 172/171 9/260 266/261
f 53/61 52/61 267/42
f 267/42 52/61 55/42
f 268/262 269/263 270/264
f 271/265 269/263 268/262
f 193/266 113/267 679/202
f 679/202 113/267 272/268
f 273/269 269/263 274/270
f 275/271 269/263 276/272
f 277/273 269/263 278/274
f 279/245 280/250 251/245
f 251/245 280/250 252/250
f 243/275 281/276 244/275
f 244/275 281/276 282/276
f 168/40 32/40 283/73
f 283/73 32/40 70/73
f 198/1 284/3 199/1
f 199/1 284/3 285/3
f 95/98 286/277 96/99
f 107/110 111/112 286/277
f 111/112 287/278 286/277
f 286/277 287/278 96/99
f 258/252 257/54 304/279
f 304/279 257/54 288/280
f 289/281 288/280 290/282
f 291/283 292/284 288/280
f 288/280 292/284 304/279
f 293/253 279/254 259/253
f 259/253 279/254 251/254
f 295/285 296/286 297/287
f 299/288 300/275 301/275
f 259/246 244/275 171/289
f 171/289 244/275 282/276
f 302/198 190/198 303/290
f 305/291 304/279 306/292
f 308/293 288/280 309/293
f 311/41 34/41 313/294
f 313/294 34/41 312/294
f 314/295 315/296 317/297
f 317/297 315/296 316/298
f 315/296 318/299 316/298
f 316/298 318/299 319/300
f 320/67 321/68 323/69
f 323/69 321/68 322/70
f 321/68 324/86 322/70
f 322/70 324/86 325/87
f 326/89 320/67 327/90
f 327/90 320/67 323/69
f 328/169 329/170 330/170
f 331/81 326/89 332/83
f 332/83 326/89 327/90
f 334/47 335/45 337/46
f 337/46 335/45 336/43
f 339/80 331/81 340/82
f 340/82 331/81 332/83
f 318/299 341/301 319/300
f 319/300 341/301 342/302
f 335/45 343/98 336/43
f 336/43 343/98 344/99
f 345/303 314/304 346/305
f 346/305 314/304 317/306
f 347/93 339/80 348/94
f 348/94 339/80 340/82
f 343/98 350/110 344/99
f 344/99 350/110 351/307
f 352/308 353/309 354/310
f 355/102 347/93 356/103
f 356/103 347/93 348/94
f 341/301 357/311 342/302
f 342/302 357/311 358/312
f 350/110 359/111 351/307
f 351/307 359/111 360/113
f 121/122 361/313 122/123
f 142/142 146/143 361/313
f 146/143 362/314 361/313
f 362/314 363/315 361/313
f 361/313 363/315 122/123
f 364/316 365/317 366/318
f 367/319 365/317 364/316
f 366/318 365/317 368/320
f 369/321 365/317 367/319
f 368/320 365/317 370/322
f 371/106 355/102 372/323
f 372/323 355/102 356/103
f 373/324 365/317 369/321
f 370/322 365/317 374/325
f 375/326 365/317 373/324
f 376/327 377/328 378/329
f 374/325 365/317 379/330
f 380/331 353/309 381/332
f 357/311 382/333 358/312
f 358/312 382/333 383/334
f 384/335 365/317 375/326
f 359/111 385/122 360/113
f 360/113 385/122 386/123
f 379/330 365/317 387/336
f 170/289 293/246 171/289
f 171/289 293/246 259/246
f 390/337 365/317 384/335
f 391/338 392/339 377/328
f 387/336 365/317 393/340
f 394/108 371/106 395/341
f 395/341 371/106 372/323
f 396/86 400/87 662/68
f 400/87 397/342 662/68
f 397/342 398/70 662/68
f 399/343 365/317 390/337
f 393/340 365/317 401/344
f 377/328 392/339 378/329
f 378/329 392/339 414/345
f 382/333 402/346 383/334
f 383/334 402/346 403/347
f 404/348 365/317 399/343
f 385/122 405/142 386/123
f 386/123 405/142 406/349
f 407/350 391/338 377/328
f 401/344 365/317 408/351
f 409/352 407/350 377/328
f 410/353 365/317 404/348
f 411/354 409/352 377/328
f 231/129 394/108 131/130
f 131/130 394/108 395/341
f 408/351 365/317 412/355
f 413/356 411/354 377/328
f 415/357 365/317 410/353
f 402/346 416/358 403/347
f 403/347 416/358 417/359
f 418/360 345/361 419/362
f 419/362 345/361 346/363
f 420/364 413/356 377/328
f 422/365 421/116 190/198
f 190/198 421/116 307/52
f 412/355 365/317 423/366
f 405/142 424/118 406/349
f 406/349 424/118 425/120
f 426/367 420/364 377/328
f 427/368 365/317 415/357
f 428/369 426/367 377/328
f 423/366 365/317 429/370
f 430/371 428/369 377/328
f 431/372 430/371 377/328
f 432/373 365/317 427/368
f 416/358 433/374 417/359
f 417/359 433/374 434/375
f 435/376 431/372 377/328
f 436/377 418/360 437/378
f 437/378 418/360 419/362
f 429/370 365/317 438/379
f 439/380 435/376 377/328
f 440/381 365/317 432/373
f 424/118 441/119 425/120
f 425/120 441/119 442/121
f 510/382 443/383 389/384
f 389/384 443/383 388/385
f 443/383 439/380 388/385
f 439/380 377/328 388/385
f 438/379 365/317 444/386
f 433/374 445/387 434/375
f 434/375 445/387 446/388
f 447/389 365/317 440/381
f 448/153 233/133 449/154
f 449/154 233/133 132/132
f 444/386 365/317 450/390
f 378/329 414/345 451/391
f 451/391 414/345 454/392
f 452/393 436/377 453/394
f 453/394 436/377 437/378
f 455/395 365/317 447/389
f 450/390 365/317 456/396
f 441/119 457/126 442/121
f 442/121 457/126 458/127
f 445/387 459/397 446/388
f 446/388 459/397 460/398
f 461/399 365/317 455/395
f 462/400 451/391 454/392
f 463/401 451/391 462/400
f 464/402 451/391 463/401
f 288/280 257/54 714/280
f 714/280 257/54 703/403
f 257/54 465/54 703/403
f 456/396 365/317 466/404
f 467/405 451/391 464/402
f 468/406 451/391 467/405
f 469/407 452/393 470/408
f 470/408 452/393 453/394
f 48/54 471/54 472/41
f 472/41 471/54 191/41
f 473/409 451/391 468/406
f 474/410 365/317 461/399
f 475/163 448/153 476/165
f 476/165 448/153 449/154
f 477/411 451/391 473/409
f 478/412 451/391 477/411
f 459/397 479/413 460/398
f 460/398 479/413 480/414
f 466/404 365/317 481/415
f 482/416 451/391 478/412
f 483/417 451/391 482/416
f 212/54 128/54 484/418
f 485/419 451/391 483/417
f 486/420 365/317 474/410
f 487/421 451/391 485/419
f 481/415 365/317 488/422
f 457/126 489/135 458/127
f 458/127 489/135 490/136
f 491/423 365/317 486/420
f 492/424 469/407 493/425
f 493/425 469/407 470/408
f 479/413 494/426 480/414
f 480/414 494/426 495/427
f 488/422 365/317 496/428
f 497/429 365/317 491/423
f 498/86 501/87 708/68
f 501/87 499/430 708/68
f 499/430 500/70 708/68
f 496/428 365/317 502/431
f 503/162 475/163 504/164
f 504/164 475/163 476/165
f 505/432 365/317 497/429
f 502/431 365/317 506/433
f 507/434 365/317 505/432
f 494/426 508/435 495/427
f 495/427 508/435 509/436
f 506/433 365/317 511/437
f 512/438 492/424 513/439
f 513/439 492/424 493/425
f 514/440 365/317 507/434
f 443/383 510/382 487/421
f 487/421 510/382 451/391
f 511/437 365/317 515/441
f 516/442 365/317 514/440
f 515/441 365/317 517/443
f 517/443 365/317 516/442
f 489/135 518/137 490/136
f 490/136 518/137 519/138
f 508/435 520/444 509/436
f 509/436 520/444 521/445
f 522/446 512/438 523/447
f 523/447 512/438 513/439
f 524/179 503/162 525/180
f 525/180 503/162 504/164
f 520/444 526/448 521/445
f 521/445 526/448 527/449
f 530/209 528/210 723/157
f 528/210 529/450 723/157
f 535/159 723/157 531/451
f 529/450 531/451 723/157
f 281/452 299/288 282/452
f 282/452 299/288 301/275
f 262/257 532/453 113/116
f 532/453 240/243 113/116
f 113/116 240/243 45/52
f 518/137 533/147 519/138
f 519/138 533/147 534/148
f 526/448 536/454 527/449
f 527/449 536/454 537/455
f 538/456 522/446 539/457
f 539/457 522/446 523/447
f 536/454 540/458 537/455
f 537/455 540/458 541/459
f 313/460 312/461 543/462
f 543/462 312/461 542/463
f 544/209 524/179 545/210
f 545/210 524/179 525/180
f 283/73 70/73 546/1
f 546/1 70/73 199/1
f 547/52 261/255 45/52
f 45/52 261/255 113/116
f 548/464 538/456 549/465
f 549/465 538/456 539/457
f 540/458 550/466 541/459
f 541/459 550/466 551/467
f 533/147 553/212 534/148
f 534/148 553/212 554/214
f 550/466 555/468 551/467
f 551/467 555/468 556/469
f 726/129 558/130 557/470
f 558/130 559/132 557/470
f 557/470 559/132 727/133
f 560/471 548/464 561/472
f 561/472 548/464 549/465
f 555/468 562/473 556/469
f 556/469 562/473 563/474
f 564/157 544/209 565/159
f 565/159 544/209 545/210
f 562/473 566/475 563/474
f 563/474 566/475 567/476
f 566/475 568/477 567/476
f 567/476 568/477 569/478
f 267/42 55/42 570/39
f 570/39 55/42 35/39
f 571/479 560/471 572/480
f 572/480 560/471 561/472
f 568/477 573/481 569/478
f 569/478 573/481 574/482
f 573/481 575/483 574/482
f 574/482 575/483 576/484
f 577/485 571/479 578/486
f 578/486 571/479 572/480
f 579/156 564/157 580/158
f 580/158 564/157 565/159
f 584/197 582/487 741/196
f 583/193 740/192 582/487
f 740/192 581/488 582/487
f 582/487 581/488 741/196
f 585/213 586/222 588/215
f 588/215 586/222 587/223
f 589/489 577/485 590/490
f 590/490 577/485 578/486
f 591/160 579/156 592/161
f 592/161 579/156 580/158
f 593/491 589/489 594/492
f 594/492 589/489 590/490
f 586/222 595/171 587/223
f 587/223 595/171 596/173
f 597/493 593/491 598/494
f 598/494 593/491 594/492
f 575/483 599/495 576/484
f 576/484 599/495 600/496
f 601/55 591/167 602/56
f 602/56 591/167 592/168
f 603/497 597/493 604/498
f 604/498 597/493 598/494
f 595/171 605/172 596/173
f 596/173 605/172 606/174
f 607/499 171/170 301/275
f 301/275 171/170 282/452
f 608/500 603/497 609/501
f 609/501 603/497 604/498
f 610/59 601/55 611/58
f 611/58 601/55 602/56
f 612/502 608/500 613/503
f 613/503 608/500 609/501
f 605/172 614/177 606/174
f 606/174 614/177 615/178
f 616/504 612/502 617/505
f 617/505 612/502 613/503
f 618/184 610/59 619/185
f 619/185 610/59 611/58
f 238/506 237/507 620/508
f 620/508 237/507 6/509
f 237/507 7/510 6/509
f 621/511 616/504 622/512
f 622/512 616/504 617/505
f 614/177 623/188 615/178
f 615/178 623/188 624/189
f 625/513 626/514 252/275
f 252/275 626/514 250/249
f 627/515 621/511 628/516
f 628/516 621/511 622/512
f 629/190 618/184 630/191
f 630/191 618/184 619/185
f 465/54 257/54 631/517
f 623/188 632/192 624/189
f 624/189 632/192 633/193
f 634/518 627/515 635/519
f 635/519 627/515 628/516
f 636/194 629/190 637/195
f 637/195 629/190 630/191
f 638/520 634/518 639/521
f 639/521 634/518 635/519
f 632/192 640/196 633/193
f 633/193 640/196 641/197
f 642/38 636/194 643/206
f 643/206 636/194 637/195
f 644/522 638/520 645/523
f 645/523 638/520 639/521
f 640/196 646/207 641/197
f 641/197 646/207 647/208
f 646/207 648/36 647/208
f 647/208 648/36 649/35
f 650/524 651/525 653/524
f 653/524 651/525 652/525
f 280/275 655/513 252/275
f 252/275 655/513 625/513
f 656/514 249/249 626/514
f 626/514 249/249 250/249
f 657/526 658/1 659/527
f 284/3 660/60 285/3
f 285/3 660/60 661/60
f 56/65 303/290 57/65
f 57/65 303/290 190/198
f 620/508 6/509 676/528
f 6/509 5/529 676/528
f 5/529 663/530 676/528
f 663/530 664/531 676/528
f 664/531 665/532 676/528
f 665/532 666/533 676/528
f 666/533 667/534 676/528
f 667/534 668/535 676/528
f 668/535 669/536 676/528
f 669/536 670/537 676/528
f 670/537 671/538 676/528
f 671/538 672/539 676/528
f 672/539 673/540 676/528
f 673/540 674/541 676/528
f 674/541 675/542 676/528
f 677/543 307/52 678/544
f 680/545 644/546 681/547
f 681/547 644/546 645/548
f 682/549 658/550 128/54
f 128/54 658/550 683/551
f 684/288 685/275 686/275
f 687/552 307/52 688/553
f 689/499 169/169 607/499
f 607/499 169/169 171/170
f 690/554 307/52 691/555
f 693/67 694/68 696/69
f 696/69 694/68 695/70
f 694/68 697/86 695/70
f 695/70 697/86 698/87
f 699/89 693/67 700/90
f 700/90 693/67 696/69
f 599/556 701/557 600/558
f 600/558 701/557 702/559
f 697/86 704/47 698/87
f 698/87 704/47 705/46
f 704/47 706/45 705/46
f 705/46 706/45 707/43
f 706/45 709/98 707/43
f 707/43 709/98 710/99
f 324/86 334/47 325/87
f 337/46 711/560 334/47
f 334/47 711/560 325/87
f 709/98 712/110 710/99
f 710/99 712/110 713/307
f 715/561 683/3 716/562
f 717/563 683/3 715/561
f 712/110 719/111 713/307
f 713/307 719/111 720/113
f 721/564 683/3 722/565
f 719/111 294/122 720/113
f 720/113 294/122 209/123
f 724/566 683/3 725/567
f 729/568 398/569 728/570
f 397/571 728/570 398/569
f 730/572 728/570 400/573
f 728/570 397/571 400/573
f 731/11 2/11 732/574
f 2/11 34/41 732/574
f 34/41 311/41 732/574
f 570/39 35/39 733/40
f 733/40 35/39 168/40
f 298/142 734/118 208/143
f 208/143 734/118 735/120
f 547/52 45/52 736/575
f 45/52 133/134 736/575
f 737/576 738/577 739/577
f 734/118 742/119 735/120
f 735/120 742/119 743/121
f 701/578 680/579 702/580
f 702/580 680/579 681/581
f 744/582 745/583 746/584
f 747/585 745/583 748/586
f 742/119 749/126 743/121
f 743/121 749/126 750/127
f 751/587 745/583 752/588
f 749/126 766/135 750/127
f 750/127 766/135 767/136
f 791/365 782/589 422/365
f 782/589 773/590 422/365
f 773/590 770/591 422/365
f 770/591 768/591 422/365
f 421/116 422/365 772/592
f 772/592 422/365 771/593
f 771/593 422/365 769/594
f 769/594 422/365 765/595
f 768/591 764/590 422/365
f 765/595 422/365 763/596
f 764/590 762/597 422/365
f 763/596 422/365 761/598
f 762/597 760/599 422/365
f 761/598 422/365 759/600
f 760/599 758/601 422/365
f 759/600 422/365 757/602
f 758/601 755/603 422/365
f 757/602 422/365 756/604
f 755/603 756/604 422/365
f 774/370 775/317 776/379
f 776/379 775/317 777/386
f 778/366 775/317 774/370
f 777/386 775/317 779/390
f 780/355 775/317 778/366
f 779/390 775/317 781/396
f 783/351 775/317 780/355
f 766/135 784/137 767/136
f 767/136 784/137 785/138
f 781/396 775/317 786/404
f 787/344 775/317 783/351
f 786/404 775/317 788/415
f 271/265 789/605 269/263
f 274/270 269/263 789/605
f 790/340 775/317 787/344
f 788/415 775/317 792/422
f 793/336 775/317 790/340
f 225/24 8/24 236/241
f 236/241 8/24 237/33
f 8/24 7/33 237/33
f 792/422 775/317 794/428
f 273/269 795/606 269/263
f 276/272 269/263 795/606
f 796/330 775/317 793/336
f 794/428 775/317 797/431
f 798/325 775/317 796/330
f 353/607 718/201 1193/41
f 1193/41 718/201 552/65
f 797/431 775/317 799/433
f 800/245 801/246 803/245
f 803/245 801/246 802/246
f 804/322 775/317 798/325
f 275/271 806/608 269/263
f 805/609 269/263 806/608
f 799/433 775/317 807/437
f 808/610 809/611 810/612
f 811/320 775/317 804/322
f 812/613 809/611 808/610
f 813/147 814/212 816/148
f 816/148 814/212 815/214
f 807/437 775/317 817/441
f 805/609 818/614 269/263
f 278/274 269/263 818/614
f 819/615 809/611 820/616
f 821/318 775/317 811/320
f 817/441 775/317 822/443
f 823/617 809/611 824/618
f 825/248 800/249 826/248
f 826/248 800/249 803/249
f 827/316 775/317 821/318
f 828/245 829/250 803/249
f 803/249 829/250 826/248
f 830/619 421/116 831/620
f 822/443 775/317 832/442
f 814/212 833/213 815/214
f 815/214 833/213 834/215
f 903/621 809/611 745/583
f 753/622 745/583 754/623
f 835/624 754/623 809/611
f 809/611 754/623 745/583
f 836/319 775/317 827/316
f 277/273 838/625 269/263
f 837/626 269/263 838/625
f 839/627 809/611 840/628
f 832/442 775/317 841/440
f 842/321 775/317 836/319
f 843/253 828/254 802/246
f 802/246 828/254 803/245
f 841/440 775/317 844/434
f 845/324 775/317 842/321
f 846/629 421/116 847/630
f 833/213 848/222 834/215
f 834/215 848/222 849/223
f 844/434 775/317 850/432
f 851/326 775/317 845/324
f 850/432 775/317 852/429
f 853/160 854/156 856/161
f 856/161 854/156 855/158
f 857/279 304/279 858/631
f 859/335 775/317 851/326
f 852/429 775/317 860/423
f 848/222 861/171 849/223
f 849/223 861/171 862/173
f 863/337 775/317 859/335
f 860/423 775/317 864/420
f 865/343 775/317 863/337
f 866/55 853/167 867/56
f 867/56 853/167 856/168
f 864/420 775/317 868/410
f 869/348 775/317 865/343
f 868/410 775/317 870/399
f 871/353 775/317 869/348
f 286/632 95/633 873/634
f 95/633 61/635 873/634
f 37/636 873/634 61/635
f 861/171 874/172 862/173
f 862/173 874/172 875/174
f 870/399 775/317 876/395
f 877/357 775/317 871/353
f 876/395 775/317 878/389
f 879/368 775/317 877/357
f 878/389 775/317 880/381
f 881/373 775/317 879/368
f 880/381 775/317 881/373
f 884/637 885/638 883/639
f 882/640 883/639 885/638
f 1073/110 887/112 886/641
f 887/112 888/99 886/641
f 886/641 888/99 1068/98
f 874/172 889/177 875/174
f 875/174 889/177 890/178
f 290/282 288/280 892/642
f 288/280 891/643 892/642
f 625/644 893/246 626/645
f 626/645 893/246 894/577
f 889/177 895/188 890/178
f 890/178 895/188 896/189
f 655/644 897/246 625/644
f 625/644 897/246 893/246
f 898/190 338/184 899/191
f 899/191 338/184 248/185
f 289/281 900/646 288/280
f 291/283 288/280 900/646
f 895/188 901/192 896/189
f 896/189 901/192 902/193
f 905/647 531/648 904/649
f 529/650 904/649 531/648
f 906/194 898/190 907/195
f 907/195 898/190 899/191
f 908/127 1083/126 725/651
f 1083/126 909/135 725/651
f 914/136 724/652 909/135
f 724/652 725/651 909/135
f 901/192 910/196 902/193
f 902/193 910/196 911/197
f 912/245 913/250 828/245
f 828/245 913/250 829/250
f 255/38 906/194 253/206
f 253/206 906/194 907/195
f 910/196 915/207 911/197
f 911/197 915/207 916/208
f 915/207 349/36 916/208
f 916/208 349/36 256/35
f 801/275 917/276 802/275
f 802/275 917/276 918/276
f 921/653 922/654 920/655
f 919/656 920/655 922/654
f 923/657 924/658 921/653
f 922/654 921/653 924/658
f 296/286 295/285 923/657
f 924/658 923/657 295/285
f 925/659 926/660 366/661
f 366/661 926/660 364/662
f 926/660 927/663 364/662
f 364/662 927/663 367/664
f 928/665 925/659 368/666
f 368/666 925/659 366/661
f 927/663 929/667 367/664
f 367/664 929/667 369/668
f 930/669 928/665 370/670
f 370/670 928/665 368/666
f 929/667 931/671 369/668
f 369/668 931/671 373/672
f 934/157 932/159 1112/156
f 932/159 933/673 1112/156
f 933/673 936/158 1112/156
f 935/674 930/669 374/675
f 374/675 930/669 370/670
f 306/292 304/279 937/292
f 304/279 292/284 937/292
f 931/671 938/676 373/672
f 373/672 938/676 375/677
f 939/137 940/678 1110/135
f 1110/135 940/678 941/136
f 942/253 912/254 843/253
f 843/253 912/254 828/254
f 943/679 935/674 379/680
f 379/680 935/674 374/675
f 771/681 794/682 772/683
f 797/684 872/685 794/682
f 772/683 794/682 872/685
f 809/611 944/24 683/3
f 938/676 945/686 375/677
f 375/677 945/686 384/687
f 897/275 689/688 893/275
f 893/275 689/688 607/689
f 946/690 943/679 387/691
f 387/691 943/679 379/680
f 947/577 656/645 894/577
f 894/577 656/645 626/645
f 843/246 802/275 330/289
f 330/289 802/275 918/276
f 948/692 946/690 393/693
f 393/693 946/690 387/691
f 607/689 301/694 893/275
f 893/275 301/694 894/577
f 951/189 823/695 1121/188
f 949/696 1120/177 824/697
f 1120/177 950/698 824/697
f 824/697 950/698 823/695
f 823/695 950/698 1121/188
f 1122/157 952/159 953/156
f 952/159 830/699 953/156
f 956/158 953/156 831/700
f 953/156 830/699 831/700
f 954/701 955/702 390/703
f 390/703 955/702 399/704
f 953/156 956/158 964/160
f 956/158 957/705 964/160
f 957/705 962/161 964/160
f 958/706 948/692 401/707
f 401/707 948/692 393/693
f 959/208 1128/207 840/708
f 1128/207 960/36 840/708
f 961/35 839/709 960/36
f 839/709 840/708 960/36
f 964/167 962/168 1135/55
f 962/168 963/710 1135/55
f 963/710 966/56 1135/55
f 955/711 965/712 399/713
f 399/713 965/712 404/714
f 967/715 958/706 408/716
f 408/716 958/706 401/707
f 965/712 968/717 404/714
f 404/714 968/717 410/718
f 969/719 970/720 972/721
f 972/721 970/720 971/722
f 970/723 973/724 971/725
f 971/725 973/724 974/726
f 975/528 976/542 978/528
f 978/528 976/542 977/542
f 971/727 974/728 972/729
f 972/729 974/728 376/730
f 979/731 967/715 412/732
f 412/732 967/715 408/716
f 809/611 903/621 1380/611
f 1380/611 903/621 1187/733
f 903/621 980/621 1187/733
f 968/717 981/734 410/718
f 410/718 981/734 415/735
f 982/736 979/731 423/737
f 423/737 979/731 412/732
f 983/738 984/739 974/740
f 974/740 984/739 388/741
f 981/734 985/742 415/735
f 415/735 985/742 427/743
f 973/744 986/745 974/746
f 974/746 986/745 983/747
f 733/40 168/40 987/73
f 987/73 168/40 283/73
f 989/748 982/736 429/749
f 429/749 982/736 423/737
f 991/67 992/68 994/69
f 994/69 992/68 993/70
f 992/68 995/86 993/70
f 993/70 995/86 996/87
f 997/89 991/67 998/90
f 998/90 991/67 994/69
f 986/750 999/751 983/752
f 983/752 999/751 984/753
f 772/592 872/754 421/116
f 782/589 791/365 1000/597
f 1000/597 791/365 1009/599
f 872/754 988/755 421/116
f 1009/599 791/365 1017/601
f 988/755 990/756 421/116
f 990/756 1004/757 421/116
f 1017/601 791/365 1023/603
f 1004/757 1012/758 421/116
f 1023/603 791/365 1029/604
f 791/365 1199/116 1029/604
f 1029/604 1199/116 1208/602
f 1208/602 1199/116 1214/600
f 1214/600 1199/116 1217/598
f 1217/598 1199/116 1218/759
f 1218/759 1199/116 1225/595
f 1225/595 1199/116 1231/594
f 1231/594 1199/116 1233/593
f 1233/593 1199/116 1238/754
f 1238/754 1199/116 1240/755
f 1240/755 1199/116 1242/756
f 1242/756 1199/116 1244/757
f 1244/757 1199/116 1246/758
f 1246/758 1199/116 1245/760
f 1012/758 1020/760 421/116
f 1245/760 1199/116 1243/761
f 1020/760 1027/761 421/116
f 1243/761 1199/116 1241/762
f 1027/761 1033/762 421/116
f 1241/762 1199/116 1239/763
f 1033/762 1036/763 421/116
f 421/116 1036/763 1199/116
f 1036/763 1221/764 1199/116
f 1221/764 1229/765 1199/116
f 1229/765 1232/765 1199/116
f 1232/765 1237/764 1199/116
f 1199/116 1237/764 1239/763
f 985/742 1001/766 427/743
f 427/743 1001/766 432/767
f 1002/81 997/89 1003/83
f 1003/83 997/89 998/90
f 1005/47 1006/45 1008/46
f 1008/46 1006/45 1007/43
f 1010/80 1002/81 1011/82
f 1011/82 1002/81 1003/83
f 944/24 809/611 1044/768
f 1044/768 809/611 1013/41
f 1014/769 989/748 438/770
f 438/770 989/748 429/749
f 1015/50 660/60 1016/24
f 1016/24 660/60 284/3
f 1006/45 1018/98 1007/43
f 1007/43 1018/98 1019/99
f 1021/93 1010/80 1022/94
f 1022/94 1010/80 1011/82
f 300/771 947/577 301/694
f 301/694 947/577 894/577
f 1001/766 1024/772 432/767
f 432/767 1024/772 440/773
f 1018/98 1025/110 1019/99
f 1019/99 1025/110 1026/307
f 648/36 642/38 649/35
f 643/206 1028/774 642/38
f 642/38 1028/774 649/35
f 1030/102 1021/93 1031/103
f 1031/103 1021/93 1022/94
f 1032/775 1014/769 444/776
f 444/776 1014/769 438/770
f 1025/110 1034/111 1026/307
f 1026/307 1034/111 1035/113
f 1024/772 1037/777 440/773
f 440/773 1037/777 447/778
f 1038/106 1030/102 1039/323
f 1039/323 1030/102 1031/103
f 1040/779 973/780 388/781
f 388/781 3567/780 974/782
f 1034/111 1041/122 1035/113
f 1035/113 1041/122 1042/123
f 1043/783 969/784 376/785
f 376/785 969/784 972/786
f 1045/787 1032/775 450/788
f 450/788 1032/775 444/776
f 973/789 1043/790 3570/791
f 974/791 1043/790 376/792
f 1046/108 1038/106 1047/341
f 1047/341 1038/106 1039/323
f 352/308 1049/793 353/309
f 1048/794 353/309 1049/793
f 1037/777 1050/795 447/778
f 447/778 1050/795 455/796
f 999/797 1040/798 984/799
f 984/799 1040/798 388/800
f 1041/122 1051/142 1042/123
f 1042/123 1051/142 1052/349
f 329/289 942/246 330/289
f 330/289 942/246 843/246
f 1048/794 1054/801 353/309
f 1053/802 353/309 1054/801
f 1055/803 1045/787 456/804
f 456/804 1045/787 450/788
f 166/42 631/517 42/42
f 42/42 631/517 257/54
f 1053/802 1057/805 353/309
f 1056/806 353/309 1057/805
f 1050/795 1058/807 455/796
f 455/796 1058/807 461/808
f 1051/142 1059/118 1052/349
f 1052/349 1059/118 1060/120
f 381/332 353/309 1061/809
f 353/309 1056/806 1061/809
f 1062/810 1055/803 466/811
f 466/811 1055/803 456/804
f 1063/133 1064/129 1066/132
f 1066/132 1064/129 1065/139
f 1058/807 1067/812 461/808
f 461/808 1067/812 474/813
f 380/331 1070/814 353/309
f 1069/815 353/309 1070/814
f 1059/118 1071/119 1060/120
f 1060/120 1071/119 1072/121
f 582/816 353/309 583/817
f 353/309 1069/815 583/817
f 1074/818 1062/810 481/819
f 481/819 1062/810 466/811
f 1075/820 353/309 584/821
f 353/309 582/816 584/821
f 1076/822 353/309 1077/823
f 353/309 1075/820 1077/823
f 1078/153 1063/133 1079/154
f 1079/154 1063/133 1066/132
f 1067/812 1080/824 474/813
f 474/813 1080/824 486/825
f 1071/119 1081/126 1072/121
f 1072/121 1081/126 1082/127
f 653/524 652/525 1086/826
f 652/525 1084/827 1086/826
f 1084/827 1085/828 1086/826
f 1080/824 1087/829 486/825
f 486/825 1087/829 491/830
f 1088/163 1078/153 1089/165
f 1089/165 1078/153 1079/154
f 1090/831 1091/832 496/682
f 496/682 1091/832 488/833
f 1092/834 1040/835 377/836
f 377/836 3568/835 388/837
f 1081/126 1093/135 1082/127
f 1082/127 1093/135 1094/136
f 1087/829 1095/838 491/830
f 491/830 1095/838 497/839
f 1043/840 1092/841 3569/842
f 376/842 1092/841 377/843
f 1096/844 1090/831 502/684
f 502/684 1090/831 496/682
f 1097/162 1088/163 1098/164
f 1098/164 1088/163 1089/165
f 1095/838 1099/845 497/839
f 497/839 1099/845 505/846
f 1100/847 1096/844 506/848
f 506/848 1096/844 502/684
f 1093/135 1101/137 1094/136
f 1094/136 1101/137 1102/138
f 1099/845 1103/849 505/846
f 505/846 1103/849 507/850
f 1104/851 1100/847 511/852
f 511/852 1100/847 506/848
f 1103/849 1105/853 507/850
f 507/850 1105/853 514/854
f 1106/179 1097/162 1107/180
f 1107/180 1097/162 1098/164
f 1108/855 1104/851 515/856
f 515/856 1104/851 511/852
f 1105/853 1109/857 514/854
f 514/854 1109/857 516/858
f 1111/859 1108/855 517/860
f 517/860 1108/855 515/856
f 1109/857 1111/859 516/858
f 516/858 1111/859 517/860
f 1101/137 1113/147 1102/138
f 1102/138 1113/147 1114/148
f 917/452 684/288 918/452
f 918/452 684/288 686/275
f 1115/209 1106/179 1116/210
f 1116/210 1106/179 1107/180
f 1113/147 1117/212 1114/148
f 1114/148 1117/212 1118/214
f 1119/861 1043/862 378/863
f 378/863 3572/862 376/864
f 1040/865 1123/866 3571/867
f 388/867 1123/866 389/868
f 1117/212 1124/213 1118/214
f 1118/214 1124/213 1125/215
f 1126/869 1127/870 391/871
f 391/871 1127/870 392/872
f 1129/156 1130/157 1132/158
f 1132/158 1130/157 1131/159
f 1127/873 1133/874 392/875
f 392/875 1133/874 414/876
f 1134/81 699/89 175/83
f 700/90 174/877 699/89
f 699/89 174/877 175/83
f 1124/213 1136/222 1125/215
f 1125/215 1136/222 1137/223
f 1138/80 1134/81 54/82
f 175/83 59/878 1134/81
f 1134/81 59/878 54/82
f 1139/160 1129/156 1140/161
f 1140/161 1129/156 1132/158
f 1136/222 1141/171 1137/223
f 1137/223 1141/171 1142/173
f 1143/879 1126/869 407/880
f 407/880 1126/869 391/871
f 1144/93 1138/80 211/94
f 54/82 68/881 1138/80
f 1138/80 68/881 211/94
f 1145/55 1139/167 1146/56
f 1146/56 1139/167 1140/168
f 1147/882 1143/879 409/883
f 409/883 1143/879 407/880
f 1141/171 1148/172 1142/173
f 1142/173 1148/172 1149/174
f 1150/884 1147/882 411/885
f 411/885 1147/882 409/883
f 1151/59 1145/55 1152/58
f 1152/58 1145/55 1146/56
f 1153/102 1144/93 214/103
f 211/94 210/886 1144/93
f 1144/93 210/886 214/103
f 1248/219 1155/887 1154/52
f 1195/888 1013/41 1155/887
f 1013/41 1154/52 1155/887
f 1156/889 1150/884 413/890
f 413/890 1150/884 411/885
f 1157/499 330/170 686/275
f 686/275 330/170 918/452
f 1158/184 1151/59 1159/185
f 1159/185 1151/59 1152/58
f 1160/891 1156/889 420/892
f 420/892 1156/889 413/890
f 1133/893 1161/894 414/895
f 414/895 1161/894 454/896
f 1162/177 1163/188 1165/178
f 1165/178 1163/188 1164/189
f 1166/106 1153/102 218/323
f 214/103 213/897 1153/102
f 1153/102 213/897 218/323
f 1167/898 1160/891 426/899
f 426/899 1160/891 420/892
f 1168/190 1158/184 1169/191
f 1169/191 1158/184 1159/185
f 1163/188 1170/192 1164/189
f 1164/189 1170/192 1171/193
f 1172/194 1168/190 1173/195
f 1173/195 1168/190 1169/191
f 1174/900 1167/898 428/901
f 428/901 1167/898 426/899
f 1170/192 1175/196 1171/193
f 1171/193 1175/196 1176/197
f 1177/513 1178/514 829/275
f 829/275 1178/514 826/249
f 1179/38 1172/194 1180/206
f 1180/206 1172/194 1173/195
f 1161/894 1181/902 454/896
f 454/896 1181/902 462/903
f 1175/196 1182/207 1176/197
f 1176/197 1182/207 1183/208
f 1184/36 1179/38 1185/35
f 1185/35 1179/38 1180/206
f 1186/904 1174/900 430/905
f 430/905 1174/900 428/901
f 1182/207 1184/36 1183/208
f 1183/208 1184/36 1185/35
f 1181/902 1188/906 462/903
f 462/903 1188/906 463/907
f 1188/906 1189/908 463/907
f 463/907 1189/908 464/909
f 1189/908 1190/910 464/909
f 464/909 1190/910 467/911
f 1191/912 1186/904 431/913
f 431/913 1186/904 430/905
f 1190/910 1192/914 467/911
f 467/911 1192/914 468/915
f 987/73 283/73 1194/1
f 1194/1 283/73 546/1
f 1192/914 1196/916 468/915
f 468/915 1196/916 473/917
f 1197/918 1191/912 435/919
f 435/919 1191/912 431/913
f 1198/920 1119/921 451/922
f 451/922 1119/921 378/923
f 1196/916 1200/924 473/917
f 473/917 1200/924 477/925
f 1200/924 1201/926 477/925
f 477/925 1201/926 478/927
f 1202/928 1197/918 439/929
f 439/929 1197/918 435/919
f 1201/926 1203/930 478/927
f 478/927 1203/930 482/931
f 1444/142 1205/143 1204/932
f 1206/123 1437/122 1205/143
f 1204/932 1205/143 1437/122
f 1203/930 1207/933 482/931
f 482/931 1207/933 483/934
f 1209/935 1202/928 443/936
f 443/936 1202/928 439/929
f 1207/933 1210/937 483/934
f 483/934 1210/937 485/938
f 1211/129 1212/108 222/139
f 220/341 219/939 1212/108
f 1212/108 219/939 222/139
f 1086/826 1085/828 310/940
f 310/940 1085/828 129/941
f 1085/828 127/942 129/941
f 1210/937 1213/943 485/938
f 485/938 1213/943 487/944
f 1213/945 1209/946 487/947
f 487/947 1209/946 443/948
f 913/275 1215/513 829/275
f 829/275 1215/513 1177/513
f 1216/514 825/249 1178/514
f 1178/514 825/249 826/249
f 1044/768 1219/949 1503/768
f 1503/768 1219/949 1416/950
f 1219/949 1220/949 1416/950
f 1222/951 194/952 1223/953
f 1223/953 194/952 654/954
f 1224/133 1211/129 226/132
f 222/139 221/955 1211/129
f 1211/129 221/955 226/132
f 1228/153 1226/154 1472/163
f 1226/154 1227/956 1472/163
f 1227/956 1230/957 1472/163
f 1234/3 683/3 1235/958
f 553/212 1236/959 554/214
f 585/213 588/215 1236/959
f 1236/959 588/215 554/214
f 1123/960 1247/961 389/962
f 389/962 1247/961 510/963
f 1247/964 1198/920 510/965
f 510/965 1198/920 451/922
f 1249/966 1154/52 1250/967
f 1251/163 1252/153 239/165
f 235/154 234/968 1252/153
f 1252/153 234/968 239/165
f 1253/89 1254/67 1256/90
f 1256/90 1254/67 1255/69
f 1257/499 328/169 1157/499
f 1157/499 328/169 330/170
f 1260/969 1258/279 1259/970
f 1259/970 1258/279 1424/309
f 1261/81 1253/89 1262/83
f 1262/83 1253/89 1256/90
f 1263/47 1264/45 1266/46
f 1266/46 1264/45 1265/43
f 1267/80 1261/81 1268/82
f 1268/82 1261/81 1262/83
f 1269/971 1154/52 1270/972
f 1271/973 1272/974 1273/975
f 1273/975 1272/974 1274/976
f 1273/975 1274/976 1275/977
f 1276/978 1277/979 1271/973
f 1271/973 1277/979 1272/974
f 1278/980 1275/977 1283/981
f 1283/981 1275/977 1274/976
f 1264/45 1279/98 1265/43
f 1265/43 1279/98 1280/99
f 1281/982 1282/983 1276/978
f 1276/978 1282/983 1277/979
f 1284/984 1278/980 1290/985
f 1290/985 1278/980 1283/981
f 1543/55 1286/56 1285/986
f 1286/56 1287/58 1285/986
f 1285/986 1287/58 1547/59
f 1288/987 1289/988 1281/982
f 1281/982 1289/988 1282/983
f 1284/984 1290/985 1291/989
f 1291/989 1290/985 1292/990
f 1291/989 1292/990 1293/991
f 1293/991 1292/990 1300/992
f 1294/993 1295/994 1288/987
f 1288/987 1295/994 1289/988
f 1279/98 1296/110 1280/99
f 1280/99 1296/110 1297/307
f 1298/995 1154/52 1299/996
f 1293/991 1300/992 1301/997
f 1301/997 1300/992 1308/998
f 1302/999 1303/1000 1294/993
f 1294/993 1303/1000 1295/994
f 1304/102 1305/93 1307/103
f 1307/103 1305/93 1306/94
f 1301/997 1308/998 1309/1001
f 1309/1001 1308/998 1312/1002
f 1310/1003 1311/1004 1302/999
f 1302/999 1311/1004 1303/1000
f 1313/1005 1309/1001 1318/1006
f 1318/1006 1309/1001 1312/1002
f 1314/1007 1315/1008 1310/1003
f 1310/1003 1315/1008 1311/1004
f 1316/106 1304/102 1317/323
f 1317/323 1304/102 1307/103
f 1319/1009 1313/1005 1324/1010
f 1324/1010 1313/1005 1318/1006
f 1320/179 1321/162 532/180
f 241/1011 240/1012 1321/162
f 1321/162 240/1012 532/180
f 1322/1013 1323/1014 1314/1007
f 1314/1007 1323/1014 1315/1008
f 1325/1015 1319/1009 1332/1016
f 1332/1016 1319/1009 1324/1010
f 1326/108 1316/106 1327/341
f 1327/341 1316/106 1317/323
f 1328/1017 1329/116 1330/1018
f 1330/1018 1329/116 1331/1019
f 1333/1020 1325/1015 1337/1021
f 1337/1021 1325/1015 1332/1016
f 784/137 813/147 785/138
f 816/148 1334/1022 813/147
f 813/147 1334/1022 785/138
f 1322/1013 1335/1023 1342/1024
f 1342/1024 1335/1023 1336/1025
f 1338/1026 1333/1020 1345/1027
f 1345/1027 1333/1020 1337/1021
f 1339/1028 421/116 1717/1028
f 1717/1028 421/116 1199/116
f 1340/129 1326/108 1341/139
f 1341/139 1326/108 1327/341
f 1342/1024 1323/1014 1322/1013
f 1335/1023 1343/1029 1336/1025
f 1336/1025 1343/1029 1344/1030
f 1338/1026 1345/1027 1346/1031
f 1346/1031 1345/1027 1351/1032
f 1347/169 1348/170 1349/170
f 1350/209 1320/179 263/210
f 532/180 262/1033 1320/179
f 1320/179 262/1033 263/210
f 1346/1031 1351/1032 1352/1034
f 1353/1035 1354/1036 1343/1029
f 1343/1029 1354/1036 1344/1030
f 1355/1037 1356/1038 1358/508
f 1358/508 1356/1038 1357/509
f 1359/133 1340/129 1360/132
f 1360/132 1340/129 1341/139
f 1361/1039 1352/1034 1362/1040
f 1362/1040 1352/1034 1351/1032
f 1363/1041 1364/1042 1353/1035
f 1353/1035 1364/1042 1354/1036
f 1362/1040 1365/1043 1361/1039
f 1361/1039 1365/1043 1366/1044
f 1367/153 1359/133 1368/154
f 1368/154 1359/133 1360/132
f 1365/1043 1369/1045 1366/1044
f 1366/1044 1369/1045 1370/1046
f 1187/733 980/621 1371/621
f 1372/1047 1373/1048 1363/1041
f 1363/1041 1373/1048 1364/1042
f 1369/1045 1374/1049 1370/1046
f 1370/1046 1374/1049 1375/1050
f 1376/1051 1377/1052 1372/1047
f 1372/1047 1377/1052 1373/1048
f 1374/1049 1378/1053 1375/1050
f 1375/1050 1378/1053 1379/1054
f 1378/1053 1381/1055 1379/1054
f 854/156 1382/157 855/158
f 265/159 264/1056 1382/157
f 1382/157 264/1056 855/158
f 1383/1057 1384/1058 1376/1051
f 1376/1051 1384/1058 1377/1052
f 1385/1059 1386/1060 1381/1055
f 1381/1055 1386/1060 1379/1054
f 1387/1061 1388/1062 1383/1057
f 1383/1057 1388/1062 1384/1058
f 1389/67 708/68 1390/69
f 1390/69 708/68 500/70
f 1391/1063 1392/1064 1385/1059
f 1385/1059 1392/1064 1386/1060
f 1393/89 1389/67 1394/90
f 1394/90 1389/67 1390/69
f 498/86 1395/47 501/87
f 501/87 1395/47 1396/46
f 1397/81 1393/89 1398/83
f 1398/83 1393/89 1394/90
f 1395/47 1399/45 1396/46
f 1396/46 1399/45 1400/43
f 1401/1065 1402/1066 1391/1063
f 1391/1063 1402/1066 1392/1064
f 1403/80 1397/81 1404/82
f 1404/82 1397/81 1398/83
f 1405/1067 1388/1062 1387/1061
f 1399/45 1406/98 1400/43
f 1400/43 1406/98 1407/99
f 1408/1068 1405/1067 1387/1061
f 1409/93 1403/80 1410/94
f 1410/94 1403/80 1404/82
f 1411/1069 1412/1070 1401/1065
f 1401/1065 1412/1070 1402/1066
f 1413/1071 1408/1068 1387/1061
f 1406/98 1414/110 1407/99
f 1407/99 1414/110 1415/307
f 1417/1072 1413/1071 1387/1061
f 1418/1073 1417/1072 1387/1061
f 1419/102 1409/93 1420/103
f 1420/103 1409/93 1410/94
f 1421/1074 1422/1075 1411/1069
f 1411/1069 1422/1075 1412/1070
f 1423/1076 1418/1073 1387/1061
f 1426/1077 1427/1078 191/41
f 1425/1079 191/41 1427/1078
f 1428/1080 1423/1076 1387/1061
f 1414/110 1429/111 1415/307
f 1415/307 1429/111 1430/113
f 1431/1081 1428/1080 1387/1061
f 1194/1 546/1 1433/3
f 1433/3 546/1 1432/3
f 1434/1082 1431/1081 1387/1061
f 1387/1061 1435/1083 1473/1084
f 1473/1084 1435/1083 1436/1085
f 1438/1086 1439/1087 1421/1074
f 1421/1074 1439/1087 1422/1075
f 1440/1088 1434/1082 1387/1061
f 1441/106 1419/102 1442/323
f 1442/323 1419/102 1420/103
f 1387/1061 1466/1089 1440/1088
f 1443/1090 1440/1088 1466/1089
f 1445/1091 1436/1085 1435/1083
f 1429/111 1446/122 1430/113
f 1430/113 1446/122 1447/123
f 1438/1086 1448/1092 1439/1087
f 1439/1087 1448/1092 1449/1093
f 1445/1091 1450/1094 1436/1085
f 1436/1085 1450/1094 1451/1095
f 1452/108 1441/106 1453/341
f 1453/341 1441/106 1442/323
f 333/59 866/55 247/58
f 867/56 1454/1096 866/55
f 866/55 1454/1096 247/58
f 1455/212 1456/213 1458/214
f 1458/214 1456/213 1457/215
f 1459/1097 1451/1095 1450/1094
f 1448/1092 1460/1098 1449/1093
f 1449/1093 1460/1098 1461/1099
f 1446/122 1462/142 1447/123
f 1447/123 1462/142 1463/349
f 1460/1098 1464/1100 1461/1099
f 1465/1101 1451/1095 1459/1097
f 726/129 1452/108 558/130
f 558/130 1452/108 1453/341
f 1467/1102 1451/1095 1465/1101
f 1468/1103 1469/1104 1464/1100
f 1464/1100 1469/1104 1461/1099
f 1462/142 1470/118 1463/349
f 1463/349 1470/118 1471/120
f 1474/1105 1451/1095 1467/1102
f 1475/1106 1476/1107 1468/1103
f 1468/1103 1476/1107 1469/1104
f 1473/1084 1477/1108 1387/1061
f 1478/1109 1479/1110 1475/1106
f 1475/1106 1479/1110 1476/1107
f 1480/1111 1451/1095 1474/1105
f 1477/1108 1481/1112 1387/1061
f 657/526 1483/1113 658/1
f 1482/1114 658/1 1483/1113
f 1481/1112 1484/1115 1387/1061
f 1485/1116 1486/1117 1478/1109
f 1478/1109 1486/1117 1479/1110
f 1484/1115 1487/1118 1387/1061
f 1487/1118 1488/1119 1387/1061
f 1489/1120 1466/1089 1387/1061
f 1488/1119 1489/1120 1387/1061
f 1470/118 1490/119 1471/120
f 1471/120 1490/119 1491/121
f 1492/1121 1451/1095 1480/1111
f 1493/1122 658/1 1494/1123
f 658/1 1482/1114 1494/1123
f 1443/1090 1466/1089 1495/1124
f 1495/1124 1466/1089 1502/1125
f 1496/1126 1497/1127 1485/1116
f 1485/1116 1497/1127 1486/1117
f 1498/55 1499/167 1501/56
f 1501/56 1499/167 1500/168
f 1502/1125 1466/1089 1504/1128
f 1505/1129 1506/1130 1496/1126
f 1496/1126 1506/1130 1497/1127
f 1504/1128 1466/1089 1507/1131
f 1508/1132 1451/1095 1492/1121
f 1507/1131 1466/1089 1509/1133
f 1510/1134 1466/1089 1505/1129
f 1505/1129 1466/1089 1506/1130
f 1509/1133 1466/1089 1511/1135
f 1512/1136 1466/1089 1510/1134
f 1511/1135 1466/1089 1513/1137
f 1513/1137 1466/1089 1512/1136
f 1514/153 727/133 1515/154
f 1515/154 727/133 559/132
f 1516/1138 1451/1095 1508/1132
f 1517/59 1498/55 1518/58
f 1518/58 1498/55 1501/56
f 1490/119 1519/126 1491/121
f 1491/121 1519/126 1520/127
f 1521/293 309/293 714/280
f 714/280 309/293 288/280
f 1525/163 1514/153 1526/165
f 1526/165 1514/153 1515/154
f 1527/184 1517/59 1528/185
f 1528/185 1517/59 1518/58
f 1519/126 1529/135 1520/127
f 1520/127 1529/135 1530/136
f 1531/190 1527/184 1532/191
f 1532/191 1527/184 1528/185
f 1177/644 1533/246 1178/645
f 1178/645 1533/246 739/577
f 1534/194 1531/190 1535/195
f 1535/195 1531/190 1532/191
f 1536/162 1525/163 1537/164
f 1537/164 1525/163 1526/165
f 1215/644 1538/246 1177/644
f 1177/644 1538/246 1533/246
f 1539/38 1534/194 1540/206
f 1540/206 1534/194 1535/195
f 1529/135 1541/137 1530/136
f 1530/136 1541/137 1542/138
f 1544/1139 307/52 1546/1140
f 307/52 1545/1141 1546/1140
f 1545/1141 307/52 1549/1142
f 307/52 1548/1143 1549/1142
f 1550/179 1536/162 1551/180
f 1551/180 1536/162 1537/164
f 1548/1143 307/52 1553/1144
f 307/52 1552/1145 1553/1144
f 1541/137 1554/147 1542/138
f 1542/138 1554/147 1555/148
f 1556/24 1016/24 1355/1146
f 1355/1146 1016/24 1356/1146
f 677/543 1557/1147 307/52
f 1552/1145 307/52 1557/1147
f 1558/268 272/268 260/267
f 260/267 272/268 113/267
f 1559/209 1550/179 1560/210
f 1560/210 1550/179 1551/180
f 1554/147 1561/212 1555/148
f 1555/148 1561/212 1562/214
f 857/279 1563/1148 304/279
f 304/279 1563/1148 258/252
f 678/544 307/52 1565/1149
f 307/52 1564/1150 1565/1149
f 1566/157 1559/209 1567/159
f 1567/159 1559/209 1560/210
f 1568/1151 1569/1152 307/52
f 1564/1150 307/52 1569/1152
f 1538/275 1257/688 1533/275
f 1533/275 1257/688 1157/689
f 1570/156 1566/157 1571/158
f 1571/158 1566/157 1567/159
f 687/552 1572/1153 307/52
f 1568/1151 307/52 1572/1153
f 738/577 1216/645 739/577
f 739/577 1216/645 1178/645
f 1573/213 1574/222 1576/215
f 1576/215 1574/222 1575/223
f 1577/52 1154/52 1578/1154
f 1579/1155 1580/1155 1581/252
f 1581/252 1580/1155 258/252
f 1582/160 1570/156 1583/161
f 1583/161 1570/156 1571/158
f 1157/689 686/694 1533/275
f 1533/275 686/694 739/577
f 1584/1156 1585/1157 307/52
f 688/553 307/52 1585/1157
f 1574/222 1586/171 1575/223
f 1575/223 1586/171 1587/173
f 1590/179 1588/180 1598/209
f 1588/180 1589/1158 1598/209
f 1589/1158 1591/210 1598/209
f 1592/55 1582/167 1593/56
f 1593/56 1582/167 1583/168
f 690/554 1594/1159 307/52
f 1584/1156 307/52 1594/1159
f 882/640 1595/1160 883/639
f 1595/1160 1596/1161 883/639
f 883/639 1596/1161 1597/1162
f 1598/209 1591/210 1730/157
f 1591/210 1328/1163 1730/157
f 1328/1163 1330/1164 1730/157
f 1601/159 1730/157 1331/1165
f 1330/1164 1331/1165 1730/157
f 1586/171 1599/172 1587/173
f 1587/173 1599/172 1600/174
f 1602/59 1592/55 1603/58
f 1603/58 1592/55 1593/56
f 1599/172 1604/177 1600/174
f 1600/174 1604/177 1605/178
f 1606/184 1602/59 1607/185
f 1607/185 1602/59 1603/58
f 717/563 1608/1166 683/3
f 722/565 683/3 1608/1166
f 1604/177 1609/188 1605/178
f 1605/178 1609/188 1610/189
f 1611/190 1606/184 1612/191
f 1612/191 1606/184 1607/185
f 1609/188 1613/192 1610/189
f 1610/189 1613/192 1614/193
f 1615/826 1616/828 1579/1167
f 1579/1167 1616/828 1580/1168
f 1617/194 1611/190 1618/195
f 1618/195 1611/190 1612/191
f 721/564 1620/1169 683/3
f 1619/1170 683/3 1620/1169
f 1613/192 1621/196 1614/193
f 1614/193 1621/196 1622/197
f 1623/38 1617/194 1624/206
f 1624/206 1617/194 1618/195
f 1625/370 1626/317 1627/379
f 1627/379 1626/317 1628/386
f 1621/196 1629/207 1622/197
f 1622/197 1629/207 1630/208
f 1631/366 1626/317 1625/370
f 1628/386 1626/317 1632/390
f 1629/207 1633/36 1630/208
f 1630/208 1633/36 1634/35
f 1635/355 1626/317 1631/366
f 1632/390 1626/317 1636/396
f 1619/1170 908/1171 683/3
f 725/567 683/3 908/1171
f 1637/351 1626/317 1635/355
f 1636/396 1626/317 1638/404
f 1639/344 1626/317 1637/351
f 1638/404 1626/317 1640/415
f 1641/1172 1642/1173 884/637
f 885/638 884/637 1643/1174
f 1642/1173 1643/1174 884/637
f 1644/340 1626/317 1639/344
f 1640/415 1626/317 1645/422
f 1646/336 1626/317 1644/340
f 978/528 977/542 650/524
f 977/542 183/1175 650/524
f 651/525 650/524 184/1176
f 183/1175 184/1176 650/524
f 1645/422 1626/317 1647/428
f 1648/330 1626/317 1646/336
f 724/566 914/1177 683/3
f 1649/1178 683/3 914/1177
f 1193/41 552/65 1650/52
f 1650/52 552/65 1659/1179
f 1647/428 1626/317 1651/431
f 1652/1180 1653/1181 1641/1172
f 1653/1181 1654/1182 1641/1172
f 1654/1182 1642/1173 1641/1172
f 1655/288 1656/275 1657/275
f 1658/325 1626/317 1648/330
f 1651/431 1626/317 1660/433
f 1661/322 1626/317 1658/325
f 1649/1178 1663/1183 683/3
f 1662/1184 683/3 1663/1183
f 1664/1185 1665/688 1666/689
f 1660/433 1626/317 1667/437
f 904/649 529/650 1652/1180
f 529/650 528/1186 1652/1180
f 528/1186 1653/1181 1652/1180
f 685/771 737/576 686/694
f 686/694 737/576 739/577
f 1668/320 1626/317 1661/322
f 1669/1187 1670/1188 932/1189
f 1670/1188 933/1190 932/1189
f 1667/437 1626/317 1671/441
f 1672/116 1329/116 1673/255
f 1674/318 1626/317 1668/320
f 1671/441 1626/317 1675/443
f 1676/1191 936/1192 1670/1188
f 933/1190 1670/1188 936/1192
f 1677/316 1626/317 1674/318
f 1675/443 1626/317 1678/442
f 1679/1193 1680/1194 905/647
f 1680/1194 535/1195 905/647
f 535/1195 531/648 905/647
f 1681/319 1626/317 1677/316
f 1678/442 1626/317 1682/440
f 1416/950 1220/949 1683/949
f 1684/321 1626/317 1681/319
f 995/86 1005/47 996/87
f 1008/46 1685/1196 1005/47
f 1005/47 1685/1196 996/87
f 919/656 1686/1197 920/655
f 920/655 1686/1197 1679/1193
f 1686/1197 1680/1194 1679/1193
f 1682/440 1626/317 1687/434
f 1688/528 1689/542 1691/524
f 1691/524 1689/542 1690/525
f 1692/324 1626/317 1684/321
f 1743/1198 1524/1199 1693/279
f 1522/1200 1523/969 1524/1199
f 1329/1201 1693/279 1523/969
f 1524/1199 1523/969 1693/279
f 1687/434 1626/317 1694/432
f 1695/326 1626/317 1692/324
f 1694/432 1626/317 1696/429
f 1697/335 1626/317 1695/326
f 1696/429 1626/317 1698/423
f 390/703 384/687 954/701
f 954/701 384/687 1699/1202
f 384/687 945/686 1699/1202
f 1700/337 1626/317 1697/335
f 1698/423 1626/317 1701/420
f 1702/343 1626/317 1700/337
f 1701/420 1626/317 1703/410
f 1704/348 1626/317 1702/343
f 1703/410 1626/317 1705/399
f 1706/353 1626/317 1704/348
f 1705/399 1626/317 1707/395
f 1708/357 1626/317 1706/353
f 1707/395 1626/317 1709/389
f 1710/368 1626/317 1708/357
f 1709/389 1626/317 1711/381
f 1712/373 1626/317 1710/368
f 1711/381 1626/317 1712/373
f 746/584 745/583 1713/1203
f 745/583 747/585 1713/1203
f 748/586 745/583 1715/1204
f 745/583 1714/1205 1715/1204
f 1714/1205 745/583 1716/1206
f 745/583 751/587 1716/1206
f 752/588 745/583 1718/1207
f 745/583 753/622 1718/1207
f 1719/60 660/60 1720/50
f 1720/50 660/60 1015/50
f 472/41 191/41 1722/1208
f 1722/1208 191/41 1721/1208
f 1433/3 1432/3 1724/60
f 1724/60 1432/3 1723/60
f 1725/116 1650/52 1659/1179
f 812/613 1726/1209 809/611
f 820/616 809/611 1726/1209
f 1563/1148 1727/1210 258/252
f 258/252 1727/1210 1581/252
f 819/615 1729/1211 809/611
f 1728/1212 809/611 1729/1211
f 1728/1212 949/1213 809/611
f 824/618 809/611 949/1213
f 823/617 951/1214 809/611
f 1731/1215 809/611 951/1214
f 1731/1215 1733/1216 809/611
f 1732/1217 809/611 1733/1216
f 1212/108 1166/106 220/341
f 218/323 71/1218 1166/106
f 220/341 1166/106 72/1219
f 1166/106 71/1218 72/1219
f 831/620 421/116 956/1220
f 421/116 957/1221 956/1220
f 1732/1217 1738/1222 809/611
f 1737/1223 809/611 1738/1222
f 840/628 809/611 959/1224
f 809/611 1737/1223 959/1224
f 839/627 961/1225 809/611
f 835/624 809/611 961/1225
f 963/1226 962/1227 421/116
f 957/1221 421/116 962/1227
f 1234/551 484/418 683/551
f 683/551 484/418 128/54
f 1739/1228 966/1229 421/116
f 963/1226 421/116 966/1229
f 846/629 1740/1230 421/116
f 1739/1228 421/116 1740/1230
f 1454/1231 867/1232 193/204
f 867/1232 856/1233 193/204
f 113/116 193/204 264/258
f 264/258 193/204 855/1234
f 193/204 856/1233 855/1234
f 1259/970 1424/309 1764/970
f 1764/970 1424/309 1741/309
f 1742/309 858/631 353/309
f 353/309 858/631 304/279
f 1744/1235 1650/52 1745/1236
f 1746/1237 1650/52 1747/1238
f 1252/153 1224/133 235/154
f 226/132 93/1239 1224/133
f 235/154 1224/133 94/1240
f 1224/133 93/1239 94/1240
f 1130/157 1115/209 1131/159
f 1116/210 1748/1241 1115/209
f 1115/209 1748/1241 1131/159
f 1749/1242 1650/52 1750/1243
f 1722/1244 1721/1245 1752/462
f 1752/462 1721/1245 1751/463
f 1753/1246 1650/52 1754/1247
f 756/1248 755/1249 776/770
f 776/770 755/1249 774/749
f 757/1250 756/1248 777/776
f 777/776 756/1248 776/770
f 755/1249 758/1251 774/749
f 774/749 758/1251 778/737
f 759/1252 757/1250 779/788
f 779/788 757/1250 777/776
f 758/1251 760/1253 778/737
f 778/737 760/1253 780/732
f 761/1254 759/1252 781/804
f 781/804 759/1252 779/788
f 760/1253 762/1255 780/732
f 780/732 762/1255 783/716
f 481/819 488/833 1074/818
f 1074/818 488/833 1755/1256
f 488/833 1091/832 1755/1256
f 763/1257 761/1254 786/811
f 786/811 761/1254 781/804
f 762/1255 764/1258 783/716
f 783/716 764/1258 787/707
f 1864/969 1833/1259 1904/309
f 1904/309 1833/1259 1693/279
f 1833/1259 1736/1259 1693/279
f 1734/1259 1735/1198 1736/1259
f 1743/1198 1693/279 1735/1198
f 1736/1259 1735/1198 1693/279
f 1756/1260 1725/116 1757/1261
f 765/1262 763/1257 788/819
f 788/819 763/1257 786/811
f 1758/1263 1725/116 1759/1264
f 1759/1264 1725/116 1760/1265
f 764/1258 768/1266 787/707
f 787/707 768/1266 790/693
f 769/1267 765/1262 792/833
f 792/833 765/1262 788/819
f 768/1266 770/1268 790/693
f 790/693 770/1268 793/691
f 1321/162 1251/163 241/1011
f 239/165 101/1269 1251/163
f 241/1011 1251/163 102/1270
f 1251/163 101/1269 102/1270
f 353/309 1076/822 718/1271
f 1076/822 1761/1272 718/1271
f 718/1271 1761/1272 1762/1273
f 771/681 769/1267 794/682
f 794/682 769/1267 792/833
f 770/1268 773/1274 793/691
f 793/691 773/1274 796/680
f 988/1275 872/685 799/848
f 799/848 872/685 797/684
f 1000/1276 1009/1277 798/675
f 798/675 1009/1277 804/670
f 990/1278 988/1275 807/852
f 807/852 988/1275 799/848
f 1358/508 1357/509 975/528
f 1357/509 1763/1279 975/528
f 1763/1279 976/542 975/528
f 1009/1277 1017/1280 804/670
f 804/670 1017/1280 811/666
f 1004/1281 990/1278 817/856
f 817/856 990/1278 807/852
f 1017/1280 1023/1282 811/666
f 811/666 1023/1282 821/661
f 1012/1283 1004/1281 822/860
f 822/860 1004/1281 817/856
f 1023/1282 1029/1284 821/661
f 821/661 1029/1284 827/662
f 1020/1285 1012/1283 832/858
f 832/858 1012/1283 822/860
f 1029/1284 1208/1286 827/662
f 827/662 1208/1286 836/664
f 1765/67 1766/68 1768/69
f 1768/69 1766/68 1767/70
f 1766/68 1769/86 1767/70
f 1767/70 1769/86 1770/87
f 1771/89 1765/67 1772/90
f 1772/90 1765/67 1768/69
f 1382/157 1350/209 265/159
f 263/210 112/1287 1350/209
f 265/159 1350/209 114/1288
f 1350/209 112/1287 114/1288
f 1769/86 1773/47 1770/87
f 1770/87 1773/47 1774/46
f 1775/953 1776/954 1777/1289
f 1776/954 728/1290 1777/1289
f 728/1290 269/1291 1777/1289
f 1778/81 1771/89 1779/83
f 1779/83 1771/89 1772/90
f 1027/1292 1020/1285 841/854
f 841/854 1020/1285 832/858
f 1780/80 1778/81 1781/82
f 1781/82 1778/81 1779/83
f 1208/1286 1214/1293 836/664
f 836/664 1214/1293 842/668
f 1782/93 1780/80 1783/94
f 1783/94 1780/80 1781/82
f 1033/1294 1027/1292 844/850
f 844/850 1027/1292 841/854
f 1784/102 1782/93 1785/103
f 1785/103 1782/93 1783/94
f 1214/1293 1217/1295 842/668
f 842/668 1217/1295 845/672
f 1786/110 1787/111 1789/307
f 1789/307 1787/111 1788/113
f 1036/1296 1033/1294 850/846
f 850/846 1033/1294 844/850
f 1790/106 1784/102 1791/323
f 1791/323 1784/102 1785/103
f 1787/111 1792/122 1788/113
f 1788/113 1792/122 1793/123
f 1217/1295 1218/1297 845/672
f 845/672 1218/1297 851/677
f 1794/108 1790/106 1795/341
f 1795/341 1790/106 1791/323
f 1221/1298 1036/1296 852/839
f 852/839 1036/1296 850/846
f 1792/122 1796/142 1793/123
f 1793/123 1796/142 1797/349
f 1798/67 1799/68 1801/69
f 1801/69 1799/68 1800/70
f 1799/68 1802/86 1800/70
f 1800/70 1802/86 1803/87
f 1218/1297 1225/1299 851/677
f 851/677 1225/1299 859/687
f 1804/89 1798/67 1805/90
f 1805/90 1798/67 1801/69
f 1802/86 1806/47 1803/87
f 1803/87 1806/47 1807/46
f 1229/1300 1221/1298 860/830
f 860/830 1221/1298 852/839
f 1806/47 1808/45 1807/46
f 1807/46 1808/45 1809/43
f 1064/129 1810/1301 1065/139
f 1046/108 1047/341 1810/1301
f 1810/1301 1047/341 1065/139
f 1225/1299 1231/1302 859/687
f 859/687 1231/1302 863/703
f 1808/45 1068/98 1809/43
f 1809/43 1068/98 888/99
f 1232/1303 1229/1300 864/825
f 864/825 1229/1300 860/830
f 1811/133 1812/129 1814/132
f 1814/132 1812/129 1813/139
f 1231/1302 1233/1304 863/703
f 863/703 1233/1304 865/704
f 1237/1305 1232/1303 868/813
f 868/813 1232/1303 864/825
f 1073/110 1815/111 887/112
f 887/112 1815/111 1816/113
f 1233/1306 1238/1307 865/713
f 865/713 1238/1307 869/714
f 1817/153 1811/133 1818/154
f 1818/154 1811/133 1814/132
f 1239/1308 1237/1305 870/808
f 870/808 1237/1305 868/813
f 1238/1307 1240/1309 869/714
f 869/714 1240/1309 871/718
f 1815/111 1819/122 1816/113
f 1816/113 1819/122 1820/123
f 1241/1310 1239/1308 876/796
f 876/796 1239/1308 870/808
f 1240/1309 1242/1311 871/718
f 871/718 1242/1311 877/735
f 1821/163 1817/153 1822/165
f 1822/165 1817/153 1818/154
f 1243/1312 1241/1310 878/778
f 878/778 1241/1310 876/796
f 1242/1311 1244/1313 877/735
f 877/735 1244/1313 879/743
f 1245/1314 1243/1312 880/773
f 880/773 1243/1312 878/778
f 1819/122 1823/142 1820/123
f 1820/123 1823/142 1824/349
f 1244/1313 1246/1315 879/743
f 879/743 1246/1315 881/767
f 1246/1315 1245/1314 881/767
f 881/767 1245/1314 880/773
f 542/1316 1825/1317 543/1318
f 543/1318 1825/1317 1828/1319
f 1826/952 1827/951 1825/1317
f 1825/1317 1827/951 1828/1319
f 1254/67 662/68 1255/69
f 398/70 729/1320 662/68
f 662/68 729/1320 1255/69
f 1829/162 1821/163 1830/164
f 1830/164 1821/163 1822/165
f 396/86 1263/47 400/87
f 1266/46 730/1321 1263/47
f 1263/47 730/1321 400/87
f 1823/142 1831/118 1824/349
f 1824/349 1831/118 1832/120
f 1834/179 1829/162 1835/180
f 1835/180 1829/162 1830/164
f 1831/118 1836/119 1832/120
f 1832/120 1836/119 1837/121
f 1838/209 1834/179 1839/210
f 1839/210 1834/179 1835/180
f 1836/119 1840/126 1837/121
f 1837/121 1840/126 1841/127
f 1842/147 1843/212 1845/1322
f 1845/1322 1843/212 1844/214
f 1840/126 1110/135 1841/127
f 1841/127 1110/135 941/136
f 1843/212 1846/213 1844/214
f 1844/214 1846/213 1847/215
f 1846/213 1848/222 1847/215
f 1847/215 1848/222 1849/1323
f 939/137 1850/147 940/678
f 940/678 1850/147 1851/148
f 1852/55 1853/167 1855/56
f 1855/56 1853/167 1854/168
f 1856/209 1857/179 1859/210
f 1859/210 1857/179 1858/1324
f 1850/147 1860/212 1851/148
f 1851/148 1860/212 1861/214
f 1122/157 1856/209 952/159
f 952/159 1856/209 1859/210
f 1862/142 1863/118 806/349
f 818/120 805/1325 1863/118
f 1863/118 805/1325 806/349
f 1864/969 1259/970 2129/969
f 2129/969 1259/970 1764/970
f 1860/212 1865/213 1861/214
f 1861/214 1865/213 1866/215
f 1865/213 1867/222 1866/215
f 1866/215 1867/222 1868/223
f 1867/222 1869/171 1868/223
f 1868/223 1869/171 1870/173
f 1869/171 1871/172 1870/173
f 1870/173 1871/172 1872/174
f 1873/119 1874/126 838/121
f 1875/1326 837/1327 1874/126
f 1874/126 837/1327 838/121
f 1871/172 1876/177 1872/174
f 1872/174 1876/177 1877/178
f 1878/163 1367/153 1595/165
f 1368/154 1596/1328 1367/153
f 1367/153 1596/1328 1595/165
f 1876/177 1879/188 1877/178
f 1877/178 1879/188 1880/189
f 1881/190 1882/184 1884/191
f 1884/191 1882/184 1883/185
f 1874/126 1885/135 1875/1326
f 892/136 891/1329 1885/135
f 1885/135 891/1329 1875/1326
f 1879/188 1886/192 1880/189
f 1880/189 1886/192 1887/193
f 1777/1289 269/1291 1521/1330
f 1521/1330 269/1291 309/1331
f 269/1291 308/1332 309/1331
f 1886/192 1888/196 1887/193
f 1887/193 1888/196 1889/197
f 1890/38 1891/194 1893/206
f 1893/206 1891/194 1892/195
f 1888/196 1894/207 1889/197
f 1889/197 1894/207 1895/208
f 1894/207 1896/36 1895/208
f 1895/208 1896/36 1897/35
f 272/268 1258/279 679/202
f 679/202 1258/279 1260/969
f 1148/172 1898/1333 1149/174
f 1162/177 1165/178 1898/1333
f 1898/1333 1165/178 1149/174
f 1899/1334 1764/970 1900/1335
f 1901/179 1902/162 1654/180
f 1643/164 1642/1336 1902/162
f 1902/162 1642/1336 1654/180
f 1827/951 1826/952 1222/951
f 1826/952 1903/952 1222/951
f 1903/952 192/952 1222/951
f 192/952 194/952 1222/951
f 530/209 1901/179 528/210
f 1654/180 1653/1337 1901/179
f 1901/179 1653/1337 528/210
f 1905/156 723/157 1686/158
f 535/159 1680/1338 723/157
f 723/157 1680/1338 1686/158
f 1906/222 1907/171 1049/223
f 1054/173 1048/1339 1907/171
f 1907/171 1048/1339 1049/223
f 1907/171 1908/172 1054/173
f 1057/174 1053/1340 1908/172
f 1908/172 1053/1340 1054/173
f 1908/172 1909/177 1057/174
f 1061/178 1056/1341 1909/177
f 1909/177 1056/1341 1057/174
f 308/293 269/263 288/280
f 837/626 1875/1342 269/263
f 891/643 288/280 1875/1342
f 288/280 269/263 1875/1342
f 1016/24 1910/279 1015/50
f 1015/50 1910/279 1911/969
f 1912/188 740/192 1070/189
f 583/193 1069/1343 740/192
f 740/192 1069/1343 1070/189
f 741/196 1913/207 584/197
f 1077/208 1075/1344 1913/207
f 1913/207 1075/1344 584/197
f 1914/36 1539/38 1761/35
f 1540/206 1762/1345 1539/38
f 1539/38 1762/1345 1761/35
f 1913/207 1914/36 1077/208
f 1761/35 1076/1346 1914/36
f 1914/36 1076/1346 1077/208
f 1915/1347 1199/116 1916/1348
f 1916/1348 1199/116 791/365
f 1305/93 1917/1349 1306/94
f 1267/80 1268/82 1917/1349
f 1917/1349 1268/82 1306/94
f 1426/1077 191/41 1918/1350
f 191/41 307/52 1918/1350
f 307/52 1544/1139 1918/1350
f 1920/156 1921/158 1923/160
f 1923/160 1921/158 1919/161
f 1923/167 1919/168 2012/55
f 2012/55 1919/168 1922/56
f 1924/245 1925/246 1927/245
f 1927/245 1925/246 1926/246
f 1928/248 1924/249 1929/248
f 1929/248 1924/249 1927/249
f 1930/245 1931/250 1927/249
f 1927/249 1931/250 1929/248
f 1932/253 1930/254 1926/246
f 1926/246 1930/254 1927/245
f 1934/1351 1935/1352 1013/41
f 1933/1353 1013/41 1935/1352
f 1195/888 1936/1354 1013/41
f 1934/1351 1013/41 1936/1354
f 1691/524 1690/525 1939/524
f 1690/525 1937/525 1939/524
f 1937/525 1938/525 1939/524
f 1940/24 1235/958 944/24
f 944/24 1235/958 683/3
f 1941/245 1942/250 1930/245
f 1930/245 1942/250 1931/250
f 1633/36 1623/38 1634/35
f 1624/206 1943/1355 1623/38
f 1623/38 1943/1355 1634/35
f 1925/275 1944/276 1926/275
f 1926/275 1944/276 1945/276
f 1946/253 1941/254 1932/253
f 1932/253 1941/254 1930/254
f 1947/279 1258/279 1558/268
f 1558/268 1258/279 272/268
f 1248/219 1154/52 1949/1356
f 1154/52 1948/1357 1949/1356
f 1932/246 1926/275 1349/289
f 1349/289 1926/275 1945/276
f 1948/1357 1154/52 1951/1358
f 1154/52 1950/1359 1951/1358
f 1249/966 1952/1360 1154/52
f 1950/1359 1154/52 1952/1360
f 1953/1289 1954/1291 1956/1361
f 1956/1361 1954/1291 1955/1362
f 1939/524 1938/525 1615/826
f 1938/525 1957/1363 1615/826
f 1957/1363 1616/828 1615/826
f 1380/611 1958/1364 809/611
f 809/611 1958/1364 1013/41
f 1250/967 1154/52 1960/1365
f 1154/52 1959/1366 1960/1365
f 1961/68 1962/86 1964/70
f 1964/70 1962/86 1963/87
f 1965/89 1966/67 1968/90
f 1968/90 1966/67 1967/69
f 1962/86 1969/47 1963/87
f 1963/87 1969/47 1970/46
f 1971/1367 1972/1368 1273/1369
f 1273/1369 1972/1368 1271/1370
f 1973/1371 1974/1372 1154/52
f 1959/1366 1154/52 1974/1372
f 1975/1373 1971/1367 1275/1374
f 1275/1374 1971/1367 1273/1369
f 1976/81 1965/89 1977/83
f 1977/83 1965/89 1968/90
f 1972/1368 1978/1375 1271/1370
f 1271/1370 1978/1375 1276/1376
f 1979/1377 1975/1373 1278/1378
f 1278/1378 1975/1373 1275/1374
f 1969/47 1980/45 1970/46
f 1970/46 1980/45 1981/43
f 1978/1375 1982/1379 1276/1376
f 1276/1376 1982/1379 1281/1380
f 1983/80 1976/81 1984/82
f 1984/82 1976/81 1977/83
f 1985/1381 1979/1382 1284/1383
f 1284/1383 1979/1382 1278/1384
f 1982/1379 1986/1385 1281/1380
f 1281/1380 1986/1385 1288/1386
f 1980/45 1987/98 1981/43
f 1981/43 1987/98 1988/99
f 1269/971 1989/1387 1154/52
f 1973/1371 1154/52 1989/1387
f 1990/1388 1985/1381 1291/1389
f 1291/1389 1985/1381 1284/1383
f 1991/93 1983/80 1992/94
f 1992/94 1983/80 1984/82
f 1986/1385 1993/1390 1288/1386
f 1288/1386 1993/1390 1294/1391
f 1987/98 1994/110 1988/99
f 1988/99 1994/110 1995/307
f 1996/1392 1990/1388 1293/1393
f 1293/1393 1990/1388 1291/1389
f 1997/102 1991/93 1998/103
f 1998/103 1991/93 1992/94
f 1993/1390 1999/1394 1294/1391
f 1294/1391 1999/1394 1302/1395
f 2000/1396 2001/1397 1154/52
f 1270/972 1154/52 2001/1397
f 1994/110 2002/111 1995/307
f 1995/307 2002/111 2003/113
f 2004/1398 1996/1392 1301/1399
f 1301/1399 1996/1392 1293/1393
f 2005/106 1997/102 2006/323
f 2006/323 1997/102 1998/103
f 1298/995 2007/1400 1154/52
f 2000/1396 1154/52 2007/1400
f 1999/1394 2008/1401 1302/1395
f 1302/1395 2008/1401 1310/1402
f 2002/111 1437/122 2003/113
f 2003/113 1437/122 1206/123
f 2009/1403 2004/1398 1309/1404
f 1309/1404 2004/1398 1301/1399
f 2010/108 2005/106 2011/341
f 2011/341 2005/106 2006/323
f 2008/1401 2013/1405 1310/1402
f 1310/1402 2013/1405 1314/1406
f 2014/1407 2009/1403 1313/1408
f 1313/1408 2009/1403 1309/1404
f 2015/129 2010/108 2016/139
f 2016/139 2010/108 2011/341
f 2013/1405 2017/1409 1314/1406
f 1314/1406 2017/1409 1322/1410
f 1444/142 2018/118 1205/143
f 1205/143 2018/118 2019/120
f 2020/1411 2014/1407 1319/1412
f 1319/1412 2014/1407 1313/1408
f 2021/133 2015/129 2022/132
f 2022/132 2015/129 2016/139
f 2017/1409 2023/1413 1322/1410
f 1322/1410 2023/1413 1335/1414
f 1328/1017 1591/1415 1329/116
f 1589/1416 1329/116 1591/1415
f 2024/1417 2020/1411 1325/1418
f 1325/1418 2020/1411 1319/1412
f 2018/118 2025/119 2019/120
f 2019/120 2025/119 2026/121
f 1228/153 2021/133 1226/154
f 1226/154 2021/133 2022/132
f 2027/1419 1601/1420 1329/116
f 1331/1019 1329/116 1601/1420
f 1503/768 2028/1421 1044/768
f 1044/768 2028/1421 944/24
f 2029/1422 2024/1417 1333/1423
f 1333/1423 2024/1417 1325/1418
f 2025/119 2030/126 2026/121
f 2026/121 2030/126 2031/127
f 2023/1413 2032/1424 1335/1414
f 1335/1414 2032/1424 1343/1425
f 1348/289 1946/246 1349/289
f 1349/289 1946/246 1932/246
f 2033/1426 2034/1427 1272/1428
f 1272/1428 2034/1427 1274/1429
f 2034/1427 2035/1430 1274/1429
f 1274/1429 2035/1430 1283/1431
f 2035/1430 2036/1432 1283/1431
f 1283/1431 2036/1432 1290/1433
f 2037/1434 2033/1426 1277/1435
f 1277/1435 2033/1426 1272/1428
f 2036/1436 2038/1437 1290/1438
f 1290/1438 2038/1437 1292/1439
f 2039/1440 2037/1434 1282/1441
f 1282/1441 2037/1434 1277/1435
f 2038/1437 2040/1442 1292/1439
f 1292/1439 2040/1442 1300/1443
f 2041/1444 2039/1440 1289/1445
f 1289/1445 2039/1440 1282/1441
f 2040/1442 2042/1446 1300/1443
f 1300/1443 2042/1446 1308/1447
f 2043/1448 2044/1449 2046/1450
f 2046/1450 2044/1449 2045/1451
f 2047/1452 2029/1422 1338/1453
f 1338/1453 2029/1422 1333/1423
f 1260/969 1659/1179 679/202
f 679/202 1659/1179 552/65
f 2048/1454 2041/1444 1295/1455
f 1295/1455 2041/1444 1289/1445
f 2030/126 2049/135 2031/127
f 2031/127 2049/135 2050/136
f 2042/1446 2051/1456 1308/1447
f 1308/1447 2051/1456 1312/1457
f 2051/1456 2052/1458 1312/1457
f 1312/1457 2052/1458 1318/1459
f 2053/1460 2048/1454 1303/1461
f 1303/1461 2048/1454 1295/1455
f 2032/1424 2054/1462 1343/1425
f 1343/1425 2054/1462 1353/1463
f 2055/162 1472/163 2056/164
f 2056/164 1472/163 1230/957
f 2052/1458 2057/1464 1318/1459
f 1318/1459 2057/1464 1324/1465
f 2058/1466 2053/1460 1311/1467
f 1311/1467 2053/1460 1303/1461
f 2057/1464 2059/1468 1324/1465
f 1324/1465 2059/1468 1332/1469
f 2060/1470 2047/1471 1346/1472
f 1346/1472 2047/1471 1338/1473
f 2049/135 2061/137 2050/136
f 2050/136 2061/137 2062/138
f 2059/1468 2063/1474 1332/1469
f 1332/1469 2063/1474 1337/1475
f 2064/1476 2058/1466 1315/1477
f 1315/1477 2058/1466 1311/1467
f 2065/179 2055/162 2066/180
f 2066/180 2055/162 2056/164
f 2063/1478 2067/1479 1337/1480
f 1337/1480 2067/1479 1345/1481
f 2054/1462 2068/1482 1353/1463
f 1353/1463 2068/1482 1363/1483
f 2069/1484 2064/1476 1323/1485
f 1323/1485 2064/1476 1315/1477
f 2070/1486 2060/1470 1352/1487
f 1352/1487 2060/1470 1346/1472
f 2067/1479 2071/1488 1345/1481
f 1345/1481 2071/1488 1351/1489
f 2061/137 2072/147 2062/138
f 2062/138 2072/147 2073/148
f 2071/1488 2074/1490 1351/1489
f 1351/1489 2074/1490 1362/1491
f 2075/209 2065/179 2076/210
f 2076/210 2065/179 2066/180
f 2077/1492 2069/1484 1342/1493
f 1342/1493 2069/1484 1323/1485
f 2074/1490 2078/1494 1362/1491
f 1362/1491 2078/1494 1365/1495
f 2068/1482 2079/1496 1363/1483
f 1363/1483 2079/1496 1372/1497
f 2080/1498 2070/1486 1361/1499
f 1361/1499 2070/1486 1352/1487
f 2078/1494 2081/1500 1365/1495
f 1365/1495 2081/1500 1369/1501
f 2082/1502 2077/1492 1336/1503
f 1336/1503 2077/1492 1342/1493
f 2083/157 2075/209 2084/159
f 2084/159 2075/209 2076/210
f 2081/1500 2085/1504 1369/1501
f 1369/1501 2085/1504 1374/1505
f 2086/212 2087/213 2089/214
f 2089/214 2087/213 2088/215
f 2090/41 1578/1154 1013/41
f 1013/41 1578/1154 1154/52
f 2091/1506 2080/1498 1366/1507
f 1366/1507 2080/1498 1361/1499
f 2079/1496 2092/1508 1372/1497
f 1372/1497 2092/1508 1376/1509
f 2093/1510 2082/1502 1344/1511
f 1344/1511 2082/1502 1336/1503
f 2094/156 2083/157 2095/158
f 2095/158 2083/157 2084/159
f 2085/1504 2096/1512 1374/1505
f 1374/1505 2096/1512 1378/1513
f 2087/213 2097/222 2088/215
f 2088/215 2097/222 2098/223
f 305/291 1458/1514 304/279
f 1458/1514 1457/1515 304/279
f 1457/1515 354/310 304/279
f 304/279 354/310 353/309
f 2096/1512 2099/1516 1378/1513
f 1378/1513 2099/1516 1381/1517
f 2100/1518 2091/1506 1370/1519
f 1370/1519 2091/1506 1366/1507
f 1561/212 2101/1520 1562/214
f 1573/213 1576/215 2101/1520
f 2101/1520 1576/215 1562/214
f 2102/160 2094/156 2103/161
f 2103/161 2094/156 2095/158
f 2104/1521 2093/1510 1354/1522
f 1354/1522 2093/1510 1344/1511
f 2092/1508 2105/1523 1376/1509
f 1376/1509 2105/1523 1383/1524
f 1944/452 1655/288 1945/452
f 1945/452 1655/288 1657/275
f 2097/222 2106/171 2098/223
f 2098/223 2106/171 2107/173
f 2099/1516 2108/1525 1381/1517
f 1381/1517 2108/1525 1385/1526
f 1543/55 2102/167 1286/56
f 1286/56 2102/167 2103/168
f 2109/1527 2104/1521 1364/1528
f 1364/1528 2104/1521 1354/1522
f 2110/1529 2100/1518 1375/1530
f 1375/1530 2100/1518 1370/1519
f 2106/171 2111/172 2107/173
f 2107/173 2111/172 2112/174
f 2105/1523 2113/1531 1383/1524
f 1383/1524 2113/1531 1387/1532
f 2108/1525 2114/1533 1385/1526
f 1385/1526 2114/1533 1391/1534
f 2111/172 2115/177 2112/174
f 2112/174 2115/177 2116/178
f 1742/607 353/607 2117/41
f 2117/41 353/607 1193/41
f 2118/1535 2109/1527 1373/1536
f 1373/1536 2109/1527 1364/1528
f 2114/1533 2119/1537 1391/1534
f 1391/1534 2119/1537 1401/1538
f 2120/184 1547/59 2121/185
f 2121/185 1547/59 1287/58
f 2122/1539 2110/1529 1379/1540
f 1379/1540 2110/1529 1375/1530
f 2115/177 2123/188 2116/178
f 2116/178 2123/188 2124/189
f 2113/1531 2125/1541 1387/1532
f 1387/1532 2125/1541 1435/1542
f 2126/190 2120/184 2127/191
f 2127/191 2120/184 2121/185
f 2128/1543 2118/1535 1377/1544
f 1377/1544 2118/1535 1373/1536
f 2123/188 2130/192 2124/189
f 2124/189 2130/192 2131/193
f 2119/1537 2132/1545 1401/1538
f 1401/1538 2132/1545 1411/1546
f 2133/194 2126/190 2134/195
f 2134/195 2126/190 2127/191
f 2130/192 2135/196 2131/193
f 2131/193 2135/196 2136/197
f 2137/38 2133/194 2138/206
f 2138/206 2133/194 2134/195
f 2135/196 2139/207 2136/197
f 2136/197 2139/207 2140/208
f 2141/36 2137/38 2142/35
f 2142/35 2137/38 2138/206
f 2143/1547 2122/1539 1386/1548
f 1386/1548 2122/1539 1379/1540
f 2139/207 2141/36 2140/208
f 2140/208 2141/36 2142/35
f 2144/1549 2128/1543 1384/1550
f 1384/1550 2128/1543 1377/1544
f 2125/1541 2145/1551 1435/1542
f 1435/1542 2145/1551 1445/1552
f 2132/1545 2146/1553 1411/1546
f 1411/1546 2146/1553 1421/1554
f 2147/1555 2144/1549 1388/1556
f 1388/1556 2144/1549 1384/1550
f 2148/1557 2143/1547 1392/1558
f 1392/1558 2143/1547 1386/1548
f 2145/1551 2149/1559 1445/1552
f 1445/1552 2149/1559 1450/1560
f 2146/1553 2150/1561 1421/1554
f 1421/1554 2150/1561 1438/1562
f 1666/499 1349/170 1657/275
f 1657/275 1349/170 1945/452
f 2151/1563 2147/1555 1405/1564
f 1405/1564 2147/1555 1388/1556
f 2152/1565 2151/1563 1408/1566
f 1408/1566 2151/1563 1405/1564
f 2150/1561 2153/1567 1438/1562
f 1438/1562 2153/1567 1448/1568
f 2149/1559 2154/1569 1450/1560
f 1450/1560 2154/1569 1459/1570
f 2155/1571 2148/1557 1402/1572
f 1402/1572 2148/1557 1392/1558
f 2156/1573 2152/1565 1413/1574
f 1413/1574 2152/1565 1408/1566
f 2157/513 2158/514 1931/275
f 1931/275 2158/514 1929/249
f 2159/1575 2156/1573 1417/1576
f 1417/1576 2156/1573 1413/1574
f 2153/1567 2160/1577 1448/1568
f 1448/1568 2160/1577 1460/1578
f 2154/1569 2161/1579 1459/1570
f 1459/1570 2161/1579 1465/1580
f 2162/1581 2159/1575 1418/1582
f 1418/1582 2159/1575 1417/1576
f 2163/1583 2155/1571 1412/1584
f 1412/1584 2155/1571 1402/1572
f 2160/1577 2164/1585 1460/1578
f 1460/1578 2164/1585 1464/1586
f 2165/1587 2162/1581 1423/1588
f 1423/1588 2162/1581 1418/1582
f 2166/1589 2165/1587 1428/1590
f 1428/1590 2165/1587 1423/1588
f 2161/1579 2167/1591 1465/1580
f 1465/1580 2167/1591 1467/1592
f 2164/1585 2168/1593 1464/1586
f 1464/1586 2168/1593 1468/1594
f 2169/1595 2166/1589 1431/1596
f 1431/1596 2166/1589 1428/1590
f 2170/1597 2163/1583 1422/1598
f 1422/1598 2163/1583 1412/1584
f 1942/275 2171/513 1931/275
f 1931/275 2171/513 2157/513
f 2172/514 1928/249 2158/514
f 2158/514 1928/249 1929/249
f 2173/1599 2169/1600 1434/1601
f 1434/1601 2169/1600 1431/1602
f 2168/1593 2174/1603 1468/1594
f 1468/1594 2174/1603 1475/1604
f 2167/1591 2175/1605 1467/1592
f 1467/1592 2175/1605 1474/1606
f 2176/1607 2173/1599 1440/1608
f 1440/1608 2173/1599 1434/1601
f 2174/1603 2177/1609 1475/1604
f 1475/1604 2177/1609 1478/1610
f 2178/1611 2176/1607 1443/1612
f 1443/1612 2176/1607 1440/1608
f 2179/1613 2178/1611 1495/1614
f 1495/1614 2178/1611 1443/1612
f 2180/1615 2170/1597 1439/1616
f 1439/1616 2170/1597 1422/1598
f 2177/1609 2181/1617 1478/1610
f 1478/1610 2181/1617 1485/1618
f 2182/1619 2179/1613 1502/1620
f 1502/1620 2179/1613 1495/1614
f 2175/1621 2183/1622 1474/1623
f 1474/1623 2183/1622 1480/1624
f 2181/1617 2184/1625 1485/1618
f 1485/1618 2184/1625 1496/1626
f 2185/1627 2182/1619 1504/1628
f 1504/1628 2182/1619 1502/1620
f 1958/1364 2186/1629 1013/41
f 1013/41 2186/1629 2090/41
f 2187/1630 2185/1627 1507/1631
f 1507/1631 2185/1627 1504/1628
f 2184/1625 2188/1632 1496/1626
f 1496/1626 2188/1632 1505/1633
f 2189/1634 2187/1630 1509/1635
f 1509/1635 2187/1630 1507/1631
f 2188/1632 2190/1636 1505/1633
f 1505/1633 2190/1636 1510/1637
f 2191/1638 2189/1639 1511/1640
f 1511/1640 2189/1639 1509/1641
f 2190/1636 2192/1642 1510/1637
f 1510/1637 2192/1642 1512/1643
f 2193/1644 2191/1638 1513/1645
f 1513/1645 2191/1638 1511/1640
f 2192/1642 2193/1644 1512/1643
f 1512/1643 2193/1644 1513/1645
f 2183/1622 2194/1646 1480/1624
f 1480/1624 2194/1646 1492/1647
f 2028/1421 2195/1648 944/24
f 944/24 2195/1648 1940/24
f 2196/1649 2180/1615 1449/1650
f 1449/1650 2180/1615 1439/1616
f 2194/1646 2197/1651 1492/1647
f 1492/1647 2197/1651 1508/1652
f 2198/1653 2196/1649 1461/1654
f 1461/1654 2196/1649 1449/1650
f 2197/1651 2199/1655 1508/1652
f 1508/1652 2199/1655 1516/1656
f 1665/499 1347/169 1666/499
f 1666/499 1347/169 1349/170
f 2200/1657 2198/1653 1469/1658
f 1469/1658 2198/1653 1461/1654
f 2199/1655 2201/1659 1516/1656
f 1516/1656 2201/1659 1451/1660
f 2202/1661 2200/1657 1476/1662
f 1476/1662 2200/1657 1469/1658
f 2201/1659 2203/1663 1451/1660
f 1451/1660 2203/1663 1436/1664
f 2204/1665 2202/1661 1479/1666
f 1479/1666 2202/1661 1476/1662
f 2203/1663 2205/1667 1436/1664
f 1436/1664 2205/1667 1473/1668
f 2206/1669 2204/1665 1486/1670
f 1486/1670 2204/1665 1479/1666
f 2205/1667 2207/1671 1473/1668
f 1473/1668 2207/1671 1477/1672
f 2208/1673 2206/1669 1497/1674
f 1497/1674 2206/1669 1486/1670
f 2207/1671 2209/1675 1477/1672
f 1477/1672 2209/1675 1481/1676
f 2210/1677 2208/1673 1506/1678
f 1506/1678 2208/1673 1497/1674
f 2209/1675 2211/1679 1481/1676
f 1481/1676 2211/1679 1484/1680
f 2211/1681 2212/1682 1484/1683
f 1484/1683 2212/1682 1487/1684
f 2213/1685 2210/1677 1466/1686
f 1466/1686 2210/1677 1506/1678
f 2212/1682 2214/1687 1487/1684
f 1487/1684 2214/1687 1488/1688
f 2215/1689 2213/1685 1489/1690
f 1489/1690 2213/1685 1466/1686
f 2214/1687 2215/1689 1488/1688
f 1488/1688 2215/1689 1489/1690
f 1577/52 1673/255 1154/52
f 1154/52 1673/255 1329/116
f 2216/528 2217/542 1688/528
f 1689/542 1688/528 2218/542
f 2217/542 2218/542 1688/528
f 2219/111 2220/122 789/113
f 795/123 273/1691 2220/122
f 789/113 2220/122 274/1692
f 2220/122 273/1691 274/1692
f 2220/122 1862/142 795/123
f 806/349 275/1693 1862/142
f 795/123 1862/142 276/1694
f 1862/142 275/1693 276/1694
f 2221/67 2222/68 2224/69
f 2224/69 2222/68 2223/70
f 2222/68 2225/86 2223/70
f 2223/70 2225/86 2226/87
f 2225/86 2227/47 2226/87
f 2226/87 2227/47 2228/46
f 2227/47 2229/45 2228/46
f 2228/46 2229/45 2230/43
f 2157/644 2231/246 2158/645
f 2158/645 2231/246 2232/577
f 2229/45 2233/98 2230/43
f 2230/43 2233/98 2234/99
f 2171/644 2235/246 2157/644
f 2157/644 2235/246 2231/246
f 2233/98 2236/110 2234/99
f 2234/99 2236/110 2237/307
f 2236/110 2238/111 2237/307
f 2237/307 2238/111 2239/113
f 2238/111 2240/122 2239/113
f 2239/113 2240/122 2241/123
f 1863/118 1873/119 818/120
f 838/121 277/1695 1873/119
f 818/120 1873/119 278/1696
f 1873/119 277/1695 278/1696
f 2240/122 2242/142 2241/123
f 2241/123 2242/142 2243/349
f 2244/45 2245/98 1483/43
f 1494/99 1482/1697 2245/98
f 2245/98 1482/1697 1483/43
f 2242/142 2246/118 2243/349
f 2243/349 2246/118 2247/120
f 2245/98 1786/110 1494/99
f 1789/307 1493/1698 1786/110
f 1786/110 1493/1698 1494/99
f 2235/275 1664/1185 2231/275
f 2231/275 1664/1185 1666/689
f 2248/577 2172/645 2232/577
f 2232/577 2172/645 2158/645
f 2246/118 2249/119 2247/120
f 2247/120 2249/119 2250/121
f 1666/689 1657/694 2231/275
f 2231/275 1657/694 2232/577
f 2249/119 2251/126 2250/121
f 2250/121 2251/126 2252/127
f 2251/126 2253/135 2252/127
f 2252/127 2253/135 2254/136
f 1752/1318 1751/1316 2257/951
f 2256/952 2257/951 2255/1699
f 1751/1316 2255/1699 2257/951
f 2253/135 2258/137 2254/136
f 2254/136 2258/137 2259/138
f 1902/162 1878/163 1643/164
f 1595/165 882/1700 1878/163
f 1643/164 1878/163 885/1701
f 1878/163 882/1700 885/1701
f 2260/81 1804/89 1427/83
f 1805/90 1425/1702 1804/89
f 1804/89 1425/1702 1427/83
f 2261/80 2260/81 1918/82
f 1427/83 1426/1703 2260/81
f 2260/81 1426/1703 1918/82
f 1885/135 2262/137 892/136
f 900/138 289/1704 2262/137
f 892/136 2262/137 290/1705
f 2262/137 289/1704 290/1705
f 2263/93 2261/80 1546/94
f 1918/82 1544/1706 2261/80
f 2261/80 1544/1706 1546/94
f 2264/147 2265/212 2267/148
f 2267/148 2265/212 2266/214
f 2268/102 2263/93 1549/103
f 1546/94 1545/1707 2263/93
f 2263/93 1545/1707 1549/103
f 2269/1708 2270/1709 1627/770
f 1627/770 2270/1709 1625/749
f 2271/1710 2269/1708 1628/776
f 1628/776 2269/1708 1627/770
f 2270/1709 2272/1711 1625/749
f 1625/749 2272/1711 1631/737
f 2273/1712 2271/1710 1632/788
f 1632/788 2271/1710 1628/776
f 2265/212 2274/213 2266/214
f 2266/214 2274/213 2275/215
f 2272/1711 2276/1713 1631/737
f 1631/737 2276/1713 1635/732
f 2277/1714 2273/1712 1636/804
f 1636/804 2273/1712 1632/788
f 2262/137 2278/147 900/138
f 937/148 292/1715 2278/147
f 900/138 2278/147 291/1716
f 2278/147 292/1715 291/1716
f 1656/771 2248/577 1657/694
f 1657/694 2248/577 2232/577
f 2276/1713 2279/1717 1635/732
f 1635/732 2279/1717 1637/716
f 2280/106 2268/102 1553/323
f 1549/103 1548/1718 2268/102
f 2268/102 1548/1718 1553/323
f 773/1274 782/1719 796/680
f 1000/1276 798/675 782/1719
f 782/1719 798/675 796/680
f 2281/1720 2277/1714 1638/811
f 1638/811 2277/1714 1636/804
f 2274/213 2282/222 2275/215
f 2275/215 2282/222 2283/223
f 2279/1717 2284/1721 1637/716
f 1637/716 2284/1721 1639/707
f 2285/119 1083/126 1620/121
f 908/127 1619/1722 1083/126
f 1083/126 1619/1722 1620/121
f 2286/1723 2281/1720 1640/819
f 1640/819 2281/1720 1638/811
f 2287/160 2288/156 2290/161
f 2290/161 2288/156 2289/158
f 2284/1721 2291/1724 1639/707
f 1639/707 2291/1724 1644/693
f 2292/108 2280/106 1557/341
f 1553/323 1552/1725 2280/106
f 2280/106 1552/1725 1557/341
f 2282/222 2293/171 2283/223
f 2283/223 2293/171 2294/173
f 2295/1726 2286/1723 1645/833
f 1645/833 2286/1723 1640/819
f 2296/55 2287/167 2297/56
f 2297/56 2287/167 2290/168
f 2291/1724 2298/1727 1644/693
f 1644/693 2298/1727 1646/691
f 2293/171 2299/172 2294/173
f 2294/173 2299/172 2300/174
f 2301/1728 2295/1726 1647/682
f 1647/682 2295/1726 1645/833
f 2278/147 1455/212 937/148
f 1458/214 305/1729 1455/212
f 937/148 1455/212 306/1730
f 1455/212 305/1729 306/1730
f 2298/1727 2302/1731 1646/691
f 1646/691 2302/1731 1648/680
f 2299/172 2303/177 2300/174
f 2300/174 2303/177 2304/178
f 2305/1732 2301/1728 1651/684
f 1651/684 2301/1728 1647/682
f 2306/184 2307/59 2309/185
f 2309/185 2307/59 2308/58
f 2303/177 2310/188 2304/178
f 2304/178 2310/188 2311/189
f 2312/1733 1717/1028 1915/1347
f 1915/1347 1717/1028 1199/116
f 2302/1731 2313/1734 1648/680
f 1648/680 2313/1734 1658/675
f 2314/190 2306/184 2315/191
f 2315/191 2306/184 2309/185
f 2316/1735 2305/1732 1660/848
f 1660/848 2305/1732 1651/684
f 909/135 2317/137 914/136
f 1663/138 1649/1736 2317/137
f 2317/137 1649/1736 914/136
f 2318/194 2314/190 2319/195
f 2319/195 2314/190 2315/191
f 2320/133 2321/129 1569/132
f 1565/139 1564/1737 2321/129
f 2321/129 1564/1737 1569/132
f 2322/192 2323/196 2325/193
f 2325/193 2323/196 2324/197
f 2313/1734 2326/1738 1658/675
f 1658/675 2326/1738 1661/670
f 2327/38 2318/194 2328/206
f 2328/206 2318/194 2319/195
f 2323/196 2329/207 2324/197
f 2324/197 2329/207 2330/208
f 2329/207 2331/36 2330/208
f 2330/208 2331/36 2332/35
f 2333/1739 2316/1735 1667/852
f 1667/852 2316/1735 1660/848
f 2326/1738 2334/1740 1661/670
f 1661/670 2334/1740 1668/666
f 2335/1741 2129/969 2336/1742
f 2317/137 1842/147 1663/138
f 1845/1322 1662/1743 1842/147
f 1842/147 1662/1743 1663/138
f 2337/153 2320/133 1572/154
f 1569/132 1568/1744 2320/133
f 2320/133 1568/1744 1572/154
f 2338/1745 2333/1739 1671/856
f 1671/856 2333/1739 1667/852
f 2334/1740 2339/1746 1668/666
f 1668/666 2339/1746 1674/661
f 1456/213 1906/222 1457/215
f 1049/223 352/1747 1906/222
f 1457/215 1906/222 354/1748
f 1906/222 352/1747 354/1748
f 2340/1749 2338/1745 1675/860
f 1675/860 2338/1745 1671/856
f 2339/1746 2341/1750 1674/661
f 1674/661 2341/1750 1677/662
f 934/157 1838/209 932/159
f 1839/210 1669/1751 1838/209
f 1838/209 1669/1751 932/159
f 2342/1752 2340/1749 1678/858
f 1678/858 2340/1749 1675/860
f 2341/1750 2343/1753 1677/662
f 1677/662 2343/1753 1681/664
f 2344/162 2345/163 1594/1011
f 1585/165 1584/1754 2345/163
f 2345/163 1584/1754 1594/1011
f 2346/1755 2342/1752 1682/854
f 1682/854 2342/1752 1678/858
f 2343/1753 2347/1756 1681/664
f 1681/664 2347/1756 1684/668
f 2348/1757 2346/1755 1687/850
f 1687/850 2346/1755 1682/854
f 2347/1756 2349/1758 1684/668
f 1684/668 2349/1758 1692/672
f 1853/160 1112/156 1854/161
f 936/158 1676/1759 1112/156
f 1112/156 1676/1759 1854/161
f 2350/1760 2348/1757 1694/846
f 1694/846 2348/1757 1687/850
f 2349/1758 2351/1761 1692/672
f 1692/672 2351/1761 1695/677
f 2352/1762 2350/1760 1696/839
f 1696/839 2350/1760 1694/846
f 2351/1761 2353/1763 1695/677
f 1695/677 2353/1763 1697/687
f 2354/1764 2352/1762 1698/830
f 1698/830 2352/1762 1696/839
f 2353/1763 2355/1765 1697/687
f 1697/687 2355/1765 1700/703
f 1909/177 1912/188 1061/178
f 1070/189 380/1766 1912/188
f 1061/178 1912/188 381/1767
f 1912/188 380/1766 381/1767
f 2356/1768 2354/1764 1701/825
f 1701/825 2354/1764 1698/830
f 2357/172 1120/177 1729/174
f 949/696 1728/1769 1120/177
f 1120/177 1728/1769 1729/174
f 2355/1765 2358/1770 1700/703
f 1700/703 2358/1770 1702/704
f 2359/1771 2356/1768 1703/813
f 1703/813 2356/1768 1701/825
f 2358/1772 2360/1773 1702/713
f 1702/713 2360/1773 1704/714
f 2361/1774 2359/1771 1705/808
f 1705/808 2359/1771 1703/813
f 2362/190 2363/184 1716/191
f 1715/185 1714/1775 2363/184
f 2363/184 1714/1775 1716/191
f 2360/1773 2364/1776 1704/714
f 1704/714 2364/1776 1706/718
f 2365/1777 2361/1774 1707/796
f 1707/796 2361/1774 1705/808
f 1121/188 2366/192 951/189
f 1733/193 1731/1778 2366/192
f 2366/192 1731/1778 951/189
f 2367/508 745/509 2216/528
f 745/509 1670/1779 2216/528
f 1670/1779 2217/542 2216/528
f 2364/1776 2368/1780 1706/718
f 1706/718 2368/1780 1708/735
f 2369/1781 2365/1777 1709/778
f 1709/778 2365/1777 1707/796
f 2368/1780 2370/1782 1708/735
f 1708/735 2370/1782 1710/743
f 2371/1783 2369/1781 1711/773
f 1711/773 2369/1781 1709/778
f 2366/192 2372/196 1733/193
f 1738/197 1732/1784 2372/196
f 2372/196 1732/1784 1733/193
f 2370/1782 2373/1785 1710/743
f 1710/743 2373/1785 1712/767
f 2373/1785 2371/1783 1712/767
f 1712/767 2371/1783 1711/773
f 2374/38 2375/194 754/1786
f 1718/195 753/1787 2375/194
f 2375/194 753/1787 754/1786
f 2372/196 1128/207 1738/197
f 959/208 1737/1788 1128/207
f 1128/207 1737/1788 1738/197
f 960/36 2374/38 961/35
f 754/1786 835/1789 2374/38
f 2374/38 835/1789 961/35
f 2377/1790 2378/1791 1193/41
f 2376/1792 1193/41 2378/1791
f 1891/194 1881/190 1892/195
f 1884/191 2379/1793 1881/190
f 1881/190 2379/1793 1892/195
f 1896/36 1890/38 1897/35
f 1893/206 2380/1794 1890/38
f 1890/38 2380/1794 1897/35
f 1812/129 2381/1795 1813/139
f 1794/108 1795/341 2381/1795
f 2381/1795 1795/341 1813/139
f 1745/1236 1650/52 2383/1796
f 1650/52 2382/1797 2383/1796
f 2382/1797 1650/52 2385/1798
f 1650/52 2384/1799 2385/1798
f 1746/1237 2386/1800 1650/52
f 2384/1799 1650/52 2386/1800
f 2257/951 2256/952 2389/951
f 2256/952 2387/952 2389/951
f 2387/952 2388/952 2389/951
f 1747/1238 1650/52 2391/1801
f 1650/52 2390/1802 2391/1801
f 2392/1803 2393/1804 1650/52
f 2390/1802 1650/52 2393/1804
f 2394/1805 2395/1806 1650/52
f 2392/1803 1650/52 2395/1806
f 1749/1242 2396/1807 1650/52
f 2394/1805 1650/52 2396/1807
f 1753/1246 2397/1808 1650/52
f 1750/1243 1650/52 2397/1808
f 1756/1260 2399/1809 1725/116
f 2398/1810 1725/116 2399/1809
f 1758/1263 2400/1811 1725/116
f 1757/1261 1725/116 2400/1811
f 1833/970 1911/969 1736/309
f 1736/309 1911/969 1910/279
f 2401/1289 2402/1291 2404/1812
f 2404/1812 2402/1291 2403/1813
f 2405/68 2406/86 2408/70
f 2408/70 2406/86 2407/87
f 2409/89 2410/67 2412/90
f 2412/90 2410/67 2411/69
f 2406/86 2413/47 2407/87
f 2407/87 2413/47 2414/46
f 2415/81 2409/89 2416/83
f 2416/83 2409/89 2412/90
f 2413/47 2417/45 2414/46
f 2414/46 2417/45 2418/43
f 2419/80 2415/81 2420/82
f 2420/82 2415/81 2416/83
f 2417/45 2421/98 2418/43
f 2418/43 2421/98 2422/99
f 2421/98 2423/110 2422/99
f 2422/99 2423/110 2424/307
f 2425/102 2426/93 2428/103
f 2428/103 2426/93 2427/94
f 2423/110 2429/111 2424/307
f 2424/307 2429/111 2430/113
f 2431/106 2425/102 2432/323
f 2432/323 2425/102 2428/103
f 2429/111 2433/122 2430/113
f 2430/113 2433/122 2434/123
f 2404/1814 2403/1814 2435/279
f 2435/279 2403/1814 1910/279
f 2436/108 2431/106 2437/341
f 2437/341 2431/106 2432/323
f 2433/122 2438/142 2434/123
f 2434/123 2438/142 2439/349
f 2440/129 2436/108 2441/139
f 2441/139 2436/108 2437/341
f 2438/142 2442/118 2439/349
f 2439/349 2442/118 2443/120
f 2444/133 2440/129 2445/132
f 2445/132 2440/129 2441/139
f 2045/1451 2446/1815 2046/1450
f 2046/1450 2446/1815 2447/1816
f 2442/118 2448/119 2443/120
f 2443/120 2448/119 2449/121
f 2450/153 2444/133 2451/154
f 2451/154 2444/133 2445/132
f 2117/41 1193/41 2453/1817
f 2453/1817 1193/41 2452/1817
f 2448/119 2454/126 2449/121
f 2449/121 2454/126 2455/127
f 2456/1818 2457/1819 2459/1820
f 2457/1819 2458/1821 2459/1820
f 2454/126 2460/135 2455/127
f 2455/127 2460/135 2461/136
f 2462/162 2463/163 2465/164
f 2465/164 2463/163 2464/165
f 2460/135 2466/137 2461/136
f 2461/136 2466/137 2467/138
f 1371/1822 980/1823 2367/508
f 2367/508 980/1823 745/509
f 980/1823 903/1824 745/509
f 2468/179 2462/162 2469/180
f 2469/180 2462/162 2465/164
f 43/51 1937/1825 44/50
f 1937/1825 1690/1826 44/50
f 44/50 1690/1826 682/549
f 2218/1827 658/1 1689/1828
f 658/1 682/549 1689/1828
f 1690/1826 1689/1828 682/549
f 2466/137 2470/147 2467/138
f 2467/138 2470/147 2471/148
f 2472/209 2468/179 2473/210
f 2473/210 2468/179 2469/180
f 2474/157 2472/209 2475/159
f 2475/159 2472/209 2473/210
f 2476/212 2477/213 2479/214
f 2479/214 2477/213 2478/215
f 2480/156 2474/157 2481/158
f 2481/158 2474/157 2475/159
f 2477/213 2482/222 2478/215
f 2478/215 2482/222 2483/223
f 2484/160 2480/156 2485/161
f 2485/161 2480/156 2481/158
f 2482/222 2486/171 2483/223
f 2483/223 2486/171 2487/173
f 2488/55 2484/167 2489/56
f 2489/56 2484/167 2485/168
f 2486/171 2490/172 2487/173
f 2487/173 2490/172 2491/174
f 2492/59 2488/55 2493/58
f 2493/58 2488/55 2489/56
f 2490/172 2494/177 2491/174
f 2491/174 2494/177 2495/178
f 2496/184 2492/59 2497/185
f 2497/185 2492/59 2493/58
f 2494/177 2498/188 2495/178
f 2495/178 2498/188 2499/189
f 2500/190 2496/184 2501/191
f 2501/191 2496/184 2497/185
f 2498/188 2502/192 2499/189
f 2499/189 2502/192 2503/193
f 2504/194 2500/190 2505/195
f 2505/195 2500/190 2501/191
f 2502/192 2506/196 2503/193
f 2503/193 2506/196 2507/197
f 2508/38 2504/194 2509/206
f 2509/206 2504/194 2505/195
f 2506/196 2510/207 2507/197
f 2507/197 2510/207 2511/208
f 2512/36 2508/38 2513/35
f 2513/35 2508/38 2509/206
f 2514/279 1693/279 1672/1201
f 1672/1201 1693/279 1329/1201
f 2453/1829 2452/1830 2516/462
f 2516/462 2452/1830 2515/463
f 1013/41 1933/1353 1044/768
f 1933/1353 2518/1831 1044/768
f 2517/1832 1044/768 2518/1831
f 2519/953 2520/954 1953/1289
f 2520/954 2521/1833 1953/1289
f 2521/1833 1954/1291 1953/1289
f 2522/67 2523/68 2525/69
f 2525/69 2523/68 2524/70
f 2523/68 2526/86 2524/70
f 2524/70 2526/86 2527/87
f 2528/89 2522/67 2529/90
f 2529/90 2522/67 2525/69
f 2526/86 2530/47 2527/87
f 2527/87 2530/47 2531/46
f 2530/47 2532/45 2531/46
f 2531/46 2532/45 2533/43
f 2532/45 2534/98 2533/43
f 2533/43 2534/98 2535/99
f 2536/93 2537/80 2539/94
f 2539/94 2537/80 2538/82
f 2534/98 2540/110 2535/99
f 2535/99 2540/110 2541/307
f 2540/110 2542/111 2541/307
f 2541/307 2542/111 2543/113
f 2389/951 2388/952 2546/953
f 2545/954 2546/953 2544/1834
f 2388/952 2544/1834 2546/953
f 2542/111 2547/122 2543/113
f 2543/113 2547/122 2548/123
f 2547/122 2549/142 2548/123
f 2548/123 2549/142 2550/349
f 1966/67 1961/68 1967/69
f 1964/70 2551/1835 1961/68
f 1961/68 2551/1835 1967/69
f 2546/953 2545/954 2519/953
f 2545/954 2552/954 2519/953
f 2552/954 2520/954 2519/953
f 2549/142 2553/118 2550/349
f 2550/349 2553/118 2554/120
f 1296/110 2219/111 1297/307
f 789/113 271/1836 2219/111
f 1297/307 2219/111 270/1837
f 270/1837 2219/111 268/1838
f 2219/111 271/1836 268/1838
f 2553/118 2555/119 2554/120
f 2554/120 2555/119 2556/121
f 2555/119 2557/126 2556/121
f 2556/121 2557/126 2558/127
f 2557/126 2559/135 2558/127
f 2558/127 2559/135 2560/136
f 2559/135 2561/137 2560/136
f 2560/136 2561/137 2562/138
f 1676/1191 1670/1188 1854/1839
f 1854/1839 1670/1188 1855/1840
f 745/583 744/582 1670/1188
f 1670/1188 744/582 1855/1840
f 2563/147 2564/212 2566/148
f 2566/148 2564/212 2565/214
f 2564/212 2567/213 2565/214
f 2565/214 2567/213 2568/215
f 2567/213 2569/222 2568/215
f 2568/215 2569/222 2570/223
f 2571/160 2572/156 2574/161
f 2574/161 2572/156 2573/158
f 2569/222 2575/171 2570/223
f 2570/223 2575/171 2576/173
f 2577/55 2571/167 2578/56
f 2578/56 2571/167 2574/168
f 2575/171 2579/172 2576/173
f 2576/173 2579/172 2580/174
f 2581/59 2577/55 2582/58
f 2582/58 2577/55 2578/56
f 2579/172 2583/177 2580/174
f 2580/174 2583/177 2584/178
f 2585/184 2581/59 2586/185
f 2586/185 2581/59 2582/58
f 269/263 728/570 270/264
f 270/264 728/570 1297/1841
f 1297/1841 728/570 1280/1842
f 1280/1842 728/570 1265/1843
f 1265/1843 728/570 1266/1844
f 728/570 730/572 1266/1844
f 2583/177 2587/188 2584/178
f 2584/178 2587/188 2588/189
f 2589/190 2585/184 2590/191
f 2590/191 2585/184 2586/185
f 2591/194 2589/190 2592/195
f 2592/195 2589/190 2590/191
f 2593/192 2594/196 2596/193
f 2596/193 2594/196 2595/197
f 2594/196 2597/207 2595/197
f 2595/197 2597/207 2598/208
f 2597/207 2599/36 2598/208
f 2598/208 2599/36 2600/35
f 1589/1416 1588/1845 1329/116
f 1588/1845 1299/996 1329/116
f 1329/116 1299/996 1154/52
f 2072/147 2086/212 2073/148
f 2089/214 2601/1846 2086/212
f 2086/212 2601/1846 2073/148
f 2602/969 1911/969 2603/970
f 2603/970 1911/969 1833/970
f 2379/1847 2388/1848 1892/1849
f 1892/1849 2388/1848 1893/1850
f 1893/1850 2388/1848 2380/1851
f 2387/1852 2380/1851 2388/1848
f 1955/1853 1258/279 1956/1853
f 1947/279 2604/1854 1258/279
f 1258/279 2604/1854 1956/1853
f 1773/47 2244/45 1774/46
f 1483/43 657/1855 2244/45
f 1774/46 2244/45 659/1856
f 2244/45 657/1855 659/1856
f 1454/1231 193/204 247/1857
f 192/203 1903/1858 193/204
f 1903/1858 254/1859 193/204
f 254/1859 253/1860 193/204
f 253/1860 907/1861 193/204
f 907/1861 899/1862 193/204
f 899/1862 248/1863 193/204
f 248/1863 247/1857 193/204
f 2605/951 2606/952 2608/953
f 2608/953 2606/952 2607/954
f 2609/1289 2610/1291 2612/1864
f 2612/1864 2610/1291 2611/1865
f 2613/68 2614/86 2616/70
f 2616/70 2614/86 2615/87
f 2617/89 2618/67 2620/90
f 2620/90 2618/67 2619/69
f 2614/86 2621/47 2615/87
f 2615/87 2621/47 2622/46
f 2623/81 2617/89 2624/83
f 2624/83 2617/89 2620/90
f 2621/47 2625/45 2622/46
f 2622/46 2625/45 2626/43
f 2627/80 2623/81 2628/82
f 2628/82 2623/81 2624/83
f 2625/45 2629/98 2626/43
f 2626/43 2629/98 2630/99
f 2629/98 2631/110 2630/99
f 2630/99 2631/110 2632/307
f 2633/102 2634/93 2636/103
f 2636/103 2634/93 2635/94
f 2637/118 2285/119 1608/120
f 1620/121 721/1866 2285/119
f 1608/120 2285/119 722/1867
f 2285/119 721/1866 722/1867
f 2631/110 2638/111 2632/307
f 2632/307 2638/111 2639/113
f 2640/106 2633/102 2641/323
f 2641/323 2633/102 2636/103
f 2638/111 2642/122 2639/113
f 2639/113 2642/122 2643/123
f 2612/1868 2611/1869 2514/279
f 2514/279 2611/1869 1693/279
f 2644/108 2640/106 2645/341
f 2645/341 2640/106 2641/323
f 2642/122 2646/142 2643/123
f 2643/123 2646/142 2647/349
f 2648/129 2644/108 2649/139
f 2649/139 2644/108 2645/341
f 2646/142 2650/118 2647/349
f 2647/349 2650/118 2651/120
f 2652/133 2648/129 2653/132
f 2653/132 2648/129 2649/139
f 2650/118 2654/119 2651/120
f 2651/120 2654/119 2655/121
f 2656/153 2652/133 2657/154
f 2657/154 2652/133 2653/132
f 2654/119 2658/126 2655/121
f 2655/121 2658/126 2659/127
f 2321/129 2292/108 1565/139
f 1557/341 677/1870 2292/108
f 1565/139 2292/108 678/1871
f 2292/108 677/1870 678/1871
f 2658/126 2660/135 2659/127
f 2659/127 2660/135 2661/136
f 2662/162 2663/163 2665/164
f 2665/164 2663/163 2664/165
f 2660/135 2666/137 2661/136
f 2661/136 2666/137 2667/138
f 2668/179 2662/162 2669/180
f 2669/180 2662/162 2665/164
f 2666/137 2670/147 2667/138
f 2667/138 2670/147 2671/148
f 2672/209 2668/179 2673/210
f 2673/210 2668/179 2669/180
f 2674/157 2672/209 2675/159
f 2675/159 2672/209 2673/210
f 2676/212 2677/213 2679/214
f 2679/214 2677/213 2678/215
f 1920/156 2674/157 1921/158
f 1921/158 2674/157 2675/159
f 2677/213 2680/222 2678/215
f 2678/215 2680/222 2681/223
f 1683/1872 1220/1873 2683/462
f 2683/462 1220/1873 2682/463
f 1220/1873 1219/1874 2682/463
f 2680/222 2684/171 2681/223
f 2681/223 2684/171 2685/173
f 2345/163 2337/153 1585/165
f 1572/154 687/1875 2337/153
f 1585/165 2337/153 688/1876
f 2337/153 687/1875 688/1876
f 2686/59 2012/55 2687/58
f 2687/58 2012/55 1922/56
f 2688/172 2689/177 2691/174
f 2691/174 2689/177 2690/178
f 2692/184 2686/59 2693/185
f 2693/185 2686/59 2687/58
f 2689/177 2694/188 2690/178
f 2690/178 2694/188 2695/189
f 2696/190 2692/184 2697/191
f 2697/191 2692/184 2693/185
f 2694/188 2698/192 2695/189
f 2695/189 2698/192 2699/193
f 2700/194 2696/190 2701/195
f 2701/195 2696/190 2697/191
f 2698/192 2702/196 2699/193
f 2699/193 2702/196 2703/197
f 2704/38 2700/194 2705/206
f 2705/206 2700/194 2701/195
f 2702/196 2706/207 2703/197
f 2703/197 2706/207 2707/208
f 2708/36 2704/38 2709/35
f 2709/35 2704/38 2705/206
f 2706/207 2708/36 2707/208
f 2707/208 2708/36 2709/35
f 1857/179 2344/162 1858/1324
f 1594/1011 690/1877 2344/162
f 1858/1324 2344/162 691/1878
f 2344/162 690/1877 691/1878
f 2710/89 2221/67 2518/90
f 2224/69 2517/1879 2221/67
f 2221/67 2517/1879 2518/90
f 2711/81 2710/89 1935/83
f 2518/90 1933/1880 2710/89
f 2710/89 1933/1880 1935/83
f 2683/1318 2682/1316 2714/951
f 2713/952 2714/951 2712/1881
f 2682/1316 2712/1881 2714/951
f 2715/171 2357/172 1726/1882
f 1729/174 819/1883 2357/172
f 1726/1882 2357/172 820/1884
f 2357/172 819/1883 820/1884
f 2716/59 1852/55 1713/58
f 1855/56 744/1885 1852/55
f 1713/58 1852/55 746/1886
f 1852/55 744/1885 746/1886
f 2717/93 2718/80 1155/1887
f 1936/82 1195/1888 2718/80
f 2718/80 1195/1888 1155/1887
f 2719/102 2717/93 1949/103
f 1155/1887 1248/1889 2717/93
f 2717/93 1248/1889 1949/103
f 2363/184 2716/59 1715/185
f 1713/58 747/1890 2716/59
f 1715/185 2716/59 748/1891
f 2716/59 747/1890 748/1891
f 2435/279 1910/279 2720/1892
f 1910/279 1016/24 2720/1892
f 1016/24 1556/24 2720/1892
f 2721/106 2719/102 1951/323
f 1949/103 1948/1893 2719/102
f 2719/102 1948/1893 1951/323
f 2722/108 2721/106 1952/341
f 1951/323 1950/1894 2721/106
f 2721/106 1950/1894 1952/341
f 2375/194 2362/190 1718/195
f 1716/191 751/1895 2362/190
f 1718/195 2362/190 752/1896
f 2362/190 751/1895 752/1896
f 2723/1897 2724/1898 2446/1815
f 2446/1815 2724/1898 2447/1816
f 2725/133 2726/129 1974/132
f 1960/139 1959/1899 2726/129
f 2726/129 1959/1899 1974/132
f 2727/153 2725/133 1989/154
f 1974/132 1973/1900 2725/133
f 2725/133 1973/1900 1989/154
f 791/365 422/365 1916/1348
f 1916/1348 422/365 2043/1348
f 2043/1348 422/365 2044/1348
f 190/198 302/198 422/365
f 422/365 302/198 2044/1348
f 1882/184 2728/59 1883/185
f 1740/58 846/1901 2728/59
f 1883/185 2728/59 847/1902
f 2728/59 846/1901 847/1902
f 2729/162 2730/163 2007/1011
f 2001/165 2000/1903 2730/163
f 2730/163 2000/1903 2007/1011
f 2258/137 2264/147 2259/138
f 2267/148 2731/1904 2264/147
f 2264/147 2731/1904 2259/138
f 2741/1905 2732/1906 2740/1907
f 2740/1907 2732/1906 2739/1908
f 2739/1908 2732/1906 73/76
f 2736/1909 361/1910 2735/1911
f 361/1910 121/1912 2735/1911
f 873/634 2737/1913 286/632
f 74/77 73/76 2738/1914
f 73/76 2732/1906 2738/1914
f 2738/1914 2732/1906 2737/1913
f 121/1912 108/1915 2735/1911
f 108/1915 107/1916 2735/1911
f 2734/1917 2735/1911 2733/1918
f 107/1916 286/632 2735/1911
f 286/632 2737/1913 2735/1911
f 2737/1913 2732/1906 2735/1911
f 2732/1906 2733/1918 2735/1911
f 2288/156 1730/157 2289/158
f 1601/159 2027/1919 1730/157
f 1730/157 2027/1919 2289/158
f 2307/59 2296/55 2308/58
f 2297/56 2742/1920 2296/55
f 2296/55 2742/1920 2308/58
f 2331/36 2327/38 2332/35
f 2328/206 2743/1921 2327/38
f 2327/38 2743/1921 2332/35
f 2746/1922 2747/1923 2745/1924
f 2747/1923 2748/1925 2745/1924
f 2767/1926 58/1927 2766/1928
f 2748/1925 2749/1929 2745/1924
f 2766/1928 58/1927 2765/1930
f 2749/1929 2750/1931 2745/1924
f 2765/1930 58/1927 2764/1932
f 2750/1931 2751/1933 2745/1924
f 2764/1932 58/1927 2763/1934
f 2751/1933 2752/1935 2745/1924
f 2763/1934 58/1927 2762/1936
f 2752/1935 2753/1937 2745/1924
f 2762/1936 58/1927 2761/1938
f 2753/1937 2754/1939 2745/1924
f 58/1927 2744/1940 2761/1938
f 2761/1938 2744/1940 2760/1941
f 2754/1939 2755/1942 2745/1924
f 2760/1941 2744/1940 2759/1943
f 2755/1942 2756/1944 2745/1924
f 2759/1943 2744/1940 2758/1945
f 2756/1944 2757/1946 2745/1924
f 2758/1945 2744/1940 2757/1946
f 2744/1940 2745/1924 2757/1946
f 2336/1742 2129/969 1899/1334
f 1899/1334 2129/969 1764/970
f 2728/59 2768/1947 1740/58
f 1135/55 966/56 2768/1947
f 966/56 1739/1948 2768/1947
f 2768/1947 1739/1948 1740/58
f 1720/50 1015/50 2769/1949
f 1911/969 2602/969 1015/50
f 1015/50 2602/969 2769/1949
f 1040/1950 1092/1951 973/1952
f 1092/1951 1043/1953 973/1952
f 2310/188 2770/1954 2311/189
f 2322/192 2325/193 2770/1954
f 2770/1954 2325/193 2311/189
f 302/1955 303/1956 947/1957
f 303/1956 56/1958 947/1957
f 243/1959 242/1960 281/1961
f 281/1961 242/1960 58/1927
f 58/1927 242/1960 56/1958
f 242/1960 249/1962 56/1958
f 656/1963 947/1957 249/1962
f 56/1958 249/1962 947/1957
f 2771/953 2772/954 2401/1289
f 2772/954 2773/1964 2401/1289
f 2773/1964 2402/1291 2401/1289
f 660/60 1719/60 661/60
f 1719/60 228/60 661/60
f 1724/60 1723/60 227/60
f 227/60 1723/60 228/60
f 228/60 1723/60 661/60
f 2774/951 1524/952 2775/953
f 1735/954 2775/953 1743/1965
f 1524/952 1743/1965 2775/953
f 2410/67 2405/68 2411/69
f 2408/70 2776/1966 2405/68
f 2405/68 2776/1966 2411/69
f 2398/1810 2777/1967 1725/116
f 2777/1967 1754/1247 1725/116
f 1650/52 1725/116 1754/1247
f 830/619 952/619 421/116
f 952/619 1859/1968 421/116
f 1859/1968 1858/1969 421/116
f 1858/1969 691/555 421/116
f 307/52 421/116 691/555
f 2463/163 2450/153 2464/165
f 2451/154 2778/1970 2450/153
f 2450/153 2778/1970 2464/165
f 2470/147 2476/212 2471/148
f 2479/214 2779/1971 2476/212
f 2476/212 2779/1971 2471/148
f 2046/1450 2447/1816 2782/1972
f 2782/1972 2447/1816 2781/1973
f 2447/1816 2780/1974 2781/1973
f 2426/93 2783/1975 2427/94
f 2419/80 2420/82 2783/1975
f 2783/1975 2420/82 2427/94
f 2781/1976 1741/309 2782/1977
f 1741/309 1717/1028 2782/1977
f 1717/1028 2312/1733 2782/1977
f 1796/142 2637/118 1797/349
f 1608/120 717/1978 2637/118
f 1797/349 2637/118 716/1979
f 716/1979 2637/118 715/1980
f 2637/118 717/1978 715/1980
f 1741/309 2781/1976 1764/970
f 1900/1335 1764/970 2780/1981
f 1764/970 2781/1976 2780/1981
f 2784/81 2528/89 2378/83
f 2529/90 2376/1982 2528/89
f 2528/89 2376/1982 2378/83
f 2516/1318 2515/1316 2787/951
f 2786/952 2787/951 2785/1983
f 2515/1316 2785/1983 2787/951
f 2510/207 2788/1984 2511/208
f 2512/36 2513/35 2788/1984
f 2788/1984 2513/35 2511/208
f 2789/106 2790/102 2385/323
f 2383/103 2382/1985 2790/102
f 2790/102 2382/1985 2385/323
f 2791/108 2789/106 2386/341
f 2385/323 2384/1986 2789/106
f 2789/106 2384/1986 2386/341
f 2792/133 2793/129 2393/132
f 2391/139 2390/1987 2793/129
f 2793/129 2390/1987 2393/132
f 2794/153 2792/133 2395/154
f 2393/132 2392/1988 2792/133
f 2792/133 2392/1988 2395/154
f 2795/163 2794/153 2396/165
f 2395/154 2394/1989 2794/153
f 2794/153 2394/1989 2396/165
f 2561/137 2563/147 2562/138
f 2566/148 2796/1990 2563/147
f 2563/147 2796/1990 2562/138
f 2797/209 2798/179 2399/210
f 2777/1324 2398/1991 2798/179
f 2798/179 2398/1991 2399/210
f 1848/222 2715/171 1849/1323
f 1726/1882 812/1992 2715/171
f 1849/1323 2715/171 810/1993
f 810/1993 2715/171 808/1994
f 2715/171 812/1992 808/1994
f 2799/38 2591/194 2459/206
f 2592/195 2456/1995 2591/194
f 2591/194 2456/1995 2459/206
f 2599/36 2799/38 2600/35
f 2459/206 2458/1996 2799/38
f 2799/38 2458/1996 2600/35
f 2782/1972 2312/1997 2046/1450
f 2046/1450 2312/1997 2043/1448
f 2312/1997 1915/1998 2043/1448
f 1915/1998 1916/1999 2043/1448
f 2587/188 2800/2000 2588/189
f 2593/192 2596/193 2800/2000
f 2800/2000 2596/193 2588/189
f 1493/1122 1789/2001 658/1
f 1789/2001 1788/2002 658/1
f 1788/2002 1793/2003 658/1
f 683/3 658/1 716/562
f 716/562 658/1 1797/2004
f 658/1 1793/2003 1797/2004
f 2726/129 2722/108 1960/139
f 1952/341 1249/2005 2722/108
f 1960/139 2722/108 1250/2006
f 2722/108 1249/2005 1250/2006
f 2801/953 2802/954 2609/1289
f 2802/954 2803/2007 2609/1289
f 2803/2007 2610/1291 2609/1289
f 2730/163 2727/153 2001/165
f 1989/154 1269/2008 2727/153
f 2001/165 2727/153 1270/2009
f 2727/153 1269/2008 1270/2009
f 1590/179 2729/162 1588/180
f 2007/1011 1298/2010 2729/162
f 1588/180 2729/162 1299/2011
f 2729/162 1298/2010 1299/2011
f 2618/67 2613/68 2619/69
f 2616/70 2804/2012 2613/68
f 2613/68 2804/2012 2619/69
f 1499/160 1905/156 1500/161
f 1686/158 919/2013 1905/156
f 1500/161 1905/156 297/2014
f 297/2014 1905/156 295/2015
f 295/2015 1905/156 924/2016
f 924/2016 1905/156 922/2017
f 1905/156 919/2013 922/2017
f 2663/163 2656/153 2664/165
f 2657/154 2805/2018 2656/153
f 2656/153 2805/2018 2664/165
f 2718/80 2806/2019 1936/82
f 2711/81 1935/83 2806/2019
f 1935/83 1934/2020 2806/2019
f 2806/2019 1934/2020 1936/82
f 2670/147 2676/212 2671/148
f 2679/214 2807/2021 2676/212
f 2676/212 2807/2021 2671/148
f 2714/951 2713/952 2774/951
f 2713/952 2808/952 2774/951
f 2808/952 1522/952 2774/951
f 1522/952 1524/952 2774/951
f 2634/93 2809/2022 2635/94
f 2627/80 2628/82 2809/2022
f 2809/2022 2628/82 2635/94
f 1662/1184 1845/2023 683/3
f 1845/2023 1844/2024 683/3
f 1844/2024 1847/2025 683/3
f 1847/2025 1849/2026 683/3
f 1849/2026 810/612 683/3
f 683/3 810/612 809/611
f 2684/171 2810/2027 2685/173
f 2688/172 2691/174 2810/2027
f 2810/2027 2691/174 2685/173
f 2377/1790 1193/41 2538/2028
f 1744/1235 2539/2029 1650/52
f 1193/41 1650/52 2538/2028
f 1650/52 2539/2029 2538/2028
f 2775/953 1735/954 2771/953
f 1735/954 1734/954 2771/953
f 1734/954 2811/954 2771/953
f 2811/954 2772/954 2771/953
f 421/116 1339/1028 847/630
f 847/630 1339/1028 1883/2030
f 1883/2030 1339/1028 1884/2031
f 1884/2031 1339/1028 2379/1847
f 2379/1847 1339/1028 2388/1848
f 1339/1028 2544/2032 2388/1848
f 2742/2033 2297/2034 1523/2035
f 2297/2034 2290/2036 1523/2035
f 1329/116 1523/2035 2027/1419
f 2027/1419 1523/2035 2289/2037
f 1523/2035 2290/2036 2289/2037
f 2790/102 2536/93 2383/103
f 2539/94 1744/2038 2536/93
f 2383/103 2536/93 1745/2039
f 2536/93 1744/2038 1745/2039
f 2812/2040 2813/2041 230/235
f 230/235 2813/2041 227/233
f 2813/2041 2814/2042 227/233
f 2814/2042 50/2043 227/233
f 50/2043 53/2044 227/233
f 53/2044 267/2045 227/233
f 267/2045 570/2046 227/233
f 570/2046 733/2047 227/233
f 733/2047 987/2048 227/233
f 987/2048 1194/2049 227/233
f 1194/2049 1433/2050 227/233
f 1433/2050 1724/2051 227/233
f 2793/129 2791/108 2391/139
f 2386/341 1746/2052 2791/108
f 2391/139 2791/108 1747/2053
f 2791/108 1746/2052 1747/2053
f 2815/162 2795/163 2397/1011
f 2396/165 1749/2054 2795/163
f 2397/1011 2795/163 1750/2055
f 2795/163 1749/2054 1750/2055
f 2798/179 2815/162 2777/1324
f 2397/1011 1753/2056 2815/162
f 2777/1324 2815/162 1754/2057
f 2815/162 1753/2056 1754/2057
f 2816/157 2797/209 2400/159
f 2399/210 1756/2058 2797/209
f 2400/159 2797/209 1757/2059
f 2797/209 1756/2058 1757/2059
f 2537/80 2817/2060 2538/82
f 2784/81 2378/83 2817/2060
f 2378/83 2377/2061 2817/2060
f 2817/2060 2377/2061 2538/82
f 2787/951 2786/952 2605/951
f 2786/952 2457/952 2605/951
f 2457/952 2818/952 2605/951
f 2818/952 2606/952 2605/951
f 2608/953 2607/954 2801/953
f 2607/954 2819/954 2801/953
f 2819/954 2820/954 2801/953
f 2820/954 2802/954 2801/953
f 1247/2062 1123/2063 328/2064
f 329/2065 328/2064 942/2066
f 328/2064 1123/2063 942/2066
f 1123/2063 1040/1950 942/2066
f 1040/1950 999/2067 942/2066
f 942/2066 999/2067 912/2068
f 999/2067 986/2069 912/2068
f 973/1952 970/2070 986/2069
f 986/2069 970/2070 912/2068
f 1762/1273 1540/2071 718/1271
f 1540/2071 1535/2072 718/1271
f 1535/2072 1532/2073 718/1271
f 692/2074 718/1271 296/286
f 1532/2073 1528/2075 718/1271
f 1528/2075 1518/2076 718/1271
f 296/286 718/1271 297/287
f 297/287 718/1271 1500/2077
f 1500/2077 718/1271 1501/2078
f 718/1271 1518/2076 1501/2078
f 254/1859 1903/1858 256/2079
f 256/2079 1903/1858 916/2080
f 916/2080 1903/1858 911/2081
f 911/2081 1903/1858 902/2082
f 1826/2083 1825/2084 1903/1858
f 902/2082 1903/1858 896/2085
f 896/2085 1903/1858 890/2086
f 1334/2087 816/2088 1825/2084
f 890/2086 1903/1858 875/2089
f 1903/1858 1825/2084 875/2089
f 875/2089 1825/2084 862/2090
f 862/2090 1825/2084 849/2091
f 849/2091 1825/2084 834/2092
f 834/2092 1825/2084 815/2093
f 1825/2084 816/2088 815/2093
f 2572/156 2816/157 2573/158
f 2400/159 1758/2094 2816/157
f 2573/158 2816/157 1760/2095
f 1760/2095 2816/157 1759/2096
f 2816/157 1758/2094 1759/2096
f 1538/2097 1215/2098 1257/2099
f 328/2064 1257/2099 1247/2062
f 1257/2099 1215/2098 1247/2062
f 1247/2062 1215/2098 1198/2100
f 1215/2098 913/2101 1198/2100
f 1198/2100 913/2101 1119/2102
f 912/2068 970/2070 913/2101
f 970/2070 969/2103 913/2101
f 1043/1953 1119/2102 969/2103
f 969/2103 1119/2102 913/2101
f 2447/1816 2724/1898 2780/1974
f 2780/1974 2724/1898 1900/2104
f 1900/2104 2724/1898 1899/2105
f 2335/2106 2336/2107 2724/1898
f 2724/1898 2336/2107 1899/2105
f 1334/2087 1825/2084 785/2108
f 785/2108 1825/2084 767/2109
f 767/2109 1825/2084 750/2110
f 174/176 700/2111 34/41
f 700/2111 696/2112 34/41
f 312/294 34/41 542/2113
f 34/41 696/2112 542/2113
f 696/2112 695/2114 542/2113
f 695/2114 698/2115 542/2113
f 750/2110 1825/2084 743/2116
f 1825/2084 542/2113 743/2116
f 743/2116 542/2113 735/2117
f 735/2117 542/2113 208/2118
f 208/2118 542/2113 209/2119
f 209/2119 542/2113 720/2120
f 720/2120 542/2113 713/2121
f 713/2121 542/2113 710/2122
f 710/2122 542/2113 707/2123
f 707/2123 542/2113 705/2124
f 542/2113 698/2115 705/2124
f 2603/1259 1833/1259 2723/1741
f 1864/969 2129/969 1833/1259
f 2335/1741 2724/1741 2129/969
f 2724/1741 2723/1741 2129/969
f 1833/1259 2129/969 2723/1741
f 279/2125 314/2126 280/2127
f 314/2126 345/2128 280/2127
f 280/2127 345/2128 655/2129
f 345/2128 418/2130 655/2129
f 418/2130 436/2131 655/2129
f 436/2131 452/2132 655/2129
f 452/2132 469/2133 655/2129
f 469/2133 492/2134 655/2129
f 492/2134 512/2135 655/2129
f 512/2135 522/2136 655/2129
f 522/2136 538/2137 655/2129
f 538/2137 548/2138 655/2129
f 548/2138 560/2139 655/2129
f 560/2139 571/2140 655/2129
f 571/2140 577/2141 655/2129
f 655/2129 577/2141 589/2142
f 1596/1161 1368/2143 1597/1162
f 1368/2143 1360/2144 1597/1162
f 1776/2145 1597/1162 728/570
f 1360/2144 1341/2146 1597/1162
f 1341/2146 1327/2147 1597/1162
f 729/568 728/570 1255/2148
f 1327/2147 1317/2149 1597/1162
f 1597/1162 1317/2149 728/570
f 1317/2149 1307/2150 728/570
f 1307/2150 1306/2151 728/570
f 1306/2151 1268/2152 728/570
f 1268/2152 1262/2153 728/570
f 1262/2153 1256/2154 728/570
f 728/570 1256/2154 1255/2148
f 2742/2033 1523/2035 2308/2155
f 1522/2156 2808/2157 1523/2035
f 2808/2157 2743/2158 1523/2035
f 2743/2158 2328/2159 1523/2035
f 2328/2159 2319/2160 1523/2035
f 2319/2160 2315/2161 1523/2035
f 2315/2161 2309/2162 1523/2035
f 2309/2162 2308/2155 1523/2035
f 1223/953 654/954 1775/953
f 654/954 692/954 1775/953
f 692/954 296/954 1775/953
f 296/954 923/954 1775/953
f 923/954 921/954 1775/953
f 921/954 920/954 1775/953
f 920/954 1679/954 1775/953
f 1679/954 905/954 1775/953
f 905/954 904/954 1775/953
f 904/954 1652/954 1775/953
f 1652/954 1641/954 1775/953
f 1641/954 884/954 1775/953
f 884/954 883/954 1775/953
f 883/954 1597/954 1775/953
f 1597/954 1776/954 1775/953
f 711/2163 337/2164 30/39
f 337/2164 336/2165 30/39
f 336/2165 344/2166 30/39
f 30/39 344/2166 31/40
f 344/2166 351/2167 31/40
f 351/2167 360/2168 31/40
f 360/2168 386/2169 31/40
f 386/2169 406/2170 31/40
f 406/2170 425/2171 31/40
f 652/2172 651/2173 1084/2174
f 184/187 31/40 651/2173
f 31/40 425/2171 651/2173
f 425/2171 442/2175 651/2173
f 442/2175 458/2176 651/2173
f 458/2176 490/2177 651/2173
f 490/2177 519/2178 651/2173
f 519/2178 534/2179 651/2173
f 1028/2180 1084/2174 649/2181
f 534/2179 554/2182 651/2173
f 554/2182 588/2183 651/2173
f 649/2181 1084/2174 647/2184
f 588/2183 587/2185 651/2173
f 647/2184 1084/2174 641/2186
f 587/2185 596/2187 651/2173
f 641/2186 1084/2174 633/2188
f 596/2187 606/2189 651/2173
f 633/2188 1084/2174 624/2190
f 1084/2174 651/2173 624/2190
f 624/2190 651/2173 615/2191
f 651/2173 606/2189 615/2191
f 1864/969 1904/309 1259/970
f 2819/2192 2607/2193 1904/309
f 1904/309 2607/2193 1259/970
f 2607/2193 2606/2194 1259/970
f 2818/2195 1725/116 2606/2194
f 2606/2194 1725/116 1259/970
f 1725/116 1659/1179 1259/970
f 1259/970 1659/1179 1260/969
f 1028/2180 643/2196 1084/2174
f 643/2196 637/2197 1084/2174
f 637/2197 630/2198 1084/2174
f 1084/2174 630/2198 1085/2199
f 630/2198 619/2200 1085/2199
f 619/2200 611/2201 1085/2199
f 611/2201 602/2202 1085/2199
f 602/2202 592/2203 1085/2199
f 592/2203 580/2204 1085/2199
f 580/2204 565/2205 1085/2199
f 565/2205 545/2206 1085/2199
f 545/2206 525/2207 1085/2199
f 2821/42 128/54 30/39
f 127/128 1085/2199 128/54
f 525/2207 504/2208 1085/2199
f 504/2208 476/2209 1085/2199
f 476/2209 449/2210 1085/2199
f 711/2163 30/39 325/2211
f 325/2211 30/39 322/2212
f 449/2210 132/2213 1085/2199
f 1085/2199 132/2213 128/54
f 132/2213 131/2214 128/54
f 131/2214 395/2215 128/54
f 395/2215 372/2216 128/54
f 322/2212 30/39 323/2217
f 30/39 128/54 323/2217
f 323/2217 128/54 327/2218
f 327/2218 128/54 332/2219
f 332/2219 128/54 340/2220
f 340/2220 128/54 348/2221
f 348/2221 128/54 356/2222
f 128/54 372/2216 356/2222
f 69/73 183/186 198/1
f 183/186 977/2223 198/1
f 198/1 977/2223 1685/2224
f 1685/2224 977/2223 996/2225
f 996/2225 977/2223 993/2226
f 1763/2227 1748/2228 976/2229
f 1748/2228 1116/2230 976/2229
f 1116/2230 1107/2231 976/2229
f 1107/2231 1098/2232 976/2229
f 1098/2232 1089/2233 976/2229
f 993/2226 977/2223 994/2234
f 1089/2233 1079/2235 976/2229
f 994/2234 977/2223 998/2236
f 1079/2235 1066/2237 976/2229
f 998/2236 977/2223 1003/2238
f 1066/2237 1065/2239 976/2229
f 976/2229 1065/2239 977/2223
f 1065/2239 1047/2240 977/2223
f 1047/2240 1039/2241 977/2223
f 1039/2241 1031/2242 977/2223
f 1031/2242 1022/2243 977/2223
f 1022/2243 1011/2244 977/2223
f 977/2223 1011/2244 1003/2238
f 2380/1851 2387/1852 1897/2245
f 1897/2245 2387/1852 1895/2246
f 1895/2246 2387/1852 1889/2247
f 1889/2247 2387/1852 1887/2248
f 2256/2249 2255/2250 2387/1852
f 1887/2248 2387/1852 1880/2251
f 1880/2251 2387/1852 1877/2252
f 940/2253 1851/2254 2255/2250
f 1877/2252 2387/1852 1872/2255
f 2387/1852 2255/2250 1872/2255
f 1872/2255 2255/2250 1870/2256
f 1870/2256 2255/2250 1868/2257
f 1868/2257 2255/2250 1866/2258
f 1866/2258 2255/2250 1861/2259
f 2255/2250 1851/2254 1861/2259
f 1725/116 2818/2195 1760/1265
f 1760/1265 2818/2195 2573/2260
f 2573/2260 2818/2195 2574/2261
f 2574/2261 2818/2195 2578/2262
f 2578/2262 2818/2195 2582/2263
f 2582/2263 2818/2195 2586/2264
f 2586/2264 2818/2195 2590/2265
f 2590/2265 2818/2195 2592/2266
f 2592/2266 2818/2195 2456/1818
f 2818/2195 2457/1819 2456/1818
f 1227/2267 1226/2268 2552/2269
f 1226/2268 2022/2270 2552/2269
f 2520/2271 2552/2269 2521/2272
f 2022/2270 2016/2273 2552/2269
f 2016/2273 2011/2274 2552/2269
f 2551/2275 2521/2272 1967/2276
f 2011/2274 2006/2277 2552/2269
f 2552/2269 2006/2277 2521/2272
f 2006/2277 1998/2278 2521/2272
f 1998/2278 1992/2279 2521/2272
f 1992/2279 1984/2280 2521/2272
f 1984/2280 1977/2281 2521/2272
f 1977/2281 1968/2282 2521/2272
f 2521/2272 1968/2282 1967/2276
f 37/636 60/2283 873/634
f 60/2283 83/2284 873/634
f 620/2285 676/2286 49/2287
f 49/2287 676/2286 115/2288
f 115/2288 676/2286 160/2289
f 160/2289 676/2286 158/2290
f 158/2290 676/2286 159/2291
f 83/2284 63/2292 873/634
f 159/2291 676/2286 200/2293
f 63/2292 62/2294 873/634
f 200/2293 676/2286 177/2295
f 62/2294 86/2296 873/634
f 177/2295 676/2286 161/2297
f 86/2296 78/2298 873/634
f 161/2297 676/2286 162/2299
f 162/2299 676/2286 155/2300
f 78/2298 77/2301 873/634
f 873/634 77/2301 676/2286
f 77/2301 90/2302 676/2286
f 90/2302 99/2303 676/2286
f 99/2303 103/2304 676/2286
f 103/2304 105/2305 676/2286
f 105/2305 138/2306 676/2286
f 138/2306 149/2307 676/2286
f 676/2286 149/2307 155/2300
f 940/2253 2255/2250 941/2308
f 941/2308 2255/2250 1841/2309
f 1425/1079 1805/2310 191/41
f 1805/2310 1801/2311 191/41
f 1841/2309 2255/2250 1837/2312
f 2255/2250 1751/2313 1837/2312
f 1837/2312 1751/2313 1832/2314
f 1832/2314 1751/2313 1824/2315
f 1824/2315 1751/2313 1820/2316
f 1820/2316 1751/2313 1816/2317
f 1816/2317 1751/2313 887/2318
f 887/2318 1751/2313 888/2319
f 888/2319 1751/2313 1809/2320
f 1809/2320 1751/2313 1807/2321
f 1807/2321 1751/2313 1803/2322
f 1721/1208 191/41 1751/2313
f 1801/2311 1800/2323 191/41
f 1803/2322 1751/2313 1800/2323
f 1751/2313 191/41 1800/2323
f 2743/2158 2808/2157 2332/2324
f 2332/2324 2808/2157 2330/2325
f 2330/2325 2808/2157 2324/2326
f 2324/2326 2808/2157 2325/2327
f 2713/2328 2712/2329 2808/2157
f 2325/2327 2808/2157 2311/2330
f 2311/2330 2808/2157 2304/2331
f 2731/2332 2267/2333 2712/2329
f 2304/2331 2808/2157 2300/2334
f 2808/2157 2712/2329 2300/2334
f 2300/2334 2712/2329 2294/2335
f 2294/2335 2712/2329 2283/2336
f 2283/2336 2712/2329 2275/2337
f 2275/2337 2712/2329 2266/2338
f 2712/2329 2267/2333 2266/2338
f 2778/2339 2451/2340 2811/2341
f 2451/2340 2445/2342 2811/2341
f 2772/2343 2811/2341 2773/2344
f 2445/2342 2441/2345 2811/2341
f 2441/2345 2437/2346 2811/2341
f 2776/2347 2773/2344 2411/2348
f 2437/2346 2432/2349 2811/2341
f 2811/2341 2432/2349 2773/2344
f 2432/2349 2428/2350 2773/2344
f 2428/2350 2427/2351 2773/2344
f 2427/2351 2420/2352 2773/2344
f 2420/2352 2416/2353 2773/2344
f 2416/2353 2412/2354 2773/2344
f 2773/2344 2412/2354 2411/2348
f 361/1910 2736/1909 142/2355
f 142/2355 2736/1909 117/2356
f 117/2356 2736/1909 118/2357
f 118/2357 2736/1909 125/2358
f 49/2287 116/2359 620/2285
f 125/2358 2736/1909 134/2360
f 116/2359 182/2361 620/2285
f 134/2360 2736/1909 136/2362
f 136/2362 2736/1909 147/2363
f 182/2361 186/2364 620/2285
f 147/2363 2736/1909 202/2365
f 186/2364 188/2366 620/2285
f 2736/1909 736/2367 202/2365
f 202/2365 736/2367 203/2368
f 203/2368 736/2367 215/2369
f 215/2369 736/2367 172/2370
f 172/2370 736/2367 173/2371
f 173/2371 736/2367 176/2372
f 736/2367 133/2373 176/2372
f 176/2372 133/2373 185/2374
f 133/2373 225/2375 185/2374
f 225/2375 236/2376 185/2374
f 185/2374 236/2376 187/2377
f 187/2377 236/2376 189/2378
f 189/2378 236/2376 196/2379
f 196/2379 236/2376 197/2380
f 238/2381 620/2285 236/2376
f 197/2380 236/2376 195/2382
f 188/2366 195/2382 620/2285
f 236/2376 620/2285 195/2382
f 546/1 199/1 1432/3
f 285/3 1699/3 199/1
f 1699/3 945/2383 199/1
f 945/2383 938/2384 199/1
f 938/2384 931/2385 199/1
f 931/2385 929/2386 199/1
f 929/2386 927/2387 199/1
f 1755/3 1432/3 1074/2383
f 927/2387 926/2388 199/1
f 1074/2383 1432/3 1062/2384
f 926/2388 925/2389 199/1
f 1062/2384 1432/3 1055/2385
f 925/2389 928/2390 199/1
f 1055/2385 1432/3 1045/2386
f 928/2390 930/2391 199/1
f 1045/2386 1432/3 1032/2387
f 930/2391 935/2392 199/1
f 1032/2387 1432/3 1014/2388
f 935/2392 943/2393 199/1
f 1014/2388 1432/3 989/2389
f 943/2393 946/2394 199/1
f 989/2389 1432/3 982/2390
f 946/2394 948/2394 199/1
f 982/2390 1432/3 979/2391
f 199/1 948/2394 1432/3
f 948/2394 958/2393 1432/3
f 958/2393 967/2392 1432/3
f 967/2392 979/2391 1432/3
f 658/1 2218/1827 659/527
f 659/527 2218/1827 1774/2395
f 1774/2395 2218/1827 1770/2396
f 1770/2396 2218/1827 1767/2397
f 1670/1188 1669/1187 2217/2398
f 1669/1187 1839/2399 2217/2398
f 1839/2399 1835/2400 2217/2398
f 1835/2400 1830/2401 2217/2398
f 1830/2401 1822/2402 2217/2398
f 1767/2397 2218/1827 1768/2403
f 1822/2402 1818/2404 2217/2398
f 1768/2403 2218/1827 1772/2405
f 1818/2404 1814/2406 2217/2398
f 1772/2405 2218/1827 1779/2407
f 1814/2406 1813/2408 2217/2398
f 2217/2398 1813/2408 2218/1827
f 1813/2408 1795/2409 2218/1827
f 1795/2409 1791/2410 2218/1827
f 1791/2410 1785/2411 2218/1827
f 1785/2411 1783/2412 2218/1827
f 1783/2412 1781/2413 2218/1827
f 1781/2413 1779/2407 2218/1827
f 2551/2275 1964/2414 2521/2272
f 1964/2414 1963/2415 2521/2272
f 2521/2272 1963/2415 1954/2416
f 1963/2415 1970/2417 1954/2416
f 1970/2417 1981/2418 1954/2416
f 1981/2418 1988/2419 1954/2416
f 1988/2419 1995/2420 1954/2416
f 1995/2420 2003/2421 1954/2416
f 2003/2421 1206/2422 1954/2416
f 1206/2422 1205/2423 1954/2416
f 1205/2423 2019/2424 1954/2416
f 2601/2425 1258/279 2073/2426
f 2019/2424 2026/2427 1954/2416
f 2073/2426 1258/279 2062/2428
f 1955/1853 1954/2416 1258/279
f 2062/2428 1258/279 2050/2429
f 2026/2427 2031/2430 1954/2416
f 2050/2429 1258/279 2031/2430
f 1258/279 1954/2416 2031/2430
f 2805/2431 2657/2432 2820/2433
f 2657/2432 2653/2434 2820/2433
f 2802/2435 2820/2433 2803/2436
f 2653/2434 2649/2437 2820/2433
f 2649/2437 2645/2438 2820/2433
f 2804/2439 2803/2436 2619/2440
f 2645/2438 2641/2441 2820/2433
f 2820/2433 2641/2441 2803/2436
f 2641/2441 2636/2442 2803/2436
f 2636/2442 2635/2443 2803/2436
f 2635/2443 2628/2444 2803/2436
f 2628/2444 2624/2445 2803/2436
f 2624/2445 2620/2446 2803/2436
f 2803/2436 2620/2446 2619/2440
f 2458/1821 2457/1819 2600/2447
f 2600/2447 2457/1819 2598/2448
f 2598/2448 2457/1819 2595/2449
f 2595/2449 2457/1819 2596/2450
f 2786/2451 2785/2452 2457/1819
f 2596/2450 2457/1819 2588/2453
f 2588/2453 2457/1819 2584/2454
f 2796/2455 2566/2456 2785/2452
f 2584/2454 2457/1819 2580/2457
f 2457/1819 2785/2452 2580/2457
f 2580/2457 2785/2452 2576/2458
f 2576/2458 2785/2452 2570/2459
f 2570/2459 2785/2452 2568/2460
f 2568/2460 2785/2452 2565/2461
f 2785/2452 2566/2456 2565/2461
f 1133/2462 1127/2463 1161/2464
f 1127/2463 1126/2465 1161/2464
f 1126/2465 1143/2466 1161/2464
f 1143/2466 1147/2467 1161/2464
f 1161/2464 1147/2467 1181/2468
f 1147/2467 1150/2469 1181/2468
f 1181/2468 1150/2469 1188/2470
f 1150/2469 1156/2471 1188/2470
f 1188/2470 1156/2471 1189/2472
f 1156/2471 1160/2473 1189/2472
f 1189/2472 1160/2473 1190/2474
f 1160/2473 1167/2475 1190/2474
f 1190/2474 1167/2475 1192/2476
f 1192/2476 1167/2475 1196/2477
f 1167/2475 1174/2478 1196/2477
f 1196/2477 1174/2478 1200/2479
f 1174/2478 1186/2480 1200/2479
f 1200/2479 1186/2480 1201/2481
f 1186/2480 1191/2482 1201/2481
f 1201/2481 1191/2482 1203/2483
f 1191/2482 1197/2484 1203/2483
f 1203/2483 1197/2484 1207/2485
f 1197/2484 1202/2486 1207/2485
f 1207/2485 1202/2486 1210/2487
f 1210/2487 1202/2486 1213/2488
f 1202/2486 1209/2489 1213/2488
f 2731/2332 2712/2329 2259/2490
f 2259/2490 2712/2329 2254/2491
f 2254/2491 2712/2329 2252/2492
f 2517/1832 2224/2493 1044/768
f 2252/2492 2712/2329 2250/2494
f 2712/2329 2682/2495 2250/2494
f 2250/2494 2682/2495 2247/2496
f 2247/2496 2682/2495 2243/2497
f 2243/2497 2682/2495 2241/2498
f 2241/2498 2682/2495 2239/2499
f 2239/2499 2682/2495 2237/2500
f 2237/2500 2682/2495 2234/2501
f 2234/2501 2682/2495 2230/2502
f 2230/2502 2682/2495 2228/2503
f 2228/2503 2682/2495 2226/2504
f 1219/949 1044/768 2682/2495
f 2224/2493 2223/2505 1044/768
f 2226/2504 2682/2495 2223/2505
f 2682/2495 1044/768 2223/2505
f 499/2506 501/2507 43/39
f 501/2507 1396/2508 43/39
f 43/39 1396/2508 1937/2509
f 1396/2508 1400/2510 1937/2509
f 1400/2510 1407/2511 1937/2509
f 1407/2511 1415/2512 1937/2509
f 1415/2512 1430/2513 1937/2509
f 1430/2513 1447/2514 1937/2509
f 1447/2514 1463/2515 1937/2509
f 1463/2515 1471/2516 1937/2509
f 1471/2516 1491/2517 1937/2509
f 1491/2517 1520/2518 1937/2509
f 1938/2519 1937/2509 1957/2520
f 1520/2518 1530/2521 1937/2509
f 1530/2521 1542/2522 1937/2509
f 1542/2522 1555/2523 1937/2509
f 1555/2523 1562/2524 1937/2509
f 1943/2525 1957/2520 1634/2526
f 1562/2524 1576/2527 1937/2509
f 1634/2526 1957/2520 1630/2528
f 1576/2527 1575/2529 1937/2509
f 1630/2528 1957/2520 1622/2530
f 1575/2529 1587/2531 1937/2509
f 1622/2530 1957/2520 1614/2532
f 1587/2531 1600/2533 1937/2509
f 1614/2532 1957/2520 1610/2534
f 1957/2520 1937/2509 1610/2534
f 1610/2534 1937/2509 1605/2535
f 1937/2509 1600/2533 1605/2535
f 130/2536 233/2537 1086/2538
f 233/2537 448/2539 1086/2538
f 448/2539 475/2540 1086/2538
f 475/2540 503/2541 1086/2538
f 503/2541 524/2542 1086/2538
f 524/2542 544/2543 1086/2538
f 544/2543 564/2544 1086/2538
f 1086/2538 564/2544 653/2545
f 564/2544 579/2546 653/2545
f 579/2546 591/2547 653/2545
f 591/2547 601/2548 653/2545
f 601/2548 610/2549 653/2545
f 610/2549 618/2550 653/2545
f 618/2550 629/2551 653/2545
f 629/2551 636/2552 653/2545
f 636/2552 642/2553 653/2545
f 642/2553 648/2554 653/2545
f 648/2554 646/2555 653/2545
f 646/2555 640/2556 653/2545
f 640/2556 632/2557 653/2545
f 632/2557 623/2558 653/2545
f 1236/2559 650/2560 585/2561
f 650/2560 653/2545 585/2561
f 585/2561 653/2545 586/2562
f 586/2562 653/2545 595/2563
f 595/2563 653/2545 605/2564
f 605/2564 653/2545 614/2565
f 653/2545 623/2558 614/2565
f 1755/3 1091/2566 1432/3
f 1699/3 285/3 954/2566
f 1432/3 1091/2566 1723/60
f 1091/2566 1090/2567 1723/60
f 1090/2567 1096/2568 1723/60
f 1096/2568 1100/2569 1723/60
f 1100/2569 1104/2570 1723/60
f 285/3 661/60 954/2566
f 954/2566 661/60 955/2567
f 955/2567 661/60 965/2568
f 965/2568 661/60 968/2569
f 968/2569 661/60 981/2570
f 981/2570 661/60 985/2571
f 1104/2570 1108/2571 1723/60
f 985/2571 661/60 1001/2572
f 1108/2571 1111/2572 1723/60
f 1001/2572 661/60 1024/2573
f 1111/2572 1109/2573 1723/60
f 1024/2573 661/60 1037/2574
f 1109/2573 1105/2574 1723/60
f 1037/2574 661/60 1050/2575
f 1105/2574 1103/2575 1723/60
f 661/60 1723/60 1050/2575
f 1050/2575 1723/60 1058/2576
f 1058/2576 1723/60 1067/2577
f 1067/2577 1723/60 1080/2578
f 1080/2578 1723/60 1087/2578
f 1087/2578 1723/60 1095/2577
f 1095/2577 1723/60 1099/2576
f 1103/2575 1099/2576 1723/60
f 1656/2579 1655/2580 1531/2581
f 1775/2582 1917/2583 1223/2584
f 1917/2583 1305/2585 1223/2584
f 1305/2585 1304/2586 1223/2584
f 1304/2586 1316/2587 1223/2584
f 1316/2587 1326/2588 1223/2584
f 1655/2580 1944/2589 1531/2581
f 1326/2588 1340/2590 1223/2584
f 1340/2590 1359/2591 1223/2584
f 1359/2591 1367/2592 1223/2584
f 1531/2581 1944/2589 1527/2593
f 1367/2592 1878/2594 1223/2584
f 1527/2593 1944/2589 1517/2595
f 1878/2594 1902/2596 1223/2584
f 1517/2595 1944/2589 1498/2597
f 1498/2597 1944/2589 1499/2598
f 1902/2596 1901/2599 1223/2584
f 1499/2598 1944/2589 1905/2600
f 1901/2599 530/2601 1223/2584
f 1905/2600 1944/2589 723/2602
f 530/2601 723/2602 1223/2584
f 1944/2589 1223/2584 723/2602
f 1943/2525 1624/2603 1957/2520
f 1624/2603 1618/2604 1957/2520
f 42/42 258/252 43/39
f 1618/2604 1612/2605 1957/2520
f 1957/2520 1612/2605 1616/2606
f 1612/2605 1607/2607 1616/2606
f 1607/2607 1603/2608 1616/2606
f 1603/2608 1593/2609 1616/2606
f 1593/2609 1583/2610 1616/2606
f 1583/2610 1571/2611 1616/2606
f 1571/2611 1567/2612 1616/2606
f 1567/2612 1560/2613 1616/2606
f 1560/2613 1551/2614 1616/2606
f 1580/1155 1616/2606 258/252
f 1551/2614 1537/2615 1616/2606
f 1537/2615 1526/2616 1616/2606
f 499/2506 43/39 500/2617
f 258/252 1616/2606 43/39
f 1526/2616 1515/2618 1616/2606
f 500/2617 43/39 1390/2619
f 1515/2618 559/2620 1616/2606
f 1390/2619 43/39 1394/2621
f 559/2620 558/2622 1616/2606
f 1394/2621 43/39 1398/2623
f 558/2622 1453/2624 1616/2606
f 1398/2623 43/39 1404/2625
f 1453/2624 1442/2626 1616/2606
f 1404/2625 43/39 1410/2627
f 1442/2626 1420/2628 1616/2606
f 1410/2627 43/39 1420/2628
f 1616/2606 1420/2628 43/39
f 2776/2347 2408/2629 2773/2344
f 2408/2629 2407/2630 2773/2344
f 2779/2631 1910/279 2471/2632
f 2471/2632 1910/279 2467/2633
f 2407/2630 2414/2634 2773/2344
f 2773/2344 2414/2634 2402/2635
f 2414/2634 2418/2636 2402/2635
f 2418/2636 2422/2637 2402/2635
f 2422/2637 2424/2638 2402/2635
f 2424/2638 2430/2639 2402/2635
f 2430/2639 2434/2640 2402/2635
f 2434/2640 2439/2641 2402/2635
f 2439/2641 2443/2642 2402/2635
f 2443/2642 2449/2643 2402/2635
f 2403/1814 2402/2635 1910/279
f 2467/2633 1910/279 2461/2644
f 2449/2643 2455/2645 2402/2635
f 2461/2644 1910/279 2455/2645
f 1910/279 2402/2635 2455/2645
f 1685/2224 1008/2646 198/1
f 1748/2228 1763/2227 1131/2647
f 1008/2646 1007/2648 198/1
f 1007/2648 1019/2649 198/1
f 1131/2647 1763/2227 1132/2650
f 1763/2227 1357/2651 1132/2650
f 1132/2650 1357/2651 1140/2652
f 1140/2652 1357/2651 1146/2653
f 1146/2653 1357/2651 1152/2654
f 1152/2654 1357/2651 1159/2655
f 1159/2655 1357/2651 1169/2656
f 1169/2656 1357/2651 1173/2657
f 198/1 1019/2649 284/3
f 1019/2649 1026/2658 284/3
f 1026/2658 1035/2659 284/3
f 1035/2659 1042/2660 284/3
f 1042/2660 1052/2661 284/3
f 1052/2661 1060/2662 284/3
f 1060/2662 1072/2663 284/3
f 1072/2663 1082/2664 284/3
f 1082/2664 1094/2665 284/3
f 1356/1146 1016/24 1357/2651
f 1016/24 284/3 1357/2651
f 1094/2665 1102/2666 284/3
f 1173/2657 1357/2651 1180/2667
f 1102/2666 1114/2668 284/3
f 1114/2668 1118/2669 284/3
f 1180/2667 1357/2651 1185/2670
f 1118/2669 1125/2671 284/3
f 1125/2671 1137/2672 284/3
f 1185/2670 1357/2651 1183/2673
f 1357/2651 284/3 1183/2673
f 1183/2673 284/3 1176/2674
f 1176/2674 284/3 1171/2675
f 1171/2675 284/3 1164/2676
f 1164/2676 284/3 1165/2677
f 1165/2677 284/3 1149/2678
f 1149/2678 284/3 1142/2679
f 284/3 1137/2672 1142/2679
f 2796/2455 2785/2452 2562/2680
f 2562/2680 2785/2452 2560/2681
f 2560/2681 2785/2452 2558/2682
f 2376/1792 2529/2683 1193/41
f 2529/2683 2525/2684 1193/41
f 2558/2682 2785/2452 2556/2685
f 2785/2452 2515/2686 2556/2685
f 2556/2685 2515/2686 2554/2687
f 2554/2687 2515/2686 2550/2688
f 2550/2688 2515/2686 2548/2689
f 2548/2689 2515/2686 2543/2690
f 2543/2690 2515/2686 2541/2691
f 2541/2691 2515/2686 2535/2692
f 2535/2692 2515/2686 2533/2693
f 2533/2693 2515/2686 2531/2694
f 2531/2694 2515/2686 2527/2695
f 2452/1817 1193/41 2515/2686
f 2525/2684 2524/2696 1193/41
f 2527/2695 2515/2686 2524/2696
f 2515/2686 1193/41 2524/2696
f 2804/2439 2616/2697 2803/2436
f 2616/2697 2615/2698 2803/2436
f 2807/2699 1693/279 2671/2700
f 2671/2700 1693/279 2667/2701
f 2615/2698 2622/2702 2803/2436
f 2803/2436 2622/2702 2610/2703
f 2622/2702 2626/2704 2610/2703
f 2626/2704 2630/2705 2610/2703
f 2630/2705 2632/2706 2610/2703
f 2632/2706 2639/2707 2610/2703
f 2639/2707 2643/2708 2610/2703
f 2643/2708 2647/2709 2610/2703
f 2647/2709 2651/2710 2610/2703
f 2651/2710 2655/2711 2610/2703
f 2611/1869 2610/2703 1693/279
f 2667/2701 1693/279 2661/2712
f 2655/2711 2659/2713 2610/2703
f 2661/2712 1693/279 2659/2713
f 1693/279 2610/2703 2659/2713
f 170/2714 169/2715 293/2716
f 897/2717 655/2129 689/2718
f 279/2125 293/2716 314/2126
f 314/2126 293/2716 315/2719
f 315/2719 293/2716 318/2720
f 318/2720 293/2716 341/2721
f 341/2721 293/2716 357/2722
f 357/2722 293/2716 382/2723
f 382/2723 293/2716 402/2724
f 402/2724 293/2716 416/2725
f 416/2725 293/2716 433/2726
f 433/2726 293/2716 445/2727
f 445/2727 293/2716 459/2728
f 459/2728 293/2716 479/2729
f 479/2729 293/2716 494/2730
f 494/2730 293/2716 508/2731
f 508/2731 293/2716 520/2732
f 520/2732 293/2716 526/2733
f 526/2733 293/2716 536/2734
f 536/2734 293/2716 540/2735
f 540/2735 293/2716 550/2736
f 550/2736 293/2716 555/2737
f 555/2737 293/2716 562/2738
f 562/2738 293/2716 566/2739
f 566/2739 293/2716 568/2740
f 568/2740 293/2716 573/2741
f 573/2741 293/2716 575/2742
f 644/2743 680/2744 638/2745
f 638/2745 680/2744 634/2746
f 589/2142 593/2747 655/2129
f 634/2746 680/2744 627/2748
f 593/2747 597/2749 655/2129
f 597/2749 603/2750 655/2129
f 627/2748 680/2744 621/2751
f 603/2750 608/2752 655/2129
f 575/2742 293/2716 599/2753
f 621/2751 680/2744 616/2754
f 608/2752 612/2755 655/2129
f 616/2754 680/2744 612/2755
f 612/2755 680/2744 655/2129
f 680/2744 701/2756 655/2129
f 655/2129 701/2756 689/2718
f 701/2756 599/2753 689/2718
f 293/2716 169/2715 599/2753
f 599/2753 169/2715 689/2718
f 557/2757 727/2758 1615/2759
f 727/2758 1514/2760 1615/2759
f 1514/2760 1525/2761 1615/2759
f 1525/2761 1536/2762 1615/2759
f 1536/2762 1550/2763 1615/2759
f 1550/2763 1559/2764 1615/2759
f 1559/2764 1566/2765 1615/2759
f 1615/2759 1566/2765 1939/2766
f 1566/2765 1570/2767 1939/2766
f 1570/2767 1582/2768 1939/2766
f 1582/2768 1592/2769 1939/2766
f 1592/2769 1602/2770 1939/2766
f 1602/2770 1606/2771 1939/2766
f 1606/2771 1611/2772 1939/2766
f 1611/2772 1617/2773 1939/2766
f 1617/2773 1623/2774 1939/2766
f 1623/2774 1633/2775 1939/2766
f 1633/2775 1629/2776 1939/2766
f 1629/2776 1621/2777 1939/2766
f 1621/2777 1613/2778 1939/2766
f 1613/2778 1609/2779 1939/2766
f 2101/2780 1691/2781 1573/2782
f 1691/2781 1939/2766 1573/2782
f 1573/2782 1939/2766 1574/2783
f 1574/2783 1939/2766 1586/2784
f 1586/2784 1939/2766 1599/2785
f 1599/2785 1939/2766 1604/2786
f 1939/2766 1609/2779 1604/2786
f 1810/2787 1064/2788 975/2789
f 1064/2788 1063/2790 975/2789
f 1063/2790 1078/2791 975/2789
f 1719/2792 1720/2793 1898/2794
f 1078/2791 1088/2795 975/2789
f 1898/2794 1720/2793 1162/2796
f 1162/2796 1720/2793 1163/2797
f 1088/2795 1097/2798 975/2789
f 2769/2799 2720/2800 1720/2793
f 1355/2801 1358/2802 1556/2803
f 1163/2797 1720/2793 1170/2804
f 1097/2798 1106/2805 975/2789
f 1170/2804 1720/2793 1175/2806
f 1175/2806 1720/2793 1182/2807
f 1106/2805 1115/2808 975/2789
f 975/2789 1115/2808 1358/2802
f 1115/2808 1130/2809 1358/2802
f 1130/2809 1129/2810 1358/2802
f 1129/2810 1139/2811 1358/2802
f 1139/2811 1145/2812 1358/2802
f 1145/2812 1151/2813 1358/2802
f 1151/2813 1158/2814 1358/2802
f 1158/2814 1168/2815 1358/2802
f 1168/2815 1172/2816 1358/2802
f 1172/2816 1179/2817 1358/2802
f 1179/2817 1184/2818 1358/2802
f 1182/2807 1720/2793 1184/2818
f 1184/2818 1720/2793 1358/2802
f 1358/2802 1720/2793 1556/2803
f 1720/2793 2720/2800 1556/2803
f 2381/2819 1812/2820 2216/2821
f 1380/2822 1187/2823 950/2824
f 1812/2820 1811/2825 2216/2821
f 1187/2823 1371/2826 950/2824
f 1371/2826 2367/2827 950/2824
f 950/2824 2367/2827 1121/2828
f 1121/2828 2367/2827 2366/2829
f 2366/2829 2367/2827 2372/2830
f 2372/2830 2367/2827 1128/2831
f 1128/2831 2367/2827 960/2832
f 1811/2825 1817/2833 2216/2821
f 960/2832 2367/2827 2374/2834
f 1817/2833 1821/2835 2216/2821
f 2374/2834 2367/2827 2375/2836
f 1821/2835 1829/2837 2216/2821
f 2375/2836 2367/2827 2362/2838
f 2367/2827 2216/2821 2362/2838
f 2362/2838 2216/2821 2363/2839
f 2363/2839 2216/2821 2716/2840
f 2716/2840 2216/2821 1852/2841
f 1852/2841 2216/2821 1853/2842
f 1853/2842 2216/2821 1112/2843
f 1112/2843 2216/2821 934/2844
f 934/2844 2216/2821 1838/2845
f 1838/2845 2216/2821 1834/2846
f 2216/2821 1829/2837 1834/2846
f 346/2847 317/2848 419/2849
f 317/2848 316/2850 419/2849
f 419/2849 316/2850 437/2851
f 316/2850 319/2852 437/2851
f 437/2851 319/2852 453/2853
f 319/2852 342/2854 453/2853
f 453/2853 342/2854 470/2855
f 470/2855 342/2854 493/2856
f 342/2854 358/2857 493/2856
f 493/2856 358/2857 513/2858
f 358/2857 383/2859 513/2858
f 513/2858 383/2859 523/2860
f 383/2859 403/2861 523/2860
f 523/2860 403/2861 539/2862
f 539/2862 403/2861 549/2863
f 403/2861 417/2864 549/2863
f 549/2863 417/2864 561/2865
f 417/2864 434/2866 561/2865
f 561/2865 434/2866 572/2867
f 434/2866 446/2868 572/2867
f 572/2867 446/2868 578/2869
f 446/2868 460/2870 578/2869
f 578/2869 460/2870 590/2871
f 590/2871 460/2870 594/2872
f 460/2870 480/2873 594/2872
f 594/2872 480/2873 598/2874
f 480/2873 495/2875 598/2874
f 598/2874 495/2875 604/2876
f 495/2875 509/2877 604/2876
f 604/2876 509/2877 609/2878
f 509/2877 521/2879 609/2878
f 609/2878 521/2879 613/2880
f 613/2880 521/2879 617/2881
f 521/2879 527/2882 617/2881
f 617/2881 527/2882 622/2883
f 527/2882 537/2884 622/2883
f 622/2883 537/2884 628/2885
f 537/2884 541/2886 628/2885
f 628/2885 541/2886 635/2887
f 541/2886 551/2888 635/2887
f 635/2887 551/2888 639/2889
f 551/2888 556/2890 639/2889
f 639/2889 556/2890 645/2891
f 556/2890 563/2892 645/2891
f 600/2893 702/2894 576/2895
f 576/2895 702/2894 574/2896
f 574/2896 702/2894 569/2897
f 569/2897 702/2894 567/2898
f 681/2899 645/2891 702/2894
f 702/2894 645/2891 567/2898
f 645/2891 563/2892 567/2898
f 2544/2032 1339/1028 2545/2900
f 1339/1028 1424/309 2545/2900
f 2552/2269 2545/2900 1227/2267
f 1227/2267 2545/2900 1230/2901
f 1230/2901 2545/2900 2056/2902
f 2056/2902 2545/2900 2066/2903
f 2066/2903 2545/2900 2076/2904
f 2545/2900 1424/309 2076/2904
f 2076/2904 1424/309 2084/2905
f 2084/2905 1424/309 2095/2906
f 2095/2906 1424/309 2103/2907
f 2103/2907 1424/309 1286/2908
f 1286/2908 1424/309 1287/2909
f 1287/2909 1424/309 2121/2910
f 2121/2910 1424/309 2127/2911
f 2127/2911 1424/309 2134/2912
f 2134/2912 1424/309 2138/2913
f 2601/2425 2089/2914 1258/279
f 2138/2913 1424/309 2142/2915
f 2089/2914 2088/2916 1258/279
f 2142/2915 1424/309 2140/2917
f 1424/309 1258/279 2140/2917
f 2140/2917 1258/279 2136/2918
f 2136/2918 1258/279 2131/2919
f 2131/2919 1258/279 2124/2920
f 2124/2920 1258/279 2116/2921
f 2116/2921 1258/279 2112/2922
f 2112/2922 1258/279 2107/2923
f 2107/2923 1258/279 2098/2924
f 1258/279 2088/2916 2098/2924
f 1752/2925 2257/2926 886/2927
f 886/2927 2257/2926 1073/2928
f 1073/2928 2257/2926 1815/2929
f 1815/2929 2257/2926 1819/2930
f 2768/2931 2728/2932 2389/2933
f 1819/2930 2257/2926 1823/2934
f 2728/2932 1882/2935 2389/2933
f 1823/2934 2257/2926 1831/2936
f 1882/2935 1881/2937 2389/2933
f 1831/2936 2257/2926 1836/2938
f 1881/2937 1891/2939 2389/2933
f 1836/2938 2257/2926 1840/2940
f 1891/2939 1890/2941 2389/2933
f 1840/2940 2257/2926 1110/2942
f 1890/2941 1896/2943 2389/2933
f 1110/2942 2257/2926 939/2944
f 1896/2943 1894/2945 2389/2933
f 939/2944 2257/2926 1850/2946
f 1894/2945 1888/2947 2389/2933
f 1850/2946 2257/2926 1860/2948
f 1888/2947 1886/2949 2389/2933
f 1860/2948 2257/2926 1865/2950
f 1886/2949 1879/2951 2389/2933
f 2389/2933 1879/2951 2257/2926
f 1879/2951 1876/2952 2257/2926
f 1876/2952 1871/2953 2257/2926
f 1871/2953 1869/2954 2257/2926
f 1869/2954 1867/2955 2257/2926
f 2257/2926 1867/2955 1865/2950
f 1285/2956 1547/2957 2045/1451
f 1547/2957 2120/2958 2045/1451
f 1204/2959 1953/2960 1444/2961
f 2120/2958 2126/2962 2045/1451
f 2126/2962 2133/2963 2045/1451
f 1444/2961 1953/2960 2018/2964
f 2133/2963 2137/2965 2045/1451
f 2137/2965 2141/2966 2045/1451
f 2018/2964 1953/2960 2025/2967
f 1956/2968 2604/2969 1953/2960
f 2604/2969 2045/1451 1953/2960
f 2141/2966 2139/2970 2045/1451
f 2025/2967 1953/2960 2030/2971
f 2139/2970 2135/2972 2045/1451
f 2135/2972 2130/2973 2045/1451
f 2030/2971 1953/2960 2049/2974
f 2130/2973 2123/2975 2045/1451
f 2049/2974 1953/2960 2061/2976
f 2123/2975 2115/2977 2045/1451
f 2115/2977 2111/2978 2045/1451
f 2061/2976 1953/2960 2072/2979
f 1953/2960 2045/1451 2072/2979
f 2072/2979 2045/1451 2086/2980
f 2086/2980 2045/1451 2087/2981
f 2087/2981 2045/1451 2097/2982
f 2097/2982 2045/1451 2106/2983
f 2045/1451 2111/2978 2106/2983
f 2358/2984 2355/2985 1717/1028
f 2355/2985 2353/2986 1717/1028
f 2295/2985 1339/1028 2286/2986
f 2353/2986 2351/2987 1717/1028
f 2286/2986 1339/1028 2281/2987
f 2351/2987 2349/2988 1717/1028
f 2281/2987 1339/1028 2277/2988
f 2349/2988 2347/2989 1717/1028
f 2277/2988 1339/1028 2273/2989
f 2347/2989 2343/2990 1717/1028
f 2273/2989 1339/1028 2271/2990
f 2343/2990 2341/2991 1717/1028
f 2271/2990 1339/1028 2269/2991
f 2341/2991 2339/2992 1717/1028
f 2269/2991 1339/1028 2270/2992
f 2339/2992 2334/2993 1717/1028
f 2270/2992 1339/1028 2272/2993
f 2334/2993 2326/2994 1717/1028
f 2272/2993 1339/1028 2276/2994
f 2326/2994 2313/2995 1717/1028
f 2276/2994 1339/1028 2279/2995
f 2313/2995 2302/2996 1717/1028
f 2279/2995 1339/1028 2284/2996
f 1339/1028 1717/1028 2284/2996
f 2284/2996 1717/1028 2291/2997
f 2291/2997 1717/1028 2298/2997
f 2302/2996 2298/2997 1717/1028
f 1717/1028 1741/309 2358/2984
f 2358/2984 1741/309 2360/2998
f 1339/1028 2295/2985 1424/309
f 2295/2985 2301/2984 1424/309
f 2301/2984 2305/2998 1424/309
f 2360/2998 1741/309 2364/2999
f 2305/2998 2316/2999 1424/309
f 2364/2999 1741/309 2368/3000
f 2316/2999 2333/3000 1424/309
f 2368/3000 1741/309 2370/3001
f 2333/3000 2338/3001 1424/309
f 2370/3001 1741/309 2373/3002
f 2338/3001 2340/3002 1424/309
f 2340/3002 2342/3003 1424/309
f 2373/3002 1741/309 2371/3003
f 2342/3003 2346/3004 1424/309
f 2371/3003 1741/309 2369/3004
f 2369/3004 1741/309 2365/3005
f 2346/3004 2348/3006 1424/309
f 2365/3005 1741/309 2361/3007
f 2348/3006 2350/3007 1424/309
f 1741/309 1424/309 2361/3007
f 2361/3007 1424/309 2359/3008
f 2359/3008 1424/309 2356/3009
f 2356/3009 1424/309 2354/3009
f 2354/3009 1424/309 2352/3008
f 1424/309 2350/3007 2352/3008
f 1910/279 2779/2631 1736/309
f 2779/2631 2479/3010 1736/309
f 2479/3010 2478/3011 1736/309
f 2478/3011 2483/3012 1736/309
f 2483/3012 2487/3013 1736/309
f 2487/3013 2491/3014 1736/309
f 2491/3014 2495/3015 1736/309
f 2495/3015 2499/3016 1736/309
f 2499/3016 2503/3017 1736/309
f 1734/3018 1736/309 2811/2341
f 2503/3017 2507/3019 1736/309
f 2507/3019 2511/3020 1736/309
f 2778/2339 2811/2341 2464/3021
f 2511/3020 2513/3022 1736/309
f 2513/3022 2509/3023 1736/309
f 2464/3021 2811/2341 2465/3024
f 2509/3023 2505/3025 1736/309
f 2465/3024 2811/2341 2469/3026
f 2505/3025 2501/3027 1736/309
f 2469/3026 2811/2341 2473/3028
f 2501/3027 2497/3029 1736/309
f 2473/3028 2811/2341 2475/3030
f 2497/3029 2493/3031 1736/309
f 2475/3030 2811/2341 2481/3032
f 2811/2341 1736/309 2481/3032
f 2481/3032 1736/309 2485/3033
f 2485/3033 1736/309 2489/3034
f 1736/309 2493/3031 2489/3034
f 2806/3035 2683/3036 2711/3037
f 2711/3037 2683/3036 2710/3038
f 2710/3038 2683/3036 2221/3039
f 2221/3039 2683/3036 2222/3040
f 2222/3040 2683/3036 2225/3041
f 2225/3041 2683/3036 2227/3042
f 2227/3042 2683/3036 2229/3043
f 2683/3036 2714/3044 2229/3043
f 2229/3043 2714/3044 2233/3045
f 2233/3045 2714/3044 2236/3046
f 2236/3046 2714/3044 2238/3047
f 2238/3047 2714/3044 2240/3048
f 2240/3048 2714/3044 2242/3049
f 2242/3049 2714/3044 2246/3050
f 2246/3050 2714/3044 2249/3051
f 2249/3051 2714/3044 2251/3052
f 2251/3052 2714/3044 2253/3053
f 2253/3053 2714/3044 2258/3054
f 2258/3054 2714/3044 2264/3055
f 2264/3055 2714/3044 2265/3056
f 2770/3057 2310/3058 2774/3059
f 2774/3059 2310/3058 2714/3044
f 2310/3058 2303/3060 2714/3044
f 2303/3060 2299/3061 2714/3044
f 2299/3061 2293/3062 2714/3044
f 2293/3062 2282/3063 2714/3044
f 2282/3063 2274/3064 2714/3044
f 2714/3044 2274/3064 2265/3056
f 2045/1451 2604/2969 2446/1815
f 2604/2969 1947/3065 2446/1815
f 2446/1815 1947/3065 246/3066
f 1947/3065 1558/3067 246/3066
f 246/3066 1558/3067 333/3068
f 333/3068 1558/3067 866/3069
f 207/3070 294/3071 1828/3072
f 1828/3072 294/3071 543/3073
f 294/3071 719/3074 543/3073
f 719/3074 712/3075 543/3073
f 712/3075 709/3076 543/3073
f 709/3076 706/3077 543/3073
f 706/3077 704/3078 543/3073
f 704/3078 697/3079 543/3073
f 866/3069 1558/3067 853/3080
f 2736/1909 732/3081 736/2367
f 732/3081 311/3082 736/2367
f 736/2367 311/3082 547/3083
f 313/3084 543/3073 311/3082
f 311/3082 543/3073 547/3083
f 543/3073 697/3079 547/3083
f 697/3079 694/3085 547/3083
f 694/3085 693/3086 547/3083
f 693/3086 699/3087 547/3083
f 699/3087 1134/3088 547/3083
f 1134/3088 1138/3089 547/3083
f 1138/3089 1144/3090 547/3083
f 1144/3090 1153/3091 547/3083
f 1153/3091 1166/3092 547/3083
f 853/3080 1558/3067 854/3093
f 1166/3092 1212/3094 547/3083
f 547/3083 1212/3094 261/3095
f 261/3095 1212/3094 260/3096
f 1212/3094 1211/3097 260/3096
f 1211/3097 1224/3098 260/3096
f 1224/3098 1252/3099 260/3096
f 854/3093 1558/3067 1382/3100
f 1252/3099 1251/3101 260/3096
f 1382/3100 1558/3067 1350/3102
f 1251/3101 1321/3103 260/3096
f 1350/3102 1558/3067 1320/3104
f 1558/3067 260/3096 1320/3104
f 1321/3103 1320/3104 260/3096
f 2117/3105 581/3106 1742/3107
f 1917/2583 1775/2582 1267/3108
f 1267/3108 1775/2582 1261/3109
f 1261/3109 1775/2582 1253/3110
f 1253/3110 1775/2582 1254/3111
f 1742/3107 581/3106 858/3112
f 581/3106 740/3113 858/3112
f 858/3112 740/3113 857/3114
f 740/3113 1912/3115 857/3114
f 1912/3115 1909/3116 857/3114
f 1909/3116 1908/3117 857/3114
f 1908/3117 1907/3118 857/3114
f 1907/3118 1906/3119 857/3114
f 1906/3119 1456/3120 857/3114
f 1456/3120 1455/3121 857/3114
f 1254/3111 1775/2582 662/3122
f 1455/3121 2278/3123 857/3114
f 1521/3124 714/3125 1777/3126
f 703/3127 1727/3128 714/3125
f 1727/3128 1563/3129 714/3125
f 1563/3129 857/3114 714/3125
f 857/3114 2278/3123 714/3125
f 714/3125 2278/3123 1777/3126
f 2278/3123 2262/3130 1777/3126
f 2262/3130 1885/3131 1777/3126
f 1885/3131 1874/3132 1777/3126
f 1874/3132 1873/3133 1777/3126
f 1873/3133 1863/3134 1777/3126
f 1777/3126 1863/3134 1775/2582
f 1863/3134 1862/3135 1775/2582
f 1862/3135 2220/3136 1775/2582
f 2220/3136 2219/3137 1775/2582
f 2219/3137 1296/3138 1775/2582
f 1296/3138 1279/3139 1775/2582
f 1279/3139 1264/3140 1775/2582
f 1264/3140 1263/3141 1775/2582
f 1263/3141 396/3142 1775/2582
f 1775/2582 396/3142 662/3122
f 1693/279 2807/2699 1904/309
f 2807/2699 2679/3143 1904/309
f 2679/3143 2678/3144 1904/309
f 2678/3144 2681/3145 1904/309
f 2681/3145 2685/3146 1904/309
f 2685/3146 2691/3147 1904/309
f 2691/3147 2690/3148 1904/309
f 2690/3148 2695/3149 1904/309
f 2695/3149 2699/3150 1904/309
f 2819/2192 1904/309 2820/2433
f 2699/3150 2703/3151 1904/309
f 2703/3151 2707/3152 1904/309
f 2805/2431 2820/2433 2664/3153
f 2707/3152 2709/3154 1904/309
f 2709/3154 2705/3155 1904/309
f 2664/3153 2820/2433 2665/3156
f 2705/3155 2701/3157 1904/309
f 2665/3156 2820/2433 2669/3158
f 2701/3157 2697/3159 1904/309
f 2669/3158 2820/2433 2673/3160
f 2697/3159 2693/3161 1904/309
f 2673/3160 2820/2433 2675/3162
f 2693/3161 2687/3163 1904/309
f 2675/3162 2820/2433 1921/3164
f 2820/2433 1904/309 1921/3164
f 1921/3164 1904/309 1919/3165
f 1919/3165 1904/309 1922/3166
f 1904/309 2687/3163 1922/3166
f 2817/3167 2516/3168 2784/3169
f 2784/3169 2516/3168 2528/3170
f 2528/3170 2516/3168 2522/3171
f 2522/3171 2516/3168 2523/3172
f 2523/3172 2516/3168 2526/3173
f 2526/3173 2516/3168 2530/3174
f 2530/3174 2516/3168 2532/3175
f 2516/3168 2787/3176 2532/3175
f 2532/3175 2787/3176 2534/3177
f 2534/3177 2787/3176 2540/3178
f 2540/3178 2787/3176 2542/3179
f 2542/3179 2787/3176 2547/3180
f 2547/3180 2787/3176 2549/3181
f 2549/3181 2787/3176 2553/3182
f 2553/3182 2787/3176 2555/3183
f 2555/3183 2787/3176 2557/3184
f 2557/3184 2787/3176 2559/3185
f 2559/3185 2787/3176 2561/3186
f 2561/3186 2787/3176 2563/3187
f 2563/3187 2787/3176 2564/3188
f 2564/3188 2787/3176 2567/3189
f 2800/3190 2587/3191 2605/3192
f 2605/3192 2587/3191 2787/3176
f 2587/3191 2583/3193 2787/3176
f 2583/3193 2579/3194 2787/3176
f 2579/3194 2575/3195 2787/3176
f 2575/3195 2569/3196 2787/3176
f 2787/3176 2569/3196 2567/3189
f 2809/3197 2801/3198 2627/3199
f 2810/3200 2684/3201 2514/3202
f 2514/3202 2684/3201 2612/3203
f 2612/3203 2684/3201 2609/3204
f 2684/3201 2680/3205 2609/3204
f 2680/3205 2677/3206 2609/3204
f 2677/3206 2676/3207 2609/3204
f 2676/3207 2670/3208 2609/3204
f 2670/3208 2666/3209 2609/3204
f 2627/3199 2801/3198 2623/3210
f 2666/3209 2660/3211 2609/3204
f 2623/3210 2801/3198 2617/3212
f 2660/3211 2658/3213 2609/3204
f 2617/3212 2801/3198 2618/3214
f 2658/3213 2654/3215 2609/3204
f 2618/3214 2801/3198 2613/3216
f 2654/3215 2650/3217 2609/3204
f 2609/3204 2650/3217 2801/3198
f 2650/3217 2646/3218 2801/3198
f 2646/3218 2642/3219 2801/3198
f 2642/3219 2638/3220 2801/3198
f 2638/3220 2631/3221 2801/3198
f 2631/3221 2629/3222 2801/3198
f 2629/3222 2625/3223 2801/3198
f 2625/3223 2621/3224 2801/3198
f 2621/3224 2614/3225 2801/3198
f 2801/3198 2614/3225 2613/3216
f 2009/3226 2014/3227 1942/3228
f 2235/3229 2171/3230 1664/3231
f 2014/3227 2020/3232 1942/3228
f 2199/3233 1664/3231 2201/3234
f 2020/3232 2024/3235 1942/3228
f 2201/3234 1664/3231 2203/3236
f 2024/3235 2029/3237 1942/3228
f 2203/3236 1664/3231 2205/3238
f 1664/3231 2171/3230 2205/3238
f 2205/3238 2171/3230 2207/3239
f 2207/3239 2171/3230 2209/3240
f 2209/3240 2171/3230 2211/3241
f 2211/3241 2171/3230 2212/3242
f 2212/3242 2171/3230 2214/3243
f 2214/3243 2171/3230 2215/3244
f 2215/3244 2171/3230 2213/3245
f 2213/3245 2171/3230 2210/3246
f 2210/3246 2171/3230 2208/3247
f 2029/3237 2047/3248 1942/3228
f 2047/3248 2060/3249 1942/3228
f 2208/3247 2171/3230 2206/3250
f 2060/3249 2070/3251 1942/3228
f 2206/3250 2171/3230 2204/3252
f 2070/3251 2080/3253 1942/3228
f 2204/3252 2171/3230 2202/3254
f 2080/3253 2091/3255 1942/3228
f 2091/3255 2100/3256 1942/3228
f 2202/3254 2171/3230 2200/3257
f 2171/3230 1942/3228 2200/3257
f 2200/3257 1942/3228 2198/3258
f 2198/3258 1942/3228 2196/3259
f 2196/3259 1942/3228 2180/3260
f 2180/3260 1942/3228 2170/3261
f 2170/3261 1942/3228 2163/3262
f 2163/3262 1942/3228 2155/3263
f 2155/3263 1942/3228 2148/3264
f 2148/3264 1942/3228 2143/3265
f 2143/3265 1942/3228 2122/3266
f 2122/3266 1942/3228 2110/3267
f 1942/3228 2100/3256 2110/3267
f 1942/3228 1941/3268 2009/3226
f 2009/3226 1941/3268 2004/3269
f 1348/3270 1347/3271 1946/3272
f 2004/3269 1941/3268 1996/3273
f 1996/3273 1941/3268 1990/3274
f 1990/3274 1941/3268 1985/3275
f 1985/3275 1941/3268 1979/3276
f 1979/3276 1941/3268 1975/3277
f 1975/3277 1941/3268 1971/3278
f 1664/3231 2199/3233 1665/3279
f 1665/3279 2199/3233 1347/3271
f 2199/3233 2197/3280 1347/3271
f 2197/3280 2194/3281 1347/3271
f 2194/3281 2183/3282 1347/3271
f 2183/3282 2175/3283 1347/3271
f 1347/3271 2175/3283 1946/3272
f 2175/3283 2167/3284 1946/3272
f 2167/3284 2161/3285 1946/3272
f 2161/3285 2154/3286 1946/3272
f 2154/3286 2149/3287 1946/3272
f 2149/3287 2145/3288 1946/3272
f 2145/3288 2125/3289 1946/3272
f 2125/3289 2113/3290 1946/3272
f 2113/3290 2105/3291 1946/3272
f 1971/3278 1941/3268 1972/3292
f 2105/3291 2092/3293 1946/3272
f 1972/3292 1941/3268 1978/3294
f 1978/3294 1941/3268 1982/3295
f 2092/3293 2079/3296 1946/3272
f 1946/3272 2079/3296 1941/3268
f 2079/3296 2068/3297 1941/3268
f 2068/3297 2054/3298 1941/3268
f 2054/3298 2032/3299 1941/3268
f 2032/3299 2023/3300 1941/3268
f 2023/3300 2017/3301 1941/3268
f 2017/3301 2013/3302 1941/3268
f 2013/3302 2008/3303 1941/3268
f 2008/3303 1999/3304 1941/3268
f 1999/3304 1993/3305 1941/3268
f 1993/3305 1986/3306 1941/3268
f 1986/3306 1982/3295 1941/3268
f 2216/2821 1688/3307 2381/2819
f 2381/2819 1688/3307 1794/3308
f 1794/3308 1688/3307 1790/3309
f 1790/3309 1688/3307 1784/3310
f 1784/3310 1688/3307 1782/3311
f 1782/3311 1688/3307 1780/3312
f 1780/3312 1688/3307 1778/3313
f 1778/3313 1688/3307 1771/3314
f 1771/3314 1688/3307 1765/3315
f 1765/3315 1688/3307 1766/3316
f 917/3317 212/3318 684/3319
f 1766/3316 1688/3307 1769/3320
f 1216/3321 738/3322 825/3323
f 825/3323 738/3322 1688/3307
f 2195/3324 2186/3325 1940/3326
f 2186/3325 1958/3327 1940/3326
f 1958/3327 1380/2822 1940/3326
f 1940/3326 1380/2822 1235/3328
f 1769/3320 1688/3307 1773/3329
f 1380/2822 950/2824 1235/3328
f 1235/3328 950/2824 1234/3330
f 950/2824 1120/3331 1234/3330
f 1120/3331 2357/3332 1234/3330
f 2357/3332 2715/3333 1234/3330
f 2715/3333 1848/3334 1234/3330
f 1848/3334 1846/3335 1234/3330
f 1846/3335 1843/3336 1234/3330
f 1843/3336 1842/3337 1234/3330
f 1842/3337 2317/3338 1234/3330
f 1234/3330 2317/3338 484/3339
f 2317/3338 909/3340 484/3339
f 909/3340 1083/3341 484/3339
f 1083/3341 2285/3342 484/3339
f 1773/3329 1688/3307 2244/3343
f 684/3319 212/3318 685/3344
f 212/3318 484/3339 685/3344
f 685/3344 484/3339 737/3345
f 737/3345 484/3339 738/3322
f 738/3322 484/3339 1688/3307
f 484/3339 2285/3342 1688/3307
f 2285/3342 2637/3346 1688/3307
f 2637/3346 1796/3347 1688/3307
f 1796/3347 1792/3348 1688/3307
f 1792/3348 1787/3349 1688/3307
f 1787/3349 1786/3350 1688/3307
f 1786/3350 2245/3351 1688/3307
f 2245/3351 2244/3343 1688/3307
f 2783/3352 2771/3353 2419/3354
f 2419/3354 2771/3353 2415/3355
f 2415/3355 2771/3353 2409/3356
f 2409/3356 2771/3353 2410/3357
f 2410/3357 2771/3353 2405/3358
f 2404/3359 2435/3360 2401/3361
f 2720/2800 2769/2799 2435/3360
f 2769/2799 2602/3362 2435/3360
f 2602/3362 2603/3363 2435/3360
f 2405/3358 2771/3353 2406/3364
f 2435/3360 2603/3363 2401/3361
f 2406/3364 2771/3353 2413/3365
f 2771/3353 2401/3361 2413/3365
f 2413/3365 2401/3361 2417/3366
f 2417/3366 2401/3361 2421/3367
f 2421/3367 2401/3361 2423/3368
f 2423/3368 2401/3361 2429/3369
f 2429/3369 2401/3361 2433/3370
f 2433/3370 2401/3361 2438/3371
f 2438/3371 2401/3361 2442/3372
f 2442/3372 2401/3361 2448/3373
f 2401/3361 2603/3363 2448/3373
f 2448/3373 2603/3363 2454/3374
f 2454/3374 2603/3363 2460/3375
f 2460/3375 2603/3363 2466/3376
f 2466/3376 2603/3363 2470/3377
f 2470/3377 2603/3363 2476/3378
f 2476/3378 2603/3363 2477/3379
f 2477/3379 2603/3363 2482/3380
f 2482/3380 2603/3363 2486/3381
f 2486/3381 2603/3363 2490/3382
f 2490/3382 2603/3363 2494/3383
f 2494/3383 2603/3363 2498/3384
f 2498/3384 2603/3363 2502/3385
f 2502/3385 2603/3363 2506/3386
f 2506/3386 2603/3363 2510/3387
f 2723/1897 2788/3388 2603/3363
f 2603/3363 2788/3388 2510/3387
f 2074/3389 2071/3390 2078/3391
f 2071/3390 2067/3392 2078/3391
f 2067/3392 2063/3393 2078/3391
f 2063/3393 2059/3394 2078/3391
f 2059/3394 2057/3395 2078/3391
f 2057/3395 2052/3396 2078/3391
f 2052/3396 2051/3397 2078/3391
f 2051/3397 2042/3398 2078/3391
f 2042/3398 2040/3399 2078/3391
f 2040/3399 2038/3400 2078/3391
f 2038/3400 2036/3401 2078/3391
f 2036/3401 2035/3402 2078/3391
f 2035/3402 2034/3403 2078/3391
f 2034/3403 2033/3404 2078/3391
f 2033/3404 2037/3405 2078/3391
f 2037/3405 2039/3406 2078/3391
f 2078/3391 2039/3406 2081/3407
f 2039/3406 2041/3408 2081/3407
f 2081/3407 2041/3408 2085/3409
f 2041/3408 2048/3410 2085/3409
f 2085/3409 2048/3410 2096/3411
f 2048/3410 2053/3412 2096/3411
f 2096/3411 2053/3412 2099/3413
f 2053/3412 2058/3414 2099/3413
f 2099/3413 2058/3414 2108/3415
f 2058/3414 2064/3416 2108/3415
f 2108/3415 2064/3416 2114/3417
f 2064/3416 2069/3418 2114/3417
f 2114/3417 2069/3418 2119/3419
f 2069/3418 2077/3420 2119/3419
f 2119/3419 2077/3420 2132/3421
f 2077/3420 2082/3422 2132/3421
f 2132/3421 2082/3422 2146/3423
f 2082/3422 2093/3424 2146/3423
f 2146/3423 2093/3424 2150/3425
f 2093/3424 2104/3426 2150/3425
f 2150/3425 2104/3426 2153/3427
f 2104/3426 2109/3428 2153/3427
f 2153/3427 2109/3428 2160/3429
f 2109/3428 2118/3430 2160/3429
f 2160/3429 2118/3430 2164/3431
f 2118/3430 2128/3432 2164/3431
f 2164/3431 2128/3432 2168/3433
f 2128/3432 2144/3434 2168/3433
f 2168/3433 2144/3434 2174/3435
f 2144/3434 2147/3436 2174/3435
f 2174/3435 2147/3436 2177/3437
f 2147/3436 2151/3438 2177/3437
f 2177/3437 2151/3438 2181/3439
f 2151/3438 2152/3440 2181/3439
f 2181/3439 2152/3440 2184/3441
f 2152/3440 2156/3442 2184/3441
f 2184/3441 2156/3442 2188/3443
f 2156/3442 2159/3444 2188/3443
f 2188/3443 2159/3444 2190/3445
f 2159/3444 2162/3446 2190/3445
f 2162/3446 2165/3447 2190/3445
f 2190/3445 2165/3447 2192/3448
f 2165/3447 2166/3449 2192/3448
f 2192/3448 2166/3449 2193/3450
f 2166/3449 2169/3451 2193/3450
f 2169/3451 2173/3452 2193/3450
f 2173/3452 2176/3453 2193/3450
f 2193/3450 2176/3453 2191/3454
f 2176/3453 2178/3455 2191/3454
f 2178/3455 2179/3456 2191/3454
f 2191/3454 2179/3456 2189/3457
f 2179/3456 2182/3458 2189/3457
f 2185/3459 2187/3460 2182/3458
f 2182/3458 2187/3460 2189/3457
f 75/79 74/77 2843/3461
f 2843/3461 74/77 2842/3462
f 1953/2960 1204/2959 2519/3463
f 1204/2959 1437/3464 2519/3463
f 1437/3464 2002/3465 2519/3463
f 2002/3465 1994/3466 2519/3463
f 1994/3466 1987/3467 2519/3463
f 2842/3462 74/77 2841/3468
f 886/2927 1068/3469 1752/2925
f 1987/3467 1980/3470 2519/3463
f 1068/3469 1808/3471 1752/2925
f 1980/3470 1969/3472 2519/3463
f 2841/3468 74/77 2840/3473
f 1808/3471 1806/3474 1752/2925
f 1969/3472 1962/3475 2519/3463
f 2840/3473 74/77 2839/3476
f 1962/3475 1961/3477 2519/3463
f 1806/3474 1802/3478 1752/2925
f 2044/1449 302/1955 2045/1451
f 46/3479 48/3480 2845/3481
f 1722/3482 1752/2925 472/3483
f 2839/3476 74/77 2838/3484
f 1961/3477 1966/3485 2519/3463
f 1802/3478 1799/3486 1752/2925
f 2838/3484 74/77 2837/3487
f 74/77 2844/3488 2837/3487
f 2837/3487 2844/3488 2836/3489
f 2836/3489 2844/3488 2835/3490
f 2835/3490 2844/3488 2834/3491
f 2834/3491 2844/3488 2833/3492
f 2833/3492 2844/3488 2832/3493
f 2832/3493 2844/3488 2831/3494
f 2831/3494 2844/3488 2830/3495
f 2830/3495 2844/3488 2829/3496
f 2829/3496 2844/3488 27/3497
f 27/3497 2844/3488 28/3498
f 28/3498 2844/3488 2828/3499
f 1966/3485 1965/3500 2519/3463
f 1799/3486 1798/3501 1752/2925
f 2828/3499 2844/3488 2827/3502
f 2844/3488 2845/3481 2827/3502
f 2827/3502 2845/3481 2826/3503
f 2826/3503 2845/3481 2825/3504
f 2825/3504 2845/3481 2824/3505
f 2824/3505 2845/3481 2823/3506
f 2823/3506 2845/3481 2822/3507
f 2822/3507 2845/3481 2767/1926
f 2767/1926 2845/3481 58/1927
f 2845/3481 48/3480 58/1927
f 58/1927 48/3480 281/1961
f 281/1961 48/3480 299/3508
f 1965/3500 1976/3509 2519/3463
f 1798/3501 1804/3510 1752/2925
f 299/3508 48/3480 300/3511
f 48/3480 472/3483 300/3511
f 300/3511 472/3483 947/1957
f 947/1957 472/3483 302/1955
f 1976/3509 1983/3512 2519/3463
f 2519/3463 1983/3512 2546/3513
f 1983/3512 1991/3514 2546/3513
f 1991/3514 1997/3515 2546/3513
f 1997/3515 2005/3516 2546/3513
f 2005/3516 2010/3517 2546/3513
f 2010/3517 2015/3518 2546/3513
f 2015/3518 2021/3519 2546/3513
f 2021/3519 1228/3520 2546/3513
f 1228/3520 1472/3521 2546/3513
f 1472/3521 2055/3522 2546/3513
f 2055/3522 2065/3523 2546/3513
f 2065/3523 2075/3524 2546/3513
f 2075/3524 2083/3525 2546/3513
f 2083/3525 2094/3526 2546/3513
f 2768/2931 2389/2933 1135/3527
f 1285/2956 2045/1451 1543/3528
f 2094/3526 2102/3529 2546/3513
f 472/3483 1752/2925 302/1955
f 1752/2925 1804/3510 302/1955
f 1804/3510 2260/3530 302/1955
f 2260/3530 2261/3531 302/1955
f 2261/3531 2263/3532 302/1955
f 2263/3532 2268/3533 302/1955
f 2268/3533 2280/3534 302/1955
f 2280/3534 2292/3535 302/1955
f 2292/3535 2321/3536 302/1955
f 2321/3536 2320/3537 302/1955
f 2320/3537 2337/3538 302/1955
f 2337/3538 2345/3539 302/1955
f 2345/3539 2344/3540 302/1955
f 1543/3528 2045/1451 2102/3529
f 2102/3529 2045/1451 2546/3513
f 1135/3527 2389/2933 964/3541
f 2344/3540 1857/3542 302/1955
f 964/3541 2389/2933 953/3543
f 2546/3513 2045/1451 2389/2933
f 2045/1451 302/1955 2389/2933
f 2389/2933 302/1955 953/3543
f 953/3543 302/1955 1122/3544
f 1122/3544 302/1955 1856/3545
f 302/1955 1857/3542 1856/3545
f 975/2789 978/3546 1810/2787
f 1810/2787 978/3546 1046/3547
f 1046/3547 978/3546 1038/3548
f 1038/3548 978/3546 1030/3549
f 2874/3550 2875/3551 2873/3552
f 2873/3552 2875/3551 2872/3553
f 2872/3553 2875/3551 2871/3554
f 2871/3554 2875/3551 2870/3555
f 1030/3549 978/3546 1021/3556
f 2870/3555 2875/3551 2869/3557
f 1021/3556 978/3546 1010/3558
f 2869/3557 2875/3551 2868/3559
f 1010/3558 978/3546 1002/3560
f 1236/2559 553/3561 650/2560
f 2101/2780 1561/3562 1691/2781
f 2868/3559 2875/3551 2867/3563
f 553/3561 533/3564 650/2560
f 1688/3307 1691/2781 825/3323
f 1561/3562 1554/3565 1691/2781
f 1002/3560 978/3546 997/3566
f 2867/3563 2875/3551 2866/3567
f 1898/2794 1148/3568 1719/2792
f 533/3564 518/3569 650/2560
f 1554/3565 1541/3570 1691/2781
f 1148/3568 1141/3571 1719/2792
f 997/3566 978/3546 991/3572
f 2866/3567 2875/3551 2865/3573
f 1141/3571 1136/3574 1719/2792
f 518/3569 489/3575 650/2560
f 1541/3570 1529/3576 1691/2781
f 991/3572 978/3546 992/3577
f 2865/3573 2875/3551 2864/3578
f 1136/3574 1124/3579 1719/2792
f 489/3575 457/3580 650/2560
f 1529/3576 1519/3581 1691/2781
f 992/3577 978/3546 995/3582
f 2864/3578 2875/3551 2863/3583
f 228/3584 1719/2792 229/3585
f 1124/3579 1117/3586 1719/2792
f 310/3587 212/3318 1086/2538
f 801/3588 800/3589 917/3317
f 1579/3590 1581/3591 1615/2759
f 1727/3128 703/3127 1581/3591
f 703/3127 465/3592 1581/3591
f 465/3592 631/3593 1581/3591
f 1581/3591 631/3593 1615/2759
f 1615/2759 631/3593 557/2757
f 557/2757 631/3593 726/3594
f 726/3594 631/3593 1452/3595
f 1452/3595 631/3593 1441/3596
f 1441/3596 631/3593 1419/3597
f 1419/3597 631/3593 1409/3598
f 1409/3598 631/3593 1403/3599
f 2878/3600 2879/3601 2877/3602
f 2879/3601 2880/3603 2877/3602
f 2880/3603 2881/3604 2877/3602
f 2881/3604 2882/3605 2877/3602
f 2882/3605 2883/3606 2877/3602
f 2883/3606 2884/3607 2877/3602
f 2884/3607 2885/3608 2877/3602
f 1117/3586 1113/3609 1719/2792
f 457/3580 441/3610 650/2560
f 1403/3599 631/3593 1397/3611
f 1519/3581 1490/3612 1691/2781
f 995/3582 978/3546 1005/3613
f 2863/3583 2875/3551 2862/3614
f 2902/3615 229/3585 2901/3616
f 1397/3611 631/3593 1393/3617
f 631/3593 166/3618 1393/3617
f 1113/3609 1101/3619 1719/2792
f 166/3618 167/3620 1393/3617
f 1393/3617 167/3620 1389/3621
f 1389/3621 167/3620 708/3622
f 708/3622 167/3620 498/3623
f 498/3623 167/3620 1395/3624
f 1395/3624 167/3620 1399/3625
f 1399/3625 167/3620 1406/3626
f 1406/3626 167/3620 1414/3627
f 1414/3627 167/3620 1429/3628
f 1429/3628 167/3620 1446/3629
f 2885/3608 2886/3630 2877/3602
f 441/3610 424/3631 650/2560
f 1490/3612 1470/3632 1691/2781
f 2901/3616 229/3585 2900/3633
f 1005/3613 978/3546 1006/3634
f 2862/3614 2875/3551 2861/3635
f 1101/3619 1093/3636 1719/2792
f 1446/3629 167/3620 1462/3637
f 1691/2781 1470/3632 825/3323
f 1470/3632 1462/3637 825/3323
f 1462/3637 167/3620 825/3323
f 825/3323 167/3620 800/3589
f 800/3589 167/3620 917/3317
f 917/3317 167/3620 212/3318
f 2900/3633 229/3585 2899/3638
f 1093/3636 1081/3639 1719/2792
f 1006/3634 978/3546 1018/3640
f 424/3631 405/3641 650/2560
f 2886/3630 2887/3642 2877/3602
f 2861/3635 2875/3551 2860/3643
f 2899/3638 229/3585 2898/3644
f 167/3620 2846/3645 212/3318
f 2846/3645 2847/3646 212/3318
f 2847/3646 2848/3647 212/3318
f 2848/3647 2849/3648 212/3318
f 1086/2538 212/3318 130/2536
f 130/2536 212/3318 231/3649
f 231/3649 212/3318 394/3650
f 212/3318 2849/3648 394/3650
f 394/3650 2849/3648 371/3651
f 371/3651 2849/3648 355/3652
f 355/3652 2849/3648 347/3653
f 347/3653 2849/3648 339/3654
f 339/3654 2849/3648 331/3655
f 331/3655 2849/3648 326/3656
f 2849/3648 2850/3657 326/3656
f 1081/3639 1071/3658 1719/2792
f 1018/3640 978/3546 1025/3659
f 405/3641 385/3660 650/2560
f 2860/3643 2875/3551 2859/3661
f 2887/3642 2888/3662 2877/3602
f 2877/3602 2888/3662 2876/3663
f 2888/3662 2889/3664 2876/3663
f 2889/3664 2890/3665 2876/3663
f 2890/3665 2891/3666 2876/3663
f 2891/3666 2892/3667 2876/3663
f 2892/3667 2893/3668 2876/3663
f 2893/3668 2894/3669 2876/3663
f 2894/3669 2895/3670 2876/3663
f 2895/3670 2896/3671 2876/3663
f 2896/3671 2897/3672 2876/3663
f 2897/3672 2898/3644 2876/3663
f 2898/3644 229/3585 2876/3663
f 229/3585 1719/2792 2876/3663
f 2876/3663 1719/2792 2875/3551
f 326/3656 2850/3657 320/3673
f 2850/3657 2851/3674 320/3673
f 1071/3658 1059/3675 1719/2792
f 1025/3659 978/3546 1034/3676
f 385/3660 359/3677 650/2560
f 2859/3661 2875/3551 2858/3678
f 2875/3551 1719/2792 2858/3678
f 2858/3678 1719/2792 2857/3679
f 2857/3679 1719/2792 2856/3680
f 2856/3680 1719/2792 2855/3681
f 2855/3681 1719/2792 2854/3682
f 2854/3682 1719/2792 2853/3683
f 2853/3683 1719/2792 2852/3684
f 2852/3684 1719/2792 2851/3674
f 320/3673 2851/3674 321/3685
f 1059/3675 1051/3686 1719/2792
f 1034/3676 978/3546 1041/3687
f 359/3677 350/3688 650/2560
f 321/3685 2851/3674 324/3689
f 1051/3686 1041/3687 1719/2792
f 1041/3687 978/3546 1719/2792
f 350/3688 343/3690 650/2560
f 324/3689 2851/3674 334/3691
f 978/3546 650/2560 1719/2792
f 1719/2792 650/2560 2851/3674
f 343/3690 335/3692 650/2560
f 2851/3674 650/2560 334/3691
f 650/2560 335/3692 334/3691
f 2801/3198 2809/3197 2608/3693
f 2809/3197 2634/3694 2608/3693
f 2634/3694 2633/3695 2608/3693
f 2633/3695 2640/3696 2608/3693
f 2640/3696 2644/3697 2608/3693
f 2771/3353 2783/3352 2775/3698
f 2783/3352 2426/3699 2775/3698
f 2426/3699 2425/3700 2775/3698
f 2425/3700 2431/3701 2775/3698
f 2431/3701 2436/3702 2775/3698
f 2788/3388 2723/1897 2512/3703
f 2644/3697 2648/3704 2608/3693
f 2436/3702 2440/3705 2775/3698
f 581/3106 2117/3105 741/3706
f 2512/3703 2723/1897 2508/3707
f 2770/3057 2774/3059 2322/3708
f 2800/3190 2605/3192 2593/3709
f 2648/3704 2652/3710 2608/3693
f 2440/3705 2444/3711 2775/3698
f 2508/3707 2723/1897 2504/3712
f 2593/3709 2605/3192 2594/3713
f 2322/3708 2774/3059 2323/3714
f 2652/3710 2656/3715 2608/3693
f 2444/3711 2450/3716 2775/3698
f 2504/3712 2723/1897 2500/3717
f 2500/3717 2723/1897 2496/3718
f 2594/3713 2605/3192 2597/3719
f 2323/3714 2774/3059 2329/3720
f 2656/3715 2663/3721 2608/3693
f 2450/3716 2463/3722 2775/3698
f 2496/3718 2723/1897 2492/3723
f 2329/3720 2774/3059 2331/3724
f 2597/3719 2605/3192 2599/3725
f 2663/3721 2662/3726 2608/3693
f 2463/3722 2462/3727 2775/3698
f 2492/3723 2723/1897 2488/3728
f 2331/3724 2774/3059 2327/3729
f 2488/3728 2723/1897 2484/3730
f 2599/3725 2605/3192 2799/3731
f 2662/3726 2668/3732 2608/3693
f 2462/3727 2468/3733 2775/3698
f 1828/3072 1827/3734 207/3070
f 207/3070 1827/3734 298/3735
f 298/3735 1827/3734 734/3736
f 734/3736 1827/3734 742/3737
f 742/3737 1827/3734 749/3738
f 749/3738 1827/3734 766/3739
f 1223/2584 1944/2589 1222/3740
f 1925/3741 1924/3742 1944/2589
f 1944/2589 1924/3742 1222/3740
f 2172/3743 2248/3744 1928/3745
f 2453/3746 2516/3168 2117/3105
f 2186/3325 2195/3324 2090/3747
f 2195/3324 2028/3748 2090/3747
f 2028/3748 1503/3749 2090/3747
f 2090/3747 1503/3749 1578/3750
f 1683/3751 2683/3036 1416/3752
f 2484/3730 2723/1897 2480/3753
f 2799/3731 2605/3192 2591/3754
f 2327/3729 2774/3059 2318/3755
f 766/3739 1827/3734 784/3756
f 2668/3732 2672/3757 2608/3693
f 2468/3733 2472/3758 2775/3698
f 2480/3753 2723/1897 2474/3759
f 246/3066 338/3760 2446/1815
f 1531/2581 1534/3761 1656/2579
f 2474/3759 2723/1897 2472/3758
f 2472/3758 2723/1897 2775/3698
f 2775/3698 2723/1897 2774/3059
f 2318/3755 2774/3059 2314/3762
f 2591/3754 2605/3192 2589/3763
f 338/3760 898/3764 2446/1815
f 784/3756 1827/3734 813/3765
f 2672/3757 2674/3766 2608/3693
f 1534/3761 1539/3767 1656/2579
f 898/3764 906/3768 2446/1815
f 2589/3763 2605/3192 2585/3769
f 1578/3750 1503/3749 1577/3770
f 1503/3749 1416/3752 1577/3770
f 1416/3752 2683/3036 1577/3770
f 2683/3036 2806/3035 1577/3770
f 2806/3035 2718/3771 1577/3770
f 2718/3771 2717/3772 1577/3770
f 2717/3772 2719/3773 1577/3770
f 2719/3773 2721/3774 1577/3770
f 2721/3774 2722/3775 1577/3770
f 2722/3775 2726/3776 1577/3770
f 1577/3770 2726/3776 1673/3777
f 1673/3777 2726/3776 1672/3778
f 2726/3776 2725/3779 1672/3778
f 2725/3779 2727/3780 1672/3778
f 2727/3780 2730/3781 1672/3778
f 1672/3778 2730/3781 2514/3202
f 2730/3781 2729/3782 2514/3202
f 2729/3782 1590/3783 2514/3202
f 1590/3783 1598/3784 2514/3202
f 1598/3784 1730/3785 2514/3202
f 1730/3785 2288/3786 2514/3202
f 2288/3786 2287/3787 2514/3202
f 2287/3787 2296/3788 2514/3202
f 2296/3788 2307/3789 2514/3202
f 2307/3789 2306/3790 2514/3202
f 2314/3762 2774/3059 2306/3790
f 2306/3790 2774/3059 2514/3202
f 2774/3059 2723/1897 2514/3202
f 2514/3202 2723/1897 2810/3200
f 2810/3200 2723/1897 2688/3791
f 2688/3791 2723/1897 2689/3792
f 2689/3792 2723/1897 2694/3793
f 2694/3793 2723/1897 2698/3794
f 2698/3794 2723/1897 2702/3795
f 2702/3795 2723/1897 2706/3796
f 2706/3796 2723/1897 2708/3797
f 1539/3767 1914/3798 1656/2579
f 2674/3766 1920/3799 2608/3693
f 813/3765 1827/3734 814/3800
f 2708/3797 2723/1897 2704/3801
f 906/3768 255/3802 2446/1815
f 1914/3798 1913/3803 1656/2579
f 2585/3769 2605/3192 2581/3804
f 2516/3168 2817/3167 2117/3105
f 2817/3167 2537/3805 2117/3105
f 2537/3805 2536/3806 2117/3105
f 1920/3799 1923/3807 2608/3693
f 814/3800 1827/3734 833/3808
f 1222/3740 1924/3742 1827/3734
f 2536/3806 2790/3809 2117/3105
f 2704/3801 2723/1897 2700/3810
f 255/3802 349/3811 2446/1815
f 1913/3803 741/3706 1656/2579
f 741/3706 2117/3105 1656/2579
f 1656/2579 2117/3105 2248/3744
f 2581/3804 2605/3192 2577/3812
f 1923/3807 2012/3813 2608/3693
f 833/3808 1827/3734 848/3814
f 2790/3809 2789/3815 2117/3105
f 2700/3810 2723/1897 2696/3816
f 349/3811 915/3817 2446/1815
f 2577/3812 2605/3192 2571/3818
f 2012/3813 2686/3819 2608/3693
f 848/3814 1827/3734 861/3820
f 1827/3734 1924/3742 861/3820
f 861/3820 1924/3742 874/3821
f 874/3821 1924/3742 889/3822
f 889/3822 1924/3742 895/3823
f 895/3823 1924/3742 901/3824
f 901/3824 1924/3742 910/3825
f 910/3825 1924/3742 915/3817
f 915/3817 1924/3742 2446/1815
f 1924/3742 1928/3745 2446/1815
f 1928/3745 2248/3744 2446/1815
f 2248/3744 2117/3105 2446/1815
f 2117/3105 2789/3815 2446/1815
f 2789/3815 2791/3826 2446/1815
f 2791/3826 2793/3827 2446/1815
f 2793/3827 2792/3828 2446/1815
f 2792/3828 2794/3829 2446/1815
f 2794/3829 2795/3830 2446/1815
f 2795/3830 2815/3831 2446/1815
f 2815/3831 2798/3832 2446/1815
f 2798/3832 2797/3833 2446/1815
f 2797/3833 2816/3834 2446/1815
f 2696/3816 2723/1897 2692/3835
f 2571/3818 2605/3192 2572/3836
f 2686/3819 2692/3835 2608/3693
f 2692/3835 2723/1897 2608/3693
f 2723/1897 2446/1815 2608/3693
f 2608/3693 2446/1815 2605/3192
f 2446/1815 2816/3834 2605/3192
f 2816/3834 2572/3836 2605/3192
f 9/23 1/11 266/3837
f 52/61 2903/61 55/42
f 55/42 2903/61 36/42
f 232/3838 1/11 3/10
f 266/3837 1/11 216/3839
f 1/11 217/3840 216/3839
f 205/3841 204/3842 1/11
f 217/3840 1/11 204/3842
f 232/3838 206/3843 1/11
f 205/3841 1/11 206/3843
f 2905/143 2739/142 2904/120
f 2739/142 73/3844 2904/120
f 73/3844 76/118 2904/120
f 2737/528 2906/542 2738/524
f 2738/524 2906/542 2907/525
f 2908/61 682/549 2821/42
f 2821/42 682/549 128/54
f 2822/156 2767/3845 2910/158
f 2766/157 2909/159 2767/3845
f 2767/3845 2909/159 2910/158
f 664/3846 663/3847 223/3848
f 223/3848 663/3847 224/3849
f 150/3850 672/3851 151/3852
f 2829/207 27/36 2912/208
f 2912/208 27/36 29/35
f 2830/196 2829/207 2913/197
f 2913/197 2829/207 2912/208
f 28/38 2828/194 2915/37
f 2915/37 2828/194 2914/195
f 2831/192 2830/196 2916/193
f 2916/193 2830/196 2913/197
f 2828/194 2827/190 2914/195
f 2914/195 2827/190 2917/191
f 2832/188 2831/192 2918/189
f 2918/189 2831/192 2916/193
f 2845/826 2919/828 46/3853
f 46/3853 2919/828 47/3854
f 2919/828 2920/3855 47/3854
f 2827/190 2826/184 2917/191
f 2917/191 2826/184 2921/185
f 2833/177 2832/188 2922/178
f 2922/178 2832/188 2918/189
f 224/3849 663/3847 201/3856
f 201/3856 663/3847 4/12
f 5/13 4/12 663/3847
f 2826/184 2825/59 2921/185
f 2921/185 2825/59 2923/58
f 180/3857 668/3858 181/3859
f 181/3859 668/3858 667/3860
f 2834/172 2833/177 2924/174
f 2924/174 2833/177 2922/178
f 2825/59 2824/55 2923/58
f 2923/58 2824/55 2925/56
f 143/2 2911/1 144/3861
f 144/3861 2911/1 145/3862
f 2835/171 2834/172 2926/173
f 2926/173 2834/172 2924/174
f 362/3863 2911/1 363/3864
f 152/3865 671/3866 153/3867
f 153/3867 671/3866 670/3868
f 2824/55 2823/167 2925/56
f 2925/56 2823/167 2927/168
f 672/3851 671/3866 151/3852
f 151/3852 671/3866 152/3865
f 123/3869 2911/1 124/3870
f 2836/222 2835/171 2928/223
f 2928/223 2835/171 2926/173
f 139/3871 674/3872 140/3873
f 140/3873 674/3872 673/3874
f 2823/160 2822/156 2927/161
f 2927/161 2822/156 2910/158
f 97/3875 2911/1 98/3876
f 38/3877 40/3878 2911/1
f 40/3878 98/3876 2911/1
f 665/3879 664/3846 178/3880
f 223/3848 179/3881 664/3846
f 664/3846 179/3881 178/3880
f 2837/213 2836/222 2929/215
f 2929/215 2836/222 2928/223
f 2821/42 30/39 36/42
f 36/42 30/39 33/39
f 2838/212 2837/213 2930/214
f 2930/214 2837/213 2929/215
f 164/3882 666/3883 165/3884
f 666/3883 665/3879 165/3884
f 665/3879 178/3880 165/3884
f 2931/549 57/65 471/54
f 471/54 57/65 191/41
f 2766/157 2765/209 2909/159
f 2909/159 2765/209 2932/210
f 2839/147 2838/212 2933/148
f 2933/148 2838/212 2930/214
f 181/3859 667/3860 163/3885
f 163/3885 667/3860 164/3882
f 666/3883 164/3882 667/3860
f 2765/209 2764/179 2932/210
f 2932/210 2764/179 2934/180
f 2840/137 2839/147 2935/138
f 2935/138 2839/147 2933/148
f 2764/179 2763/162 2934/180
f 2934/180 2763/162 2936/164
f 156/3886 669/3887 157/3888
f 157/3888 669/3887 180/3857
f 668/3858 180/3857 669/3887
f 2937/3889 2911/1 2938/3890
f 76/118 75/3891 2904/120
f 2843/119 2939/121 75/3891
f 75/3891 2939/121 2904/120
f 2841/135 2840/137 2940/136
f 2940/136 2840/137 2935/138
f 153/3867 670/3868 154/3892
f 154/3892 670/3868 156/3886
f 669/3887 156/3886 670/3868
f 2763/162 2762/163 2936/164
f 2936/164 2762/163 2941/165
f 145/3862 2911/1 146/3893
f 2911/1 362/3863 146/3893
f 2842/126 2841/135 2942/127
f 2942/127 2841/135 2940/136
f 2762/163 2761/153 2941/165
f 2941/165 2761/153 2943/154
f 363/3864 2911/1 122/3894
f 2911/1 123/3869 122/3894
f 140/3873 673/3874 141/3895
f 141/3895 673/3874 150/3850
f 672/3851 150/3850 673/3874
f 2843/119 2842/126 2939/121
f 2939/121 2842/126 2942/127
f 124/3870 2911/1 109/3896
f 2911/1 110/3897 109/3896
f 2761/153 2760/133 2943/154
f 2943/154 2760/133 2944/132
f 110/3897 2911/1 111/3898
f 2911/1 287/3899 111/3898
f 97/3875 96/3900 2911/1
f 287/3899 2911/1 96/3900
f 2945/443 2946/317 2947/442
f 2948/441 2946/317 2945/443
f 2760/133 2759/129 2944/132
f 2944/132 2759/129 2949/139
f 2947/442 2946/317 2950/440
f 2920/53 471/54 47/53
f 2951/437 2946/317 2948/441
f 2950/440 2946/317 2952/434
f 2953/433 2946/317 2951/437
f 2952/434 2946/317 2954/432
f 89/3901 39/3902 2911/1
f 38/3877 2911/1 39/3902
f 2955/431 2946/317 2953/433
f 2954/432 2946/317 2956/429
f 2957/428 2946/317 2955/431
f 2956/429 2946/317 2958/423
f 2959/422 2946/317 2957/428
f 2844/524 2960/525 2845/826
f 2960/525 2961/3903 2845/826
f 2961/3903 2919/828 2845/826
f 2733/288 2732/275 2962/275
f 2958/423 2946/317 2963/420
f 2759/129 2758/108 2949/139
f 2949/139 2758/108 2964/341
f 2965/415 2946/317 2959/422
f 2963/420 2946/317 2966/410
f 2967/3904 2968/3905 80/3906
f 80/3906 2968/3905 81/3907
f 2969/404 2946/317 2965/415
f 2740/122 2739/142 2970/123
f 2970/123 2739/142 2905/143
f 2966/410 2946/317 2971/399
f 2972/396 2946/317 2969/404
f 65/3908 2973/3909 66/3910
f 66/3910 2973/3909 2974/3911
f 2758/108 2757/106 2964/341
f 2964/341 2757/106 2975/323
f 2971/399 2946/317 2976/395
f 2977/390 2946/317 2972/396
f 2741/111 2740/122 2978/113
f 2978/113 2740/122 2970/123
f 2976/395 2946/317 2979/389
f 2980/386 2946/317 2977/390
f 2757/106 2756/102 2975/323
f 2975/323 2756/102 2981/103
f 2979/389 2946/317 2982/381
f 2983/379 2946/317 2980/386
f 2984/110 2741/111 2985/307
f 2985/307 2741/111 2978/113
f 2982/381 2946/317 2986/373
f 2987/370 2946/317 2983/379
f 2756/102 2755/93 2981/103
f 2981/103 2755/93 2988/94
f 2738/524 2907/525 74/524
f 2907/525 2989/525 74/524
f 2989/525 2960/525 74/524
f 2960/525 2844/524 74/524
f 2986/373 2946/317 2990/368
f 2991/98 2984/110 2992/99
f 2992/99 2984/110 2985/307
f 2993/366 2946/317 2987/370
f 2991/98 2992/99 2746/3912
f 2992/99 2994/43 2746/3912
f 2747/45 2746/3912 2994/43
f 2990/368 2946/317 2995/357
f 2755/93 2754/80 2988/94
f 2988/94 2754/80 2996/82
f 2997/355 2946/317 2993/366
f 2995/357 2946/317 2998/353
f 2999/351 2946/317 2997/355
f 2754/80 2753/81 2996/82
f 2996/82 2753/81 3000/83
f 2998/353 2946/317 3001/348
f 2748/47 2747/45 3002/46
f 3002/46 2747/45 2994/43
f 3003/344 2946/317 2999/351
f 2753/81 2752/89 3000/83
f 3000/83 2752/89 3004/90
f 3001/348 2946/317 3005/343
f 2752/89 2751/67 3004/90
f 3004/90 2751/67 3006/69
f 2750/68 2749/86 3008/70
f 3008/70 2749/86 3007/87
f 3009/340 2946/317 3003/344
f 2751/67 2750/68 3006/69
f 3006/69 2750/68 3008/70
f 3005/343 2946/317 3010/337
f 3011/336 2946/317 3009/340
f 3010/337 2946/317 3012/335
f 3013/330 2946/317 3011/336
f 2814/3 3014/3 50/60
f 50/60 3014/3 51/60
f 3012/335 2946/317 3015/326
f 3016/325 2946/317 3013/330
f 3015/326 2946/317 3017/324
f 3018/322 2946/317 3016/325
f 3017/324 2946/317 3019/321
f 3020/320 2946/317 3018/322
f 3019/321 2946/317 3021/319
f 3022/318 2946/317 3020/320
f 3021/319 2946/317 3023/316
f 3023/316 2946/317 3022/318
f 2732/771 3024/577 2962/694
f 2962/694 3024/577 3025/577
f 2744/549 58/66 2931/549
f 58/66 57/65 2931/549
f 3026/3913 2967/3904 92/3914
f 80/3906 79/3915 2967/3904
f 2967/3904 79/3915 92/3914
f 87/3916 3027/3917 88/3918
f 88/3918 3027/3917 92/3914
f 3026/3913 92/3914 3027/3917
f 66/3910 2974/3911 67/3919
f 2974/3911 3027/3917 67/3919
f 3027/3917 87/3916 67/3919
f 3012/687 3015/677 3028/3920
f 3028/3920 3015/677 3036/3921
f 3036/3921 3015/677 3037/3922
f 85/3923 2937/3889 64/3924
f 64/3924 2937/3889 65/3908
f 2973/3909 65/3908 2937/3889
f 89/3901 2911/1 84/3925
f 2911/1 2937/3889 84/3925
f 2937/3889 85/3923 84/3925
f 3030/689 2962/694 3029/275
f 3029/275 2962/694 3025/577
f 3024/577 3031/645 3025/577
f 3025/577 3031/645 3032/645
f 3033/275 3034/688 3029/275
f 3029/275 3034/688 3030/689
f 2908/61 2821/42 2903/61
f 2903/61 2821/42 36/42
f 675/542 2968/542 676/528
f 676/528 2968/542 873/528
f 2968/542 2967/542 873/528
f 2967/542 3026/542 873/528
f 3026/542 3027/542 873/528
f 3027/542 2974/542 873/528
f 2974/542 2973/542 873/528
f 2973/542 2937/542 873/528
f 2937/542 2938/542 873/528
f 2906/542 2737/528 2938/542
f 2938/542 2737/528 873/528
f 3038/644 3033/246 3039/644
f 3039/644 3033/246 3029/246
f 3039/644 3029/246 3032/645
f 3032/645 3029/246 3025/577
f 3040/54 3041/54 731/3926
f 731/3926 3041/54 2/3926
f 3042/169 3043/170 3044/170
f 167/24 41/24 3046/3927
f 3046/3927 41/24 3045/3927
f 682/549 2908/61 44/50
f 44/50 2908/61 3047/60
f 3048/3928 3049/3929 2947/858
f 2947/858 3049/3929 2945/860
f 3049/3929 3050/3930 2945/860
f 2945/860 3050/3930 2948/856
f 3051/3931 3048/3928 2950/854
f 2950/854 3048/3928 2947/858
f 3050/3930 3052/3932 2948/856
f 2948/856 3052/3932 2951/852
f 3053/3933 3051/3931 2952/850
f 2952/850 3051/3931 2950/854
f 3052/3932 3054/3934 2951/852
f 2951/852 3054/3934 2953/848
f 3055/3935 3053/3933 2954/846
f 2954/846 3053/3933 2952/850
f 3054/3934 3056/3936 2953/848
f 2953/848 3056/3936 2955/684
f 3057/3937 3055/3935 2956/839
f 2956/839 3055/3935 2954/846
f 3056/3936 3058/3938 2955/684
f 2955/684 3058/3938 2957/682
f 3059/3939 3057/3937 2958/830
f 2958/830 3057/3937 2956/839
f 3058/3938 3060/3940 2957/682
f 2957/682 3060/3940 2959/833
f 3061/3941 3059/3939 2963/825
f 2963/825 3059/3939 2958/830
f 3060/3940 3062/3942 2959/833
f 2959/833 3062/3942 2965/819
f 3063/3943 3061/3941 2966/813
f 2966/813 3061/3941 2963/825
f 3064/3944 3065/3944 3040/54
f 3040/54 3065/3944 3041/54
f 3066/3945 3063/3943 2971/808
f 2971/808 3063/3943 2966/813
f 3067/3946 3068/3947 2969/811
f 2969/811 3068/3947 2972/804
f 3069/3948 3066/3945 2976/796
f 2976/796 3066/3945 2971/808
f 2748/47 3002/46 2749/86
f 3007/87 2749/86 3070/3949
f 2749/86 3002/46 3070/3949
f 3068/3947 3071/3950 2972/804
f 2972/804 3071/3950 2977/788
f 2813/1 3072/1 2814/3
f 2814/3 3072/1 3014/3
f 3073/3951 3069/3948 2979/778
f 2979/778 3069/3948 2976/796
f 3071/3950 3074/3952 2977/788
f 2977/788 3074/3952 2980/776
f 3075/3953 3073/3951 2982/773
f 2982/773 3073/3951 2979/778
f 3074/3952 3076/3954 2980/776
f 2980/776 3076/3954 2983/770
f 3077/3955 3078/3956 3080/3957
f 3080/3957 3078/3956 3079/3958
f 3081/3959 3075/3953 2986/767
f 2986/767 3075/3953 2982/773
f 3076/3954 3082/3960 2983/770
f 2983/770 3082/3960 2987/749
f 3034/499 3042/169 3030/499
f 3030/499 3042/169 3044/170
f 3083/3961 3077/3962 3084/3963
f 3084/3963 3077/3962 3080/3964
f 3085/3965 3081/3959 2990/743
f 2990/743 3081/3959 2986/767
f 3082/3960 3086/3966 2987/749
f 2987/749 3086/3966 2993/737
f 3087/3967 3085/3965 2995/735
f 2995/735 3085/3965 2990/743
f 3086/3966 3088/3968 2993/737
f 2993/737 3088/3968 2997/732
f 3046/3969 3045/3970 3090/508
f 3090/508 3045/3970 3089/509
f 3091/3971 3087/3967 2998/718
f 2998/718 3087/3967 2995/735
f 3088/3968 3092/3972 2997/732
f 2997/732 3092/3972 2999/716
f 3093/3973 3091/3971 3001/714
f 3001/714 3091/3971 2998/718
f 3092/3972 3094/3974 2999/716
f 2999/716 3094/3974 3003/707
f 3095/3975 3093/3973 3005/713
f 3005/713 3093/3973 3001/714
f 3031/514 3096/249 3032/514
f 3032/514 3096/249 3097/249
f 3098/275 3038/513 3099/275
f 3099/275 3038/513 3039/513
f 3094/3974 3100/3976 3003/707
f 3003/707 3100/3976 3009/693
f 3101/3977 3102/3978 3104/3979
f 3104/3979 3102/3978 3103/3980
f 3105/3981 3095/3982 3010/703
f 3010/703 3095/3982 3005/704
f 3100/3976 3106/3983 3009/693
f 3009/693 3106/3983 3011/691
f 3028/3920 3105/3981 3012/687
f 3012/687 3105/3981 3010/703
f 3106/3983 3107/3984 3011/691
f 3011/691 3107/3984 3013/680
f 3078/3956 3108/3985 3079/3958
f 3079/3958 3108/3985 3109/3986
f 3107/3984 3110/3987 3013/680
f 3013/680 3110/3987 3016/675
f 3111/3988 3101/3989 3112/3990
f 3112/3990 3101/3989 3104/3991
f 3113/3992 3111/3988 3114/3993
f 3114/3993 3111/3988 3112/3990
f 3115/3994 3037/3922 3017/672
f 3017/672 3037/3922 3015/677
f 3116/3995 3113/3992 3117/3996
f 3117/3996 3113/3992 3114/3993
f 3039/513 3032/514 3099/275
f 3099/275 3032/514 3097/249
f 3110/3987 3118/3997 3016/675
f 3016/675 3118/3997 3018/670
f 3119/3998 3116/3995 3120/3999
f 3120/3999 3116/3995 3117/3996
f 3102/4000 3121/4001 3103/4002
f 3103/4002 3121/4001 3122/4003
f 3123/4004 3119/3998 3124/4005
f 3124/4005 3119/3998 3120/3999
f 3125/4006 3115/3994 3019/668
f 3019/668 3115/3994 3017/672
f 3126/4007 3123/4004 3127/4008
f 3127/4008 3123/4004 3124/4005
f 3118/3997 3128/4009 3018/670
f 3018/670 3128/4009 3020/666
f 3129/4010 3126/4007 3130/4011
f 3130/4011 3126/4007 3127/4008
f 3131/4012 3125/4006 3021/664
f 3021/664 3125/4006 3019/668
f 3128/4009 3132/4013 3020/666
f 3020/666 3132/4013 3022/661
f 3133/4014 3129/4010 3134/4015
f 3134/4015 3129/4010 3130/4011
f 3135/4016 3131/4012 3023/662
f 3023/662 3131/4012 3021/664
f 3132/4013 3135/4016 3022/661
f 3022/661 3135/4016 3023/662
f 3136/4017 3133/4014 3137/4018
f 3137/4018 3133/4014 3134/4015
f 3138/4019 3136/4017 3139/4020
f 3139/4020 3136/4017 3137/4018
f 3140/4021 3138/4019 3141/4022
f 3141/4022 3138/4019 3139/4020
f 3030/499 3044/170 2962/275
f 2962/275 3044/170 3142/452
f 3143/4023 3140/4021 3144/4024
f 3144/4024 3140/4021 3141/4022
f 3108/4025 3145/4026 3109/4027
f 3109/4027 3145/4026 3146/4028
f 3145/4026 3147/4029 3146/4028
f 3146/4028 3147/4029 3148/4030
f 3147/4029 3149/4031 3148/4030
f 3148/4030 3149/4031 3150/4032
f 3151/4033 3143/4023 3152/4034
f 3152/4034 3143/4023 3144/4024
f 3121/4035 3083/4036 3122/4037
f 3122/4037 3083/4036 3084/4038
f 3149/4031 3153/4039 3150/4032
f 3150/4032 3153/4039 3154/4040
f 3153/4039 3155/4041 3154/4040
f 3154/4040 3155/4041 3156/4042
f 3155/4041 3157/4043 3156/4042
f 3156/4042 3157/4043 3158/4044
f 3157/4043 3159/4045 3158/4044
f 3158/4044 3159/4045 3160/4046
f 3161/4047 3151/4033 3162/4048
f 3162/4048 3151/4033 3152/4034
f 3159/4045 3163/4049 3160/4046
f 3160/4046 3163/4049 3164/4050
f 3163/4049 3165/4051 3164/4050
f 3164/4050 3165/4051 3166/4052
f 3165/4051 3167/4053 3166/4052
f 3166/4052 3167/4053 3168/4054
f 3167/4053 3169/4055 3168/4054
f 3168/4054 3169/4055 3170/4056
f 3171/4057 3161/4047 3172/4058
f 3172/4058 3161/4047 3162/4048
f 3169/4055 3173/4059 3170/4056
f 3170/4056 3173/4059 3174/4060
f 3175/4061 3176/4062 3178/4063
f 3178/4063 3176/4062 3177/4064
f 3173/4059 3179/4065 3174/4060
f 3174/4060 3179/4065 3180/4066
f 3181/4067 3171/4057 3182/4068
f 3182/4068 3171/4057 3172/4058
f 3176/4062 3183/4069 3177/4064
f 3177/4064 3183/4069 3184/4070
f 3185/4071 3175/4061 3186/4072
f 3186/4072 3175/4061 3178/4063
f 3179/4065 3187/4073 3180/4066
f 3180/4066 3187/4073 3188/4074
f 3189/4075 3185/4071 3190/4076
f 3190/4076 3185/4071 3186/4072
f 3191/4077 3181/4067 3192/4078
f 3192/4078 3181/4067 3182/4068
f 3183/4079 3193/4080 3184/4081
f 3184/4081 3193/4080 3194/4082
f 3187/4073 3195/4083 3188/4074
f 3188/4074 3195/4083 3196/4084
f 3197/4085 3189/4075 3198/4086
f 3198/4086 3189/4075 3190/4076
f 3463/42 3199/61 3041/54
f 3041/54 3199/61 2/3926
f 2/3926 3199/61 2911/4087
f 3470/549 3468/549 3199/61
f 2989/549 2907/4088 3035/549
f 2938/4089 2911/4087 2906/4090
f 2911/4087 3199/61 2906/4090
f 2906/4090 3199/61 2907/4088
f 2907/4088 3199/61 3035/549
f 3199/61 3468/549 3035/549
f 3200/4091 3191/4077 3201/4092
f 3201/4092 3191/4077 3192/4078
f 3193/4080 3202/4093 3194/4082
f 3194/4082 3202/4093 3203/4094
f 3204/4095 3197/4085 3205/4096
f 3205/4096 3197/4085 3198/4086
f 3195/4083 3206/4097 3196/4084
f 3196/4084 3206/4097 3207/4098
f 3210/4099 3204/4095 3211/4100
f 3211/4100 3204/4095 3205/4096
f 2734/452 2733/288 3142/452
f 3142/452 2733/288 2962/275
f 3206/4101 3212/4102 3207/4103
f 3207/4103 3212/4102 3213/4104
f 3202/4093 3214/4105 3203/4094
f 3203/4094 3214/4105 3215/4106
f 3216/4107 3200/4091 3217/4108
f 3217/4108 3200/4091 3201/4092
f 3218/4109 3210/4099 3219/4110
f 3219/4110 3210/4099 3211/4100
f 3212/4102 3220/4111 3213/4104
f 3213/4104 3220/4111 3221/4112
f 3214/4105 3222/4113 3215/4106
f 3215/4106 3222/4113 3223/4114
f 3224/207 3225/36 3227/208
f 3227/208 3225/36 3226/35
f 3228/4115 3218/4109 3229/4116
f 3229/4116 3218/4109 3219/4110
f 3225/36 3230/38 3226/35
f 3226/35 3230/38 3231/206
f 3232/196 3224/207 3233/197
f 3233/197 3224/207 3227/208
f 3230/38 3234/194 3231/206
f 3231/206 3234/194 3235/195
f 3236/192 3232/196 3237/193
f 3237/193 3232/196 3233/197
f 3238/4117 3216/4118 3239/4119
f 3239/4119 3216/4118 3217/4120
f 3240/4121 3228/4115 3241/4122
f 3241/4122 3228/4115 3229/4116
f 3234/194 3242/190 3235/195
f 3235/195 3242/190 3243/191
f 3220/4111 3244/4123 3221/4112
f 3221/4112 3244/4123 3245/4124
f 3222/4113 3246/4125 3223/4114
f 3223/4114 3246/4125 3247/4126
f 3248/188 3236/192 3249/189
f 3249/189 3236/192 3237/193
f 3250/4127 3240/4121 3251/4128
f 3251/4128 3240/4121 3241/4122
f 3242/190 3252/184 3243/191
f 3243/191 3252/184 3253/185
f 3254/177 3248/188 3255/178
f 3255/178 3248/188 3249/189
f 3244/4123 3256/4129 3245/4124
f 3245/4124 3256/4129 3257/4130
f 3258/4131 3238/4117 3259/4132
f 3259/4132 3238/4117 3239/4119
f 3260/4133 3250/4127 3261/4134
f 3261/4134 3250/4127 3251/4128
f 3246/4125 3262/4135 3247/4126
f 3247/4126 3262/4135 3263/4136
f 3252/184 3264/59 3253/185
f 3253/185 3264/59 3265/58
f 3266/4137 3260/4133 3267/4138
f 3267/4138 3260/4133 3261/4134
f 3268/172 3254/177 3269/174
f 3269/174 3254/177 3255/178
f 3256/4129 3270/4139 3257/4130
f 3257/4130 3270/4139 3271/4140
f 3262/4135 3272/4141 3263/4136
f 3263/4136 3272/4141 3273/4142
f 3274/4143 3266/4137 3275/4144
f 3275/4144 3266/4137 3267/4138
f 3276/4145 3258/4131 3277/4146
f 3277/4146 3258/4131 3259/4132
f 3264/59 3278/55 3265/58
f 3265/58 3278/55 3279/56
f 3280/4147 3274/4143 3281/4148
f 3281/4148 3274/4143 3275/4144
f 3270/4139 3282/4149 3271/4140
f 3271/4140 3282/4149 3283/4150
f 3284/171 3268/172 3285/173
f 3285/173 3268/172 3269/174
f 3272/4141 3286/4151 3273/4142
f 3273/4142 3286/4151 3287/4152
f 3288/4153 3280/4147 3289/4154
f 3289/4154 3280/4147 3281/4148
f 3278/55 3290/167 3279/56
f 3279/56 3290/167 3291/168
f 3292/4155 3276/4145 3293/4156
f 3293/4156 3276/4145 3277/4146
f 3282/4149 3294/4157 3283/4150
f 3283/4150 3294/4157 3295/4158
f 3296/4159 3288/4153 3297/4160
f 3297/4160 3288/4153 3289/4154
f 3286/4151 3298/4161 3287/4152
f 3287/4152 3298/4161 3299/4162
f 3300/4163 3296/4159 3301/4164
f 3301/4164 3296/4159 3297/4160
f 3294/4157 3302/4165 3295/4158
f 3295/4158 3302/4165 3303/4166
f 3290/160 3304/156 3291/161
f 3291/161 3304/156 3305/158
f 3306/4167 3300/4163 3307/4168
f 3307/4168 3300/4163 3301/4164
f 3308/4169 3292/4155 3309/4170
f 3309/4170 3292/4155 3293/4156
f 3298/4161 3310/4171 3299/4162
f 3299/4162 3310/4171 3311/4172
f 3312/4173 3306/4167 3313/4174
f 3313/4174 3306/4167 3307/4168
f 3302/4165 3314/4175 3303/4166
f 3303/4166 3314/4175 3315/4176
f 2848/213 2847/222 3317/215
f 3317/215 2847/222 3316/223
f 3318/4177 3312/4173 3319/4178
f 3319/4178 3312/4173 3313/4174
f 3314/4175 3320/4179 3315/4176
f 3315/4176 3320/4179 3321/4180
f 3310/4171 3322/4181 3311/4172
f 3311/4172 3322/4181 3323/4182
f 3304/156 3324/157 3305/158
f 3305/158 3324/157 3325/159
f 3326/4183 3308/4169 3327/4184
f 3327/4184 3308/4169 3309/4170
f 3328/4185 3318/4177 3329/4186
f 3329/4186 3318/4177 3319/4178
f 3320/4179 3330/4187 3321/4180
f 3321/4180 3330/4187 3331/4188
f 3332/4189 3328/4185 3333/4190
f 3333/4190 3328/4185 3329/4186
f 3330/4187 3334/4191 3331/4188
f 3331/4188 3334/4191 3335/4192
f 2849/212 2848/213 3336/214
f 3336/214 2848/213 3317/215
f 3322/4181 3337/4193 3323/4182
f 3323/4182 3337/4193 3338/4194
f 3339/4195 3332/4189 3340/4196
f 3340/4196 3332/4189 3333/4190
f 3334/4191 3341/4197 3335/4192
f 3335/4192 3341/4197 3342/4198
f 3343/4199 3339/4195 3344/4200
f 3344/4200 3339/4195 3340/4196
f 3341/4197 3345/4201 3342/4198
f 3342/4198 3345/4201 3346/4202
f 3347/4203 3343/4199 3348/4204
f 3348/4204 3343/4199 3344/4200
f 3349/4205 3326/4183 3350/4206
f 3350/4206 3326/4183 3327/4184
f 3345/4201 3351/4207 3346/4202
f 3346/4202 3351/4207 3352/4208
f 3353/4209 3347/4210 3354/4211
f 3354/4211 3347/4210 3348/4212
f 3351/4207 3355/4213 3352/4208
f 3352/4208 3355/4213 3356/4214
f 3357/4215 3353/4209 3358/4216
f 3358/4216 3353/4209 3354/4211
f 3355/4213 3357/4215 3356/4214
f 3356/4214 3357/4215 3358/4216
f 3337/4193 3359/4217 3338/4194
f 3338/4194 3359/4217 3360/4218
f 3043/289 3361/246 3044/289
f 3044/289 3361/246 3362/246
f 2850/147 2849/212 3363/148
f 3363/148 2849/212 3336/214
f 3364/4219 3349/4205 3365/4220
f 3365/4220 3349/4205 3350/4206
f 3359/4217 3366/4221 3360/4218
f 3360/4218 3366/4221 3367/4222
f 3368/209 3369/179 3371/210
f 3371/210 3369/179 3370/180
f 3366/4221 3372/4223 3367/4222
f 3367/4222 3372/4223 3373/4224
f 2851/137 2850/147 3374/138
f 3374/138 2850/147 3363/148
f 3375/4225 3364/4219 3376/4226
f 3376/4226 3364/4219 3365/4220
f 2908/61 2903/61 3047/60
f 3047/60 2903/61 3378/60
f 3369/179 3379/162 3370/180
f 3370/180 3379/162 3380/164
f 3372/4223 3381/4227 3373/4224
f 3373/4224 3381/4227 3382/4228
f 2852/135 2851/137 3383/136
f 3383/136 2851/137 3374/138
f 3384/4229 3375/4225 3385/4230
f 3385/4230 3375/4225 3376/4226
f 3381/4227 3386/4231 3382/4228
f 3382/4228 3386/4231 3387/4232
f 3379/162 3389/163 3380/164
f 3380/164 3389/163 3390/165
f 3386/4231 3391/4233 3387/4232
f 3387/4232 3391/4233 3392/4234
f 3393/4235 3384/4229 3394/4236
f 3394/4236 3384/4229 3385/4230
f 2853/126 2852/135 3395/127
f 3395/127 2852/135 3383/136
f 3391/4233 3396/4237 3392/4234
f 3392/4234 3396/4237 3397/4238
f 3389/163 3398/153 3390/165
f 3390/165 3398/153 3399/154
f 3400/4239 3393/4235 3401/4240
f 3401/4240 3393/4235 3394/4236
f 2854/119 2853/126 3402/121
f 3402/121 2853/126 3395/127
f 3396/4237 3403/4241 3397/4238
f 3397/4238 3403/4241 3404/4242
f 3405/4243 3400/4239 3406/4244
f 3406/4244 3400/4239 3401/4240
f 3398/153 3407/133 3399/154
f 3399/154 3407/133 3408/132
f 3403/4241 3409/4245 3404/4242
f 3404/4242 3409/4245 3410/4246
f 2855/118 2854/119 3411/120
f 3411/120 2854/119 3402/121
f 3412/4247 3405/4243 3413/4248
f 3413/4248 3405/4243 3406/4244
f 3409/4245 3414/4249 3410/4246
f 3410/4246 3414/4249 3415/4250
f 3407/133 3416/129 3408/132
f 3408/132 3416/129 3417/139
f 3418/4251 3412/4247 3419/4252
f 3419/4252 3412/4247 3413/4248
f 3414/4249 3420/4253 3415/4250
f 3415/4250 3420/4253 3421/4254
f 2856/142 2855/118 3422/349
f 3422/349 2855/118 3411/120
f 3423/4255 3418/4251 3424/4256
f 3424/4256 3418/4251 3419/4252
f 3420/4253 3425/4257 3421/4254
f 3421/4254 3425/4257 3426/4258
f 3427/3944 3041/54 3065/3944
f 2969/811 2965/819 3067/3946
f 3062/3942 3428/4259 2965/819
f 2965/819 3428/4259 3067/3946
f 3429/4260 3423/4255 3430/4261
f 3430/4261 3423/4255 3424/4256
f 3425/4257 3431/4262 3426/4258
f 3426/4258 3431/4262 3432/4263
f 3433/4264 3429/4260 3434/4265
f 3434/4265 3429/4260 3430/4261
f 3431/4266 3435/4267 3432/4268
f 3432/4268 3435/4267 3436/4269
f 3437/4270 3433/4264 3438/4271
f 3438/4271 3433/4264 3434/4265
f 3435/4267 3439/4272 3436/4269
f 3436/4269 3439/4272 3440/4273
f 3439/4272 3437/4270 3440/4273
f 3440/4273 3437/4270 3438/4271
f 2857/122 2856/142 3441/123
f 3441/123 2856/142 3422/349
f 2872/108 2871/106 3443/341
f 3443/341 2871/106 3442/323
f 2858/111 2857/122 3444/113
f 3444/113 2857/122 3441/123
f 2871/106 2870/102 3442/323
f 3442/323 2870/102 3445/103
f 3362/246 3446/275 3044/289
f 3044/289 3446/275 3142/276
f 2859/110 2858/111 3447/307
f 3447/307 2858/111 3444/113
f 2870/102 2869/93 3445/103
f 3445/103 2869/93 3448/94
f 2860/98 2859/110 3449/99
f 3449/99 2859/110 3447/307
f 2869/93 2868/80 3448/94
f 3448/94 2868/80 3450/82
f 3361/253 3451/254 3362/253
f 3362/253 3451/254 3452/254
f 2861/45 2860/98 3453/43
f 3453/43 2860/98 3449/99
f 44/50 3047/60 41/24
f 41/24 3047/60 3454/3
f 2868/80 2867/81 3450/82
f 3450/82 2867/81 3455/83
f 2862/47 2861/45 3456/46
f 3456/46 2861/45 3453/43
f 2867/81 2866/89 3455/83
f 3455/83 2866/89 3457/90
f 2866/89 2865/67 3457/90
f 3457/90 2865/67 3458/69
f 2864/68 2863/86 3460/70
f 3460/70 2863/86 3459/87
f 2865/67 2864/68 3458/69
f 3458/69 2864/68 3460/70
f 3208/4274 3072/1 2812/4275
f 2812/4275 3072/1 2813/1
f 3461/275 2734/276 3446/275
f 3446/275 2734/276 3142/276
f 3462/42 3463/42 3388/4274
f 3463/42 3209/1 3388/4274
f 3072/1 3208/4274 3209/1
f 3208/4274 3377/4274 3209/1
f 3388/4274 3209/1 3377/4274
f 3451/245 3098/250 3452/245
f 3452/245 3098/250 3099/250
f 2874/528 3464/542 2875/528
f 2875/528 3464/542 3465/542
f 3362/253 3452/254 3446/246
f 3446/246 3452/254 3466/245
f 3452/245 3099/250 3466/249
f 3466/249 3099/250 3097/248
f 3096/248 3467/249 3097/248
f 3097/248 3467/249 3466/249
f 675/4276 674/3872 2968/3905
f 81/3907 2968/3905 82/4277
f 82/4277 2968/3905 91/4278
f 91/4278 2968/3905 100/4279
f 674/3872 139/3871 2968/3905
f 139/3871 106/4280 2968/3905
f 106/4280 104/4281 2968/3905
f 104/4281 100/4279 2968/3905
f 3467/245 3461/246 3466/245
f 3466/245 3461/246 3446/246
f 2847/222 2846/4282 3316/223
f 3284/171 3285/173 2846/4282
f 2846/4282 3285/173 3316/223
f 3072/1 3209/1 3014/3
f 3014/3 3209/1 3469/3
f 230/235 3377/4283 2812/2040
f 2812/2040 3377/4283 3208/4284
f 3199/61 3463/42 3545/61
f 3462/42 2735/4285 3463/42
f 3463/42 2735/4285 3545/61
f 3388/4286 3377/4283 229/236
f 229/236 3377/4283 230/235
f 3416/129 2873/4287 3417/139
f 2872/108 3443/341 2873/4287
f 2873/4287 3443/341 3417/139
f 3454/3 3047/60 3469/3
f 3469/3 3047/60 3378/60
f 2876/524 3471/525 2877/524
f 2877/524 3471/525 3472/525
f 2885/207 2884/36 3474/208
f 3474/208 2884/36 3473/35
f 2886/196 2885/207 3475/197
f 3475/197 2885/207 3474/208
f 2883/38 2882/194 3477/206
f 3477/206 2882/194 3476/195
f 2887/192 2886/196 3478/193
f 3478/193 2886/196 3475/197
f 2882/194 2881/190 3476/195
f 3476/195 2881/190 3479/191
f 2888/188 2887/192 3480/189
f 3480/189 2887/192 3478/193
f 2881/190 2880/184 3479/191
f 3479/191 2880/184 3481/185
f 2889/177 2888/188 3482/178
f 3482/178 2888/188 3480/189
f 2890/172 2889/177 3483/174
f 3483/174 2889/177 3482/178
f 3484/59 3485/55 3487/58
f 3487/58 3485/55 3486/56
f 2891/171 2890/172 3488/173
f 3488/173 2890/172 3483/174
f 3485/55 3489/167 3486/56
f 3486/56 3489/167 3490/168
f 2892/222 2891/171 3491/223
f 3491/223 2891/171 3488/173
f 3090/508 3089/509 2874/528
f 3089/509 3492/4288 2874/528
f 3492/4288 3464/542 2874/528
f 3470/61 2931/549 3468/42
f 3468/42 2931/549 471/54
f 3489/160 3493/156 3490/161
f 3490/161 3493/156 3494/158
f 2893/213 2892/222 3495/215
f 3495/215 2892/222 3491/223
f 3493/156 3496/157 3494/158
f 3494/158 3496/157 3497/159
f 2894/212 2893/213 3498/214
f 3498/214 2893/213 3495/215
f 3496/157 3499/209 3497/159
f 3497/159 3499/209 3500/210
f 2895/147 2894/212 3501/148
f 3501/148 2894/212 3498/214
f 3499/209 3502/179 3500/210
f 3500/210 3502/179 3503/180
f 2896/137 2895/147 3504/138
f 3504/138 2895/147 3501/148
f 3502/179 3505/162 3503/180
f 3503/180 3505/162 3506/164
f 2897/135 2896/137 3507/136
f 3507/136 2896/137 3504/138
f 3505/162 3508/163 3506/164
f 3506/164 3508/163 3509/165
f 2898/126 2897/135 3510/127
f 3510/127 2897/135 3507/136
f 3508/163 3511/153 3509/165
f 3509/165 3511/153 3512/154
f 2899/119 2898/126 3513/121
f 3513/121 2898/126 3510/127
f 3511/153 3514/133 3512/154
f 3512/154 3514/133 3515/132
f 2900/118 2899/119 3516/120
f 3516/120 2899/119 3513/121
f 3324/157 3368/209 3325/159
f 3371/210 3517/4289 3368/209
f 3368/209 3517/4289 3325/159
f 3514/133 3518/129 3515/132
f 3515/132 3518/129 3519/139
f 2901/142 2900/118 3520/349
f 3520/349 2900/118 3516/120
f 3518/129 3521/108 3519/139
f 3519/139 3521/108 3522/341
f 3521/108 3523/106 3522/341
f 3522/341 3523/106 3524/323
f 3525/111 3526/122 3528/113
f 3528/113 3526/122 3527/123
f 3523/106 3529/102 3524/323
f 3524/323 3529/102 3530/103
f 3531/110 3525/111 3532/307
f 3532/307 3525/111 3528/113
f 3529/102 3533/93 3530/103
f 3530/103 3533/93 3534/94
f 3535/98 3531/110 3536/99
f 3536/99 3531/110 3532/307
f 3533/93 3537/80 3534/94
f 3534/94 3537/80 3538/82
f 3539/45 3535/98 3540/43
f 3540/43 3535/98 3536/99
f 3537/80 3541/81 3538/82
f 3538/82 3541/81 3542/83
f 3543/47 3539/45 3544/46
f 3544/46 3539/45 3540/43
f 3541/81 3546/89 3542/83
f 3542/83 3546/89 3547/90
f 3546/89 3548/67 3547/90
f 3547/90 3548/67 3549/69
f 3550/68 3551/86 3553/70
f 3553/70 3551/86 3552/87
f 3548/67 3550/68 3549/69
f 3549/69 3550/68 3553/70
f 3554/1 3454/3 3209/1
f 3209/1 3454/3 3469/3
f 2863/86 2862/47 3459/87
f 3456/46 3555/4290 2862/47
f 2862/47 3555/4290 3459/87
f 3556/4291 3557/73 3559/4292
f 3559/4292 3557/73 3558/40
f 2880/184 2879/247 3481/185
f 3484/59 3487/58 2879/247
f 2879/247 3487/58 3481/185
f 3560/826 3561/828 3064/4293
f 3064/4293 3561/828 3065/4294
f 3561/828 3427/4295 3065/4294
f 2744/549 2931/549 2745/4296
f 3470/61 3562/61 2931/549
f 2931/549 3562/61 2745/4296
f 3526/122 2902/217 3527/123
f 2901/142 3520/349 2902/217
f 2902/217 3520/349 3527/123
f 2884/36 2883/38 3473/35
f 3477/206 3563/4297 2883/38
f 2883/38 3563/4297 3473/35
f 3562/549 3470/549 3545/61
f 3545/61 3470/549 3199/61
f 3551/86 3543/47 3552/87
f 3544/46 3564/4298 3543/47
f 3543/47 3564/4298 3552/87
f 3472/525 3565/4299 2877/524
f 2877/524 3565/4299 2878/4300
f 3565/4299 3561/828 2878/4300
f 3561/828 3560/826 2878/4300
f 2875/528 3465/542 2876/524
f 3465/542 3556/4301 2876/524
f 3471/525 2876/524 3559/4302
f 3556/4301 3559/4302 2876/524
f 3463/42 3566/39 3209/1
f 3566/39 3558/40 3209/1
f 3554/1 3209/1 3557/73
f 3558/40 3557/73 3209/1
f 2732/1906 2741/1905 3024/4303
f 2735/1911 2734/1917 3545/4304
f 2745/1924 3562/4305 2746/1922
f 3461/4306 3467/4307 2734/1917
f 2734/1917 3467/4307 3545/4304
f 3545/4304 3467/4307 3562/4305
f 3467/4307 3096/4308 3562/4305
f 3562/4305 3096/4308 2746/1922
f 2746/1922 3096/4308 2991/4309
f 3031/4310 3024/4303 3096/4308
f 2991/4309 3096/4308 2984/4311
f 2984/4311 3096/4308 2741/1905
f 3096/4308 3024/4303 2741/1905
f 2846/3645 167/3620 3284/4312
f 2873/3552 3416/4313 2874/3550
f 3284/4312 167/3620 3268/4314
f 3416/4313 3407/4315 2874/3550
f 3268/4314 167/3620 3254/4316
f 167/3620 3046/4317 3254/4316
f 3046/4317 3090/4318 3254/4316
f 3254/4316 3090/4318 3248/4319
f 3248/4319 3090/4318 3236/4320
f 3236/4320 3090/4318 3232/4321
f 3232/4321 3090/4318 3224/4322
f 3224/4322 3090/4318 3225/4323
f 3407/4315 3398/4324 2874/3550
f 3225/4323 3090/4318 3230/4325
f 3398/4324 3389/4326 2874/3550
f 3230/4325 3090/4318 3234/4327
f 3389/4326 3379/4328 2874/3550
f 3234/4327 3090/4318 3242/4329
f 3090/4318 2874/3550 3242/4329
f 3242/4329 2874/3550 3252/4330
f 3252/4330 2874/3550 3264/4331
f 3264/4331 2874/3550 3278/4332
f 3278/4332 2874/3550 3290/4333
f 3290/4333 2874/3550 3304/4334
f 3304/4334 2874/3550 3324/4335
f 3324/4335 2874/3550 3368/4336
f 3368/4336 2874/3550 3369/4337
f 2874/3550 3379/4328 3369/4337
f 3070/4338 3002/4339 3035/39
f 3002/4339 2994/4340 3035/39
f 3035/39 2994/4340 2989/4341
f 2994/4340 2992/4342 2989/4341
f 2992/4342 2985/4343 2989/4341
f 2985/4343 2978/4344 2989/4341
f 2978/4344 2970/4345 2989/4341
f 2970/4345 2905/4346 2989/4341
f 2905/4346 2904/4347 2989/4341
f 2904/4347 2939/4348 2989/4341
f 2939/4348 2942/4349 2989/4341
f 2960/4350 2989/4341 2961/4351
f 2942/4349 2940/4352 2989/4341
f 2940/4352 2935/4353 2989/4341
f 2935/4353 2933/4354 2989/4341
f 2915/4355 2961/4351 29/4356
f 2933/4354 2930/4357 2989/4341
f 2930/4357 2929/4358 2989/4341
f 29/4356 2961/4351 2912/4359
f 2929/4358 2928/4360 2989/4341
f 2912/4359 2961/4351 2913/4361
f 2928/4360 2926/4362 2989/4341
f 2913/4361 2961/4351 2916/4363
f 2926/4362 2924/4364 2989/4341
f 2916/4363 2961/4351 2918/4365
f 2961/4351 2989/4341 2918/4365
f 2918/4365 2989/4341 2922/4366
f 2989/4341 2924/4364 2922/4366
f 3014/3 3469/3 51/60
f 3378/60 3036/60 3469/3
f 3036/60 3037/4367 3469/3
f 3037/4367 3115/4368 3469/3
f 3115/4368 3125/4369 3469/3
f 3125/4369 3131/4370 3469/3
f 3131/4370 3135/4371 3469/3
f 3428/60 51/60 3067/4367
f 3135/4371 3132/4372 3469/3
f 3067/4367 51/60 3068/4368
f 3132/4372 3128/4373 3469/3
f 3068/4368 51/60 3071/4369
f 3128/4373 3118/4374 3469/3
f 3071/4369 51/60 3074/4370
f 3118/4374 3110/4375 3469/3
f 3074/4370 51/60 3076/4371
f 3110/4375 3107/4376 3469/3
f 3076/4371 51/60 3082/4372
f 3107/4376 3106/4377 3469/3
f 3082/4372 51/60 3086/4373
f 3106/4377 3100/4377 3469/3
f 3086/4373 51/60 3088/4374
f 3469/3 3100/4377 51/60
f 3100/4377 3094/4376 51/60
f 3094/4376 3092/4375 51/60
f 3092/4375 3088/4374 51/60
f 2915/4355 2914/4378 2961/4351
f 2914/4378 2917/4379 2961/4351
f 2961/4351 2917/4379 2919/4380
f 2917/4379 2921/4381 2919/4380
f 2921/4381 2923/4382 2919/4380
f 2923/4382 2925/4383 2919/4380
f 2925/4383 2927/4384 2919/4380
f 2927/4384 2910/4385 2919/4380
f 2910/4385 2909/4386 2919/4380
f 2909/4386 2932/4387 2919/4380
f 2932/4387 2934/4388 2919/4380
f 3035/39 3468/42 3070/4338
f 3070/4338 3468/42 3007/4389
f 3007/4389 3468/42 3008/4390
f 3008/4390 3468/42 3006/4391
f 3468/42 471/54 3006/4391
f 3006/4391 471/54 3004/4392
f 3004/4392 471/54 3000/4393
f 3000/4393 471/54 2996/4394
f 2996/4394 471/54 2988/4395
f 2988/4395 471/54 2981/4396
f 2981/4396 471/54 2975/4397
f 2975/4397 471/54 2964/4398
f 2964/4398 471/54 2949/4399
f 2949/4399 471/54 2944/4400
f 2944/4400 471/54 2943/4401
f 2943/4401 471/54 2941/4402
f 2920/53 2919/4380 471/54
f 2941/4402 471/54 2936/4403
f 2934/4388 2936/4403 2919/4380
f 471/54 2919/4380 2936/4403
f 3098/4404 3451/4405 3391/4406
f 3391/4406 3451/4405 3396/4407
f 3396/4407 3451/4405 3403/4408
f 3403/4408 3451/4405 3409/4409
f 3409/4409 3451/4405 3414/4410
f 3414/4410 3451/4405 3420/4411
f 3420/4411 3451/4405 3425/4412
f 3425/4412 3451/4405 3431/4413
f 3431/4413 3451/4405 3435/4414
f 3435/4414 3451/4405 3439/4415
f 3276/4416 3292/4417 3361/4418
f 3439/4415 3451/4405 3437/4419
f 3292/4417 3308/4420 3361/4418
f 3437/4419 3451/4405 3433/4421
f 3433/4421 3451/4405 3429/4422
f 3308/4420 3326/4423 3361/4418
f 3429/4422 3451/4405 3423/4424
f 3326/4423 3349/4425 3361/4418
f 3423/4424 3451/4405 3418/4426
f 3349/4425 3364/4427 3361/4418
f 3361/4418 3364/4427 3451/4405
f 3364/4427 3375/4428 3451/4405
f 3375/4428 3384/4429 3451/4405
f 3384/4429 3393/4430 3451/4405
f 3393/4430 3400/4431 3451/4405
f 3400/4431 3405/4432 3451/4405
f 3405/4432 3412/4433 3451/4405
f 3412/4433 3418/4426 3451/4405
f 3428/60 3062/4434 51/60
f 3036/60 3378/60 3028/4434
f 3062/4434 3060/4435 51/60
f 3028/4434 3378/60 3105/4435
f 3378/60 2903/61 3105/4435
f 3105/4435 2903/61 3095/4436
f 3095/4436 2903/61 3093/4437
f 3093/4437 2903/61 3091/4438
f 3091/4438 2903/61 3087/4439
f 3087/4439 2903/61 3085/4440
f 3085/4440 2903/61 3081/4441
f 3081/4441 2903/61 3075/4442
f 2903/61 52/61 3075/4442
f 3075/4442 52/61 3073/4443
f 3073/4443 52/61 3069/4444
f 3069/4444 52/61 3066/4445
f 3066/4445 52/61 3063/4446
f 3063/4446 52/61 3061/4447
f 3061/4447 52/61 3059/4447
f 3059/4447 52/61 3057/4446
f 3057/4446 52/61 3055/4445
f 3055/4445 52/61 3053/4444
f 3053/4444 52/61 3051/4443
f 3051/4443 52/61 3048/4442
f 51/60 3060/4435 52/61
f 3060/4435 3058/4436 52/61
f 3058/4436 3056/4437 52/61
f 3056/4437 3054/4438 52/61
f 3054/4438 3052/4439 52/61
f 3052/4439 3050/4440 52/61
f 3050/4440 3049/4441 52/61
f 52/61 3049/4441 3048/4442
f 3557/73 3556/4291 3554/1
f 3556/4291 3465/4448 3554/1
f 3554/1 3465/4448 3555/4449
f 3555/4449 3465/4448 3459/4450
f 3459/4450 3465/4448 3460/4451
f 3492/4452 3517/4453 3464/4454
f 3517/4453 3371/4455 3464/4454
f 3371/4455 3370/4456 3464/4454
f 3370/4456 3380/4457 3464/4454
f 3380/4457 3390/4458 3464/4454
f 3460/4451 3465/4448 3458/4459
f 3390/4458 3399/4460 3464/4454
f 3458/4459 3465/4448 3457/4461
f 3399/4460 3408/4462 3464/4454
f 3457/4461 3465/4448 3455/4463
f 3408/4462 3417/4464 3464/4454
f 3464/4454 3417/4464 3465/4448
f 3417/4464 3443/4465 3465/4448
f 3443/4465 3442/4466 3465/4448
f 3442/4466 3445/4467 3465/4448
f 3445/4467 3448/4468 3465/4448
f 3448/4468 3450/4469 3465/4448
f 3465/4448 3450/4469 3455/4463
f 2902/3615 3526/4470 229/3585
f 2879/3601 2878/3600 3484/4471
f 2878/3600 3560/4472 3484/4471
f 3484/4471 3560/4472 3485/4473
f 3485/4473 3560/4472 3489/4474
f 3489/4474 3560/4472 3493/4475
f 3493/4475 3560/4472 3496/4476
f 3496/4476 3560/4472 3499/4477
f 3499/4477 3560/4472 3502/4478
f 229/3585 3526/4470 3388/4479
f 3526/4470 3525/4480 3388/4479
f 3525/4480 3531/4481 3388/4479
f 3531/4481 3535/4482 3388/4479
f 3535/4482 3539/4483 3388/4479
f 3539/4483 3543/4484 3388/4479
f 3543/4484 3551/4485 3388/4479
f 3551/4485 3550/4486 3388/4479
f 3064/4487 3040/4488 3560/4472
f 732/3081 2736/1909 731/4489
f 2736/1909 2735/1911 731/4489
f 731/4489 2735/1911 3040/4488
f 3040/4488 2735/1911 3560/4472
f 2735/1911 3462/4490 3560/4472
f 3462/4490 3388/4479 3560/4472
f 3550/4486 3548/4491 3388/4479
f 3502/4478 3560/4472 3505/4492
f 3548/4491 3546/4493 3388/4479
f 3505/4492 3560/4472 3508/4494
f 3546/4493 3541/4495 3388/4479
f 3541/4495 3537/4496 3388/4479
f 3508/4494 3560/4472 3511/4497
f 3560/4472 3388/4479 3511/4497
f 3511/4497 3388/4479 3514/4498
f 3514/4498 3388/4479 3518/4499
f 3518/4499 3388/4479 3521/4500
f 3521/4500 3388/4479 3523/4501
f 3523/4501 3388/4479 3529/4502
f 3529/4502 3388/4479 3533/4503
f 3388/4479 3537/4496 3533/4503
f 3564/4504 3544/4505 3566/39
f 3544/4505 3540/4506 3566/39
f 3540/4506 3536/4507 3566/39
f 3566/39 3536/4507 3558/40
f 3536/4507 3532/4508 3558/40
f 3532/4508 3528/4509 3558/40
f 3528/4509 3527/4510 3558/40
f 3527/4510 3520/4511 3558/40
f 3520/4511 3516/4512 3558/40
f 3472/4513 3471/4514 3565/4515
f 3559/4292 3558/40 3471/4514
f 3558/40 3516/4512 3471/4514
f 3516/4512 3513/4516 3471/4514
f 3513/4516 3510/4517 3471/4514
f 3510/4517 3507/4518 3471/4514
f 3507/4518 3504/4519 3471/4514
f 3504/4519 3501/4520 3471/4514
f 3563/2525 3565/4515 3473/4521
f 3501/4520 3498/4522 3471/4514
f 3498/4522 3495/4523 3471/4514
f 3473/4521 3565/4515 3474/4524
f 3495/4523 3491/4525 3471/4514
f 3474/4524 3565/4515 3475/4526
f 3491/4525 3488/4527 3471/4514
f 3475/4526 3565/4515 3478/4528
f 3488/4527 3483/4529 3471/4514
f 3478/4528 3565/4515 3480/4530
f 3565/4515 3471/4514 3480/4530
f 3480/4530 3471/4514 3482/4531
f 3471/4514 3483/4529 3482/4531
f 3555/4449 3456/4532 3554/1
f 3517/4453 3492/4452 3325/4533
f 3456/4532 3453/4534 3554/1
f 3453/4534 3449/4535 3554/1
f 3325/4533 3492/4452 3305/4536
f 3492/4452 3089/4537 3305/4536
f 3305/4536 3089/4537 3291/4538
f 3291/4538 3089/4537 3279/4539
f 3279/4539 3089/4537 3265/4540
f 3265/4540 3089/4537 3253/4541
f 3253/4541 3089/4537 3243/4542
f 3554/1 3449/4535 3454/3
f 3449/4535 3447/4543 3454/3
f 3447/4543 3444/4544 3454/3
f 3444/4544 3441/4545 3454/3
f 3441/4545 3422/4546 3454/3
f 3422/4546 3411/4547 3454/3
f 3411/4547 3402/4548 3454/3
f 3402/4548 3395/4549 3454/3
f 3395/4549 3383/4550 3454/3
f 3243/4542 3089/4537 3235/4551
f 3045/3927 41/24 3089/4537
f 41/24 3454/3 3089/4537
f 3383/4550 3374/4552 3454/3
f 3235/4551 3089/4537 3231/4553
f 3374/4552 3363/4554 3454/3
f 3363/4554 3336/4555 3454/3
f 3231/4553 3089/4537 3226/4556
f 3336/4555 3317/4557 3454/3
f 3317/4557 3316/4558 3454/3
f 3226/4556 3089/4537 3227/4559
f 3089/4537 3454/3 3227/4559
f 3227/4559 3454/3 3233/4560
f 3233/4560 3454/3 3237/4561
f 3237/4561 3454/3 3249/4562
f 3249/4562 3454/3 3255/4563
f 3255/4563 3454/3 3269/4564
f 3269/4564 3454/3 3285/4565
f 3454/3 3316/4558 3285/4565
f 3563/2525 3477/4566 3565/4515
f 3477/4566 3476/4567 3565/4515
f 3476/4567 3479/4568 3565/4515
f 3565/4515 3479/4568 3561/4569
f 3479/4568 3481/4570 3561/4569
f 3481/4570 3487/4571 3561/4569
f 3487/4571 3486/4572 3561/4569
f 3486/4572 3490/4573 3561/4569
f 3490/4573 3494/4574 3561/4569
f 3494/4574 3497/4575 3561/4569
f 3497/4575 3500/4576 3561/4569
f 3500/4576 3503/4577 3561/4569
f 3463/42 3041/54 3566/39
f 3427/3944 3561/4569 3041/54
f 3503/4577 3506/4578 3561/4569
f 3506/4578 3509/4579 3561/4569
f 3509/4579 3512/4580 3561/4569
f 3564/4504 3566/39 3552/4581
f 3552/4581 3566/39 3553/4582
f 3512/4580 3515/4583 3561/4569
f 3561/4569 3515/4583 3041/54
f 3515/4583 3519/4584 3041/54
f 3519/4584 3522/4585 3041/54
f 3522/4585 3524/4586 3041/54
f 3553/4582 3566/39 3549/4587
f 3566/39 3041/54 3549/4587
f 3549/4587 3041/54 3547/4588
f 3547/4588 3041/54 3542/4589
f 3542/4589 3041/54 3538/4590
f 3538/4590 3041/54 3534/4591
f 3534/4591 3041/54 3530/4592
f 3041/54 3524/4586 3530/4592
f 3391/4406 3386/4593 3098/4404
f 3033/4594 3038/4595 3034/4596
f 3386/4593 3381/4597 3098/4404
f 3043/4598 3042/4599 3361/4418
f 3381/4597 3372/4600 3098/4404
f 3372/4600 3366/4601 3098/4404
f 3366/4601 3359/4602 3098/4404
f 3359/4602 3337/4603 3098/4404
f 3337/4603 3322/4604 3098/4404
f 3101/4605 3111/4606 3102/4607
f 3322/4604 3310/4608 3098/4404
f 3111/4606 3113/4609 3102/4607
f 3310/4608 3298/4610 3098/4404
f 3113/4609 3116/4611 3102/4607
f 3298/4610 3286/4612 3098/4404
f 3116/4611 3119/4613 3102/4607
f 3286/4612 3272/4614 3098/4404
f 3276/4416 3361/4418 3258/4615
f 3102/4607 3119/4613 3121/4616
f 3119/4613 3123/4617 3121/4616
f 3123/4617 3126/4618 3121/4616
f 3126/4618 3129/4619 3121/4616
f 3129/4619 3133/4620 3121/4616
f 3133/4620 3136/4621 3121/4616
f 3136/4621 3138/4622 3121/4616
f 3138/4622 3140/4623 3121/4616
f 3140/4623 3143/4624 3121/4616
f 3143/4624 3151/4625 3121/4616
f 3151/4625 3161/4626 3121/4616
f 3161/4626 3171/4627 3121/4616
f 3171/4627 3181/4628 3121/4616
f 3181/4628 3191/4629 3121/4616
f 3191/4629 3200/4630 3121/4616
f 3272/4614 3262/4631 3098/4404
f 3200/4630 3216/4632 3121/4616
f 3258/4615 3361/4418 3238/4633
f 3262/4631 3246/4634 3098/4404
f 3246/4634 3222/4635 3098/4404
f 3042/4599 3034/4596 3361/4418
f 3222/4635 3214/4636 3098/4404
f 3216/4632 3238/4633 3121/4616
f 3238/4633 3361/4418 3121/4616
f 3121/4616 3361/4418 3083/4637
f 3361/4418 3034/4596 3083/4637
f 3083/4637 3034/4596 3077/4638
f 3034/4596 3038/4595 3077/4638
f 3077/4638 3038/4595 3078/4639
f 3038/4595 3098/4404 3078/4639
f 3214/4636 3202/4640 3098/4404
f 3202/4640 3193/4641 3098/4404
f 3193/4641 3183/4642 3098/4404
f 3098/4404 3183/4642 3078/4639
f 3183/4642 3176/4643 3078/4639
f 3078/4639 3176/4643 3108/4644
f 3176/4643 3175/4645 3108/4644
f 3175/4645 3185/4646 3108/4644
f 3185/4646 3189/4647 3108/4644
f 3189/4647 3197/4648 3108/4644
f 3197/4648 3204/4649 3108/4644
f 3204/4649 3210/4650 3108/4644
f 3210/4650 3218/4651 3108/4644
f 3218/4651 3228/4652 3108/4644
f 3228/4652 3240/4653 3108/4644
f 3108/4644 3240/4653 3145/4654
f 3240/4653 3250/4655 3145/4654
f 3250/4655 3260/4656 3145/4654
f 3145/4654 3260/4656 3147/4657
f 3260/4656 3266/4658 3147/4657
f 3266/4658 3274/4659 3147/4657
f 3147/4657 3274/4659 3149/4660
f 3274/4659 3280/4661 3149/4660
f 3280/4661 3288/4662 3149/4660
f 3149/4660 3288/4662 3153/4663
f 3288/4662 3296/4664 3153/4663
f 3153/4663 3296/4664 3155/4665
f 3296/4664 3300/4666 3155/4665
f 3300/4666 3306/4667 3155/4665
f 3155/4665 3306/4667 3157/4668
f 3157/4668 3306/4667 3159/4669
f 3159/4669 3306/4667 3163/4670
f 3163/4670 3306/4667 3165/4671
f 3165/4671 3306/4667 3167/4672
f 3306/4667 3312/4673 3167/4672
f 3167/4672 3312/4673 3169/4674
f 3312/4673 3318/4675 3169/4674
f 3169/4674 3318/4675 3173/4676
f 3318/4675 3328/4677 3173/4676
f 3173/4676 3328/4677 3179/4678
f 3328/4677 3332/4679 3179/4678
f 3179/4678 3332/4679 3187/4680
f 3187/4680 3332/4679 3195/4681
f 3195/4681 3332/4679 3206/4682
f 3206/4682 3332/4679 3212/4683
f 3212/4683 3332/4679 3220/4684
f 3220/4684 3332/4679 3244/4685
f 3244/4685 3332/4679 3256/4686
f 3256/4686 3332/4679 3270/4687
f 3270/4687 3332/4679 3282/4688
f 3282/4688 3332/4679 3294/4689
f 3294/4689 3332/4679 3302/4690
f 3302/4690 3332/4679 3314/4691
f 3314/4691 3332/4679 3320/4692
f 3332/4679 3339/4693 3320/4692
f 3320/4692 3339/4693 3330/4694
f 3330/4694 3339/4693 3334/4695
f 3339/4693 3343/4696 3334/4695
f 3334/4695 3343/4696 3341/4697
f 3343/4696 3347/4698 3341/4697
f 3341/4697 3347/4698 3345/4699
f 3347/4698 3353/4700 3345/4699
f 3353/4700 3357/4701 3345/4699
f 3357/4701 3355/4702 3345/4699
f 3355/4702 3351/4703 3345/4699
f 3177/4704 3184/4705 3178/4706
f 3122/4707 3084/4708 3103/4709
f 3084/4708 3080/4710 3103/4709
f 3080/4710 3079/4711 3103/4709
f 3103/4709 3079/4711 3104/4712
f 3079/4711 3109/4713 3104/4712
f 3109/4713 3146/4714 3104/4712
f 3146/4714 3148/4715 3104/4712
f 3148/4715 3150/4716 3104/4712
f 3150/4716 3154/4717 3104/4712
f 3154/4717 3156/4718 3104/4712
f 3156/4718 3158/4719 3104/4712
f 3158/4719 3160/4720 3104/4712
f 3160/4720 3164/4721 3104/4712
f 3164/4721 3166/4722 3104/4712
f 3166/4722 3168/4723 3104/4712
f 3168/4723 3170/4724 3104/4712
f 3178/4706 3184/4705 3186/4725
f 3184/4705 3194/4726 3186/4725
f 3186/4725 3194/4726 3190/4727
f 3194/4726 3203/4728 3190/4727
f 3190/4727 3203/4728 3198/4729
f 3203/4728 3215/4730 3198/4729
f 3198/4729 3215/4730 3205/4731
f 3215/4730 3223/4732 3205/4731
f 3205/4731 3223/4732 3211/4733
f 3223/4732 3247/4734 3211/4733
f 3211/4733 3247/4734 3219/4735
f 3247/4734 3263/4736 3219/4735
f 3219/4735 3263/4736 3229/4737
f 3263/4736 3273/4738 3229/4737
f 3229/4737 3273/4738 3241/4739
f 3273/4738 3287/4740 3241/4739
f 3241/4739 3287/4740 3251/4741
f 3287/4740 3299/4742 3251/4741
f 3251/4741 3299/4742 3261/4743
f 3299/4742 3311/4744 3261/4743
f 3261/4743 3311/4744 3267/4745
f 3311/4744 3323/4746 3267/4745
f 3267/4745 3323/4746 3275/4747
f 3323/4746 3338/4748 3275/4747
f 3275/4747 3338/4748 3281/4749
f 3338/4748 3360/4750 3281/4749
f 3281/4749 3360/4750 3289/4751
f 3360/4750 3367/4752 3289/4751
f 3289/4751 3367/4752 3297/4753
f 3367/4752 3373/4754 3297/4753
f 3297/4753 3373/4754 3301/4755
f 3373/4754 3382/4756 3301/4755
f 3301/4755 3382/4756 3307/4757
f 3382/4756 3387/4758 3307/4757
f 3307/4757 3387/4758 3313/4759
f 3387/4758 3392/4760 3313/4759
f 3313/4759 3392/4760 3319/4761
f 3392/4760 3397/4762 3319/4761
f 3319/4761 3397/4762 3329/4763
f 3397/4762 3404/4764 3329/4763
f 3329/4763 3404/4764 3333/4765
f 3404/4764 3410/4766 3333/4765
f 3333/4765 3410/4766 3340/4767
f 3410/4766 3415/4768 3340/4767
f 3340/4767 3415/4768 3344/4769
f 3415/4768 3421/4770 3344/4769
f 3344/4769 3421/4770 3348/4771
f 3421/4770 3426/4772 3348/4771
f 3348/4771 3426/4772 3354/4773
f 3426/4772 3432/4774 3354/4773
f 3354/4773 3432/4774 3358/4775
f 3432/4774 3436/4776 3358/4775
f 3358/4775 3436/4776 3356/4777
f 3436/4776 3440/4778 3356/4777
f 3440/4778 3438/4779 3356/4777
f 3356/4777 3438/4779 3352/4780
f 3438/4779 3434/4781 3352/4780
f 3352/4780 3434/4781 3346/4782
f 3434/4781 3430/4783 3346/4782
f 3346/4782 3430/4783 3342/4784
f 3430/4783 3424/4785 3342/4784
f 3342/4784 3424/4785 3335/4786
f 3424/4785 3419/4787 3335/4786
f 3335/4786 3419/4787 3331/4788
f 3419/4787 3413/4789 3331/4788
f 3413/4789 3406/4790 3331/4788
f 3331/4788 3406/4790 3321/4791
f 3406/4790 3401/4792 3321/4791
f 3321/4791 3401/4792 3315/4793
f 3401/4792 3394/4794 3315/4793
f 3315/4793 3394/4794 3303/4795
f 3394/4794 3385/4796 3303/4795
f 3303/4795 3385/4796 3295/4797
f 3385/4796 3376/4798 3295/4797
f 3295/4797 3376/4798 3283/4799
f 3376/4798 3365/4800 3283/4799
f 3365/4800 3350/4801 3283/4799
f 3283/4799 3350/4801 3271/4802
f 3350/4801 3327/4803 3271/4802
f 3327/4803 3309/4804 3271/4802
f 3271/4802 3309/4804 3257/4805
f 3309/4804 3293/4806 3257/4805
f 3293/4806 3277/4807 3257/4805
f 3257/4805 3277/4807 3245/4808
f 3277/4807 3259/4809 3245/4808
f 3259/4809 3239/4810 3245/4808
f 3239/4810 3217/4811 3245/4808
f 3245/4808 3217/4811 3221/4812
f 3217/4811 3201/4813 3221/4812
f 3201/4813 3192/4814 3221/4812
f 3221/4812 3192/4814 3213/4815
f 3192/4814 3182/4816 3213/4815
f 3182/4816 3172/4817 3213/4815
f 3213/4815 3172/4817 3207/4818
f 3172/4817 3162/4819 3207/4818
f 3162/4819 3152/4820 3207/4818
f 3207/4818 3152/4820 3196/4821
f 3152/4820 3144/4822 3196/4821
f 3196/4821 3144/4822 3188/4823
f 3144/4822 3141/4824 3188/4823
f 3141/4824 3139/4825 3188/4823
f 3139/4825 3137/4826 3188/4823
f 3188/4823 3137/4826 3180/4827
f 3137/4826 3134/4828 3180/4827
f 3134/4828 3130/4829 3180/4827
f 3130/4829 3127/4830 3180/4827
f 3127/4830 3124/4831 3180/4827
f 3124/4831 3120/4832 3180/4827
f 3120/4832 3117/4833 3180/4827
f 3180/4827 3117/4833 3174/4834
f 3117/4833 3114/4835 3174/4834
f 3114/4835 3112/4836 3174/4834
f 3112/4836 3104/4712 3174/4834
f 3170/4724 3174/4834 3104/4712
f 3570/4837 1043/4838 974/4839
f 973/4840 3570/4841 974/4842
f 3567/4843 388/4844 973/4845
f 974/4846 3567/4847 973/4848
f 3572/249 378/249 1043/249
f 376/249 3572/249 1043/249
f 3569/249 1092/249 376/249
f 1043/249 3569/249 376/249
f 3571/249 1123/249 388/249
f 1040/249 3571/249 388/249
f 3568/249 377/249 1040/249
f 388/249 3568/249 1040/249

 